solid OpenSCAD_Model
  facet normal 0 0 -1
    outer loop
      vertex -12.4 -9.137257 1.2900000000000003
      vertex -12.4 -9.123675323681471 1.2900000000000003
      vertex -9.123675323681471 -12.4 1.2900000000000003
    endloop
  endfacet
  facet normal -0.7071067811865476 -0.7071067811865476 0
    outer loop
      vertex -12.4 -9.137257 1.2900000000000003
      vertex -9.137257 -12.4 1.2900000000000003
      vertex -12.4 -9.137257 1.2996036954247125
    endloop
  endfacet
  facet normal -0.7071067811865475 -0.7071067811865475 0
    outer loop
      vertex -12.4 -9.137257 1.3
      vertex -9.137257 -12.4 1.3
      vertex -12.4 -9.137257 1.7000000000000004
    endloop
  endfacet
  facet normal 0 0 -1
    outer loop
      vertex -12.4 -9.137257 1.2900000000000003
      vertex -9.123675323681471 -12.4 1.2900000000000003
      vertex -9.137257 -12.4 1.2900000000000003
    endloop
  endfacet
  facet normal -0.7071067811865476 -0.7071067811865476 0
    outer loop
      vertex -12.4 -9.137257 1.2996036954247125
      vertex -9.137257 -12.4 1.2900000000000003
      vertex -9.137257 -12.4 1.2996036954247125
    endloop
  endfacet
  facet normal -0.7071067811865475 -0.7071067811865475 0
    outer loop
      vertex -12.4 -9.137257 1.7000000000000004
      vertex -9.137257 -12.4 1.3
      vertex -9.137257 -12.4 1.7000000000000004
    endloop
  endfacet
  facet normal -1 0 0
    outer loop
      vertex -12.4 -9.137257 1.2900000000000003
      vertex -12.4 -9.137257 1.2996036954247125
      vertex -12.4 -9.123675323681471 1.2900000000000003
    endloop
  endfacet
  facet normal 0 0 -1
    outer loop
      vertex -12.4 -7.5821825406948 1.2900000000000003
      vertex -12.399999999527932 -7.581630000472069 1.2900000000000003
      vertex -7.581630000472069 -12.399999999527932 1.2900000000000003
    endloop
  endfacet
  facet normal 0 -1 0
    outer loop
      vertex -9.137257 -12.4 1.2900000000000003
      vertex -9.123675323681471 -12.4 1.2900000000000003
      vertex -9.137257 -12.4 1.2996036954247125
    endloop
  endfacet
  facet normal 0 -1 0
    outer loop
      vertex -9.137257 -12.4 1.3
      vertex -7.5821825406948 -12.4 1.3
      vertex -9.137257 -12.4 1.7000000000000004
    endloop
  endfacet
  facet normal 0 0 -1
    outer loop
      vertex -12.4 -7.5821825406948 1.2900000000000003
      vertex -7.581630000472069 -12.399999999527932 1.2900000000000003
      vertex -7.5821825406948 -12.4 1.2900000000000003
    endloop
  endfacet
  facet normal -1 0 0
    outer loop
      vertex -12.4 -9.123675323681471 1.2900000000000003
      vertex -12.4 -9.137257 1.2996036954247125
      vertex -12.4 7.5821825406948 1.3
    endloop
  endfacet
  facet normal -1 0 0
    outer loop
      vertex -12.4 -9.123675323681471 1.2900000000000003
      vertex -12.4 7.5821825406948 1.3
      vertex -12.4 -7.5821825406948 1.2900000000000003
    endloop
  endfacet
  facet normal 0 0 -1
    outer loop
      vertex -12.4 -7.5821825406948 1.2900000000000003
      vertex -12.4 7.5821825406948 1.2900000000000003
      vertex -12.399999999527932 -7.581630000472069 1.2900000000000003
    endloop
  endfacet
  facet normal -1 0 0
    outer loop
      vertex -12.4 -9.137257 1.3
      vertex -12.4 9.137257 1.7000000000000004
      vertex -12.4 -9.137257 1.2996036954247125
    endloop
  endfacet
  facet normal -1 0 0
    outer loop
      vertex -12.4 -9.137257 1.3
      vertex -12.4 -9.137257 1.7000000000000004
      vertex -12.4 9.137257 1.7000000000000004
    endloop
  endfacet
  facet normal 0 0 1
    outer loop
      vertex -12.4 -9.137257 1.7000000000000004
      vertex -9.137257 -12.4 1.7000000000000004
      vertex 9.137257 -12.4 1.7000000000000004
    endloop
  endfacet
  facet normal 0 0 -1
    outer loop
      vertex -7.5821825406948 -12.4 1.2900000000000003
      vertex -7.581630000472069 -12.399999999527932 1.2900000000000003
      vertex 7.581630000472069 -12.399999999527932 1.2900000000000003
    endloop
  endfacet
  facet normal 0 -1 0
    outer loop
      vertex -7.5821825406948 -12.4 1.2900000000000003
      vertex 7.5821825406948 -12.4 1.2900000000000003
      vertex -7.5821825406948 -12.4 1.3
    endloop
  endfacet
  facet normal 0 -1 0
    outer loop
      vertex -9.137257 -12.4 1.7000000000000004
      vertex -7.5821825406948 -12.4 1.3
      vertex 7.5821825406948 -12.4 1.3
    endloop
  endfacet
  facet normal 0 0 -1
    outer loop
      vertex -12.399999999527932 -7.581630000472069 1.2900000000000003
      vertex -12.4 7.5821825406948 1.2900000000000003
      vertex -12.399999999527932 7.581630000472069 1.2900000000000003
    endloop
  endfacet
  facet normal -1 0 0
    outer loop
      vertex -12.4 -7.5821825406948 1.2900000000000003
      vertex -12.4 7.5821825406948 1.3
      vertex -12.4 7.5821825406948 1.2900000000000003
    endloop
  endfacet
  facet normal -1 0 0
    outer loop
      vertex -12.4 -9.137257 1.2996036954247125
      vertex -12.4 9.137257 1.7000000000000004
      vertex -12.4 7.5821825406948 1.3
    endloop
  endfacet
  facet normal -1 0 0
    outer loop
      vertex -12.4 7.5821825406948 1.3
      vertex -12.4 9.137257 1.7000000000000004
      vertex -12.4 9.137257 1.3
    endloop
  endfacet
  facet normal -1 0 0
    outer loop
      vertex -12.4 9.137257 1.2900000000000003
      vertex -12.4 9.123675323681471 1.2900000000000003
      vertex -12.4 9.137257 1.2996036954247125
    endloop
  endfacet
  facet normal 0 0 -1
    outer loop
      vertex -12.4 7.5821825406948 1.2900000000000003
      vertex -7.5821825406948 12.4 1.2900000000000003
      vertex -12.399999999527932 7.581630000472069 1.2900000000000003
    endloop
  endfacet
  facet normal 0 0 -1
    outer loop
      vertex -12.4 9.137257 1.2900000000000003
      vertex -9.137257 12.4 1.2900000000000003
      vertex -12.4 9.123675323681471 1.2900000000000003
    endloop
  endfacet
  facet normal -0.7071067811865476 0.7071067811865476 0
    outer loop
      vertex -12.4 9.137257 1.2900000000000003
      vertex -12.4 9.137257 1.2996036954247125
      vertex -9.137257 12.4 1.2996036954247125
    endloop
  endfacet
  facet normal -0.7071067811865475 0.7071067811865475 0
    outer loop
      vertex -12.4 9.137257 1.3
      vertex -12.4 9.137257 1.7000000000000004
      vertex -9.137257 12.4 1.7000000000000004
    endloop
  endfacet
  facet normal 0 0 -1
    outer loop
      vertex -12.4 9.123675323681471 1.2900000000000003
      vertex -9.137257 12.4 1.2900000000000003
      vertex -9.123675323681471 12.4 1.2900000000000003
    endloop
  endfacet
  facet normal -0.7071067811865476 0.7071067811865476 0
    outer loop
      vertex -12.4 9.137257 1.2900000000000003
      vertex -9.137257 12.4 1.2996036954247125
      vertex -9.137257 12.4 1.2900000000000003
    endloop
  endfacet
  facet normal -0.7071067811865475 0.7071067811865475 0
    outer loop
      vertex -12.4 9.137257 1.3
      vertex -9.137257 12.4 1.7000000000000004
      vertex -9.137257 12.4 1.3
    endloop
  endfacet
  facet normal 0 0 -1
    outer loop
      vertex -12.399999999527932 7.581630000472069 1.2900000000000003
      vertex -7.5821825406948 12.4 1.2900000000000003
      vertex -7.581630000472069 12.399999999527932 1.2900000000000003
    endloop
  endfacet
  facet normal 0 1 0
    outer loop
      vertex -9.137257 12.4 1.2900000000000003
      vertex -9.137257 12.4 1.2996036954247125
      vertex -9.123675323681471 12.4 1.2900000000000003
    endloop
  endfacet
  facet normal 0 0 1
    outer loop
      vertex -12.4 -9.137257 1.7000000000000004
      vertex 9.137257 12.4 1.7000000000000004
      vertex -12.4 9.137257 1.7000000000000004
    endloop
  endfacet
  facet normal 0 0 1
    outer loop
      vertex -12.4 9.137257 1.7000000000000004
      vertex 9.137257 12.4 1.7000000000000004
      vertex -9.137257 12.4 1.7000000000000004
    endloop
  endfacet
  facet normal 0 0 -1
    outer loop
      vertex -7.5821825406948 12.4 1.2900000000000003
      vertex 7.5821825406948 12.4 1.2900000000000003
      vertex -7.581630000472069 12.399999999527932 1.2900000000000003
    endloop
  endfacet
  facet normal 0 1 0
    outer loop
      vertex -7.5821825406948 12.4 1.2900000000000003
      vertex -7.5821825406948 12.4 1.3
      vertex 7.5821825406948 12.4 1.3
    endloop
  endfacet
  facet normal 0 1 0
    outer loop
      vertex -9.137257 12.4 1.3
      vertex 9.137257 12.4 1.7000000000000004
      vertex -7.5821825406948 12.4 1.3
    endloop
  endfacet
  facet normal 0 1 0
    outer loop
      vertex -9.137257 12.4 1.3
      vertex -9.137257 12.4 1.7000000000000004
      vertex 9.137257 12.4 1.7000000000000004
    endloop
  endfacet
  facet normal 0 0 -1
    outer loop
      vertex -7.5821825406948 -12.4 1.2900000000000003
      vertex 7.581630000472069 -12.399999999527932 1.2900000000000003
      vertex 7.5821825406948 -12.4 1.2900000000000003
    endloop
  endfacet
  facet normal 0 -1 0
    outer loop
      vertex -7.5821825406948 -12.4 1.3
      vertex 7.5821825406948 -12.4 1.2900000000000003
      vertex 7.5821825406948 -12.4 1.3
    endloop
  endfacet
  facet normal 0 -1 0
    outer loop
      vertex -9.137257 -12.4 1.7000000000000004
      vertex 7.5821825406948 -12.4 1.3
      vertex 9.137257 -12.4 1.3
    endloop
  endfacet
  facet normal 0 -1 0
    outer loop
      vertex -9.137257 -12.4 1.7000000000000004
      vertex 9.137257 -12.4 1.3
      vertex 9.137257 -12.4 1.7000000000000004
    endloop
  endfacet
  facet normal 0 0 1
    outer loop
      vertex -12.4 -9.137257 1.7000000000000004
      vertex 9.137257 -12.4 1.7000000000000004
      vertex 9.137257 12.4 1.7000000000000004
    endloop
  endfacet
  facet normal 0 -1 0
    outer loop
      vertex 9.137257 -12.4 1.2900000000000003
      vertex 9.137257 -12.4 1.2996036954247125
      vertex 9.123675323681471 -12.4 1.2900000000000003
    endloop
  endfacet
  facet normal 0 0 -1
    outer loop
      vertex 7.5821825406948 -12.4 1.2900000000000003
      vertex 7.581630000472069 -12.399999999527932 1.2900000000000003
      vertex 12.399999999527932 -7.581630000472069 1.2900000000000003
    endloop
  endfacet
  facet normal 0 0 -1
    outer loop
      vertex 9.137257 -12.4 1.2900000000000003
      vertex 9.123675323681471 -12.4 1.2900000000000003
      vertex 12.4 -9.123675323681471 1.2900000000000003
    endloop
  endfacet
  facet normal 0.7071067811865476 -0.7071067811865476 0
    outer loop
      vertex 9.137257 -12.4 1.2900000000000003
      vertex 12.4 -9.137257 1.2900000000000003
      vertex 9.137257 -12.4 1.2996036954247125
    endloop
  endfacet
  facet normal 0.7071067811865475 -0.7071067811865475 0
    outer loop
      vertex 9.137257 -12.4 1.3
      vertex 12.4 -9.137257 1.3
      vertex 9.137257 -12.4 1.7000000000000004
    endloop
  endfacet
  facet normal 0 0 -1
    outer loop
      vertex 9.137257 -12.4 1.2900000000000003
      vertex 12.4 -9.123675323681471 1.2900000000000003
      vertex 12.4 -9.137257 1.2900000000000003
    endloop
  endfacet
  facet normal 0.7071067811865476 -0.7071067811865476 0
    outer loop
      vertex 9.137257 -12.4 1.2996036954247125
      vertex 12.4 -9.137257 1.2900000000000003
      vertex 12.4 -9.137257 1.2996036954247125
    endloop
  endfacet
  facet normal 0.7071067811865475 -0.7071067811865475 0
    outer loop
      vertex 9.137257 -12.4 1.7000000000000004
      vertex 12.4 -9.137257 1.3
      vertex 12.4 -9.137257 1.7000000000000004
    endloop
  endfacet
  facet normal 0 0 -1
    outer loop
      vertex 7.5821825406948 -12.4 1.2900000000000003
      vertex 12.399999999527932 -7.581630000472069 1.2900000000000003
      vertex 12.4 -7.5821825406948 1.2900000000000003
    endloop
  endfacet
  facet normal 1 0 0
    outer loop
      vertex 12.4 -9.137257 1.2900000000000003
      vertex 12.4 -9.123675323681471 1.2900000000000003
      vertex 12.4 -9.137257 1.2996036954247125
    endloop
  endfacet
  facet normal 1 0 0
    outer loop
      vertex 12.4 -9.123675323681471 1.2900000000000003
      vertex 12.4 7.5821825406948 1.3
      vertex 12.4 -9.137257 1.2996036954247125
    endloop
  endfacet
  facet normal 1 0 0
    outer loop
      vertex 12.4 -9.137257 1.2996036954247125
      vertex 12.4 7.5821825406948 1.3
      vertex 12.4 -9.137257 1.3
    endloop
  endfacet
  facet normal 1 0 0
    outer loop
      vertex 12.4 -9.137257 1.3
      vertex 12.4 7.5821825406948 1.3
      vertex 12.4 -9.137257 1.7000000000000004
    endloop
  endfacet
  facet normal 0 0 1
    outer loop
      vertex 9.137257 -12.4 1.7000000000000004
      vertex 12.4 -9.137257 1.7000000000000004
      vertex 9.137257 12.4 1.7000000000000004
    endloop
  endfacet
  facet normal 1 0 0
    outer loop
      vertex 12.4 -9.123675323681471 1.2900000000000003
      vertex 12.4 -7.5821825406948 1.2900000000000003
      vertex 12.4 7.5821825406948 1.3
    endloop
  endfacet
  facet normal 0 0 -1
    outer loop
      vertex 12.4 -7.5821825406948 1.2900000000000003
      vertex 12.399999999527932 -7.581630000472069 1.2900000000000003
      vertex 12.399999999527932 7.581630000472069 1.2900000000000003
    endloop
  endfacet
  facet normal 0 0 -1
    outer loop
      vertex -7.581630000472069 12.399999999527932 1.2900000000000003
      vertex 7.5821825406948 12.4 1.2900000000000003
      vertex 7.581630000472069 12.399999999527932 1.2900000000000003
    endloop
  endfacet
  facet normal 0 1 0
    outer loop
      vertex -7.5821825406948 12.4 1.2900000000000003
      vertex 7.5821825406948 12.4 1.3
      vertex 7.5821825406948 12.4 1.2900000000000003
    endloop
  endfacet
  facet normal 0 1 0
    outer loop
      vertex -7.5821825406948 12.4 1.3
      vertex 9.137257 12.4 1.7000000000000004
      vertex 7.5821825406948 12.4 1.3
    endloop
  endfacet
  facet normal 0 0 -1
    outer loop
      vertex 12.4 -7.5821825406948 1.2900000000000003
      vertex 12.399999999527932 7.581630000472069 1.2900000000000003
      vertex 12.4 7.5821825406948 1.2900000000000003
    endloop
  endfacet
  facet normal 1 0 0
    outer loop
      vertex 12.4 -7.5821825406948 1.2900000000000003
      vertex 12.4 7.5821825406948 1.2900000000000003
      vertex 12.4 7.5821825406948 1.3
    endloop
  endfacet
  facet normal 1 0 0
    outer loop
      vertex 12.4 -9.137257 1.7000000000000004
      vertex 12.4 7.5821825406948 1.3
      vertex 12.4 9.137257 1.3
    endloop
  endfacet
  facet normal 1 0 0
    outer loop
      vertex 12.4 -9.137257 1.7000000000000004
      vertex 12.4 9.137257 1.3
      vertex 12.4 9.137257 1.7000000000000004
    endloop
  endfacet
  facet normal 0 0 1
    outer loop
      vertex 12.4 -9.137257 1.7000000000000004
      vertex 12.4 9.137257 1.7000000000000004
      vertex 9.137257 12.4 1.7000000000000004
    endloop
  endfacet
  facet normal 0 0 -1
    outer loop
      vertex 7.5821825406948 12.4 1.2900000000000003
      vertex 12.4 7.5821825406948 1.2900000000000003
      vertex 7.581630000472069 12.399999999527932 1.2900000000000003
    endloop
  endfacet
  facet normal 0 1 0
    outer loop
      vertex 7.5821825406948 12.4 1.3
      vertex 9.137257 12.4 1.7000000000000004
      vertex 9.137257 12.4 1.3
    endloop
  endfacet
  facet normal 0 1 0
    outer loop
      vertex 9.137257 12.4 1.2900000000000003
      vertex 9.123675323681471 12.4 1.2900000000000003
      vertex 9.137257 12.4 1.2996036954247125
    endloop
  endfacet
  facet normal 0 0 -1
    outer loop
      vertex 7.581630000472069 12.399999999527932 1.2900000000000003
      vertex 12.4 7.5821825406948 1.2900000000000003
      vertex 12.399999999527932 7.581630000472069 1.2900000000000003
    endloop
  endfacet
  facet normal 1 0 0
    outer loop
      vertex 12.4 9.137257 1.2900000000000003
      vertex 12.4 9.137257 1.2996036954247125
      vertex 12.4 9.123675323681471 1.2900000000000003
    endloop
  endfacet
  facet normal 0 0 -1
    outer loop
      vertex 9.137257 12.4 1.2900000000000003
      vertex 12.4 9.137257 1.2900000000000003
      vertex 9.123675323681471 12.4 1.2900000000000003
    endloop
  endfacet
  facet normal 0.7071067811865476 0.7071067811865476 0
    outer loop
      vertex 9.137257 12.4 1.2900000000000003
      vertex 9.137257 12.4 1.2996036954247125
      vertex 12.4 9.137257 1.2996036954247125
    endloop
  endfacet
  facet normal 0.7071067811865475 0.7071067811865475 0
    outer loop
      vertex 9.137257 12.4 1.3
      vertex 9.137257 12.4 1.7000000000000004
      vertex 12.4 9.137257 1.7000000000000004
    endloop
  endfacet
  facet normal 0 0 -1
    outer loop
      vertex 9.123675323681471 12.4 1.2900000000000003
      vertex 12.4 9.137257 1.2900000000000003
      vertex 12.4 9.123675323681471 1.2900000000000003
    endloop
  endfacet
  facet normal 0.7071067811865476 0.7071067811865476 0
    outer loop
      vertex 9.137257 12.4 1.2900000000000003
      vertex 12.4 9.137257 1.2996036954247125
      vertex 12.4 9.137257 1.2900000000000003
    endloop
  endfacet
  facet normal 0.7071067811865475 0.7071067811865475 0
    outer loop
      vertex 9.137257 12.4 1.3
      vertex 12.4 9.137257 1.7000000000000004
      vertex 12.4 9.137257 1.3
    endloop
  endfacet
  facet normal 0 0 -1
    outer loop
      vertex -12.399999999527932 -7.581630000472069 -1.7
      vertex -11.618690588226423 -6.105364131778607 -1.7
      vertex -11.605364131778607 -6.118690588226424 -1.7
    endloop
  endfacet
  facet normal 0 0 -1
    outer loop
      vertex -12.399999999527932 -7.581630000472069 -1.7
      vertex -11.576335575687743 -6.142705098312485 -1.7
      vertex -11.5607480384937 -6.1532983776506045 -1.7
    endloop
  endfacet
  facet normal 0 0 -1
    outer loop
      vertex -12.399999999527932 -7.581630000472069 -1.7
      vertex -11.605364131778607 -6.118690588226424 -1.7
      vertex -11.591227196924608 -6.131153972832737 -1.7
    endloop
  endfacet
  facet normal 0 0 -1
    outer loop
      vertex -12.399999999527932 -7.581630000472069 -1.7
      vertex -11.591227196924608 -6.131153972832737 -1.7
      vertex -11.576335575687743 -6.142705098312485 -1.7
    endloop
  endfacet
  facet normal 0 0 -1
    outer loop
      vertex -12.399999999527932 -7.581630000472069 -1.7
      vertex -11.510437365805403 -6.1789329457664754 -1.7
      vertex -11.492705098312484 -6.185316954888546 -1.7
    endloop
  endfacet
  facet normal 0 0 -1
    outer loop
      vertex -12.399999999527932 -7.581630000472069 -1.7
      vertex -11.5607480384937 -6.1532983776506045 -1.7
      vertex -11.544526102230515 -6.162892004013159 -1.7
    endloop
  endfacet
  facet normal 0 0 -1
    outer loop
      vertex -12.399999999527932 -7.581630000472069 -1.7
      vertex -11.544526102230515 -6.162892004013159 -1.7
      vertex -11.527733787469522 -6.171448115739806 -1.7
    endloop
  endfacet
  facet normal 0 0 -1
    outer loop
      vertex -12.399999999527932 -7.581630000472069 -1.7
      vertex -11.527733787469522 -6.171448115739806 -1.7
      vertex -11.510437365805403 -6.1789329457664754 -1.7
    endloop
  endfacet
  facet normal 0 0 -1
    outer loop
      vertex -12.399999999527932 -7.581630000472069 -1.7
      vertex -11.653298377650605 -6.060748038493699 -1.7
      vertex -11.642705098312485 -6.076335575687742 -1.7
    endloop
  endfacet
  facet normal 0 0 -1
    outer loop
      vertex -12.399999999527932 -7.581630000472069 -1.7
      vertex -11.642705098312485 -6.076335575687742 -1.7
      vertex -11.631153972832736 -6.091227196924607 -1.7
    endloop
  endfacet
  facet normal 0 0 -1
    outer loop
      vertex -12.399999999527932 -7.581630000472069 -1.7
      vertex -11.671448115739807 -6.027733787469522 -1.7
      vertex -11.662892004013159 -6.044526102230515 -1.7
    endloop
  endfacet
  facet normal 0 0 -1
    outer loop
      vertex -12.399999999527932 -7.581630000472069 -1.7
      vertex -11.662892004013159 -6.044526102230515 -1.7
      vertex -11.653298377650605 -6.060748038493699 -1.7
    endloop
  endfacet
  facet normal 0 0 -1
    outer loop
      vertex -12.399999999527932 -7.581630000472069 -1.7
      vertex -11.685316954888547 -5.992705098312484 -1.7
      vertex -11.678932945766476 -6.010437365805403 -1.7
    endloop
  endfacet
  facet normal 0 0 -1
    outer loop
      vertex -12.399999999527932 -7.581630000472069 -1.7
      vertex -11.678932945766476 -6.010437365805403 -1.7
      vertex -11.671448115739807 -6.027733787469522 -1.7
    endloop
  endfacet
  facet normal 0 0 -1
    outer loop
      vertex -12.399999999527932 -7.581630000472069 -1.7
      vertex -11.694686175218607 -5.956214394375718 -1.7
      vertex -11.69057494833859 -5.974606966149457 -1.7
    endloop
  endfacet
  facet normal 0 0 -1
    outer loop
      vertex -12.399999999527932 -7.581630000472069 -1.7
      vertex -11.69057494833859 -5.974606966149457 -1.7
      vertex -11.685316954888547 -5.992705098312484 -1.7
    endloop
  endfacet
  facet normal 0 0 -1
    outer loop
      vertex -12.399999999527932 -7.581630000472069 -1.7
      vertex -11.699408018528482 -5.918837155858794 -1.7
      vertex -11.697634410394343 -5.937599970069291 -1.7
    endloop
  endfacet
  facet normal 0 0 -1
    outer loop
      vertex -12.399999999527932 -7.581630000472069 -1.7
      vertex -11.697634410394343 -5.937599970069291 -1.7
      vertex -11.694686175218607 -5.956214394375718 -1.7
    endloop
  endfacet
  facet normal 0 0 -1
    outer loop
      vertex -12.399999999527932 -7.581630000472069 -1.7
      vertex -11.699999997019768 -5.900000094832527 -1.7
      vertex -11.699408018528482 -5.918837155858794 -1.7
    endloop
  endfacet
  facet normal 0 0 -1
    outer loop
      vertex -12.399999999527932 -7.581630000472069 -1.7
      vertex -11.631153972832736 -6.091227196924607 -1.7
      vertex -11.618690588226423 -6.105364131778607 -1.7
    endloop
  endfacet
  facet normal 0 0 -1
    outer loop
      vertex -12.399999999527932 -7.581630000472069 -1.7
      vertex -11.492705098312484 -6.185316954888546 -1.7
      vertex -11.474606966149457 -6.19057494833859 -1.7
    endloop
  endfacet
  facet normal 0 0 -1
    outer loop
      vertex -12.399999999527932 -7.581630000472069 -1.7
      vertex -11.474606966149457 -6.19057494833859 -1.7
      vertex -11.456214394375717 -6.194686175218607 -1.7
    endloop
  endfacet
  facet normal 0 0 -1
    outer loop
      vertex -12.399999999527932 -7.581630000472069 -1.7
      vertex -11.456214394375717 -6.194686175218607 -1.7
      vertex -11.437599970069291 -6.197634410394343 -1.7
    endloop
  endfacet
  facet normal 0 0 -1
    outer loop
      vertex -12.399999999527932 -7.581630000472069 -1.7
      vertex -11.437599970069291 -6.197634410394343 -1.7
      vertex -11.418837155858794 -6.199408018528482 -1.7
    endloop
  endfacet
  facet normal 0 0 -1
    outer loop
      vertex -12.399999999527932 -7.581630000472069 -1.7
      vertex -11.418837155858794 -6.199408018528482 -1.7
      vertex -11.399999905167473 -6.199999997019768 -1.7
    endloop
  endfacet
  facet normal 0 0 -1
    outer loop
      vertex -12.399999999527932 -7.581630000472069 -1.7
      vertex -11.399999905167473 -6.199999997019768 -1.7
      vertex -11.381162844141206 -6.199408018528482 -1.7
    endloop
  endfacet
  facet normal 0 0 -1
    outer loop
      vertex -12.399999999527932 -7.581630000472069 -1.7
      vertex -11.381162844141206 -6.199408018528482 -1.7
      vertex -11.36240002993071 -6.197634410394343 -1.7
    endloop
  endfacet
  facet normal 0 0 -1
    outer loop
      vertex -12.399999999527932 -7.581630000472069 -1.7
      vertex -11.36240002993071 -6.197634410394343 -1.7
      vertex -11.343785605624284 -6.194686175218607 -1.7
    endloop
  endfacet
  facet normal 0 0 -1
    outer loop
      vertex -12.399999999527932 -7.581630000472069 -1.7
      vertex -11.343785605624284 -6.194686175218607 -1.7
      vertex -11.325393033850544 -6.19057494833859 -1.7
    endloop
  endfacet
  facet normal 0 0 -1
    outer loop
      vertex -12.399999999527932 -7.581630000472069 -1.7
      vertex -11.325393033850544 -6.19057494833859 -1.7
      vertex -11.307294901687516 -6.185316954888546 -1.7
    endloop
  endfacet
  facet normal 0 0 -1
    outer loop
      vertex -12.399999999527932 -7.581630000472069 -1.7
      vertex -11.307294901687516 -6.185316954888546 -1.7
      vertex -11.289562634194597 -6.1789329457664754 -1.7
    endloop
  endfacet
  facet normal 0 0 -1
    outer loop
      vertex -12.399999999527932 -7.581630000472069 -1.7
      vertex -11.289562634194597 -6.1789329457664754 -1.7
      vertex -11.272266212530479 -6.171448115739806 -1.7
    endloop
  endfacet
  facet normal 0 0 -1
    outer loop
      vertex -12.399999999527932 -7.581630000472069 -1.7
      vertex -11.272266212530479 -6.171448115739806 -1.7
      vertex -11.255473897769486 -6.162892004013159 -1.7
    endloop
  endfacet
  facet normal -6.462807617361523e-14 -2.6794596108515126e-13 -1
    outer loop
      vertex -12.399999999527932 -7.581630000472069 -1.7
      vertex -6.185316954888546 -11.307294901687516 -1.6999999999994033
      vertex -7.581630000472069 -12.399999999527932 -1.6999999999990203
    endloop
  endfacet
  facet normal -6.431370857928242e-14 -2.6743385574201554e-13 -1
    outer loop
      vertex -12.399999999527932 -7.581630000472069 -1.7
      vertex -6.171448115739806 -11.272266212530479 -1.6999999999994135
      vertex -6.1789329457664754 -11.289562634194597 -1.6999999999994084
    endloop
  endfacet
  facet normal -6.304727956251476e-14 -2.653090760843497e-13 -1
    outer loop
      vertex -12.399999999527932 -7.581630000472069 -1.7
      vertex -6.1789329457664754 -11.289562634194597 -1.6999999999994084
      vertex -6.185316954888546 -11.307294901687516 -1.6999999999994033
    endloop
  endfacet
  facet normal -6.610028040941958e-14 -2.704489877406052e-13 -1
    outer loop
      vertex -12.399999999527932 -7.581630000472069 -1.7
      vertex -6.1628920040131625 -11.255473897769493 -1.6999999999994186
      vertex -6.171448115739806 -11.272266212530479 -1.6999999999994135
    endloop
  endfacet
  facet normal -6.242797495534766e-14 -2.642144915698748e-13 -1
    outer loop
      vertex -12.399999999527932 -7.581630000472069 -1.7
      vertex -6.1532983776506045 -11.239251961506302 -1.6999999999994235
      vertex -6.1628920040131625 -11.255473897769493 -1.6999999999994186
    endloop
  endfacet
  facet normal -6.263455001350991e-14 -2.645405153805734e-13 -1
    outer loop
      vertex -12.399999999527932 -7.581630000472069 -1.7
      vertex -6.131153972832742 -11.2087728030754 -1.699999999999433
      vertex -6.142705098312489 -11.223664424312263 -1.6999999999994284
    endloop
  endfacet
  facet normal -6.52551218885089e-14 -2.690428591597454e-13 -1
    outer loop
      vertex -12.399999999527932 -7.581630000472069 -1.7
      vertex -6.142705098312489 -11.223664424312263 -1.6999999999994284
      vertex -6.1532983776506045 -11.239251961506302 -1.6999999999994235
    endloop
  endfacet
  facet normal -6.64968763593479e-14 -2.7121583269908704e-13 -1
    outer loop
      vertex -12.399999999527932 -7.581630000472069 -1.7
      vertex -6.118690588226428 -11.194635868221399 -1.6999999999994377
      vertex -6.131153972832742 -11.2087728030754 -1.699999999999433
    endloop
  endfacet
  facet normal -6.366679825436334e-14 -2.6628353526120975e-13 -1
    outer loop
      vertex -12.399999999527932 -7.581630000472069 -1.7
      vertex -6.091227196924607 -11.168846027167264 -1.6999999999994464
      vertex -6.105364131778612 -11.181309411773583 -1.6999999999994422
    endloop
  endfacet
  facet normal -6.48631777411131e-14 -2.683756030173263e-13 -1
    outer loop
      vertex -12.399999999527932 -7.581630000472069 -1.7
      vertex -6.105364131778612 -11.181309411773583 -1.6999999999994422
      vertex -6.118690588226428 -11.194635868221399 -1.6999999999994377
    endloop
  endfacet
  facet normal -6.289496412293025e-14 -2.649261243497168e-13 -1
    outer loop
      vertex -12.399999999527932 -7.581630000472069 -1.7
      vertex -6.0763355756877475 -11.15729490168752 -1.6999999999994504
      vertex -6.091227196924607 -11.168846027167264 -1.6999999999994464
    endloop
  endfacet
  facet normal -6.901315491750591e-14 -2.757463176661519e-13 -1
    outer loop
      vertex -12.399999999527932 -7.581630000472069 -1.7
      vertex -6.0607480384937045 -11.146701622349399 -1.6999999999994544
      vertex -6.0763355756877475 -11.15729490168752 -1.6999999999994504
    endloop
  endfacet
  facet normal -6.414010470593827e-14 -2.6710428496718083e-13 -1
    outer loop
      vertex -12.399999999527932 -7.581630000472069 -1.7
      vertex -6.010437365805403 -11.121067054233524 -1.6999999999994644
      vertex -6.027733787469528 -11.128551884260197 -1.6999999999994613
    endloop
  endfacet
  facet normal -6.315248021625603e-14 -2.653299560216823e-13 -1
    outer loop
      vertex -12.399999999527932 -7.581630000472069 -1.7
      vertex -6.027733787469528 -11.128551884260197 -1.6999999999994613
      vertex -6.044526102230515 -11.137107995986842 -1.699999999999458
    endloop
  endfacet
  facet normal -6.263650984481124e-14 -2.6440765071375336e-13 -1
    outer loop
      vertex -12.399999999527932 -7.581630000472069 -1.7
      vertex -6.044526102230515 -11.137107995986842 -1.699999999999458
      vertex -6.0607480384937045 -11.146701622349399 -1.6999999999994544
    endloop
  endfacet
  facet normal -6.773543484074093e-14 -2.736120576985314e-13 -1
    outer loop
      vertex -12.399999999527932 -7.581630000472069 -1.7
      vertex -5.974606966149457 -11.109425051661411 -1.69999999999947
      vertex -5.9927050983124905 -11.114683045111455 -1.6999999999994673
    endloop
  endfacet
  facet normal -6.564518708696416e-14 -2.698213323383834e-13 -1
    outer loop
      vertex -12.399999999527932 -7.581630000472069 -1.7
      vertex -5.9927050983124905 -11.114683045111455 -1.6999999999994673
      vertex -6.010437365805403 -11.121067054233524 -1.6999999999994644
    endloop
  endfacet
  facet normal -6.485059622341085e-14 -2.683791768752454e-13 -1
    outer loop
      vertex -12.399999999527932 -7.581630000472069 -1.7
      vertex -5.937599970069297 -11.10236558960566 -1.6999999999994742
      vertex -5.956214394375718 -11.105313824781394 -1.6999999999994722
    endloop
  endfacet
  facet normal -6.192938661630791e-14 -2.630371401448151e-13 -1
    outer loop
      vertex -12.399999999527932 -7.581630000472069 -1.7
      vertex -5.956214394375718 -11.105313824781394 -1.6999999999994722
      vertex -5.974606966149457 -11.109425051661411 -1.69999999999947
    endloop
  endfacet
  facet normal -6.243243057398808e-14 -2.63901690871745e-13 -1
    outer loop
      vertex -12.399999999527932 -7.581630000472069 -1.7
      vertex -5.900000094832533 -11.100000002980233 -1.6999999999994773
      vertex -5.918837155858794 -11.100591981471519 -1.699999999999476
    endloop
  endfacet
  facet normal -6.86464203591346e-14 -2.7534650895273166e-13 -1
    outer loop
      vertex -12.399999999527932 -7.581630000472069 -1.7
      vertex -5.918837155858794 -11.100591981471519 -1.699999999999476
      vertex -5.937599970069297 -11.10236558960566 -1.6999999999994742
    endloop
  endfacet
  facet normal -6.815369563233999e-14 -2.624560739372693e-13 -1
    outer loop
      vertex -7.581630000472069 -12.399999999527932 -1.6999999999990203
      vertex -6.185316954888544 -11.492705098312491 -1.6999999999993536
      vertex -6.1789329457664754 -11.510437365805403 -1.6999999999993494
    endloop
  endfacet
  facet normal -6.892146940181953e-14 -2.605141146474926e-13 -1
    outer loop
      vertex -7.581630000472069 -12.399999999527932 -1.6999999999990203
      vertex -6.153298377650605 -11.5607480384937 -1.6999999999993374
      vertex -6.142705098312479 -11.57633557568775 -1.699999999999334
    endloop
  endfacet
  facet normal -6.57464855777202e-14 -2.65689754032795e-13 -1
    outer loop
      vertex -7.581630000472069 -12.399999999527932 -1.6999999999990203
      vertex -6.118690588226424 -11.605364131778607 -1.6999999999993276
      vertex -6.1053641317786065 -11.618690588226423 -1.699999999999325
    endloop
  endfacet
  facet normal -6.233815172336349e-14 -2.7201503598411014e-13 -1
    outer loop
      vertex -7.581630000472069 -12.399999999527932 -1.6999999999990203
      vertex -6.142705098312479 -11.57633557568775 -1.699999999999334
      vertex -6.131153972832732 -11.591227196924615 -1.6999999999993307
    endloop
  endfacet
  facet normal -6.127751695179988e-14 -2.739172083930762e-13 -1
    outer loop
      vertex -7.581630000472069 -12.399999999527932 -1.6999999999990203
      vertex -6.131153972832732 -11.591227196924615 -1.6999999999993307
      vertex -6.118690588226424 -11.605364131778607 -1.6999999999993276
    endloop
  endfacet
  facet normal -6.321489774038327e-14 -2.702234135727851e-13 -1
    outer loop
      vertex -7.581630000472069 -12.399999999527932 -1.6999999999990203
      vertex -6.171448115739806 -11.527733787469522 -1.6999999999993451
      vertex -6.1628920040131545 -11.544526102230522 -1.6999999999993411
    endloop
  endfacet
  facet normal -6.327870113936297e-14 -2.7011760051791865e-13 -1
    outer loop
      vertex -7.581630000472069 -12.399999999527932 -1.6999999999990203
      vertex -6.1628920040131545 -11.544526102230522 -1.6999999999993411
      vertex -6.153298377650605 -11.5607480384937 -1.6999999999993374
    endloop
  endfacet
  facet normal -6.270422613583981e-14 -2.7104900997422826e-13 -1
    outer loop
      vertex -7.581630000472069 -12.399999999527932 -1.6999999999990203
      vertex -6.1789329457664754 -11.510437365805403 -1.6999999999993494
      vertex -6.171448115739806 -11.527733787469522 -1.6999999999993451
    endloop
  endfacet
  facet normal -6.453549926051401e-14 -2.6794821536252794e-13 -1
    outer loop
      vertex -7.581630000472069 -12.399999999527932 -1.6999999999990203
      vertex -6.194686175218607 -11.456214394375717 -1.6999999999993627
      vertex -6.19057494833859 -11.474606966149457 -1.699999999999358
    endloop
  endfacet
  facet normal -6.666538502611514e-14 -2.647465613108552e-13 -1
    outer loop
      vertex -7.581630000472069 -12.399999999527932 -1.6999999999990203
      vertex -6.19057494833859 -11.474606966149457 -1.699999999999358
      vertex -6.185316954888544 -11.492705098312491 -1.6999999999993536
    endloop
  endfacet
  facet normal -6.556928621689878e-14 -2.6655252626947546e-13 -1
    outer loop
      vertex -7.581630000472069 -12.399999999527932 -1.6999999999990203
      vertex -6.199408018528482 -11.418837155858794 -1.6999999999993725
      vertex -6.197634410394342 -11.437599970069298 -1.6999999999993676
    endloop
  endfacet
  facet normal -6.164651223212943e-14 -2.721937375429712e-13 -1
    outer loop
      vertex -7.581630000472069 -12.399999999527932 -1.6999999999990203
      vertex -6.197634410394342 -11.437599970069298 -1.6999999999993676
      vertex -6.194686175218607 -11.456214394375717 -1.6999999999993627
    endloop
  endfacet
  facet normal -6.380806551512174e-14 -2.6911060615303337e-13 -1
    outer loop
      vertex -7.581630000472069 -12.399999999527932 -1.6999999999990203
      vertex -6.199408018528482 -11.381162844141206 -1.6999999999993827
      vertex -6.199999997019768 -11.399999905167473 -1.6999999999993776
    endloop
  endfacet
  facet normal -6.097183748428788e-14 -2.7302922352729994e-13 -1
    outer loop
      vertex -7.581630000472069 -12.399999999527932 -1.6999999999990203
      vertex -6.199999997019768 -11.399999905167473 -1.6999999999993776
      vertex -6.199408018528482 -11.418837155858794 -1.6999999999993725
    endloop
  endfacet
  facet normal -6.789573078076079e-14 -2.636048931957174e-13 -1
    outer loop
      vertex -7.581630000472069 -12.399999999527932 -1.6999999999990203
      vertex -6.194686175218607 -11.343785605624284 -1.6999999999993929
      vertex -6.197634410394452 -11.362400029931859 -1.6999999999993878
    endloop
  endfacet
  facet normal -6.614818067512858e-14 -2.6593585089667267e-13 -1
    outer loop
      vertex -7.581630000472069 -12.399999999527932 -1.6999999999990203
      vertex -6.197634410394452 -11.362400029931859 -1.6999999999993878
      vertex -6.199408018528482 -11.381162844141206 -1.6999999999993827
    endloop
  endfacet
  facet normal -5.6796779835469775e-14 -2.7795318193768937e-13 -1
    outer loop
      vertex -7.581630000472069 -12.399999999527932 -1.6999999999990203
      vertex -6.185316954888546 -11.307294901687516 -1.6999999999994033
      vertex -6.19057494833859 -11.325393033850544 -1.699999999999398
    endloop
  endfacet
  facet normal -6.891769619558137e-14 -2.622629226356842e-13 -1
    outer loop
      vertex -7.581630000472069 -12.399999999527932 -1.6999999999990203
      vertex -6.19057494833859 -11.325393033850544 -1.699999999999398
      vertex -6.194686175218607 -11.343785605624284 -1.6999999999993929
    endloop
  endfacet
  facet normal -6.817740037611687e-14 -2.6089868670590184e-13 -1
    outer loop
      vertex -7.581630000472069 -12.399999999527932 -1.6999999999990203
      vertex -6.0912271969246 -11.631153972832742 -1.6999999999993225
      vertex -6.076335575687742 -11.642705098312485 -1.6999999999993205
    endloop
  endfacet
  facet normal -6.612244474567087e-14 -2.649833745186989e-13 -1
    outer loop
      vertex -7.581630000472069 -12.399999999527932 -1.6999999999990203
      vertex -6.076335575687742 -11.642705098312485 -1.6999999999993205
      vertex -6.060748038493699 -11.653298377650605 -1.6999999999993187
    endloop
  endfacet
  facet normal -6.375137287016735e-14 -2.698127740276237e-13 -1
    outer loop
      vertex -7.581630000472069 -12.399999999527932 -1.6999999999990203
      vertex -6.060748038493699 -11.653298377650605 -1.6999999999993187
      vertex -6.044526102230507 -11.662892004013163 -1.6999999999993172
    endloop
  endfacet
  facet normal -6.103002701793882e-14 -2.7548764303376516e-13 -1
    outer loop
      vertex -7.581630000472069 -12.399999999527932 -1.6999999999990203
      vertex -6.044526102230507 -11.662892004013163 -1.6999999999993172
      vertex -6.027733787469522 -11.671448115739807 -1.6999999999993158
    endloop
  endfacet
  facet normal -6.840836578294084e-14 -2.5957429242037697e-13 -1
    outer loop
      vertex -7.581630000472069 -12.399999999527932 -1.6999999999990203
      vertex -6.010437365805404 -11.678932945766476 -1.699999999999315
      vertex -5.992705098312476 -11.685316954888549 -1.6999999999993145
    endloop
  endfacet
  facet normal -6.458375386137839e-14 -2.6790805562626786e-13 -1
    outer loop
      vertex -7.581630000472069 -12.399999999527932 -1.6999999999990203
      vertex -6.027733787469522 -11.671448115739807 -1.6999999999993158
      vertex -6.010437365805404 -11.678932945766476 -1.699999999999315
    endloop
  endfacet
  facet normal -6.149317025929807e-14 -2.751046294930462e-13 -1
    outer loop
      vertex -7.581630000472069 -12.399999999527932 -1.6999999999990203
      vertex -5.974606966149457 -11.69057494833859 -1.6999999999993143
      vertex -5.956214394375709 -11.694686175218608 -1.6999999999993143
    endloop
  endfacet
  facet normal -6.521015536344863e-14 -2.666847397942065e-13 -1
    outer loop
      vertex -7.581630000472069 -12.399999999527932 -1.6999999999990203
      vertex -5.992705098312476 -11.685316954888549 -1.6999999999993145
      vertex -5.974606966149457 -11.69057494833859 -1.6999999999993143
    endloop
  endfacet
  facet normal -6.413977454864086e-14 -2.687255969636167e-13 -1
    outer loop
      vertex -7.581630000472069 -12.399999999527932 -1.6999999999990203
      vertex -6.1053641317786065 -11.618690588226423 -1.699999999999325
      vertex -6.0912271969246 -11.631153972832742 -1.6999999999993225
    endloop
  endfacet
  facet normal -6.151742298486705e-14 -2.752051899195687e-13 -1
    outer loop
      vertex -7.581630000472069 -12.399999999527932 -1.6999999999990203
      vertex -5.937599970069282 -11.697634410394343 -1.6999999999993147
      vertex -5.918837155858785 -11.699408018528482 -1.6999999999993154
    endloop
  endfacet
  facet normal -6.584216588729329e-14 -2.650822463765475e-13 -1
    outer loop
      vertex -7.581630000472069 -12.399999999527932 -1.6999999999990203
      vertex -5.956214394375709 -11.694686175218608 -1.6999999999993143
      vertex -5.937599970069282 -11.697634410394343 -1.6999999999993147
    endloop
  endfacet
  facet normal -6.716561656560519e-14 -2.6179970409364873e-13 -1
    outer loop
      vertex -7.581630000472069 -12.399999999527932 -1.6999999999990203
      vertex -5.918837155858785 -11.699408018528482 -1.6999999999993154
      vertex -5.90000009482715 -11.699999997019768 -1.6999999999993165
    endloop
  endfacet
  facet normal -0.7071067811865476 -0.7071067811865476 0
    outer loop
      vertex -12.399999999527932 -7.581630000472069 -1.7
      vertex -7.581630000472069 -12.399999999527932 -1.6999999999990203
      vertex -7.581630000472069 -12.399999999527932 1.2900000000000003
    endloop
  endfacet
  facet normal 0 -1 0
    outer loop
      vertex -7.581630000472069 -12.399999999527932 -1.6999999999990203
      vertex -5.5 -12.399999999527932 -1.485000000708103
      vertex -7.581630000472069 -12.399999999527932 1.2900000000000003
    endloop
  endfacet
  facet normal -1 0 0
    outer loop
      vertex -12.399999999527932 -7.581630000472069 -1.7
      vertex -12.399999999527932 -5.5 -1.5
      vertex -12.399999999527932 -5.5 -1.51
    endloop
  endfacet
  facet normal -1 0 0
    outer loop
      vertex -12.399999999527932 -7.581630000472069 -1.7
      vertex -12.399999999527932 -5.5 -1.485000000708103
      vertex -12.399999999527932 -5.5 -1.5
    endloop
  endfacet
  facet normal -1 0 0
    outer loop
      vertex -12.399999999527932 -7.581630000472069 -1.7
      vertex -12.399999999527932 -5.5 0.28500000070810305
      vertex -12.399999999527932 -5.5 -1.485000000708103
    endloop
  endfacet
  facet normal -1 0 0
    outer loop
      vertex -12.399999999527932 -7.581630000472069 -1.7
      vertex -12.399999999527932 -5.5 -1.51
      vertex -12.399999999527932 5.5 -1.51
    endloop
  endfacet
  facet normal -1.5520850939266698e-13 6.460753141924887e-14 -1
    outer loop
      vertex -12.399999999527932 -7.581630000472069 -1.7
      vertex -12.399999999527932 7.581630000472069 -1.6999999999990203
      vertex -11.699999997019768 -5.900000094832527 -1.7
    endloop
  endfacet
  facet normal -1 0 0
    outer loop
      vertex -12.399999999527932 -5.5 -1.5
      vertex -12.399999999527932 -5.5 -1.485000000708103
      vertex -12.399999999527932 5.5 -1.5
    endloop
  endfacet
  facet normal -1 0 0
    outer loop
      vertex -12.399999999527932 -7.581630000472069 -1.7
      vertex -12.399999999527932 -6 0.5000000000000002
      vertex -12.399999999527932 -5.5 0.28500000070810305
    endloop
  endfacet
  facet normal 0 -1 0
    outer loop
      vertex -7.581630000472069 -12.399999999527932 -1.6999999999990203
      vertex -5.5 -12.399999999527932 -1.51
      vertex -5.5 -12.399999999527932 -1.5
    endloop
  endfacet
  facet normal 0 -1 0
    outer loop
      vertex -7.581630000472069 -12.399999999527932 -1.6999999999990203
      vertex -5.5 -12.399999999527932 -1.5
      vertex -5.5 -12.399999999527932 -1.485000000708103
    endloop
  endfacet
  facet normal -5.791976974357642e-14 -2.8401126475539896e-13 -1
    outer loop
      vertex -7.581630000472069 -12.399999999527932 -1.6999999999990203
      vertex -5.90000009482715 -11.699999997019768 -1.6999999999993165
      vertex 5.900000094832527 -11.699999997019768 -1.7
    endloop
  endfacet
  facet normal 0 -1 0
    outer loop
      vertex -7.581630000472069 -12.399999999527932 -1.6999999999990203
      vertex 7.581630000472069 -12.399999999527932 -1.7
      vertex -5.5 -12.399999999527932 -1.51
    endloop
  endfacet
  facet normal 0 -1 0
    outer loop
      vertex -5.5 -12.399999999527932 -1.5
      vertex 5.5 -12.399999999527932 -1.485000000708103
      vertex -5.5 -12.399999999527932 -1.485000000708103
    endloop
  endfacet
  facet normal 2.9034687351946165e-14 -9.492109548880172e-14 -1
    outer loop
      vertex -12.399999999527932 -7.581630000472069 -1.7
      vertex 11.100000002980233 -5.900000094832533 -1.6999999999994773
      vertex -5.900000094832533 -11.100000002980233 -1.6999999999994773
    endloop
  endfacet
  facet normal 0 -1 0
    outer loop
      vertex -5.5 -12.399999999527932 -1.485000000708103
      vertex -5.5 -12.399999999527932 0.28500000070810305
      vertex -6 -12.399999999527932 0.5000000000000002
    endloop
  endfacet
  facet normal 0 0 -1
    outer loop
      vertex -12.399999999527932 -7.581630000472069 -1.7
      vertex -11.255473897769486 -6.162892004013159 -1.7
      vertex 12.399999999527932 7.581630000472069 -1.7
    endloop
  endfacet
  facet normal 0 0 -1
    outer loop
      vertex 12.399999999527932 7.581630000472069 -1.7
      vertex -11.255473897769486 -6.162892004013159 -1.7
      vertex -11.239251961506302 -6.1532983776506045 -1.7
    endloop
  endfacet
  facet normal 0 0 -1
    outer loop
      vertex 12.399999999527932 7.581630000472069 -1.7
      vertex -11.239251961506302 -6.1532983776506045 -1.7
      vertex -11.223664424312258 -6.142705098312485 -1.7
    endloop
  endfacet
  facet normal 0 0 -1
    outer loop
      vertex 12.399999999527932 7.581630000472069 -1.7
      vertex -11.223664424312258 -6.142705098312485 -1.7
      vertex -11.208772803075394 -6.131153972832737 -1.7
    endloop
  endfacet
  facet normal 0 0 -1
    outer loop
      vertex 12.399999999527932 7.581630000472069 -1.7
      vertex -11.208772803075394 -6.131153972832737 -1.7
      vertex -11.194635868221393 -6.118690588226424 -1.7
    endloop
  endfacet
  facet normal 0 0 -1
    outer loop
      vertex 12.399999999527932 7.581630000472069 -1.7
      vertex -11.194635868221393 -6.118690588226424 -1.7
      vertex -11.181309411773578 -6.1053641317786065 -1.7
    endloop
  endfacet
  facet normal 0 0 -1
    outer loop
      vertex 12.399999999527932 7.581630000472069 -1.7
      vertex -11.181309411773578 -6.1053641317786065 -1.7
      vertex -11.168846027167264 -6.091227196924607 -1.7
    endloop
  endfacet
  facet normal 0 0 -1
    outer loop
      vertex 12.399999999527932 7.581630000472069 -1.7
      vertex -11.168846027167264 -6.091227196924607 -1.7
      vertex -11.157294901687516 -6.076335575687742 -1.7
    endloop
  endfacet
  facet normal 0 0 -1
    outer loop
      vertex 12.399999999527932 7.581630000472069 -1.7
      vertex -11.157294901687516 -6.076335575687742 -1.7
      vertex -11.146701622349395 -6.060748038493699 -1.7
    endloop
  endfacet
  facet normal 0 0 -1
    outer loop
      vertex 12.399999999527932 7.581630000472069 -1.7
      vertex -11.146701622349395 -6.060748038493699 -1.7
      vertex -11.137107995986842 -6.044526102230515 -1.7
    endloop
  endfacet
  facet normal 0 0 -1
    outer loop
      vertex 12.399999999527932 7.581630000472069 -1.7
      vertex -11.128551884260194 -6.027733787469522 -1.7
      vertex -11.121067054233524 -6.010437365805403 -1.7
    endloop
  endfacet
  facet normal 0 0 -1
    outer loop
      vertex 12.399999999527932 7.581630000472069 -1.7
      vertex -11.137107995986842 -6.044526102230515 -1.7
      vertex -11.128551884260194 -6.027733787469522 -1.7
    endloop
  endfacet
  facet normal 0 0 -1
    outer loop
      vertex 12.399999999527932 7.581630000472069 -1.7
      vertex -11.114683045111454 -5.992705098312484 -1.7
      vertex -11.109425051661411 -5.974606966149457 -1.7
    endloop
  endfacet
  facet normal 0 0 -1
    outer loop
      vertex 12.399999999527932 7.581630000472069 -1.7
      vertex -11.121067054233524 -6.010437365805403 -1.7
      vertex -11.114683045111454 -5.992705098312484 -1.7
    endloop
  endfacet
  facet normal 0 0 -1
    outer loop
      vertex 12.399999999527932 7.581630000472069 -1.7
      vertex -11.109425051661411 -5.974606966149457 -1.7
      vertex -11.105313824781394 -5.956214394375718 -1.7
    endloop
  endfacet
  facet normal 0 0 -1
    outer loop
      vertex 12.399999999527932 7.581630000472069 -1.7
      vertex -11.102365589605657 -5.937599970069291 -1.7
      vertex -11.100591981471519 -5.918837155858794 -1.7
    endloop
  endfacet
  facet normal 0 0 -1
    outer loop
      vertex 12.399999999527932 7.581630000472069 -1.7
      vertex -11.105313824781394 -5.956214394375718 -1.7
      vertex -11.102365589605657 -5.937599970069291 -1.7
    endloop
  endfacet
  facet normal 0 0 -1
    outer loop
      vertex 12.399999999527932 7.581630000472069 -1.7
      vertex -11.100591981471519 -5.918837155858794 -1.7
      vertex -11.100000002980233 -5.900000094832527 -1.7
    endloop
  endfacet
  facet normal -1 0 0
    outer loop
      vertex -12.399999999527932 -7.581630000472069 -1.7
      vertex -12.399999999527932 -7.581630000472069 1.2900000000000003
      vertex -12.399999999527932 -6 0.5000000000000002
    endloop
  endfacet
  facet normal -0.7071067811865476 -0.7071067811865476 0
    outer loop
      vertex -12.399999999527932 -7.581630000472069 -1.7
      vertex -7.581630000472069 -12.399999999527932 1.2900000000000003
      vertex -12.399999999527932 -7.581630000472069 1.2900000000000003
    endloop
  endfacet
  facet normal -1 0 0
    outer loop
      vertex -12.399999999527932 -7.581630000472069 1.2900000000000003
      vertex -12.399999999527932 -6 0.9000000000000001
      vertex -12.399999999527932 -6 0.5000000000000002
    endloop
  endfacet
  facet normal 0 -1 0
    outer loop
      vertex -7.581630000472069 -12.399999999527932 1.2900000000000003
      vertex -6 -12.399999999527932 0.5000000000000002
      vertex -6 -12.399999999527932 0.9000000000000001
    endloop
  endfacet
  facet normal -1 0 0
    outer loop
      vertex -12.399999999527932 -5.5 0.28500000070810305
      vertex -12.399999999527932 -6 0.5000000000000002
      vertex -12.399999999527932 6 0.5000000000000002
    endloop
  endfacet
  facet normal -1 0 0
    outer loop
      vertex -12.399999999527932 -7.581630000472069 1.2900000000000003
      vertex -12.399999999527932 7.581630000472069 1.2900000000000003
      vertex -12.399999999527932 -6 0.9000000000000001
    endloop
  endfacet
  facet normal 0 -1 0
    outer loop
      vertex -5.5 -12.399999999527932 -1.485000000708103
      vertex -6 -12.399999999527932 0.5000000000000002
      vertex -7.581630000472069 -12.399999999527932 1.2900000000000003
    endloop
  endfacet
  facet normal 0 -1 0
    outer loop
      vertex -5.5 -12.399999999527932 0.28500000070810305
      vertex 5.5 -12.399999999527932 0.28500000070810305
      vertex -6 -12.399999999527932 0.5000000000000002
    endloop
  endfacet
  facet normal 0 -1 0
    outer loop
      vertex -7.581630000472069 -12.399999999527932 1.2900000000000003
      vertex -6 -12.399999999527932 0.9000000000000001
      vertex 6 -12.399999999527932 0.9000000000000001
    endloop
  endfacet
  facet normal -1 0 0
    outer loop
      vertex -12.399999999527932 -7.581630000472069 -1.7
      vertex -12.399999999527932 5.5 -1.51
      vertex -12.399999999527932 7.581630000472069 -1.6999999999990203
    endloop
  endfacet
  facet normal -1 0 0
    outer loop
      vertex -12.399999999527932 -5.5 -1.485000000708103
      vertex -12.399999999527932 5.5 -1.485000000708103
      vertex -12.399999999527932 5.5 -1.5
    endloop
  endfacet
  facet normal -2.8401126475539896e-13 5.791976974357642e-14 -1
    outer loop
      vertex -12.399999999527932 7.581630000472069 -1.6999999999990203
      vertex -11.699999997019768 5.90000009482715 -1.6999999999993165
      vertex -11.699999997019768 -5.900000094832527 -1.7
    endloop
  endfacet
  facet normal -1 0 0
    outer loop
      vertex -12.399999999527932 5.5 -1.51
      vertex -12.399999999527932 5.5 -1.5
      vertex -12.399999999527932 7.581630000472069 -1.6999999999990203
    endloop
  endfacet
  facet normal -1 0 0
    outer loop
      vertex -12.399999999527932 5.5 -1.5
      vertex -12.399999999527932 5.5 -1.485000000708103
      vertex -12.399999999527932 7.581630000472069 -1.6999999999990203
    endloop
  endfacet
  facet normal -1 0 0
    outer loop
      vertex -12.399999999527932 5.5 -1.485000000708103
      vertex -12.399999999527932 5.5 0.28500000070810305
      vertex -12.399999999527932 6 0.5000000000000002
    endloop
  endfacet
  facet normal -2.6179970409364873e-13 6.716561656560519e-14 -1
    outer loop
      vertex -12.399999999527932 7.581630000472069 -1.6999999999990203
      vertex -11.699408018528482 5.918837155858785 -1.6999999999993154
      vertex -11.699999997019768 5.90000009482715 -1.6999999999993165
    endloop
  endfacet
  facet normal -2.752051899195687e-13 6.151742298486705e-14 -1
    outer loop
      vertex -12.399999999527932 7.581630000472069 -1.6999999999990203
      vertex -11.697634410394343 5.937599970069282 -1.6999999999993147
      vertex -11.699408018528482 5.918837155858785 -1.6999999999993154
    endloop
  endfacet
  facet normal -2.650822463765475e-13 6.584216588729329e-14 -1
    outer loop
      vertex -12.399999999527932 7.581630000472069 -1.6999999999990203
      vertex -11.694686175218608 5.956214394375709 -1.6999999999993143
      vertex -11.697634410394343 5.937599970069282 -1.6999999999993147
    endloop
  endfacet
  facet normal -2.751046294930462e-13 6.149317025929807e-14 -1
    outer loop
      vertex -12.399999999527932 7.581630000472069 -1.6999999999990203
      vertex -11.69057494833859 5.974606966149457 -1.6999999999993143
      vertex -11.694686175218608 5.956214394375709 -1.6999999999993143
    endloop
  endfacet
  facet normal -2.666847397942065e-13 6.521015536344863e-14 -1
    outer loop
      vertex -12.399999999527932 7.581630000472069 -1.6999999999990203
      vertex -11.685316954888549 5.992705098312476 -1.6999999999993145
      vertex -11.69057494833859 5.974606966149457 -1.6999999999993143
    endloop
  endfacet
  facet normal -2.5957429242037697e-13 6.840836578294084e-14 -1
    outer loop
      vertex -12.399999999527932 7.581630000472069 -1.6999999999990203
      vertex -11.678932945766476 6.010437365805404 -1.699999999999315
      vertex -11.685316954888549 5.992705098312476 -1.6999999999993145
    endloop
  endfacet
  facet normal -2.6790805562626786e-13 6.458375386137839e-14 -1
    outer loop
      vertex -12.399999999527932 7.581630000472069 -1.6999999999990203
      vertex -11.671448115739807 6.027733787469522 -1.6999999999993158
      vertex -11.678932945766476 6.010437365805404 -1.699999999999315
    endloop
  endfacet
  facet normal -2.698127740276237e-13 6.375137287016735e-14 -1
    outer loop
      vertex -12.399999999527932 7.581630000472069 -1.6999999999990203
      vertex -11.653298377650605 6.060748038493699 -1.6999999999993187
      vertex -11.662892004013163 6.044526102230507 -1.6999999999993172
    endloop
  endfacet
  facet normal -2.7548764303376516e-13 6.103002701793882e-14 -1
    outer loop
      vertex -12.399999999527932 7.581630000472069 -1.6999999999990203
      vertex -11.662892004013163 6.044526102230507 -1.6999999999993172
      vertex -11.671448115739807 6.027733787469522 -1.6999999999993158
    endloop
  endfacet
  facet normal -2.6089868670590184e-13 6.817740037611687e-14 -1
    outer loop
      vertex -12.399999999527932 7.581630000472069 -1.6999999999990203
      vertex -11.631153972832742 6.0912271969246 -1.6999999999993225
      vertex -11.642705098312485 6.076335575687742 -1.6999999999993205
    endloop
  endfacet
  facet normal -2.649833745186989e-13 6.612244474567087e-14 -1
    outer loop
      vertex -12.399999999527932 7.581630000472069 -1.6999999999990203
      vertex -11.642705098312485 6.076335575687742 -1.6999999999993205
      vertex -11.653298377650605 6.060748038493699 -1.6999999999993187
    endloop
  endfacet
  facet normal -2.687255969636167e-13 6.413977454864086e-14 -1
    outer loop
      vertex -12.399999999527932 7.581630000472069 -1.6999999999990203
      vertex -11.618690588226423 6.1053641317786065 -1.699999999999325
      vertex -11.631153972832742 6.0912271969246 -1.6999999999993225
    endloop
  endfacet
  facet normal -2.65689754032795e-13 6.57464855777202e-14 -1
    outer loop
      vertex -12.399999999527932 7.581630000472069 -1.6999999999990203
      vertex -11.605364131778607 6.118690588226424 -1.6999999999993276
      vertex -11.618690588226423 6.1053641317786065 -1.699999999999325
    endloop
  endfacet
  facet normal -2.7201503598411014e-13 6.233815172336349e-14 -1
    outer loop
      vertex -12.399999999527932 7.581630000472069 -1.6999999999990203
      vertex -11.57633557568775 6.142705098312479 -1.699999999999334
      vertex -11.591227196924615 6.131153972832732 -1.6999999999993307
    endloop
  endfacet
  facet normal -2.739172083930762e-13 6.127751695179988e-14 -1
    outer loop
      vertex -12.399999999527932 7.581630000472069 -1.6999999999990203
      vertex -11.591227196924615 6.131153972832732 -1.6999999999993307
      vertex -11.605364131778607 6.118690588226424 -1.6999999999993276
    endloop
  endfacet
  facet normal -2.605141146474926e-13 6.892146940181953e-14 -1
    outer loop
      vertex -12.399999999527932 7.581630000472069 -1.6999999999990203
      vertex -11.5607480384937 6.153298377650605 -1.6999999999993374
      vertex -11.57633557568775 6.142705098312479 -1.699999999999334
    endloop
  endfacet
  facet normal -2.702234135727851e-13 6.321489774038327e-14 -1
    outer loop
      vertex -12.399999999527932 7.581630000472069 -1.6999999999990203
      vertex -11.527733787469522 6.171448115739806 -1.6999999999993451
      vertex -11.544526102230522 6.1628920040131545 -1.6999999999993411
    endloop
  endfacet
  facet normal -2.7011760051791865e-13 6.327870113936297e-14 -1
    outer loop
      vertex -12.399999999527932 7.581630000472069 -1.6999999999990203
      vertex -11.544526102230522 6.1628920040131545 -1.6999999999993411
      vertex -11.5607480384937 6.153298377650605 -1.6999999999993374
    endloop
  endfacet
  facet normal -2.7104900997422826e-13 6.270422613583981e-14 -1
    outer loop
      vertex -12.399999999527932 7.581630000472069 -1.6999999999990203
      vertex -11.510437365805403 6.1789329457664754 -1.6999999999993494
      vertex -11.527733787469522 6.171448115739806 -1.6999999999993451
    endloop
  endfacet
  facet normal -2.624560739372693e-13 6.815369563233999e-14 -1
    outer loop
      vertex -12.399999999527932 7.581630000472069 -1.6999999999990203
      vertex -11.492705098312491 6.185316954888544 -1.6999999999993536
      vertex -11.510437365805403 6.1789329457664754 -1.6999999999993494
    endloop
  endfacet
  facet normal -2.6794821536252794e-13 6.453549926051401e-14 -1
    outer loop
      vertex -12.399999999527932 7.581630000472069 -1.6999999999990203
      vertex -11.456214394375717 6.194686175218607 -1.6999999999993627
      vertex -11.474606966149457 6.19057494833859 -1.699999999999358
    endloop
  endfacet
  facet normal -2.647465613108552e-13 6.666538502611514e-14 -1
    outer loop
      vertex -12.399999999527932 7.581630000472069 -1.6999999999990203
      vertex -11.474606966149457 6.19057494833859 -1.699999999999358
      vertex -11.492705098312491 6.185316954888544 -1.6999999999993536
    endloop
  endfacet
  facet normal -2.6655252626947546e-13 6.556928621689878e-14 -1
    outer loop
      vertex -12.399999999527932 7.581630000472069 -1.6999999999990203
      vertex -11.418837155858794 6.199408018528482 -1.6999999999993725
      vertex -11.437599970069298 6.197634410394342 -1.6999999999993676
    endloop
  endfacet
  facet normal -2.721937375429712e-13 6.164651223212943e-14 -1
    outer loop
      vertex -12.399999999527932 7.581630000472069 -1.6999999999990203
      vertex -11.437599970069298 6.197634410394342 -1.6999999999993676
      vertex -11.456214394375717 6.194686175218607 -1.6999999999993627
    endloop
  endfacet
  facet normal -2.6911060615303337e-13 6.380806551512174e-14 -1
    outer loop
      vertex -12.399999999527932 7.581630000472069 -1.6999999999990203
      vertex -11.381162844141206 6.199408018528482 -1.6999999999993827
      vertex -11.399999905167473 6.199999997019768 -1.6999999999993776
    endloop
  endfacet
  facet normal -2.7302922352729994e-13 6.097183748428788e-14 -1
    outer loop
      vertex -12.399999999527932 7.581630000472069 -1.6999999999990203
      vertex -11.399999905167473 6.199999997019768 -1.6999999999993776
      vertex -11.418837155858794 6.199408018528482 -1.6999999999993725
    endloop
  endfacet
  facet normal -2.636048931957174e-13 6.789573078076079e-14 -1
    outer loop
      vertex -12.399999999527932 7.581630000472069 -1.6999999999990203
      vertex -11.343785605624284 6.194686175218607 -1.6999999999993929
      vertex -11.362400029931859 6.197634410394452 -1.6999999999993878
    endloop
  endfacet
  facet normal -2.6593585089667267e-13 6.614818067512858e-14 -1
    outer loop
      vertex -12.399999999527932 7.581630000472069 -1.6999999999990203
      vertex -11.362400029931859 6.197634410394452 -1.6999999999993878
      vertex -11.381162844141206 6.199408018528482 -1.6999999999993827
    endloop
  endfacet
  facet normal -2.7795318193768937e-13 5.6796779835469775e-14 -1
    outer loop
      vertex -12.399999999527932 7.581630000472069 -1.6999999999990203
      vertex -11.307294901687516 6.185316954888546 -1.6999999999994033
      vertex -11.325393033850544 6.19057494833859 -1.699999999999398
    endloop
  endfacet
  facet normal -2.622629226356842e-13 6.891769619558137e-14 -1
    outer loop
      vertex -12.399999999527932 7.581630000472069 -1.6999999999990203
      vertex -11.325393033850544 6.19057494833859 -1.699999999999398
      vertex -11.343785605624284 6.194686175218607 -1.6999999999993929
    endloop
  endfacet
  facet normal -2.679459610851513e-13 6.462807617361524e-14 -1
    outer loop
      vertex -12.399999999527932 7.581630000472069 -1.6999999999990203
      vertex -7.581630000472069 12.399999999527932 -1.7
      vertex -11.307294901687516 6.185316954888546 -1.6999999999994033
    endloop
  endfacet
  facet normal -2.6743385574201554e-13 6.431370857928242e-14 -1
    outer loop
      vertex -7.581630000472069 12.399999999527932 -1.7
      vertex -11.272266212530479 6.171448115739806 -1.6999999999994135
      vertex -11.289562634194597 6.1789329457664754 -1.6999999999994084
    endloop
  endfacet
  facet normal -2.653090760843497e-13 6.304727956251476e-14 -1
    outer loop
      vertex -7.581630000472069 12.399999999527932 -1.7
      vertex -11.289562634194597 6.1789329457664754 -1.6999999999994084
      vertex -11.307294901687516 6.185316954888546 -1.6999999999994033
    endloop
  endfacet
  facet normal -2.642144915698748e-13 6.242797495534766e-14 -1
    outer loop
      vertex -7.581630000472069 12.399999999527932 -1.7
      vertex -11.239251961506302 6.1532983776506045 -1.6999999999994235
      vertex -11.255473897769493 6.1628920040131625 -1.6999999999994186
    endloop
  endfacet
  facet normal -2.7121583269908704e-13 6.64968763593479e-14 -1
    outer loop
      vertex -7.581630000472069 12.399999999527932 -1.7
      vertex -11.194635868221399 6.118690588226428 -1.6999999999994377
      vertex -11.2087728030754 6.131153972832742 -1.699999999999433
    endloop
  endfacet
  facet normal -2.645405153805734e-13 6.263455001350991e-14 -1
    outer loop
      vertex -7.581630000472069 12.399999999527932 -1.7
      vertex -11.2087728030754 6.131153972832742 -1.699999999999433
      vertex -11.223664424312263 6.142705098312489 -1.6999999999994284
    endloop
  endfacet
  facet normal -2.690428591597454e-13 6.52551218885089e-14 -1
    outer loop
      vertex -7.581630000472069 12.399999999527932 -1.7
      vertex -11.223664424312263 6.142705098312489 -1.6999999999994284
      vertex -11.239251961506302 6.1532983776506045 -1.6999999999994235
    endloop
  endfacet
  facet normal -2.704489877406052e-13 6.610028040941958e-14 -1
    outer loop
      vertex -7.581630000472069 12.399999999527932 -1.7
      vertex -11.255473897769493 6.1628920040131625 -1.6999999999994186
      vertex -11.272266212530479 6.171448115739806 -1.6999999999994135
    endloop
  endfacet
  facet normal -2.63901690871745e-13 6.243243057398808e-14 -1
    outer loop
      vertex -7.581630000472069 12.399999999527932 -1.7
      vertex -11.100000002980233 5.900000094832533 -1.6999999999994773
      vertex -11.100591981471519 5.918837155858794 -1.699999999999476
    endloop
  endfacet
  facet normal -2.7534650895273166e-13 6.86464203591346e-14 -1
    outer loop
      vertex -7.581630000472069 12.399999999527932 -1.7
      vertex -11.100591981471519 5.918837155858794 -1.699999999999476
      vertex -11.10236558960566 5.937599970069297 -1.6999999999994742
    endloop
  endfacet
  facet normal -2.649261243497168e-13 6.289496412293025e-14 -1
    outer loop
      vertex -7.581630000472069 12.399999999527932 -1.7
      vertex -11.15729490168752 6.0763355756877475 -1.6999999999994504
      vertex -11.168846027167264 6.091227196924607 -1.6999999999994464
    endloop
  endfacet
  facet normal -2.6710428496718083e-13 6.414010470593827e-14 -1
    outer loop
      vertex -7.581630000472069 12.399999999527932 -1.7
      vertex -11.121067054233524 6.010437365805403 -1.6999999999994644
      vertex -11.128551884260197 6.027733787469528 -1.6999999999994613
    endloop
  endfacet
  facet normal -2.653299560216823e-13 6.315248021625603e-14 -1
    outer loop
      vertex -7.581630000472069 12.399999999527932 -1.7
      vertex -11.128551884260197 6.027733787469528 -1.6999999999994613
      vertex -11.137107995986842 6.044526102230515 -1.699999999999458
    endloop
  endfacet
  facet normal -2.6440765071375336e-13 6.263650984481124e-14 -1
    outer loop
      vertex -7.581630000472069 12.399999999527932 -1.7
      vertex -11.137107995986842 6.044526102230515 -1.699999999999458
      vertex -11.146701622349399 6.0607480384937045 -1.6999999999994544
    endloop
  endfacet
  facet normal -2.757463176661519e-13 6.901315491750591e-14 -1
    outer loop
      vertex -7.581630000472069 12.399999999527932 -1.7
      vertex -11.146701622349399 6.0607480384937045 -1.6999999999994544
      vertex -11.15729490168752 6.0763355756877475 -1.6999999999994504
    endloop
  endfacet
  facet normal -2.683791768752454e-13 6.485059622341085e-14 -1
    outer loop
      vertex -7.581630000472069 12.399999999527932 -1.7
      vertex -11.10236558960566 5.937599970069297 -1.6999999999994742
      vertex -11.105313824781394 5.956214394375718 -1.6999999999994722
    endloop
  endfacet
  facet normal -2.630371401448151e-13 6.192938661630791e-14 -1
    outer loop
      vertex -7.581630000472069 12.399999999527932 -1.7
      vertex -11.105313824781394 5.956214394375718 -1.6999999999994722
      vertex -11.109425051661411 5.974606966149457 -1.69999999999947
    endloop
  endfacet
  facet normal -2.736120576985314e-13 6.773543484074093e-14 -1
    outer loop
      vertex -7.581630000472069 12.399999999527932 -1.7
      vertex -11.109425051661411 5.974606966149457 -1.69999999999947
      vertex -11.114683045111455 5.9927050983124905 -1.6999999999994673
    endloop
  endfacet
  facet normal -2.698213323383834e-13 6.564518708696416e-14 -1
    outer loop
      vertex -7.581630000472069 12.399999999527932 -1.7
      vertex -11.114683045111455 5.9927050983124905 -1.6999999999994673
      vertex -11.121067054233524 6.010437365805403 -1.6999999999994644
    endloop
  endfacet
  facet normal -2.6628353526120975e-13 6.366679825436334e-14 -1
    outer loop
      vertex -7.581630000472069 12.399999999527932 -1.7
      vertex -11.168846027167264 6.091227196924607 -1.6999999999994464
      vertex -11.181309411773583 6.105364131778612 -1.6999999999994422
    endloop
  endfacet
  facet normal -2.683756030173263e-13 6.48631777411131e-14 -1
    outer loop
      vertex -7.581630000472069 12.399999999527932 -1.7
      vertex -11.181309411773583 6.105364131778612 -1.6999999999994422
      vertex -11.194635868221399 6.118690588226428 -1.6999999999994377
    endloop
  endfacet
  facet normal -6.449555159547246e-14 -3.814256288616366e-14 -1
    outer loop
      vertex -11.100000002980233 5.900000094832533 -1.6999999999994773
      vertex -6.162892004013159 11.255473897769486 -1.7
      vertex -6.1532983776506045 11.239251961506302 -1.7
    endloop
  endfacet
  facet normal -6.095365031788442e-14 -4.142405798025332e-14 -1
    outer loop
      vertex -11.100000002980233 5.900000094832533 -1.6999999999994773
      vertex -6.1532983776506045 11.239251961506302 -1.7
      vertex -6.142705098312485 11.223664424312258 -1.7
    endloop
  endfacet
  facet normal -7.206239741855761e-14 -3.118418401599936e-14 -1
    outer loop
      vertex -11.100000002980233 5.900000094832533 -1.6999999999994773
      vertex -6.1789329457664754 11.289562634194597 -1.7
      vertex -6.171448115739806 11.272266212530479 -1.7
    endloop
  endfacet
  facet normal -6.818453807157091e-14 -3.4741757409488215e-14 -1
    outer loop
      vertex -11.100000002980233 5.900000094832533 -1.6999999999994773
      vertex -6.171448115739806 11.272266212530479 -1.7
      vertex -6.162892004013159 11.255473897769486 -1.7
    endloop
  endfacet
  facet normal -8.059226270095388e-14 -2.3414216759421663e-14 -1
    outer loop
      vertex -11.100000002980233 5.900000094832533 -1.6999999999994773
      vertex -6.19057494833859 11.325393033850544 -1.7
      vertex -6.185316954888546 11.307294901687516 -1.7
    endloop
  endfacet
  facet normal -7.617844657674397e-14 -2.7425928356048836e-14 -1
    outer loop
      vertex -11.100000002980233 5.900000094832533 -1.6999999999994773
      vertex -6.185316954888546 11.307294901687516 -1.7
      vertex -6.1789329457664754 11.289562634194597 -1.7
    endloop
  endfacet
  facet normal -9.062691929876804e-14 -1.4353893891473363e-14 -1
    outer loop
      vertex -11.100000002980233 5.900000094832533 -1.6999999999994773
      vertex -6.197634410394343 11.36240002993071 -1.7
      vertex -6.194686175218607 11.343785605624284 -1.7
    endloop
  endfacet
  facet normal -8.537744214414942e-14 -1.908411936123619e-14 -1
    outer loop
      vertex -11.100000002980233 5.900000094832533 -1.6999999999994773
      vertex -6.194686175218607 11.343785605624284 -1.7
      vertex -6.19057494833859 11.325393033850544 -1.7
    endloop
  endfacet
  facet normal -1.0303745832960868e-13 -3.2380825778964632e-15 -1
    outer loop
      vertex -11.100000002980233 5.900000094832533 -1.6999999999994773
      vertex -6.199999997019768 11.399999905167473 -1.7
      vertex -6.199408018528482 11.381162844141206 -1.7
    endloop
  endfacet
  facet normal -9.646070272419103e-14 -9.11822102254867e-15 -1
    outer loop
      vertex -11.100000002980233 5.900000094832533 -1.6999999999994773
      vertex -6.199408018528482 11.381162844141206 -1.7
      vertex -6.197634410394343 11.36240002993071 -1.7
    endloop
  endfacet
  facet normal -1.1936605331790466e-13 1.1283414136573839e-14 -1
    outer loop
      vertex -11.100000002980233 5.900000094832533 -1.6999999999994773
      vertex -6.197634410394343 11.437599970069291 -1.7
      vertex -6.199408018528482 11.418837155858794 -1.7
    endloop
  endfacet
  facet normal -1.1057237321281212e-13 3.4748418304273693e-15 -1
    outer loop
      vertex -11.100000002980233 5.900000094832533 -1.6999999999994773
      vertex -6.199408018528482 11.418837155858794 -1.7
      vertex -6.199999997019768 11.399999905167473 -1.7
    endloop
  endfacet
  facet normal -3.4087465543051833e-14 -6.690041798083029e-14 -1
    outer loop
      vertex -11.100000002980233 5.900000094832533 -1.6999999999994773
      vertex -6.044526102230515 11.137107995986842 -1.7
      vertex -6.027733787469522 11.128551884260194 -1.7
    endloop
  endfacet
  facet normal -3.0469310895300026e-14 -7.041042310679593e-14 -1
    outer loop
      vertex -11.100000002980233 5.900000094832533 -1.6999999999994773
      vertex -6.027733787469522 11.128551884260194 -1.7
      vertex -6.010437365805403 11.121067054233524 -1.7
    endloop
  endfacet
  facet normal -2.6679397939479668e-14 -7.410487857501644e-14 -1
    outer loop
      vertex -11.100000002980233 5.900000094832533 -1.6999999999994773
      vertex -6.010437365805403 11.121067054233524 -1.7
      vertex -5.992705098312484 11.114683045111454 -1.7
    endloop
  endfacet
  facet normal -2.267023919204288e-14 -7.80314751175122e-14 -1
    outer loop
      vertex -11.100000002980233 5.900000094832533 -1.6999999999994773
      vertex -5.992705098312484 11.114683045111454 -1.7
      vertex -5.974606966149457 11.109425051661411 -1.7
    endloop
  endfacet
  facet normal -1.8384602075409594e-14 -8.224798170278509e-14 -1
    outer loop
      vertex -11.100000002980233 5.900000094832533 -1.6999999999994773
      vertex -5.974606966149457 11.109425051661411 -1.7
      vertex -5.956214394375718 11.105313824781394 -1.7
    endloop
  endfacet
  facet normal -8.682942840751757e-15 -9.185594054604168e-14 -1
    outer loop
      vertex -11.100000002980233 5.900000094832533 -1.6999999999994773
      vertex -5.937599970069291 11.102365589605657 -1.7
      vertex -5.918837155858794 11.100591981471519 -1.7
    endloop
  endfacet
  facet normal -1.3751878720205095e-14 -8.682594509931956e-14 -1
    outer loop
      vertex -11.100000002980233 5.900000094832533 -1.6999999999994773
      vertex -5.956214394375718 11.105313824781394 -1.7
      vertex -5.937599970069291 11.102365589605657 -1.7
    endloop
  endfacet
  facet normal -3.0626540585537563e-15 -9.745523233112421e-14 -1
    outer loop
      vertex -11.100000002980233 5.900000094832533 -1.6999999999994773
      vertex -5.918837155858794 11.100591981471519 -1.7
      vertex -5.900000094832527 11.100000002980233 -1.7
    endloop
  endfacet
  facet normal -5.41698000217355e-14 -4.775710284375088e-14 -1
    outer loop
      vertex -11.100000002980233 5.900000094832533 -1.6999999999994773
      vertex -6.131153972832737 11.208772803075394 -1.7
      vertex -6.118690588226424 11.194635868221393 -1.7
    endloop
  endfacet
  facet normal -5.086568587350956e-14 -5.0865685873518406e-14 -1
    outer loop
      vertex -11.100000002980233 5.900000094832533 -1.6999999999994773
      vertex -6.118690588226424 11.194635868221393 -1.7
      vertex -6.1053641317786065 11.181309411773578 -1.7
    endloop
  endfacet
  facet normal -4.7581974025650225e-14 -5.397115537014982e-14 -1
    outer loop
      vertex -11.100000002980233 5.900000094832533 -1.6999999999994773
      vertex -6.1053641317786065 11.181309411773578 -1.7
      vertex -6.091227196924607 11.168846027167264 -1.7
    endloop
  endfacet
  facet normal -4.429103213371642e-14 -5.709965456452526e-14 -1
    outer loop
      vertex -11.100000002980233 5.900000094832533 -1.6999999999994773
      vertex -6.091227196924607 11.168846027167264 -1.7
      vertex -6.076335575687742 11.157294901687516 -1.7
    endloop
  endfacet
  facet normal -4.0964881839584726e-14 -6.027799314479246e-14 -1
    outer loop
      vertex -11.100000002980233 5.900000094832533 -1.6999999999994773
      vertex -6.076335575687742 11.157294901687516 -1.7
      vertex -6.060748038493699 11.146701622349395 -1.7
    endloop
  endfacet
  facet normal -5.752253232890206e-14 -4.4619049751223636e-14 -1
    outer loop
      vertex -11.100000002980233 5.900000094832533 -1.6999999999994773
      vertex -6.142705098312485 11.223664424312258 -1.7
      vertex -6.131153972832737 11.208772803075394 -1.7
    endloop
  endfacet
  facet normal -3.757424081877442e-14 -6.353457146078272e-14 -1
    outer loop
      vertex -11.100000002980233 5.900000094832533 -1.6999999999994773
      vertex -6.060748038493699 11.146701622349395 -1.7
      vertex -6.044526102230515 11.137107995986842 -1.7
    endloop
  endfacet
  facet normal -3.8655661481461445e-14 -5.949047475073162e-14 -1
    outer loop
      vertex -7.581630000472069 12.399999999527932 -1.7
      vertex -6.185316954888546 11.492705098312484 -1.7
      vertex -11.100000002980233 5.900000094832533 -1.6999999999994773
    endloop
  endfacet
  facet normal -1.4268158988816465e-13 3.189311396187294e-14 -1
    outer loop
      vertex -11.100000002980233 5.900000094832533 -1.6999999999994773
      vertex -6.19057494833859 11.474606966149457 -1.7
      vertex -6.194686175218607 11.456214394375717 -1.7
    endloop
  endfacet
  facet normal -1.2985206761323503e-13 2.056654705390846e-14 -1
    outer loop
      vertex -11.100000002980233 5.900000094832533 -1.6999999999994773
      vertex -6.194686175218607 11.456214394375717 -1.7
      vertex -6.197634410394343 11.437599970069291 -1.7
    endloop
  endfacet
  facet normal -1.5888039741398148e-13 4.615902245700306e-14 -1
    outer loop
      vertex -11.100000002980233 5.900000094832533 -1.6999999999994773
      vertex -6.185316954888546 11.492705098312484 -1.7
      vertex -6.19057494833859 11.474606966149457 -1.7
    endloop
  endfacet
  facet normal 0 0 -1
    outer loop
      vertex -7.581630000472069 12.399999999527932 -1.7
      vertex -6.1789329457664754 11.510437365805403 -1.7
      vertex -6.185316954888546 11.492705098312484 -1.7
    endloop
  endfacet
  facet normal 0 0 -1
    outer loop
      vertex -7.581630000472069 12.399999999527932 -1.7
      vertex -6.171448115739806 11.527733787469522 -1.7
      vertex -6.1789329457664754 11.510437365805403 -1.7
    endloop
  endfacet
  facet normal 0 0 -1
    outer loop
      vertex -7.581630000472069 12.399999999527932 -1.7
      vertex -6.1532983776506045 11.5607480384937 -1.7
      vertex -6.162892004013159 11.544526102230515 -1.7
    endloop
  endfacet
  facet normal 0 0 -1
    outer loop
      vertex -7.581630000472069 12.399999999527932 -1.7
      vertex -6.162892004013159 11.544526102230515 -1.7
      vertex -6.171448115739806 11.527733787469522 -1.7
    endloop
  endfacet
  facet normal 0 0 -1
    outer loop
      vertex -7.581630000472069 12.399999999527932 -1.7
      vertex -6.142705098312485 11.576335575687743 -1.7
      vertex -6.1532983776506045 11.5607480384937 -1.7
    endloop
  endfacet
  facet normal 0 0 -1
    outer loop
      vertex -7.581630000472069 12.399999999527932 -1.7
      vertex -6.118690588226424 11.605364131778607 -1.7
      vertex -6.131153972832737 11.591227196924608 -1.7
    endloop
  endfacet
  facet normal 0 0 -1
    outer loop
      vertex -7.581630000472069 12.399999999527932 -1.7
      vertex -6.131153972832737 11.591227196924608 -1.7
      vertex -6.142705098312485 11.576335575687743 -1.7
    endloop
  endfacet
  facet normal 0 0 -1
    outer loop
      vertex -7.581630000472069 12.399999999527932 -1.7
      vertex -6.105364131778607 11.618690588226423 -1.7
      vertex -6.118690588226424 11.605364131778607 -1.7
    endloop
  endfacet
  facet normal 0 0 -1
    outer loop
      vertex -7.581630000472069 12.399999999527932 -1.7
      vertex -6.091227196924607 11.631153972832736 -1.7
      vertex -6.105364131778607 11.618690588226423 -1.7
    endloop
  endfacet
  facet normal 0 0 -1
    outer loop
      vertex -7.581630000472069 12.399999999527932 -1.7
      vertex -6.060748038493699 11.653298377650605 -1.7
      vertex -6.076335575687742 11.642705098312485 -1.7
    endloop
  endfacet
  facet normal 0 0 -1
    outer loop
      vertex -7.581630000472069 12.399999999527932 -1.7
      vertex -6.076335575687742 11.642705098312485 -1.7
      vertex -6.091227196924607 11.631153972832736 -1.7
    endloop
  endfacet
  facet normal 0 0 -1
    outer loop
      vertex -7.581630000472069 12.399999999527932 -1.7
      vertex -6.027733787469522 11.671448115739807 -1.7
      vertex -6.044526102230515 11.662892004013159 -1.7
    endloop
  endfacet
  facet normal 0 0 -1
    outer loop
      vertex -7.581630000472069 12.399999999527932 -1.7
      vertex -6.044526102230515 11.662892004013159 -1.7
      vertex -6.060748038493699 11.653298377650605 -1.7
    endloop
  endfacet
  facet normal 0 0 -1
    outer loop
      vertex -7.581630000472069 12.399999999527932 -1.7
      vertex -5.992705098312484 11.685316954888547 -1.7
      vertex -6.010437365805403 11.678932945766476 -1.7
    endloop
  endfacet
  facet normal 0 0 -1
    outer loop
      vertex -7.581630000472069 12.399999999527932 -1.7
      vertex -6.010437365805403 11.678932945766476 -1.7
      vertex -6.027733787469522 11.671448115739807 -1.7
    endloop
  endfacet
  facet normal 0 0 -1
    outer loop
      vertex -7.581630000472069 12.399999999527932 -1.7
      vertex -5.956214394375718 11.694686175218607 -1.7
      vertex -5.974606966149457 11.69057494833859 -1.7
    endloop
  endfacet
  facet normal 0 0 -1
    outer loop
      vertex -7.581630000472069 12.399999999527932 -1.7
      vertex -5.974606966149457 11.69057494833859 -1.7
      vertex -5.992705098312484 11.685316954888547 -1.7
    endloop
  endfacet
  facet normal 0 0 -1
    outer loop
      vertex -7.581630000472069 12.399999999527932 -1.7
      vertex -5.918837155858794 11.699408018528482 -1.7
      vertex -5.937599970069291 11.697634410394343 -1.7
    endloop
  endfacet
  facet normal 0 0 -1
    outer loop
      vertex -7.581630000472069 12.399999999527932 -1.7
      vertex -5.937599970069291 11.697634410394343 -1.7
      vertex -5.956214394375718 11.694686175218607 -1.7
    endloop
  endfacet
  facet normal 0 0 -1
    outer loop
      vertex -7.581630000472069 12.399999999527932 -1.7
      vertex -5.900000094832527 11.699999997019768 -1.7
      vertex -5.918837155858794 11.699408018528482 -1.7
    endloop
  endfacet
  facet normal -1 0 0
    outer loop
      vertex -12.399999999527932 5.5 -1.485000000708103
      vertex -12.399999999527932 7.581630000472069 1.2900000000000003
      vertex -12.399999999527932 7.581630000472069 -1.6999999999990203
    endloop
  endfacet
  facet normal -0.7071067811865476 0.7071067811865476 0
    outer loop
      vertex -12.399999999527932 7.581630000472069 -1.6999999999990203
      vertex -12.399999999527932 7.581630000472069 1.2900000000000003
      vertex -7.581630000472069 12.399999999527932 -1.7
    endloop
  endfacet
  facet normal -2.5412021512084296e-14 4.42960162366201e-14 -1
    outer loop
      vertex 12.399999999527932 7.581630000472069 -1.7
      vertex -11.100000002980233 -5.900000094832527 -1.7
      vertex -11.100000002980233 5.900000094832533 -1.6999999999994773
    endloop
  endfacet
  facet normal 4.429601623662009e-14 -1.448139026262976e-13 -1
    outer loop
      vertex -11.100000002980233 5.900000094832533 -1.6999999999994773
      vertex -5.900000094832527 11.100000002980233 -1.7
      vertex 5.900000094832533 11.100000002980233 -1.6999999999994773
    endloop
  endfacet
  facet normal 0 1 0
    outer loop
      vertex -7.581630000472069 12.399999999527932 -1.7
      vertex -5.5 12.399999999527932 -1.5
      vertex -5.5 12.399999999527932 -1.51
    endloop
  endfacet
  facet normal 0 1 0
    outer loop
      vertex -7.581630000472069 12.399999999527932 -1.7
      vertex -5.5 12.399999999527932 -1.485000000708103
      vertex -5.5 12.399999999527932 -1.5
    endloop
  endfacet
  facet normal 0 1 0
    outer loop
      vertex -7.581630000472069 12.399999999527932 -1.7
      vertex -5.5 12.399999999527932 0.28500000070810305
      vertex -5.5 12.399999999527932 -1.485000000708103
    endloop
  endfacet
  facet normal 0 1 0
    outer loop
      vertex -7.581630000472069 12.399999999527932 -1.7
      vertex -5.5 12.399999999527932 -1.51
      vertex 5.5 12.399999999527932 -1.51
    endloop
  endfacet
  facet normal 6.460753141924887e-14 1.5520850939266698e-13 -1
    outer loop
      vertex -7.581630000472069 12.399999999527932 -1.7
      vertex 7.581630000472069 12.399999999527932 -1.6999999999990203
      vertex -5.900000094832527 11.699999997019768 -1.7
    endloop
  endfacet
  facet normal 0 1 0
    outer loop
      vertex -5.5 12.399999999527932 -1.5
      vertex -5.5 12.399999999527932 -1.485000000708103
      vertex 5.5 12.399999999527932 -1.5
    endloop
  endfacet
  facet normal 0 1 0
    outer loop
      vertex -7.581630000472069 12.399999999527932 -1.7
      vertex -6 12.399999999527932 0.5000000000000002
      vertex -5.5 12.399999999527932 0.28500000070810305
    endloop
  endfacet
  facet normal -1 0 0
    outer loop
      vertex -12.399999999527932 -5.5 0.28500000070810305
      vertex -12.399999999527932 6 0.5000000000000002
      vertex -12.399999999527932 5.5 0.28500000070810305
    endloop
  endfacet
  facet normal -1 0 0
    outer loop
      vertex -12.399999999527932 5.5 -1.485000000708103
      vertex -12.399999999527932 6 0.5000000000000002
      vertex -12.399999999527932 7.581630000472069 1.2900000000000003
    endloop
  endfacet
  facet normal -1 0 0
    outer loop
      vertex -12.399999999527932 7.581630000472069 1.2900000000000003
      vertex -12.399999999527932 6 0.9000000000000001
      vertex -12.399999999527932 -6 0.9000000000000001
    endloop
  endfacet
  facet normal -0.7071067811865476 0.7071067811865476 0
    outer loop
      vertex -7.581630000472069 12.399999999527932 -1.7
      vertex -12.399999999527932 7.581630000472069 1.2900000000000003
      vertex -7.581630000472069 12.399999999527932 1.2900000000000003
    endloop
  endfacet
  facet normal 0 1 0
    outer loop
      vertex -7.581630000472069 12.399999999527932 -1.7
      vertex -7.581630000472069 12.399999999527932 1.2900000000000003
      vertex -6 12.399999999527932 0.5000000000000002
    endloop
  endfacet
  facet normal -1 0 0
    outer loop
      vertex -12.399999999527932 7.581630000472069 1.2900000000000003
      vertex -12.399999999527932 6 0.5000000000000002
      vertex -12.399999999527932 6 0.9000000000000001
    endloop
  endfacet
  facet normal 0 1 0
    outer loop
      vertex -7.581630000472069 12.399999999527932 1.2900000000000003
      vertex -6 12.399999999527932 0.9000000000000001
      vertex -6 12.399999999527932 0.5000000000000002
    endloop
  endfacet
  facet normal 0 1 0
    outer loop
      vertex -5.5 12.399999999527932 0.28500000070810305
      vertex -6 12.399999999527932 0.5000000000000002
      vertex 6 12.399999999527932 0.5000000000000002
    endloop
  endfacet
  facet normal 0 1 0
    outer loop
      vertex -7.581630000472069 12.399999999527932 1.2900000000000003
      vertex 7.581630000472069 12.399999999527932 1.2900000000000003
      vertex -6 12.399999999527932 0.9000000000000001
    endloop
  endfacet
  facet normal -6.460753141924887e-14 -1.552085093926672e-13 -1
    outer loop
      vertex -7.581630000472069 -12.399999999527932 -1.6999999999990203
      vertex 5.900000094832527 -11.699999997019768 -1.7
      vertex 7.581630000472069 -12.399999999527932 -1.7
    endloop
  endfacet
  facet normal 0 -1 0
    outer loop
      vertex -5.5 -12.399999999527932 -1.5
      vertex 5.5 -12.399999999527932 -1.5
      vertex 5.5 -12.399999999527932 -1.485000000708103
    endloop
  endfacet
  facet normal 0 -1 0
    outer loop
      vertex -5.5 -12.399999999527932 -1.51
      vertex 7.581630000472069 -12.399999999527932 -1.7
      vertex 5.5 -12.399999999527932 -1.51
    endloop
  endfacet
  facet normal 0 -1 0
    outer loop
      vertex 5.5 -12.399999999527932 -1.51
      vertex 7.581630000472069 -12.399999999527932 -1.7
      vertex 5.5 -12.399999999527932 -1.5
    endloop
  endfacet
  facet normal 0 -1 0
    outer loop
      vertex 5.5 -12.399999999527932 -1.5
      vertex 7.581630000472069 -12.399999999527932 -1.7
      vertex 5.5 -12.399999999527932 -1.485000000708103
    endloop
  endfacet
  facet normal 0 -1 0
    outer loop
      vertex 5.5 -12.399999999527932 -1.485000000708103
      vertex 7.581630000472069 -12.399999999527932 -1.7
      vertex 5.5 -12.399999999527932 0.28500000070810305
    endloop
  endfacet
  facet normal -4.42960162366201e-14 1.4481390262629763e-13 -1
    outer loop
      vertex -5.900000094832533 -11.100000002980233 -1.6999999999994773
      vertex 11.100000002980233 -5.900000094832533 -1.6999999999994773
      vertex 5.900000094832527 -11.100000002980233 -1.7
    endloop
  endfacet
  facet normal 0 -1 0
    outer loop
      vertex 7.581630000472069 -12.399999999527932 -1.7
      vertex 6 -12.399999999527932 0.5000000000000002
      vertex 5.5 -12.399999999527932 0.28500000070810305
    endloop
  endfacet
  facet normal 2.5412021512084296e-14 -4.42960162366201e-14 -1
    outer loop
      vertex -12.399999999527932 -7.581630000472069 -1.7
      vertex 11.100000002980233 5.900000094832527 -1.7
      vertex 11.100000002980233 -5.900000094832533 -1.6999999999994773
    endloop
  endfacet
  facet normal 0 0 -1
    outer loop
      vertex 7.581630000472069 -12.399999999527932 -1.7
      vertex 5.900000094832527 -11.699999997019768 -1.7
      vertex 5.918837155858794 -11.699408018528482 -1.7
    endloop
  endfacet
  facet normal 0 0 -1
    outer loop
      vertex 7.581630000472069 -12.399999999527932 -1.7
      vertex 5.918837155858794 -11.699408018528482 -1.7
      vertex 5.937599970069291 -11.697634410394343 -1.7
    endloop
  endfacet
  facet normal 0 0 -1
    outer loop
      vertex 7.581630000472069 -12.399999999527932 -1.7
      vertex 5.937599970069291 -11.697634410394343 -1.7
      vertex 5.956214394375718 -11.694686175218607 -1.7
    endloop
  endfacet
  facet normal 0 0 -1
    outer loop
      vertex 7.581630000472069 -12.399999999527932 -1.7
      vertex 5.956214394375718 -11.694686175218607 -1.7
      vertex 5.974606966149457 -11.69057494833859 -1.7
    endloop
  endfacet
  facet normal 0 0 -1
    outer loop
      vertex 7.581630000472069 -12.399999999527932 -1.7
      vertex 5.974606966149457 -11.69057494833859 -1.7
      vertex 5.992705098312484 -11.685316954888547 -1.7
    endloop
  endfacet
  facet normal 0 0 -1
    outer loop
      vertex 7.581630000472069 -12.399999999527932 -1.7
      vertex 5.992705098312484 -11.685316954888547 -1.7
      vertex 6.010437365805403 -11.678932945766476 -1.7
    endloop
  endfacet
  facet normal 0 0 -1
    outer loop
      vertex 7.581630000472069 -12.399999999527932 -1.7
      vertex 6.010437365805403 -11.678932945766476 -1.7
      vertex 6.027733787469522 -11.671448115739807 -1.7
    endloop
  endfacet
  facet normal 0 0 -1
    outer loop
      vertex 7.581630000472069 -12.399999999527932 -1.7
      vertex 6.027733787469522 -11.671448115739807 -1.7
      vertex 6.044526102230515 -11.662892004013159 -1.7
    endloop
  endfacet
  facet normal 0 0 -1
    outer loop
      vertex 7.581630000472069 -12.399999999527932 -1.7
      vertex 6.044526102230515 -11.662892004013159 -1.7
      vertex 6.060748038493699 -11.653298377650605 -1.7
    endloop
  endfacet
  facet normal 0 0 -1
    outer loop
      vertex 7.581630000472069 -12.399999999527932 -1.7
      vertex 6.060748038493699 -11.653298377650605 -1.7
      vertex 6.076335575687742 -11.642705098312485 -1.7
    endloop
  endfacet
  facet normal 0 0 -1
    outer loop
      vertex 7.581630000472069 -12.399999999527932 -1.7
      vertex 6.076335575687742 -11.642705098312485 -1.7
      vertex 6.091227196924607 -11.631153972832736 -1.7
    endloop
  endfacet
  facet normal 0 0 -1
    outer loop
      vertex 7.581630000472069 -12.399999999527932 -1.7
      vertex 6.091227196924607 -11.631153972832736 -1.7
      vertex 6.105364131778607 -11.618690588226423 -1.7
    endloop
  endfacet
  facet normal 0 0 -1
    outer loop
      vertex 7.581630000472069 -12.399999999527932 -1.7
      vertex 6.105364131778607 -11.618690588226423 -1.7
      vertex 6.118690588226424 -11.605364131778607 -1.7
    endloop
  endfacet
  facet normal 0 0 -1
    outer loop
      vertex 7.581630000472069 -12.399999999527932 -1.7
      vertex 6.118690588226424 -11.605364131778607 -1.7
      vertex 6.131153972832737 -11.591227196924608 -1.7
    endloop
  endfacet
  facet normal 0 0 -1
    outer loop
      vertex 7.581630000472069 -12.399999999527932 -1.7
      vertex 6.131153972832737 -11.591227196924608 -1.7
      vertex 6.142705098312485 -11.576335575687743 -1.7
    endloop
  endfacet
  facet normal 0 0 -1
    outer loop
      vertex 7.581630000472069 -12.399999999527932 -1.7
      vertex 6.142705098312485 -11.576335575687743 -1.7
      vertex 6.1532983776506045 -11.5607480384937 -1.7
    endloop
  endfacet
  facet normal 0 0 -1
    outer loop
      vertex 7.581630000472069 -12.399999999527932 -1.7
      vertex 6.1532983776506045 -11.5607480384937 -1.7
      vertex 6.162892004013159 -11.544526102230515 -1.7
    endloop
  endfacet
  facet normal 0 0 -1
    outer loop
      vertex 7.581630000472069 -12.399999999527932 -1.7
      vertex 6.162892004013159 -11.544526102230515 -1.7
      vertex 6.171448115739806 -11.527733787469522 -1.7
    endloop
  endfacet
  facet normal 0 0 -1
    outer loop
      vertex 7.581630000472069 -12.399999999527932 -1.7
      vertex 6.171448115739806 -11.527733787469522 -1.7
      vertex 6.1789329457664754 -11.510437365805403 -1.7
    endloop
  endfacet
  facet normal 0 0 -1
    outer loop
      vertex 7.581630000472069 -12.399999999527932 -1.7
      vertex 6.1789329457664754 -11.510437365805403 -1.7
      vertex 6.185316954888546 -11.492705098312484 -1.7
    endloop
  endfacet
  facet normal 1.5888039741398148e-13 -4.615902245700306e-14 -1
    outer loop
      vertex 11.100000002980233 -5.900000094832533 -1.6999999999994773
      vertex 6.185316954888546 -11.492705098312484 -1.7
      vertex 6.19057494833859 -11.474606966149457 -1.7
    endloop
  endfacet
  facet normal 1.4268158988816465e-13 -3.189311396187294e-14 -1
    outer loop
      vertex 11.100000002980233 -5.900000094832533 -1.6999999999994773
      vertex 6.19057494833859 -11.474606966149457 -1.7
      vertex 6.194686175218607 -11.456214394375717 -1.7
    endloop
  endfacet
  facet normal 1.2985206761323503e-13 -2.056654705390846e-14 -1
    outer loop
      vertex 11.100000002980233 -5.900000094832533 -1.6999999999994773
      vertex 6.194686175218607 -11.456214394375717 -1.7
      vertex 6.197634410394343 -11.437599970069291 -1.7
    endloop
  endfacet
  facet normal 3.8655661481461445e-14 5.949047475073162e-14 -1
    outer loop
      vertex 7.581630000472069 -12.399999999527932 -1.7
      vertex 6.185316954888546 -11.492705098312484 -1.7
      vertex 11.100000002980233 -5.900000094832533 -1.6999999999994773
    endloop
  endfacet
  facet normal 3.757424081877442e-14 6.353457146078272e-14 -1
    outer loop
      vertex 11.100000002980233 -5.900000094832533 -1.6999999999994773
      vertex 6.060748038493699 -11.146701622349395 -1.7
      vertex 6.044526102230515 -11.137107995986842 -1.7
    endloop
  endfacet
  facet normal 5.752253232890206e-14 4.4619049751223636e-14 -1
    outer loop
      vertex 11.100000002980233 -5.900000094832533 -1.6999999999994773
      vertex 6.142705098312485 -11.223664424312258 -1.7
      vertex 6.131153972832737 -11.208772803075394 -1.7
    endloop
  endfacet
  facet normal 4.7581974025650225e-14 5.397115537014982e-14 -1
    outer loop
      vertex 11.100000002980233 -5.900000094832533 -1.6999999999994773
      vertex 6.1053641317786065 -11.181309411773578 -1.7
      vertex 6.091227196924607 -11.168846027167264 -1.7
    endloop
  endfacet
  facet normal 4.429103213371642e-14 5.709965456452526e-14 -1
    outer loop
      vertex 11.100000002980233 -5.900000094832533 -1.6999999999994773
      vertex 6.091227196924607 -11.168846027167264 -1.7
      vertex 6.076335575687742 -11.157294901687516 -1.7
    endloop
  endfacet
  facet normal 4.0964881839584726e-14 6.027799314479246e-14 -1
    outer loop
      vertex 11.100000002980233 -5.900000094832533 -1.6999999999994773
      vertex 6.076335575687742 -11.157294901687516 -1.7
      vertex 6.060748038493699 -11.146701622349395 -1.7
    endloop
  endfacet
  facet normal 5.41698000217355e-14 4.775710284375088e-14 -1
    outer loop
      vertex 11.100000002980233 -5.900000094832533 -1.6999999999994773
      vertex 6.131153972832737 -11.208772803075394 -1.7
      vertex 6.118690588226424 -11.194635868221393 -1.7
    endloop
  endfacet
  facet normal 5.086568587350956e-14 5.0865685873518406e-14 -1
    outer loop
      vertex 11.100000002980233 -5.900000094832533 -1.6999999999994773
      vertex 6.118690588226424 -11.194635868221393 -1.7
      vertex 6.1053641317786065 -11.181309411773578 -1.7
    endloop
  endfacet
  facet normal 3.0626540585537563e-15 9.745523233112421e-14 -1
    outer loop
      vertex 11.100000002980233 -5.900000094832533 -1.6999999999994773
      vertex 5.918837155858794 -11.100591981471519 -1.7
      vertex 5.900000094832527 -11.100000002980233 -1.7
    endloop
  endfacet
  facet normal 1.3751878720205095e-14 8.682594509931956e-14 -1
    outer loop
      vertex 11.100000002980233 -5.900000094832533 -1.6999999999994773
      vertex 5.956214394375718 -11.105313824781394 -1.7
      vertex 5.937599970069291 -11.102365589605657 -1.7
    endloop
  endfacet
  facet normal 8.682942840751757e-15 9.185594054604168e-14 -1
    outer loop
      vertex 11.100000002980233 -5.900000094832533 -1.6999999999994773
      vertex 5.937599970069291 -11.102365589605657 -1.7
      vertex 5.918837155858794 -11.100591981471519 -1.7
    endloop
  endfacet
  facet normal 2.267023919204288e-14 7.80314751175122e-14 -1
    outer loop
      vertex 11.100000002980233 -5.900000094832533 -1.6999999999994773
      vertex 5.992705098312484 -11.114683045111454 -1.7
      vertex 5.974606966149457 -11.109425051661411 -1.7
    endloop
  endfacet
  facet normal 1.8384602075409594e-14 8.224798170278509e-14 -1
    outer loop
      vertex 11.100000002980233 -5.900000094832533 -1.6999999999994773
      vertex 5.974606966149457 -11.109425051661411 -1.7
      vertex 5.956214394375718 -11.105313824781394 -1.7
    endloop
  endfacet
  facet normal 3.0469310895300026e-14 7.041042310679593e-14 -1
    outer loop
      vertex 11.100000002980233 -5.900000094832533 -1.6999999999994773
      vertex 6.027733787469522 -11.128551884260194 -1.7
      vertex 6.010437365805403 -11.121067054233524 -1.7
    endloop
  endfacet
  facet normal 2.6679397939479668e-14 7.410487857501644e-14 -1
    outer loop
      vertex 11.100000002980233 -5.900000094832533 -1.6999999999994773
      vertex 6.010437365805403 -11.121067054233524 -1.7
      vertex 5.992705098312484 -11.114683045111454 -1.7
    endloop
  endfacet
  facet normal 3.4087465543051833e-14 6.690041798083029e-14 -1
    outer loop
      vertex 11.100000002980233 -5.900000094832533 -1.6999999999994773
      vertex 6.044526102230515 -11.137107995986842 -1.7
      vertex 6.027733787469522 -11.128551884260194 -1.7
    endloop
  endfacet
  facet normal 1.1936605331790466e-13 -1.1283414136573839e-14 -1
    outer loop
      vertex 11.100000002980233 -5.900000094832533 -1.6999999999994773
      vertex 6.197634410394343 -11.437599970069291 -1.7
      vertex 6.199408018528482 -11.418837155858794 -1.7
    endloop
  endfacet
  facet normal 1.1057237321281212e-13 -3.4748418304273693e-15 -1
    outer loop
      vertex 11.100000002980233 -5.900000094832533 -1.6999999999994773
      vertex 6.199408018528482 -11.418837155858794 -1.7
      vertex 6.199999997019768 -11.399999905167473 -1.7
    endloop
  endfacet
  facet normal 1.0303745832960868e-13 3.2380825778964632e-15 -1
    outer loop
      vertex 11.100000002980233 -5.900000094832533 -1.6999999999994773
      vertex 6.199999997019768 -11.399999905167473 -1.7
      vertex 6.199408018528482 -11.381162844141206 -1.7
    endloop
  endfacet
  facet normal 9.646070272419103e-14 9.11822102254867e-15 -1
    outer loop
      vertex 11.100000002980233 -5.900000094832533 -1.6999999999994773
      vertex 6.199408018528482 -11.381162844141206 -1.7
      vertex 6.197634410394343 -11.36240002993071 -1.7
    endloop
  endfacet
  facet normal 9.062691929876804e-14 1.4353893891473363e-14 -1
    outer loop
      vertex 11.100000002980233 -5.900000094832533 -1.6999999999994773
      vertex 6.197634410394343 -11.36240002993071 -1.7
      vertex 6.194686175218607 -11.343785605624284 -1.7
    endloop
  endfacet
  facet normal 8.537744214414942e-14 1.908411936123619e-14 -1
    outer loop
      vertex 11.100000002980233 -5.900000094832533 -1.6999999999994773
      vertex 6.194686175218607 -11.343785605624284 -1.7
      vertex 6.19057494833859 -11.325393033850544 -1.7
    endloop
  endfacet
  facet normal 8.059226270095388e-14 2.3414216759421663e-14 -1
    outer loop
      vertex 11.100000002980233 -5.900000094832533 -1.6999999999994773
      vertex 6.19057494833859 -11.325393033850544 -1.7
      vertex 6.185316954888546 -11.307294901687516 -1.7
    endloop
  endfacet
  facet normal 7.617844657674397e-14 2.7425928356048836e-14 -1
    outer loop
      vertex 11.100000002980233 -5.900000094832533 -1.6999999999994773
      vertex 6.185316954888546 -11.307294901687516 -1.7
      vertex 6.1789329457664754 -11.289562634194597 -1.7
    endloop
  endfacet
  facet normal 7.206239741855761e-14 3.118418401599936e-14 -1
    outer loop
      vertex 11.100000002980233 -5.900000094832533 -1.6999999999994773
      vertex 6.1789329457664754 -11.289562634194597 -1.7
      vertex 6.171448115739806 -11.272266212530479 -1.7
    endloop
  endfacet
  facet normal 6.818453807157091e-14 3.4741757409488215e-14 -1
    outer loop
      vertex 11.100000002980233 -5.900000094832533 -1.6999999999994773
      vertex 6.171448115739806 -11.272266212530479 -1.7
      vertex 6.162892004013159 -11.255473897769486 -1.7
    endloop
  endfacet
  facet normal 6.449555159547246e-14 3.814256288616366e-14 -1
    outer loop
      vertex 11.100000002980233 -5.900000094832533 -1.6999999999994773
      vertex 6.162892004013159 -11.255473897769486 -1.7
      vertex 6.1532983776506045 -11.239251961506302 -1.7
    endloop
  endfacet
  facet normal 6.095365031788442e-14 4.142405798025332e-14 -1
    outer loop
      vertex 11.100000002980233 -5.900000094832533 -1.6999999999994773
      vertex 6.1532983776506045 -11.239251961506302 -1.7
      vertex 6.142705098312485 -11.223664424312258 -1.7
    endloop
  endfacet
  facet normal 2.6628353526120975e-13 -6.366679825436334e-14 -1
    outer loop
      vertex 7.581630000472069 -12.399999999527932 -1.7
      vertex 11.168846027167264 -6.091227196924607 -1.6999999999994464
      vertex 11.181309411773583 -6.105364131778612 -1.6999999999994422
    endloop
  endfacet
  facet normal 2.683756030173263e-13 -6.48631777411131e-14 -1
    outer loop
      vertex 7.581630000472069 -12.399999999527932 -1.7
      vertex 11.181309411773583 -6.105364131778612 -1.6999999999994422
      vertex 11.194635868221399 -6.118690588226428 -1.6999999999994377
    endloop
  endfacet
  facet normal 2.736120576985314e-13 -6.773543484074093e-14 -1
    outer loop
      vertex 7.581630000472069 -12.399999999527932 -1.7
      vertex 11.109425051661411 -5.974606966149457 -1.69999999999947
      vertex 11.114683045111455 -5.9927050983124905 -1.6999999999994673
    endloop
  endfacet
  facet normal 2.698213323383834e-13 -6.564518708696416e-14 -1
    outer loop
      vertex 7.581630000472069 -12.399999999527932 -1.7
      vertex 11.114683045111455 -5.9927050983124905 -1.6999999999994673
      vertex 11.121067054233524 -6.010437365805403 -1.6999999999994644
    endloop
  endfacet
  facet normal 2.683791768752454e-13 -6.485059622341085e-14 -1
    outer loop
      vertex 7.581630000472069 -12.399999999527932 -1.7
      vertex 11.10236558960566 -5.937599970069297 -1.6999999999994742
      vertex 11.105313824781394 -5.956214394375718 -1.6999999999994722
    endloop
  endfacet
  facet normal 2.630371401448151e-13 -6.192938661630791e-14 -1
    outer loop
      vertex 7.581630000472069 -12.399999999527932 -1.7
      vertex 11.105313824781394 -5.956214394375718 -1.6999999999994722
      vertex 11.109425051661411 -5.974606966149457 -1.69999999999947
    endloop
  endfacet
  facet normal 2.757463176661519e-13 -6.901315491750591e-14 -1
    outer loop
      vertex 7.581630000472069 -12.399999999527932 -1.7
      vertex 11.146701622349399 -6.0607480384937045 -1.6999999999994544
      vertex 11.15729490168752 -6.0763355756877475 -1.6999999999994504
    endloop
  endfacet
  facet normal 2.6710428496718083e-13 -6.414010470593827e-14 -1
    outer loop
      vertex 7.581630000472069 -12.399999999527932 -1.7
      vertex 11.121067054233524 -6.010437365805403 -1.6999999999994644
      vertex 11.128551884260197 -6.027733787469528 -1.6999999999994613
    endloop
  endfacet
  facet normal 2.653299560216823e-13 -6.315248021625603e-14 -1
    outer loop
      vertex 7.581630000472069 -12.399999999527932 -1.7
      vertex 11.128551884260197 -6.027733787469528 -1.6999999999994613
      vertex 11.137107995986842 -6.044526102230515 -1.699999999999458
    endloop
  endfacet
  facet normal 2.6440765071375336e-13 -6.263650984481124e-14 -1
    outer loop
      vertex 7.581630000472069 -12.399999999527932 -1.7
      vertex 11.137107995986842 -6.044526102230515 -1.699999999999458
      vertex 11.146701622349399 -6.0607480384937045 -1.6999999999994544
    endloop
  endfacet
  facet normal 2.649261243497168e-13 -6.289496412293025e-14 -1
    outer loop
      vertex 7.581630000472069 -12.399999999527932 -1.7
      vertex 11.15729490168752 -6.0763355756877475 -1.6999999999994504
      vertex 11.168846027167264 -6.091227196924607 -1.6999999999994464
    endloop
  endfacet
  facet normal 2.63901690871745e-13 -6.243243057398808e-14 -1
    outer loop
      vertex 7.581630000472069 -12.399999999527932 -1.7
      vertex 11.100000002980233 -5.900000094832533 -1.6999999999994773
      vertex 11.100591981471519 -5.918837155858794 -1.699999999999476
    endloop
  endfacet
  facet normal 2.7534650895273166e-13 -6.86464203591346e-14 -1
    outer loop
      vertex 7.581630000472069 -12.399999999527932 -1.7
      vertex 11.100591981471519 -5.918837155858794 -1.699999999999476
      vertex 11.10236558960566 -5.937599970069297 -1.6999999999994742
    endloop
  endfacet
  facet normal 2.704489877406052e-13 -6.610028040941958e-14 -1
    outer loop
      vertex 7.581630000472069 -12.399999999527932 -1.7
      vertex 11.255473897769493 -6.1628920040131625 -1.6999999999994186
      vertex 11.272266212530479 -6.171448115739806 -1.6999999999994135
    endloop
  endfacet
  facet normal 2.645405153805734e-13 -6.263455001350991e-14 -1
    outer loop
      vertex 7.581630000472069 -12.399999999527932 -1.7
      vertex 11.2087728030754 -6.131153972832742 -1.699999999999433
      vertex 11.223664424312263 -6.142705098312489 -1.6999999999994284
    endloop
  endfacet
  facet normal 2.690428591597454e-13 -6.52551218885089e-14 -1
    outer loop
      vertex 7.581630000472069 -12.399999999527932 -1.7
      vertex 11.223664424312263 -6.142705098312489 -1.6999999999994284
      vertex 11.239251961506302 -6.1532983776506045 -1.6999999999994235
    endloop
  endfacet
  facet normal 2.7121583269908704e-13 -6.64968763593479e-14 -1
    outer loop
      vertex 7.581630000472069 -12.399999999527932 -1.7
      vertex 11.194635868221399 -6.118690588226428 -1.6999999999994377
      vertex 11.2087728030754 -6.131153972832742 -1.699999999999433
    endloop
  endfacet
  facet normal 2.642144915698748e-13 -6.242797495534766e-14 -1
    outer loop
      vertex 7.581630000472069 -12.399999999527932 -1.7
      vertex 11.239251961506302 -6.1532983776506045 -1.6999999999994235
      vertex 11.255473897769493 -6.1628920040131625 -1.6999999999994186
    endloop
  endfacet
  facet normal 2.6743385574201554e-13 -6.431370857928242e-14 -1
    outer loop
      vertex 7.581630000472069 -12.399999999527932 -1.7
      vertex 11.272266212530479 -6.171448115739806 -1.6999999999994135
      vertex 11.289562634194597 -6.1789329457664754 -1.6999999999994084
    endloop
  endfacet
  facet normal 2.653090760843497e-13 -6.304727956251476e-14 -1
    outer loop
      vertex 7.581630000472069 -12.399999999527932 -1.7
      vertex 11.289562634194597 -6.1789329457664754 -1.6999999999994084
      vertex 11.307294901687516 -6.185316954888546 -1.6999999999994033
    endloop
  endfacet
  facet normal 2.6794596108515126e-13 -6.462807617361523e-14 -1
    outer loop
      vertex 7.581630000472069 -12.399999999527932 -1.7
      vertex 11.307294901687516 -6.185316954888546 -1.6999999999994033
      vertex 12.399999999527932 -7.581630000472069 -1.6999999999990203
    endloop
  endfacet
  facet normal 2.7795318193768937e-13 -5.6796779835469775e-14 -1
    outer loop
      vertex 12.399999999527932 -7.581630000472069 -1.6999999999990203
      vertex 11.307294901687516 -6.185316954888546 -1.6999999999994033
      vertex 11.325393033850544 -6.19057494833859 -1.699999999999398
    endloop
  endfacet
  facet normal 2.622629226356842e-13 -6.891769619558137e-14 -1
    outer loop
      vertex 12.399999999527932 -7.581630000472069 -1.6999999999990203
      vertex 11.325393033850544 -6.19057494833859 -1.699999999999398
      vertex 11.343785605624284 -6.194686175218607 -1.6999999999993929
    endloop
  endfacet
  facet normal 2.636048931957174e-13 -6.789573078076079e-14 -1
    outer loop
      vertex 12.399999999527932 -7.581630000472069 -1.6999999999990203
      vertex 11.343785605624284 -6.194686175218607 -1.6999999999993929
      vertex 11.362400029931859 -6.197634410394452 -1.6999999999993878
    endloop
  endfacet
  facet normal 2.6593585089667267e-13 -6.614818067512858e-14 -1
    outer loop
      vertex 12.399999999527932 -7.581630000472069 -1.6999999999990203
      vertex 11.362400029931859 -6.197634410394452 -1.6999999999993878
      vertex 11.381162844141206 -6.199408018528482 -1.6999999999993827
    endloop
  endfacet
  facet normal 2.6911060615303337e-13 -6.380806551512174e-14 -1
    outer loop
      vertex 12.399999999527932 -7.581630000472069 -1.6999999999990203
      vertex 11.381162844141206 -6.199408018528482 -1.6999999999993827
      vertex 11.399999905167473 -6.199999997019768 -1.6999999999993776
    endloop
  endfacet
  facet normal 2.7302922352729994e-13 -6.097183748428788e-14 -1
    outer loop
      vertex 12.399999999527932 -7.581630000472069 -1.6999999999990203
      vertex 11.399999905167473 -6.199999997019768 -1.6999999999993776
      vertex 11.418837155858794 -6.199408018528482 -1.6999999999993725
    endloop
  endfacet
  facet normal 2.6655252626947546e-13 -6.556928621689878e-14 -1
    outer loop
      vertex 12.399999999527932 -7.581630000472069 -1.6999999999990203
      vertex 11.418837155858794 -6.199408018528482 -1.6999999999993725
      vertex 11.437599970069298 -6.197634410394342 -1.6999999999993676
    endloop
  endfacet
  facet normal 2.721937375429712e-13 -6.164651223212943e-14 -1
    outer loop
      vertex 12.399999999527932 -7.581630000472069 -1.6999999999990203
      vertex 11.437599970069298 -6.197634410394342 -1.6999999999993676
      vertex 11.456214394375717 -6.194686175218607 -1.6999999999993627
    endloop
  endfacet
  facet normal 2.6794821536252794e-13 -6.453549926051401e-14 -1
    outer loop
      vertex 12.399999999527932 -7.581630000472069 -1.6999999999990203
      vertex 11.456214394375717 -6.194686175218607 -1.6999999999993627
      vertex 11.474606966149457 -6.19057494833859 -1.699999999999358
    endloop
  endfacet
  facet normal 2.647465613108552e-13 -6.666538502611514e-14 -1
    outer loop
      vertex 12.399999999527932 -7.581630000472069 -1.6999999999990203
      vertex 11.474606966149457 -6.19057494833859 -1.699999999999358
      vertex 11.492705098312491 -6.185316954888544 -1.6999999999993536
    endloop
  endfacet
  facet normal 2.624560739372693e-13 -6.815369563233999e-14 -1
    outer loop
      vertex 12.399999999527932 -7.581630000472069 -1.6999999999990203
      vertex 11.492705098312491 -6.185316954888544 -1.6999999999993536
      vertex 11.510437365805403 -6.1789329457664754 -1.6999999999993494
    endloop
  endfacet
  facet normal 2.7104900997422826e-13 -6.270422613583981e-14 -1
    outer loop
      vertex 12.399999999527932 -7.581630000472069 -1.6999999999990203
      vertex 11.510437365805403 -6.1789329457664754 -1.6999999999993494
      vertex 11.527733787469522 -6.171448115739806 -1.6999999999993451
    endloop
  endfacet
  facet normal 2.702234135727851e-13 -6.321489774038327e-14 -1
    outer loop
      vertex 12.399999999527932 -7.581630000472069 -1.6999999999990203
      vertex 11.527733787469522 -6.171448115739806 -1.6999999999993451
      vertex 11.544526102230522 -6.1628920040131545 -1.6999999999993411
    endloop
  endfacet
  facet normal 2.7011760051791865e-13 -6.327870113936297e-14 -1
    outer loop
      vertex 12.399999999527932 -7.581630000472069 -1.6999999999990203
      vertex 11.544526102230522 -6.1628920040131545 -1.6999999999993411
      vertex 11.5607480384937 -6.153298377650605 -1.6999999999993374
    endloop
  endfacet
  facet normal 2.605141146474926e-13 -6.892146940181953e-14 -1
    outer loop
      vertex 12.399999999527932 -7.581630000472069 -1.6999999999990203
      vertex 11.5607480384937 -6.153298377650605 -1.6999999999993374
      vertex 11.57633557568775 -6.142705098312479 -1.699999999999334
    endloop
  endfacet
  facet normal 2.7201503598411014e-13 -6.233815172336349e-14 -1
    outer loop
      vertex 12.399999999527932 -7.581630000472069 -1.6999999999990203
      vertex 11.57633557568775 -6.142705098312479 -1.699999999999334
      vertex 11.591227196924615 -6.131153972832732 -1.6999999999993307
    endloop
  endfacet
  facet normal 2.739172083930762e-13 -6.127751695179988e-14 -1
    outer loop
      vertex 12.399999999527932 -7.581630000472069 -1.6999999999990203
      vertex 11.591227196924615 -6.131153972832732 -1.6999999999993307
      vertex 11.605364131778607 -6.118690588226424 -1.6999999999993276
    endloop
  endfacet
  facet normal 2.65689754032795e-13 -6.57464855777202e-14 -1
    outer loop
      vertex 12.399999999527932 -7.581630000472069 -1.6999999999990203
      vertex 11.605364131778607 -6.118690588226424 -1.6999999999993276
      vertex 11.618690588226423 -6.1053641317786065 -1.699999999999325
    endloop
  endfacet
  facet normal 2.687255969636167e-13 -6.413977454864086e-14 -1
    outer loop
      vertex 12.399999999527932 -7.581630000472069 -1.6999999999990203
      vertex 11.618690588226423 -6.1053641317786065 -1.699999999999325
      vertex 11.631153972832742 -6.0912271969246 -1.6999999999993225
    endloop
  endfacet
  facet normal 2.6089868670590184e-13 -6.817740037611687e-14 -1
    outer loop
      vertex 12.399999999527932 -7.581630000472069 -1.6999999999990203
      vertex 11.631153972832742 -6.0912271969246 -1.6999999999993225
      vertex 11.642705098312485 -6.076335575687742 -1.6999999999993205
    endloop
  endfacet
  facet normal 2.649833745186989e-13 -6.612244474567087e-14 -1
    outer loop
      vertex 12.399999999527932 -7.581630000472069 -1.6999999999990203
      vertex 11.642705098312485 -6.076335575687742 -1.6999999999993205
      vertex 11.653298377650605 -6.060748038493699 -1.6999999999993187
    endloop
  endfacet
  facet normal 2.698127740276237e-13 -6.375137287016735e-14 -1
    outer loop
      vertex 12.399999999527932 -7.581630000472069 -1.6999999999990203
      vertex 11.653298377650605 -6.060748038493699 -1.6999999999993187
      vertex 11.662892004013163 -6.044526102230507 -1.6999999999993172
    endloop
  endfacet
  facet normal 2.7548764303376516e-13 -6.103002701793882e-14 -1
    outer loop
      vertex 12.399999999527932 -7.581630000472069 -1.6999999999990203
      vertex 11.662892004013163 -6.044526102230507 -1.6999999999993172
      vertex 11.671448115739807 -6.027733787469522 -1.6999999999993158
    endloop
  endfacet
  facet normal 2.5957429242037697e-13 -6.840836578294084e-14 -1
    outer loop
      vertex 12.399999999527932 -7.581630000472069 -1.6999999999990203
      vertex 11.678932945766476 -6.010437365805404 -1.699999999999315
      vertex 11.685316954888549 -5.992705098312476 -1.6999999999993145
    endloop
  endfacet
  facet normal 2.6790805562626786e-13 -6.458375386137839e-14 -1
    outer loop
      vertex 12.399999999527932 -7.581630000472069 -1.6999999999990203
      vertex 11.671448115739807 -6.027733787469522 -1.6999999999993158
      vertex 11.678932945766476 -6.010437365805404 -1.699999999999315
    endloop
  endfacet
  facet normal 2.751046294930462e-13 -6.149317025929807e-14 -1
    outer loop
      vertex 12.399999999527932 -7.581630000472069 -1.6999999999990203
      vertex 11.69057494833859 -5.974606966149457 -1.6999999999993143
      vertex 11.694686175218608 -5.956214394375709 -1.6999999999993143
    endloop
  endfacet
  facet normal 2.666847397942065e-13 -6.521015536344863e-14 -1
    outer loop
      vertex 12.399999999527932 -7.581630000472069 -1.6999999999990203
      vertex 11.685316954888549 -5.992705098312476 -1.6999999999993145
      vertex 11.69057494833859 -5.974606966149457 -1.6999999999993143
    endloop
  endfacet
  facet normal 2.752051899195687e-13 -6.151742298486705e-14 -1
    outer loop
      vertex 12.399999999527932 -7.581630000472069 -1.6999999999990203
      vertex 11.697634410394343 -5.937599970069282 -1.6999999999993147
      vertex 11.699408018528482 -5.918837155858785 -1.6999999999993154
    endloop
  endfacet
  facet normal 2.650822463765475e-13 -6.584216588729329e-14 -1
    outer loop
      vertex 12.399999999527932 -7.581630000472069 -1.6999999999990203
      vertex 11.694686175218608 -5.956214394375709 -1.6999999999993143
      vertex 11.697634410394343 -5.937599970069282 -1.6999999999993147
    endloop
  endfacet
  facet normal 2.6179970409364873e-13 -6.716561656560519e-14 -1
    outer loop
      vertex 12.399999999527932 -7.581630000472069 -1.6999999999990203
      vertex 11.699408018528482 -5.918837155858785 -1.6999999999993154
      vertex 11.699999997019768 -5.90000009482715 -1.6999999999993165
    endloop
  endfacet
  facet normal 0.7071067811865476 -0.7071067811865476 0
    outer loop
      vertex 7.581630000472069 -12.399999999527932 -1.7
      vertex 12.399999999527932 -7.581630000472069 -1.6999999999990203
      vertex 12.399999999527932 -7.581630000472069 1.2900000000000003
    endloop
  endfacet
  facet normal 1 0 0
    outer loop
      vertex 12.399999999527932 -7.581630000472069 -1.6999999999990203
      vertex 12.399999999527932 -5.5 -1.485000000708103
      vertex 12.399999999527932 -7.581630000472069 1.2900000000000003
    endloop
  endfacet
  facet normal 1 0 0
    outer loop
      vertex 12.399999999527932 -7.581630000472069 -1.6999999999990203
      vertex 12.399999999527932 -5.5 -1.51
      vertex 12.399999999527932 -5.5 -1.5
    endloop
  endfacet
  facet normal 1 0 0
    outer loop
      vertex 12.399999999527932 -7.581630000472069 -1.6999999999990203
      vertex 12.399999999527932 -5.5 -1.5
      vertex 12.399999999527932 -5.5 -1.485000000708103
    endloop
  endfacet
  facet normal 2.8401126475539896e-13 -5.791976974357642e-14 -1
    outer loop
      vertex 12.399999999527932 -7.581630000472069 -1.6999999999990203
      vertex 11.699999997019768 -5.90000009482715 -1.6999999999993165
      vertex 11.699999997019768 5.900000094832527 -1.7
    endloop
  endfacet
  facet normal 1 0 0
    outer loop
      vertex 12.399999999527932 -7.581630000472069 -1.6999999999990203
      vertex 12.399999999527932 7.581630000472069 -1.7
      vertex 12.399999999527932 -5.5 -1.51
    endloop
  endfacet
  facet normal 1 0 0
    outer loop
      vertex 12.399999999527932 -5.5 -1.5
      vertex 12.399999999527932 5.5 -1.485000000708103
      vertex 12.399999999527932 -5.5 -1.485000000708103
    endloop
  endfacet
  facet normal 1 0 0
    outer loop
      vertex 12.399999999527932 -5.5 -1.485000000708103
      vertex 12.399999999527932 -5.5 0.28500000070810305
      vertex 12.399999999527932 -6 0.5000000000000002
    endloop
  endfacet
  facet normal 0 -1 0
    outer loop
      vertex 5.5 -12.399999999527932 0.28500000070810305
      vertex 6 -12.399999999527932 0.5000000000000002
      vertex -6 -12.399999999527932 0.5000000000000002
    endloop
  endfacet
  facet normal 0 -1 0
    outer loop
      vertex -7.581630000472069 -12.399999999527932 1.2900000000000003
      vertex 6 -12.399999999527932 0.9000000000000001
      vertex 7.581630000472069 -12.399999999527932 1.2900000000000003
    endloop
  endfacet
  facet normal 0 -1 0
    outer loop
      vertex 7.581630000472069 -12.399999999527932 -1.7
      vertex 7.581630000472069 -12.399999999527932 1.2900000000000003
      vertex 6 -12.399999999527932 0.5000000000000002
    endloop
  endfacet
  facet normal 0.7071067811865476 -0.7071067811865476 0
    outer loop
      vertex 7.581630000472069 -12.399999999527932 -1.7
      vertex 12.399999999527932 -7.581630000472069 1.2900000000000003
      vertex 7.581630000472069 -12.399999999527932 1.2900000000000003
    endloop
  endfacet
  facet normal 0 -1 0
    outer loop
      vertex 7.581630000472069 -12.399999999527932 1.2900000000000003
      vertex 6 -12.399999999527932 0.9000000000000001
      vertex 6 -12.399999999527932 0.5000000000000002
    endloop
  endfacet
  facet normal 1 0 0
    outer loop
      vertex 12.399999999527932 -7.581630000472069 1.2900000000000003
      vertex 12.399999999527932 -6 0.5000000000000002
      vertex 12.399999999527932 -6 0.9000000000000001
    endloop
  endfacet
  facet normal 1 0 0
    outer loop
      vertex 12.399999999527932 -5.5 -1.485000000708103
      vertex 12.399999999527932 -6 0.5000000000000002
      vertex 12.399999999527932 -7.581630000472069 1.2900000000000003
    endloop
  endfacet
  facet normal 1 0 0
    outer loop
      vertex 12.399999999527932 -5.5 0.28500000070810305
      vertex 12.399999999527932 5.5 0.28500000070810305
      vertex 12.399999999527932 -6 0.5000000000000002
    endloop
  endfacet
  facet normal 1 0 0
    outer loop
      vertex 12.399999999527932 -7.581630000472069 1.2900000000000003
      vertex 12.399999999527932 -6 0.9000000000000001
      vertex 12.399999999527932 6 0.9000000000000001
    endloop
  endfacet
  facet normal 0 0 -1
    outer loop
      vertex -12.399999999527932 -7.581630000472069 -1.7
      vertex 11.100591981471519 5.918837155858794 -1.7
      vertex 11.100000002980233 5.900000094832527 -1.7
    endloop
  endfacet
  facet normal 0 0 -1
    outer loop
      vertex -12.399999999527932 -7.581630000472069 -1.7
      vertex 11.102365589605657 5.937599970069291 -1.7
      vertex 11.100591981471519 5.918837155858794 -1.7
    endloop
  endfacet
  facet normal 0 0 -1
    outer loop
      vertex -12.399999999527932 -7.581630000472069 -1.7
      vertex 11.105313824781394 5.956214394375718 -1.7
      vertex 11.102365589605657 5.937599970069291 -1.7
    endloop
  endfacet
  facet normal 0 0 -1
    outer loop
      vertex -12.399999999527932 -7.581630000472069 -1.7
      vertex 11.109425051661411 5.974606966149457 -1.7
      vertex 11.105313824781394 5.956214394375718 -1.7
    endloop
  endfacet
  facet normal 0 0 -1
    outer loop
      vertex -12.399999999527932 -7.581630000472069 -1.7
      vertex 11.114683045111454 5.992705098312484 -1.7
      vertex 11.109425051661411 5.974606966149457 -1.7
    endloop
  endfacet
  facet normal 0 0 -1
    outer loop
      vertex -12.399999999527932 -7.581630000472069 -1.7
      vertex 11.121067054233524 6.010437365805403 -1.7
      vertex 11.114683045111454 5.992705098312484 -1.7
    endloop
  endfacet
  facet normal 0 0 -1
    outer loop
      vertex -12.399999999527932 -7.581630000472069 -1.7
      vertex 11.128551884260194 6.027733787469522 -1.7
      vertex 11.121067054233524 6.010437365805403 -1.7
    endloop
  endfacet
  facet normal 0 0 -1
    outer loop
      vertex -12.399999999527932 -7.581630000472069 -1.7
      vertex 11.137107995986842 6.044526102230515 -1.7
      vertex 11.128551884260194 6.027733787469522 -1.7
    endloop
  endfacet
  facet normal 0 0 -1
    outer loop
      vertex -12.399999999527932 -7.581630000472069 -1.7
      vertex 11.146701622349395 6.060748038493699 -1.7
      vertex 11.137107995986842 6.044526102230515 -1.7
    endloop
  endfacet
  facet normal 0 0 -1
    outer loop
      vertex -12.399999999527932 -7.581630000472069 -1.7
      vertex 11.157294901687516 6.076335575687742 -1.7
      vertex 11.146701622349395 6.060748038493699 -1.7
    endloop
  endfacet
  facet normal 0 0 -1
    outer loop
      vertex -12.399999999527932 -7.581630000472069 -1.7
      vertex 11.181309411773578 6.1053641317786065 -1.7
      vertex 11.168846027167264 6.091227196924607 -1.7
    endloop
  endfacet
  facet normal 0 0 -1
    outer loop
      vertex -12.399999999527932 -7.581630000472069 -1.7
      vertex 11.168846027167264 6.091227196924607 -1.7
      vertex 11.157294901687516 6.076335575687742 -1.7
    endloop
  endfacet
  facet normal 0 0 -1
    outer loop
      vertex -12.399999999527932 -7.581630000472069 -1.7
      vertex 11.194635868221393 6.118690588226424 -1.7
      vertex 11.181309411773578 6.1053641317786065 -1.7
    endloop
  endfacet
  facet normal 0 0 -1
    outer loop
      vertex -12.399999999527932 -7.581630000472069 -1.7
      vertex 11.223664424312258 6.142705098312485 -1.7
      vertex 11.208772803075394 6.131153972832737 -1.7
    endloop
  endfacet
  facet normal 0 0 -1
    outer loop
      vertex -12.399999999527932 -7.581630000472069 -1.7
      vertex 11.208772803075394 6.131153972832737 -1.7
      vertex 11.194635868221393 6.118690588226424 -1.7
    endloop
  endfacet
  facet normal 0 0 -1
    outer loop
      vertex -12.399999999527932 -7.581630000472069 -1.7
      vertex 11.239251961506302 6.1532983776506045 -1.7
      vertex 11.223664424312258 6.142705098312485 -1.7
    endloop
  endfacet
  facet normal 0 0 -1
    outer loop
      vertex -12.399999999527932 -7.581630000472069 -1.7
      vertex 11.255473897769486 6.162892004013159 -1.7
      vertex 11.239251961506302 6.1532983776506045 -1.7
    endloop
  endfacet
  facet normal 0 0 -1
    outer loop
      vertex -12.399999999527932 -7.581630000472069 -1.7
      vertex 12.399999999527932 7.581630000472069 -1.7
      vertex 11.255473897769486 6.162892004013159 -1.7
    endloop
  endfacet
  facet normal -2.9034687351946165e-14 9.492109548880172e-14 -1
    outer loop
      vertex 12.399999999527932 7.581630000472069 -1.7
      vertex -11.100000002980233 5.900000094832533 -1.6999999999994773
      vertex 5.900000094832533 11.100000002980233 -1.6999999999994773
    endloop
  endfacet
  facet normal 0 1 0
    outer loop
      vertex -7.581630000472069 12.399999999527932 -1.7
      vertex 5.5 12.399999999527932 -1.51
      vertex 7.581630000472069 12.399999999527932 -1.6999999999990203
    endloop
  endfacet
  facet normal 0 1 0
    outer loop
      vertex -5.5 12.399999999527932 -1.485000000708103
      vertex 5.5 12.399999999527932 -1.485000000708103
      vertex 5.5 12.399999999527932 -1.5
    endloop
  endfacet
  facet normal 5.791976974357642e-14 2.8401126475539896e-13 -1
    outer loop
      vertex 7.581630000472069 12.399999999527932 -1.6999999999990203
      vertex 5.90000009482715 11.699999997019768 -1.6999999999993165
      vertex -5.900000094832527 11.699999997019768 -1.7
    endloop
  endfacet
  facet normal 0 1 0
    outer loop
      vertex 5.5 12.399999999527932 -1.51
      vertex 5.5 12.399999999527932 -1.5
      vertex 7.581630000472069 12.399999999527932 -1.6999999999990203
    endloop
  endfacet
  facet normal 0 1 0
    outer loop
      vertex 5.5 12.399999999527932 -1.5
      vertex 5.5 12.399999999527932 -1.485000000708103
      vertex 7.581630000472069 12.399999999527932 -1.6999999999990203
    endloop
  endfacet
  facet normal 0 1 0
    outer loop
      vertex 5.5 12.399999999527932 -1.485000000708103
      vertex 5.5 12.399999999527932 0.28500000070810305
      vertex 6 12.399999999527932 0.5000000000000002
    endloop
  endfacet
  facet normal 1.552085093926672e-13 -6.460753141924887e-14 -1
    outer loop
      vertex 12.399999999527932 -7.581630000472069 -1.6999999999990203
      vertex 11.699999997019768 5.900000094832527 -1.7
      vertex 12.399999999527932 7.581630000472069 -1.7
    endloop
  endfacet
  facet normal 1 0 0
    outer loop
      vertex 12.399999999527932 -5.5 -1.5
      vertex 12.399999999527932 5.5 -1.5
      vertex 12.399999999527932 5.5 -1.485000000708103
    endloop
  endfacet
  facet normal 1 0 0
    outer loop
      vertex 12.399999999527932 -5.5 -1.51
      vertex 12.399999999527932 7.581630000472069 -1.7
      vertex 12.399999999527932 5.5 -1.51
    endloop
  endfacet
  facet normal 1 0 0
    outer loop
      vertex 12.399999999527932 5.5 -1.51
      vertex 12.399999999527932 7.581630000472069 -1.7
      vertex 12.399999999527932 5.5 -1.5
    endloop
  endfacet
  facet normal 1 0 0
    outer loop
      vertex 12.399999999527932 5.5 -1.5
      vertex 12.399999999527932 7.581630000472069 -1.7
      vertex 12.399999999527932 5.5 -1.485000000708103
    endloop
  endfacet
  facet normal 1 0 0
    outer loop
      vertex 12.399999999527932 5.5 -1.485000000708103
      vertex 12.399999999527932 7.581630000472069 -1.7
      vertex 12.399999999527932 5.5 0.28500000070810305
    endloop
  endfacet
  facet normal 1 0 0
    outer loop
      vertex 12.399999999527932 7.581630000472069 -1.7
      vertex 12.399999999527932 6 0.5000000000000002
      vertex 12.399999999527932 5.5 0.28500000070810305
    endloop
  endfacet
  facet normal 6.716561656560519e-14 2.6179970409364873e-13 -1
    outer loop
      vertex 7.581630000472069 12.399999999527932 -1.6999999999990203
      vertex 5.918837155858785 11.699408018528482 -1.6999999999993154
      vertex 5.90000009482715 11.699999997019768 -1.6999999999993165
    endloop
  endfacet
  facet normal 6.151742298486705e-14 2.752051899195687e-13 -1
    outer loop
      vertex 7.581630000472069 12.399999999527932 -1.6999999999990203
      vertex 5.937599970069282 11.697634410394343 -1.6999999999993147
      vertex 5.918837155858785 11.699408018528482 -1.6999999999993154
    endloop
  endfacet
  facet normal 6.584216588729329e-14 2.650822463765475e-13 -1
    outer loop
      vertex 7.581630000472069 12.399999999527932 -1.6999999999990203
      vertex 5.956214394375709 11.694686175218608 -1.6999999999993143
      vertex 5.937599970069282 11.697634410394343 -1.6999999999993147
    endloop
  endfacet
  facet normal 6.413977454864086e-14 2.687255969636167e-13 -1
    outer loop
      vertex 7.581630000472069 12.399999999527932 -1.6999999999990203
      vertex 6.1053641317786065 11.618690588226423 -1.699999999999325
      vertex 6.0912271969246 11.631153972832742 -1.6999999999993225
    endloop
  endfacet
  facet normal 6.149317025929807e-14 2.751046294930462e-13 -1
    outer loop
      vertex 7.581630000472069 12.399999999527932 -1.6999999999990203
      vertex 5.974606966149457 11.69057494833859 -1.6999999999993143
      vertex 5.956214394375709 11.694686175218608 -1.6999999999993143
    endloop
  endfacet
  facet normal 6.521015536344863e-14 2.666847397942065e-13 -1
    outer loop
      vertex 7.581630000472069 12.399999999527932 -1.6999999999990203
      vertex 5.992705098312476 11.685316954888549 -1.6999999999993145
      vertex 5.974606966149457 11.69057494833859 -1.6999999999993143
    endloop
  endfacet
  facet normal 6.840836578294084e-14 2.5957429242037697e-13 -1
    outer loop
      vertex 7.581630000472069 12.399999999527932 -1.6999999999990203
      vertex 6.010437365805404 11.678932945766476 -1.699999999999315
      vertex 5.992705098312476 11.685316954888549 -1.6999999999993145
    endloop
  endfacet
  facet normal 6.458375386137839e-14 2.6790805562626786e-13 -1
    outer loop
      vertex 7.581630000472069 12.399999999527932 -1.6999999999990203
      vertex 6.027733787469522 11.671448115739807 -1.6999999999993158
      vertex 6.010437365805404 11.678932945766476 -1.699999999999315
    endloop
  endfacet
  facet normal 6.375137287016735e-14 2.698127740276237e-13 -1
    outer loop
      vertex 7.581630000472069 12.399999999527932 -1.6999999999990203
      vertex 6.060748038493699 11.653298377650605 -1.6999999999993187
      vertex 6.044526102230507 11.662892004013163 -1.6999999999993172
    endloop
  endfacet
  facet normal 6.103002701793882e-14 2.7548764303376516e-13 -1
    outer loop
      vertex 7.581630000472069 12.399999999527932 -1.6999999999990203
      vertex 6.044526102230507 11.662892004013163 -1.6999999999993172
      vertex 6.027733787469522 11.671448115739807 -1.6999999999993158
    endloop
  endfacet
  facet normal 6.817740037611687e-14 2.6089868670590184e-13 -1
    outer loop
      vertex 7.581630000472069 12.399999999527932 -1.6999999999990203
      vertex 6.0912271969246 11.631153972832742 -1.6999999999993225
      vertex 6.076335575687742 11.642705098312485 -1.6999999999993205
    endloop
  endfacet
  facet normal 6.612244474567087e-14 2.649833745186989e-13 -1
    outer loop
      vertex 7.581630000472069 12.399999999527932 -1.6999999999990203
      vertex 6.076335575687742 11.642705098312485 -1.6999999999993205
      vertex 6.060748038493699 11.653298377650605 -1.6999999999993187
    endloop
  endfacet
  facet normal 5.6796779835469775e-14 2.7795318193768937e-13 -1
    outer loop
      vertex 7.581630000472069 12.399999999527932 -1.6999999999990203
      vertex 6.185316954888546 11.307294901687516 -1.6999999999994033
      vertex 6.19057494833859 11.325393033850544 -1.699999999999398
    endloop
  endfacet
  facet normal 6.891769619558137e-14 2.622629226356842e-13 -1
    outer loop
      vertex 7.581630000472069 12.399999999527932 -1.6999999999990203
      vertex 6.19057494833859 11.325393033850544 -1.699999999999398
      vertex 6.194686175218607 11.343785605624284 -1.6999999999993929
    endloop
  endfacet
  facet normal 6.789573078076079e-14 2.636048931957174e-13 -1
    outer loop
      vertex 7.581630000472069 12.399999999527932 -1.6999999999990203
      vertex 6.194686175218607 11.343785605624284 -1.6999999999993929
      vertex 6.197634410394452 11.362400029931859 -1.6999999999993878
    endloop
  endfacet
  facet normal 6.614818067512858e-14 2.6593585089667267e-13 -1
    outer loop
      vertex 7.581630000472069 12.399999999527932 -1.6999999999990203
      vertex 6.197634410394452 11.362400029931859 -1.6999999999993878
      vertex 6.199408018528482 11.381162844141206 -1.6999999999993827
    endloop
  endfacet
  facet normal 6.380806551512174e-14 2.6911060615303337e-13 -1
    outer loop
      vertex 7.581630000472069 12.399999999527932 -1.6999999999990203
      vertex 6.199408018528482 11.381162844141206 -1.6999999999993827
      vertex 6.199999997019768 11.399999905167473 -1.6999999999993776
    endloop
  endfacet
  facet normal 6.097183748428788e-14 2.7302922352729994e-13 -1
    outer loop
      vertex 7.581630000472069 12.399999999527932 -1.6999999999990203
      vertex 6.199999997019768 11.399999905167473 -1.6999999999993776
      vertex 6.199408018528482 11.418837155858794 -1.6999999999993725
    endloop
  endfacet
  facet normal 6.556928621689878e-14 2.6655252626947546e-13 -1
    outer loop
      vertex 7.581630000472069 12.399999999527932 -1.6999999999990203
      vertex 6.199408018528482 11.418837155858794 -1.6999999999993725
      vertex 6.197634410394342 11.437599970069298 -1.6999999999993676
    endloop
  endfacet
  facet normal 6.164651223212943e-14 2.721937375429712e-13 -1
    outer loop
      vertex 7.581630000472069 12.399999999527932 -1.6999999999990203
      vertex 6.197634410394342 11.437599970069298 -1.6999999999993676
      vertex 6.194686175218607 11.456214394375717 -1.6999999999993627
    endloop
  endfacet
  facet normal 6.453549926051401e-14 2.6794821536252794e-13 -1
    outer loop
      vertex 7.581630000472069 12.399999999527932 -1.6999999999990203
      vertex 6.194686175218607 11.456214394375717 -1.6999999999993627
      vertex 6.19057494833859 11.474606966149457 -1.699999999999358
    endloop
  endfacet
  facet normal 6.666538502611514e-14 2.647465613108552e-13 -1
    outer loop
      vertex 7.581630000472069 12.399999999527932 -1.6999999999990203
      vertex 6.19057494833859 11.474606966149457 -1.699999999999358
      vertex 6.185316954888544 11.492705098312491 -1.6999999999993536
    endloop
  endfacet
  facet normal 6.270422613583981e-14 2.7104900997422826e-13 -1
    outer loop
      vertex 7.581630000472069 12.399999999527932 -1.6999999999990203
      vertex 6.1789329457664754 11.510437365805403 -1.6999999999993494
      vertex 6.171448115739806 11.527733787469522 -1.6999999999993451
    endloop
  endfacet
  facet normal 6.321489774038327e-14 2.702234135727851e-13 -1
    outer loop
      vertex 7.581630000472069 12.399999999527932 -1.6999999999990203
      vertex 6.171448115739806 11.527733787469522 -1.6999999999993451
      vertex 6.1628920040131545 11.544526102230522 -1.6999999999993411
    endloop
  endfacet
  facet normal 6.327870113936297e-14 2.7011760051791865e-13 -1
    outer loop
      vertex 7.581630000472069 12.399999999527932 -1.6999999999990203
      vertex 6.1628920040131545 11.544526102230522 -1.6999999999993411
      vertex 6.153298377650605 11.5607480384937 -1.6999999999993374
    endloop
  endfacet
  facet normal 6.233815172336349e-14 2.7201503598411014e-13 -1
    outer loop
      vertex 7.581630000472069 12.399999999527932 -1.6999999999990203
      vertex 6.142705098312479 11.57633557568775 -1.699999999999334
      vertex 6.131153972832732 11.591227196924615 -1.6999999999993307
    endloop
  endfacet
  facet normal 6.127751695179988e-14 2.739172083930762e-13 -1
    outer loop
      vertex 7.581630000472069 12.399999999527932 -1.6999999999990203
      vertex 6.131153972832732 11.591227196924615 -1.6999999999993307
      vertex 6.118690588226424 11.605364131778607 -1.6999999999993276
    endloop
  endfacet
  facet normal 6.57464855777202e-14 2.65689754032795e-13 -1
    outer loop
      vertex 7.581630000472069 12.399999999527932 -1.6999999999990203
      vertex 6.118690588226424 11.605364131778607 -1.6999999999993276
      vertex 6.1053641317786065 11.618690588226423 -1.699999999999325
    endloop
  endfacet
  facet normal 6.892146940181953e-14 2.605141146474926e-13 -1
    outer loop
      vertex 7.581630000472069 12.399999999527932 -1.6999999999990203
      vertex 6.153298377650605 11.5607480384937 -1.6999999999993374
      vertex 6.142705098312479 11.57633557568775 -1.699999999999334
    endloop
  endfacet
  facet normal 6.815369563233999e-14 2.624560739372693e-13 -1
    outer loop
      vertex 7.581630000472069 12.399999999527932 -1.6999999999990203
      vertex 6.185316954888544 11.492705098312491 -1.6999999999993536
      vertex 6.1789329457664754 11.510437365805403 -1.6999999999993494
    endloop
  endfacet
  facet normal 6.243243057398808e-14 2.63901690871745e-13 -1
    outer loop
      vertex 12.399999999527932 7.581630000472069 -1.7
      vertex 5.900000094832533 11.100000002980233 -1.6999999999994773
      vertex 5.918837155858794 11.100591981471519 -1.699999999999476
    endloop
  endfacet
  facet normal 6.86464203591346e-14 2.7534650895273166e-13 -1
    outer loop
      vertex 12.399999999527932 7.581630000472069 -1.7
      vertex 5.918837155858794 11.100591981471519 -1.699999999999476
      vertex 5.937599970069297 11.10236558960566 -1.6999999999994742
    endloop
  endfacet
  facet normal 6.485059622341085e-14 2.683791768752454e-13 -1
    outer loop
      vertex 12.399999999527932 7.581630000472069 -1.7
      vertex 5.937599970069297 11.10236558960566 -1.6999999999994742
      vertex 5.956214394375718 11.105313824781394 -1.6999999999994722
    endloop
  endfacet
  facet normal 6.192938661630791e-14 2.630371401448151e-13 -1
    outer loop
      vertex 12.399999999527932 7.581630000472069 -1.7
      vertex 5.956214394375718 11.105313824781394 -1.6999999999994722
      vertex 5.974606966149457 11.109425051661411 -1.69999999999947
    endloop
  endfacet
  facet normal 6.773543484074093e-14 2.736120576985314e-13 -1
    outer loop
      vertex 12.399999999527932 7.581630000472069 -1.7
      vertex 5.974606966149457 11.109425051661411 -1.69999999999947
      vertex 5.9927050983124905 11.114683045111455 -1.6999999999994673
    endloop
  endfacet
  facet normal 6.564518708696416e-14 2.698213323383834e-13 -1
    outer loop
      vertex 12.399999999527932 7.581630000472069 -1.7
      vertex 5.9927050983124905 11.114683045111455 -1.6999999999994673
      vertex 6.010437365805403 11.121067054233524 -1.6999999999994644
    endloop
  endfacet
  facet normal 6.414010470593827e-14 2.6710428496718083e-13 -1
    outer loop
      vertex 12.399999999527932 7.581630000472069 -1.7
      vertex 6.010437365805403 11.121067054233524 -1.6999999999994644
      vertex 6.027733787469528 11.128551884260197 -1.6999999999994613
    endloop
  endfacet
  facet normal 6.315248021625603e-14 2.653299560216823e-13 -1
    outer loop
      vertex 12.399999999527932 7.581630000472069 -1.7
      vertex 6.027733787469528 11.128551884260197 -1.6999999999994613
      vertex 6.044526102230515 11.137107995986842 -1.699999999999458
    endloop
  endfacet
  facet normal 6.263650984481124e-14 2.6440765071375336e-13 -1
    outer loop
      vertex 12.399999999527932 7.581630000472069 -1.7
      vertex 6.044526102230515 11.137107995986842 -1.699999999999458
      vertex 6.0607480384937045 11.146701622349399 -1.6999999999994544
    endloop
  endfacet
  facet normal 6.901315491750591e-14 2.757463176661519e-13 -1
    outer loop
      vertex 12.399999999527932 7.581630000472069 -1.7
      vertex 6.0607480384937045 11.146701622349399 -1.6999999999994544
      vertex 6.0763355756877475 11.15729490168752 -1.6999999999994504
    endloop
  endfacet
  facet normal 6.289496412293025e-14 2.649261243497168e-13 -1
    outer loop
      vertex 12.399999999527932 7.581630000472069 -1.7
      vertex 6.0763355756877475 11.15729490168752 -1.6999999999994504
      vertex 6.091227196924607 11.168846027167264 -1.6999999999994464
    endloop
  endfacet
  facet normal 6.366679825436334e-14 2.6628353526120975e-13 -1
    outer loop
      vertex 12.399999999527932 7.581630000472069 -1.7
      vertex 6.091227196924607 11.168846027167264 -1.6999999999994464
      vertex 6.105364131778612 11.181309411773583 -1.6999999999994422
    endloop
  endfacet
  facet normal 6.48631777411131e-14 2.683756030173263e-13 -1
    outer loop
      vertex 12.399999999527932 7.581630000472069 -1.7
      vertex 6.105364131778612 11.181309411773583 -1.6999999999994422
      vertex 6.118690588226428 11.194635868221399 -1.6999999999994377
    endloop
  endfacet
  facet normal 6.64968763593479e-14 2.7121583269908704e-13 -1
    outer loop
      vertex 12.399999999527932 7.581630000472069 -1.7
      vertex 6.118690588226428 11.194635868221399 -1.6999999999994377
      vertex 6.131153972832742 11.2087728030754 -1.699999999999433
    endloop
  endfacet
  facet normal 6.263455001350991e-14 2.645405153805734e-13 -1
    outer loop
      vertex 12.399999999527932 7.581630000472069 -1.7
      vertex 6.131153972832742 11.2087728030754 -1.699999999999433
      vertex 6.142705098312489 11.223664424312263 -1.6999999999994284
    endloop
  endfacet
  facet normal 6.52551218885089e-14 2.690428591597454e-13 -1
    outer loop
      vertex 12.399999999527932 7.581630000472069 -1.7
      vertex 6.142705098312489 11.223664424312263 -1.6999999999994284
      vertex 6.1532983776506045 11.239251961506302 -1.6999999999994235
    endloop
  endfacet
  facet normal 6.242797495534766e-14 2.642144915698748e-13 -1
    outer loop
      vertex 12.399999999527932 7.581630000472069 -1.7
      vertex 6.1532983776506045 11.239251961506302 -1.6999999999994235
      vertex 6.1628920040131625 11.255473897769493 -1.6999999999994186
    endloop
  endfacet
  facet normal 6.610028040941958e-14 2.704489877406052e-13 -1
    outer loop
      vertex 12.399999999527932 7.581630000472069 -1.7
      vertex 6.1628920040131625 11.255473897769493 -1.6999999999994186
      vertex 6.171448115739806 11.272266212530479 -1.6999999999994135
    endloop
  endfacet
  facet normal 6.431370857928242e-14 2.6743385574201554e-13 -1
    outer loop
      vertex 12.399999999527932 7.581630000472069 -1.7
      vertex 6.171448115739806 11.272266212530479 -1.6999999999994135
      vertex 6.1789329457664754 11.289562634194597 -1.6999999999994084
    endloop
  endfacet
  facet normal 6.304727956251476e-14 2.653090760843497e-13 -1
    outer loop
      vertex 12.399999999527932 7.581630000472069 -1.7
      vertex 6.1789329457664754 11.289562634194597 -1.6999999999994084
      vertex 6.185316954888546 11.307294901687516 -1.6999999999994033
    endloop
  endfacet
  facet normal 6.462807617361524e-14 2.679459610851513e-13 -1
    outer loop
      vertex 7.581630000472069 12.399999999527932 -1.6999999999990203
      vertex 12.399999999527932 7.581630000472069 -1.7
      vertex 6.185316954888546 11.307294901687516 -1.6999999999994033
    endloop
  endfacet
  facet normal 0 0 -1
    outer loop
      vertex 12.399999999527932 7.581630000472069 -1.7
      vertex 11.289562634194597 6.1789329457664754 -1.7
      vertex 11.272266212530479 6.171448115739806 -1.7
    endloop
  endfacet
  facet normal 0 0 -1
    outer loop
      vertex 12.399999999527932 7.581630000472069 -1.7
      vertex 11.272266212530479 6.171448115739806 -1.7
      vertex 11.255473897769486 6.162892004013159 -1.7
    endloop
  endfacet
  facet normal 0 0 -1
    outer loop
      vertex 12.399999999527932 7.581630000472069 -1.7
      vertex 11.307294901687516 6.185316954888546 -1.7
      vertex 11.289562634194597 6.1789329457664754 -1.7
    endloop
  endfacet
  facet normal 0 0 -1
    outer loop
      vertex 12.399999999527932 7.581630000472069 -1.7
      vertex 11.343785605624284 6.194686175218607 -1.7
      vertex 11.325393033850544 6.19057494833859 -1.7
    endloop
  endfacet
  facet normal 0 0 -1
    outer loop
      vertex 12.399999999527932 7.581630000472069 -1.7
      vertex 11.325393033850544 6.19057494833859 -1.7
      vertex 11.307294901687516 6.185316954888546 -1.7
    endloop
  endfacet
  facet normal 0 0 -1
    outer loop
      vertex 12.399999999527932 7.581630000472069 -1.7
      vertex 11.381162844141206 6.199408018528482 -1.7
      vertex 11.36240002993071 6.197634410394343 -1.7
    endloop
  endfacet
  facet normal 0 0 -1
    outer loop
      vertex 12.399999999527932 7.581630000472069 -1.7
      vertex 11.36240002993071 6.197634410394343 -1.7
      vertex 11.343785605624284 6.194686175218607 -1.7
    endloop
  endfacet
  facet normal 0 0 -1
    outer loop
      vertex 12.399999999527932 7.581630000472069 -1.7
      vertex 11.418837155858794 6.199408018528482 -1.7
      vertex 11.399999905167473 6.199999997019768 -1.7
    endloop
  endfacet
  facet normal 0 0 -1
    outer loop
      vertex 12.399999999527932 7.581630000472069 -1.7
      vertex 11.399999905167473 6.199999997019768 -1.7
      vertex 11.381162844141206 6.199408018528482 -1.7
    endloop
  endfacet
  facet normal 0 0 -1
    outer loop
      vertex 12.399999999527932 7.581630000472069 -1.7
      vertex 11.456214394375717 6.194686175218607 -1.7
      vertex 11.437599970069291 6.197634410394343 -1.7
    endloop
  endfacet
  facet normal 0 0 -1
    outer loop
      vertex 12.399999999527932 7.581630000472069 -1.7
      vertex 11.437599970069291 6.197634410394343 -1.7
      vertex 11.418837155858794 6.199408018528482 -1.7
    endloop
  endfacet
  facet normal 0 0 -1
    outer loop
      vertex 12.399999999527932 7.581630000472069 -1.7
      vertex 11.492705098312484 6.185316954888546 -1.7
      vertex 11.474606966149457 6.19057494833859 -1.7
    endloop
  endfacet
  facet normal 0 0 -1
    outer loop
      vertex 12.399999999527932 7.581630000472069 -1.7
      vertex 11.474606966149457 6.19057494833859 -1.7
      vertex 11.456214394375717 6.194686175218607 -1.7
    endloop
  endfacet
  facet normal 0 0 -1
    outer loop
      vertex 12.399999999527932 7.581630000472069 -1.7
      vertex 11.631153972832736 6.091227196924607 -1.7
      vertex 11.618690588226423 6.105364131778607 -1.7
    endloop
  endfacet
  facet normal 0 0 -1
    outer loop
      vertex 12.399999999527932 7.581630000472069 -1.7
      vertex 11.699999997019768 5.900000094832527 -1.7
      vertex 11.699408018528482 5.918837155858794 -1.7
    endloop
  endfacet
  facet normal 0 0 -1
    outer loop
      vertex 12.399999999527932 7.581630000472069 -1.7
      vertex 11.699408018528482 5.918837155858794 -1.7
      vertex 11.697634410394343 5.937599970069291 -1.7
    endloop
  endfacet
  facet normal 0 0 -1
    outer loop
      vertex 12.399999999527932 7.581630000472069 -1.7
      vertex 11.697634410394343 5.937599970069291 -1.7
      vertex 11.694686175218607 5.956214394375718 -1.7
    endloop
  endfacet
  facet normal 0 0 -1
    outer loop
      vertex 12.399999999527932 7.581630000472069 -1.7
      vertex 11.694686175218607 5.956214394375718 -1.7
      vertex 11.69057494833859 5.974606966149457 -1.7
    endloop
  endfacet
  facet normal 0 0 -1
    outer loop
      vertex 12.399999999527932 7.581630000472069 -1.7
      vertex 11.69057494833859 5.974606966149457 -1.7
      vertex 11.685316954888547 5.992705098312484 -1.7
    endloop
  endfacet
  facet normal 0 0 -1
    outer loop
      vertex 12.399999999527932 7.581630000472069 -1.7
      vertex 11.685316954888547 5.992705098312484 -1.7
      vertex 11.678932945766476 6.010437365805403 -1.7
    endloop
  endfacet
  facet normal 0 0 -1
    outer loop
      vertex 12.399999999527932 7.581630000472069 -1.7
      vertex 11.678932945766476 6.010437365805403 -1.7
      vertex 11.671448115739807 6.027733787469522 -1.7
    endloop
  endfacet
  facet normal 0 0 -1
    outer loop
      vertex 12.399999999527932 7.581630000472069 -1.7
      vertex 11.671448115739807 6.027733787469522 -1.7
      vertex 11.662892004013159 6.044526102230515 -1.7
    endloop
  endfacet
  facet normal 0 0 -1
    outer loop
      vertex 12.399999999527932 7.581630000472069 -1.7
      vertex 11.662892004013159 6.044526102230515 -1.7
      vertex 11.653298377650605 6.060748038493699 -1.7
    endloop
  endfacet
  facet normal 0 0 -1
    outer loop
      vertex 12.399999999527932 7.581630000472069 -1.7
      vertex 11.653298377650605 6.060748038493699 -1.7
      vertex 11.642705098312485 6.076335575687742 -1.7
    endloop
  endfacet
  facet normal 0 0 -1
    outer loop
      vertex 12.399999999527932 7.581630000472069 -1.7
      vertex 11.642705098312485 6.076335575687742 -1.7
      vertex 11.631153972832736 6.091227196924607 -1.7
    endloop
  endfacet
  facet normal 0 0 -1
    outer loop
      vertex 12.399999999527932 7.581630000472069 -1.7
      vertex 11.527733787469522 6.171448115739806 -1.7
      vertex 11.510437365805403 6.1789329457664754 -1.7
    endloop
  endfacet
  facet normal 0 0 -1
    outer loop
      vertex 12.399999999527932 7.581630000472069 -1.7
      vertex 11.5607480384937 6.1532983776506045 -1.7
      vertex 11.544526102230515 6.162892004013159 -1.7
    endloop
  endfacet
  facet normal 0 0 -1
    outer loop
      vertex 12.399999999527932 7.581630000472069 -1.7
      vertex 11.544526102230515 6.162892004013159 -1.7
      vertex 11.527733787469522 6.171448115739806 -1.7
    endloop
  endfacet
  facet normal 0 0 -1
    outer loop
      vertex 12.399999999527932 7.581630000472069 -1.7
      vertex 11.510437365805403 6.1789329457664754 -1.7
      vertex 11.492705098312484 6.185316954888546 -1.7
    endloop
  endfacet
  facet normal 0 0 -1
    outer loop
      vertex 12.399999999527932 7.581630000472069 -1.7
      vertex 11.605364131778607 6.118690588226424 -1.7
      vertex 11.591227196924608 6.131153972832737 -1.7
    endloop
  endfacet
  facet normal 0 0 -1
    outer loop
      vertex 12.399999999527932 7.581630000472069 -1.7
      vertex 11.591227196924608 6.131153972832737 -1.7
      vertex 11.576335575687743 6.142705098312485 -1.7
    endloop
  endfacet
  facet normal 0 0 -1
    outer loop
      vertex 12.399999999527932 7.581630000472069 -1.7
      vertex 11.576335575687743 6.142705098312485 -1.7
      vertex 11.5607480384937 6.1532983776506045 -1.7
    endloop
  endfacet
  facet normal 0 0 -1
    outer loop
      vertex 12.399999999527932 7.581630000472069 -1.7
      vertex 11.618690588226423 6.105364131778607 -1.7
      vertex 11.605364131778607 6.118690588226424 -1.7
    endloop
  endfacet
  facet normal 0 1 0
    outer loop
      vertex 5.5 12.399999999527932 -1.485000000708103
      vertex 7.581630000472069 12.399999999527932 1.2900000000000003
      vertex 7.581630000472069 12.399999999527932 -1.6999999999990203
    endloop
  endfacet
  facet normal 0.7071067811865476 0.7071067811865476 0
    outer loop
      vertex 7.581630000472069 12.399999999527932 -1.6999999999990203
      vertex 7.581630000472069 12.399999999527932 1.2900000000000003
      vertex 12.399999999527932 7.581630000472069 -1.7
    endloop
  endfacet
  facet normal 0 1 0
    outer loop
      vertex -5.5 12.399999999527932 0.28500000070810305
      vertex 6 12.399999999527932 0.5000000000000002
      vertex 5.5 12.399999999527932 0.28500000070810305
    endloop
  endfacet
  facet normal 0 1 0
    outer loop
      vertex 5.5 12.399999999527932 -1.485000000708103
      vertex 6 12.399999999527932 0.5000000000000002
      vertex 7.581630000472069 12.399999999527932 1.2900000000000003
    endloop
  endfacet
  facet normal 0 1 0
    outer loop
      vertex 7.581630000472069 12.399999999527932 1.2900000000000003
      vertex 6 12.399999999527932 0.9000000000000001
      vertex -6 12.399999999527932 0.9000000000000001
    endloop
  endfacet
  facet normal 1 0 0
    outer loop
      vertex 12.399999999527932 5.5 0.28500000070810305
      vertex 12.399999999527932 6 0.5000000000000002
      vertex 12.399999999527932 -6 0.5000000000000002
    endloop
  endfacet
  facet normal 1 0 0
    outer loop
      vertex 12.399999999527932 -7.581630000472069 1.2900000000000003
      vertex 12.399999999527932 6 0.9000000000000001
      vertex 12.399999999527932 7.581630000472069 1.2900000000000003
    endloop
  endfacet
  facet normal 0.7071067811865476 0.7071067811865476 0
    outer loop
      vertex 12.399999999527932 7.581630000472069 -1.7
      vertex 7.581630000472069 12.399999999527932 1.2900000000000003
      vertex 12.399999999527932 7.581630000472069 1.2900000000000003
    endloop
  endfacet
  facet normal 1 0 0
    outer loop
      vertex 12.399999999527932 7.581630000472069 -1.7
      vertex 12.399999999527932 7.581630000472069 1.2900000000000003
      vertex 12.399999999527932 6 0.5000000000000002
    endloop
  endfacet
  facet normal 0 1 0
    outer loop
      vertex 7.581630000472069 12.399999999527932 1.2900000000000003
      vertex 6 12.399999999527932 0.5000000000000002
      vertex 6 12.399999999527932 0.9000000000000001
    endloop
  endfacet
  facet normal 1 0 0
    outer loop
      vertex 12.399999999527932 7.581630000472069 1.2900000000000003
      vertex 12.399999999527932 6 0.9000000000000001
      vertex 12.399999999527932 6 0.5000000000000002
    endloop
  endfacet
  facet normal -0.7071067811865476 -0.7071067811865476 0
    outer loop
      vertex -12.4 -9.137257 1.3
      vertex -12.4 -9.137257 1.2996036954247125
      vertex -9.137257 -12.4 1.2996036954247125
    endloop
  endfacet
  facet normal -0.7071067811865476 -0.7071067811865476 0
    outer loop
      vertex -12.4 -9.137257 1.3
      vertex -9.137257 -12.4 1.2996036954247125
      vertex -9.137257 -12.4 1.3
    endloop
  endfacet
  facet normal -1 0 0
    outer loop
      vertex -12.4 -7.5821825406948 0.19999999999999996
      vertex -12.4 -9.123675323681471 1.2900000000000003
      vertex -12.4 -7.5821825406948 1.2900000000000003
    endloop
  endfacet
  facet normal 0 -1 0
    outer loop
      vertex -7.5821825406948 -12.4 0.19999999999999996
      vertex -7.5821825406948 -12.4 1.2900000000000003
      vertex -9.123675323681471 -12.4 1.2900000000000003
    endloop
  endfacet
  facet normal 0 -1 0
    outer loop
      vertex -9.123675323681471 -12.4 1.2900000000000003
      vertex -7.5821825406948 -12.4 1.2900000000000003
      vertex -9.137257 -12.4 1.2996036954247125
    endloop
  endfacet
  facet normal 0 -1 0
    outer loop
      vertex -9.137257 -12.4 1.2996036954247125
      vertex -7.5821825406948 -12.4 1.3
      vertex -9.137257 -12.4 1.3
    endloop
  endfacet
  facet normal 0 -1 0
    outer loop
      vertex -9.137257 -12.4 1.2996036954247125
      vertex -7.5821825406948 -12.4 1.2900000000000003
      vertex -7.5821825406948 -12.4 1.3
    endloop
  endfacet
  facet normal -1 0 0
    outer loop
      vertex -12.4 7.5821825406948 0.19999999999999996
      vertex -12.4 7.5821825406948 1.2900000000000003
      vertex -12.4 9.123675323681471 1.2900000000000003
    endloop
  endfacet
  facet normal -1 0 0
    outer loop
      vertex -12.4 7.5821825406948 1.2900000000000003
      vertex -12.4 7.5821825406948 1.3
      vertex -12.4 9.137257 1.2996036954247125
    endloop
  endfacet
  facet normal -1 0 0
    outer loop
      vertex -12.4 7.5821825406948 1.2900000000000003
      vertex -12.4 9.137257 1.2996036954247125
      vertex -12.4 9.123675323681471 1.2900000000000003
    endloop
  endfacet
  facet normal -1 0 0
    outer loop
      vertex -12.4 7.5821825406948 1.3
      vertex -12.4 9.137257 1.3
      vertex -12.4 9.137257 1.2996036954247125
    endloop
  endfacet
  facet normal -0.7071067811865476 0.7071067811865476 0
    outer loop
      vertex -12.4 9.137257 1.2996036954247125
      vertex -12.4 9.137257 1.3
      vertex -9.137257 12.4 1.3
    endloop
  endfacet
  facet normal -0.7071067811865476 0.7071067811865476 0
    outer loop
      vertex -12.4 9.137257 1.2996036954247125
      vertex -9.137257 12.4 1.3
      vertex -9.137257 12.4 1.2996036954247125
    endloop
  endfacet
  facet normal 0 1 0
    outer loop
      vertex -7.5821825406948 12.4 0.19999999999999996
      vertex -9.123675323681471 12.4 1.2900000000000003
      vertex -7.5821825406948 12.4 1.2900000000000003
    endloop
  endfacet
  facet normal 0 1 0
    outer loop
      vertex -9.123675323681471 12.4 1.2900000000000003
      vertex -9.137257 12.4 1.2996036954247125
      vertex -7.5821825406948 12.4 1.2900000000000003
    endloop
  endfacet
  facet normal 0 1 0
    outer loop
      vertex -9.137257 12.4 1.2996036954247125
      vertex -9.137257 12.4 1.3
      vertex -7.5821825406948 12.4 1.3
    endloop
  endfacet
  facet normal 0 1 0
    outer loop
      vertex -9.137257 12.4 1.2996036954247125
      vertex -7.5821825406948 12.4 1.3
      vertex -7.5821825406948 12.4 1.2900000000000003
    endloop
  endfacet
  facet normal 0 -1 0
    outer loop
      vertex 7.5821825406948 -12.4 0.19999999999999996
      vertex 9.123675323681471 -12.4 1.2900000000000003
      vertex 7.5821825406948 -12.4 1.2900000000000003
    endloop
  endfacet
  facet normal 0 -1 0
    outer loop
      vertex 7.5821825406948 -12.4 1.2900000000000003
      vertex 9.137257 -12.4 1.2996036954247125
      vertex 7.5821825406948 -12.4 1.3
    endloop
  endfacet
  facet normal 0 -1 0
    outer loop
      vertex 7.5821825406948 -12.4 1.2900000000000003
      vertex 9.123675323681471 -12.4 1.2900000000000003
      vertex 9.137257 -12.4 1.2996036954247125
    endloop
  endfacet
  facet normal 0 -1 0
    outer loop
      vertex 7.5821825406948 -12.4 1.3
      vertex 9.137257 -12.4 1.2996036954247125
      vertex 9.137257 -12.4 1.3
    endloop
  endfacet
  facet normal 0.7071067811865476 -0.7071067811865476 0
    outer loop
      vertex 9.137257 -12.4 1.2996036954247125
      vertex 12.4 -9.137257 1.2996036954247125
      vertex 9.137257 -12.4 1.3
    endloop
  endfacet
  facet normal 0.7071067811865476 -0.7071067811865476 0
    outer loop
      vertex 9.137257 -12.4 1.3
      vertex 12.4 -9.137257 1.2996036954247125
      vertex 12.4 -9.137257 1.3
    endloop
  endfacet
  facet normal 1 0 0
    outer loop
      vertex 12.4 -7.5821825406948 0.19999999999999996
      vertex 12.4 -7.5821825406948 1.2900000000000003
      vertex 12.4 -9.123675323681471 1.2900000000000003
    endloop
  endfacet
  facet normal 0 1 0
    outer loop
      vertex 7.5821825406948 12.4 0.19999999999999996
      vertex 7.5821825406948 12.4 1.2900000000000003
      vertex 9.123675323681471 12.4 1.2900000000000003
    endloop
  endfacet
  facet normal 0 1 0
    outer loop
      vertex 7.5821825406948 12.4 1.2900000000000003
      vertex 7.5821825406948 12.4 1.3
      vertex 9.137257 12.4 1.2996036954247125
    endloop
  endfacet
  facet normal 0 1 0
    outer loop
      vertex 7.5821825406948 12.4 1.2900000000000003
      vertex 9.137257 12.4 1.2996036954247125
      vertex 9.123675323681471 12.4 1.2900000000000003
    endloop
  endfacet
  facet normal 0 1 0
    outer loop
      vertex 7.5821825406948 12.4 1.3
      vertex 9.137257 12.4 1.3
      vertex 9.137257 12.4 1.2996036954247125
    endloop
  endfacet
  facet normal 1 0 0
    outer loop
      vertex 12.4 7.5821825406948 0.19999999999999996
      vertex 12.4 9.123675323681471 1.2900000000000003
      vertex 12.4 7.5821825406948 1.2900000000000003
    endloop
  endfacet
  facet normal 1 0 0
    outer loop
      vertex 12.4 7.5821825406948 1.2900000000000003
      vertex 12.4 9.137257 1.2996036954247125
      vertex 12.4 7.5821825406948 1.3
    endloop
  endfacet
  facet normal 1 0 0
    outer loop
      vertex 12.4 7.5821825406948 1.2900000000000003
      vertex 12.4 9.123675323681471 1.2900000000000003
      vertex 12.4 9.137257 1.2996036954247125
    endloop
  endfacet
  facet normal 1 0 0
    outer loop
      vertex 12.4 7.5821825406948 1.3
      vertex 12.4 9.137257 1.2996036954247125
      vertex 12.4 9.137257 1.3
    endloop
  endfacet
  facet normal 0.7071067811865476 0.7071067811865476 0
    outer loop
      vertex 9.137257 12.4 1.3
      vertex 12.4 9.137257 1.3
      vertex 9.137257 12.4 1.2996036954247125
    endloop
  endfacet
  facet normal 0.7071067811865476 0.7071067811865476 0
    outer loop
      vertex 9.137257 12.4 1.2996036954247125
      vertex 12.4 9.137257 1.3
      vertex 12.4 9.137257 1.2996036954247125
    endloop
  endfacet
  facet normal -0.7071067811865475 -0.7071067811865475 0
    outer loop
      vertex 7.5821825406948 12.4 0.19999999999999996
      vertex 12.4 7.5821825406948 0.19999999999999996
      vertex 12.4 7.5821825406948 1.2900000000000003
    endloop
  endfacet
  facet normal 0.5000000000000004 0.5000000000000004 -0.707106781186547
    outer loop
      vertex 7.5821825406948 12.4 0.19999999999999996
      vertex 12.4 9.123675323681471 1.2900000000000003
      vertex 12.4 7.5821825406948 0.19999999999999996
    endloop
  endfacet
  facet normal -0.7071067811865475 -0.7071067811865475 0
    outer loop
      vertex 7.5821825406948 12.4 0.19999999999999996
      vertex 12.4 7.5821825406948 1.2900000000000003
      vertex 7.5821825406948 12.4 1.2900000000000003
    endloop
  endfacet
  facet normal 0.5000000000000003 0.5000000000000003 -0.707106781186547
    outer loop
      vertex 7.5821825406948 12.4 0.19999999999999996
      vertex 9.123675323681471 12.4 1.2900000000000003
      vertex 12.4 9.123675323681471 1.2900000000000003
    endloop
  endfacet
  facet normal -0.5000000000000004 0.5000000000000004 -0.707106781186547
    outer loop
      vertex -12.4 7.5821825406948 0.19999999999999996
      vertex -9.123675323681471 12.4 1.2900000000000003
      vertex -7.5821825406948 12.4 0.19999999999999996
    endloop
  endfacet
  facet normal 0.7071067811865475 -0.7071067811865475 0
    outer loop
      vertex -12.4 7.5821825406948 0.19999999999999996
      vertex -7.5821825406948 12.4 0.19999999999999996
      vertex -7.5821825406948 12.4 1.2900000000000003
    endloop
  endfacet
  facet normal 0.7071067811865475 -0.7071067811865475 0
    outer loop
      vertex -12.4 7.5821825406948 0.19999999999999996
      vertex -7.5821825406948 12.4 1.2900000000000003
      vertex -12.4 7.5821825406948 1.2900000000000003
    endloop
  endfacet
  facet normal -0.5000000000000003 0.5000000000000003 -0.707106781186547
    outer loop
      vertex -12.4 7.5821825406948 0.19999999999999996
      vertex -12.4 9.123675323681471 1.2900000000000003
      vertex -9.123675323681471 12.4 1.2900000000000003
    endloop
  endfacet
  facet normal -0.5000000000000003 -0.5000000000000003 -0.707106781186547
    outer loop
      vertex -12.4 -7.5821825406948 0.19999999999999996
      vertex -7.5821825406948 -12.4 0.19999999999999996
      vertex -12.4 -9.123675323681471 1.2900000000000003
    endloop
  endfacet
  facet normal 0.7071067811865475 0.7071067811865475 0
    outer loop
      vertex -12.4 -7.5821825406948 0.19999999999999996
      vertex -12.4 -7.5821825406948 1.2900000000000003
      vertex -7.5821825406948 -12.4 0.19999999999999996
    endloop
  endfacet
  facet normal -0.5000000000000003 -0.5000000000000003 -0.707106781186547
    outer loop
      vertex -7.5821825406948 -12.4 0.19999999999999996
      vertex -9.123675323681471 -12.4 1.2900000000000003
      vertex -12.4 -9.123675323681471 1.2900000000000003
    endloop
  endfacet
  facet normal 0.7071067811865475 0.7071067811865475 0
    outer loop
      vertex -7.5821825406948 -12.4 0.19999999999999996
      vertex -12.4 -7.5821825406948 1.2900000000000003
      vertex -7.5821825406948 -12.4 1.2900000000000003
    endloop
  endfacet
  facet normal -0.7071067811865475 0.7071067811865475 0
    outer loop
      vertex 7.5821825406948 -12.4 0.19999999999999996
      vertex 7.5821825406948 -12.4 1.2900000000000003
      vertex 12.4 -7.5821825406948 0.19999999999999996
    endloop
  endfacet
  facet normal 0.5000000000000003 -0.5000000000000003 -0.707106781186547
    outer loop
      vertex 7.5821825406948 -12.4 0.19999999999999996
      vertex 12.4 -7.5821825406948 0.19999999999999996
      vertex 9.123675323681471 -12.4 1.2900000000000003
    endloop
  endfacet
  facet normal 0.5000000000000003 -0.5000000000000003 -0.707106781186547
    outer loop
      vertex 12.4 -7.5821825406948 0.19999999999999996
      vertex 12.4 -9.123675323681471 1.2900000000000003
      vertex 9.123675323681471 -12.4 1.2900000000000003
    endloop
  endfacet
  facet normal -0.7071067811865475 0.7071067811865475 0
    outer loop
      vertex 12.4 -7.5821825406948 0.19999999999999996
      vertex 7.5821825406948 -12.4 1.2900000000000003
      vertex 12.4 -7.5821825406948 1.2900000000000003
    endloop
  endfacet
  facet normal -1 0 0
    outer loop
      vertex -5.5 -12.411170825010513 -1.51
      vertex -5.5 -12.411170825010513 -1.5
      vertex -5.5 -12.399999999527932 -1.51
    endloop
  endfacet
  facet normal -1 0 0
    outer loop
      vertex -5.5 -12.399999999527932 -1.51
      vertex -5.5 -12.411170825010513 -1.5
      vertex -5.5 -12.399999999527932 -1.5
    endloop
  endfacet
  facet normal -1 0 0
    outer loop
      vertex -5.5 -12.399999999527932 -1.485000000708103
      vertex -5.5 -12.411170825010513 -1.4682437624842302
      vertex -5.5 -12.411170825010513 0.2682437624842302
    endloop
  endfacet
  facet normal 0 0 -1
    outer loop
      vertex -5.473927038357819 -12.417511124744376 -1.51
      vertex 3.864189378098355 -12.741315824252187 -1.51
      vertex -5.297208594024313 -12.45898027892451 -1.51
    endloop
  endfacet
  facet normal 0 0 -1
    outer loop
      vertex -5.119909251074374 -12.499086455355178 -1.51
      vertex 3.864189378098355 -12.741315824252187 -1.51
      vertex -4.942048452378904 -12.537825255942186 -1.51
    endloop
  endfacet
  facet normal 0 0 -1
    outer loop
      vertex -5.297208594024313 -12.45898027892451 -1.51
      vertex 3.864189378098355 -12.741315824252187 -1.51
      vertex -5.119909251074374 -12.499086455355178 -1.51
    endloop
  endfacet
  facet normal 0 0 -1
    outer loop
      vertex -4.942048452378904 -12.537825255942186 -1.51
      vertex 3.864189378098355 -12.741315824252187 -1.51
      vertex -4.763645702378824 -12.575192432539499 -1.51
    endloop
  endfacet
  facet normal 0 0 -1
    outer loop
      vertex -4.763645702378824 -12.575192432539499 -1.51
      vertex 3.864189378098355 -12.741315824252187 -1.51
      vertex -4.5847205649460525 -12.611183887415116 -1.51
    endloop
  endfacet
  facet normal 0 0 -1
    outer loop
      vertex -5.5 -12.411170825010513 -1.51
      vertex -5.5 -12.399999999527932 -1.51
      vertex 5.5 -12.399999999527932 -1.51
    endloop
  endfacet
  facet normal 0 0 -1
    outer loop
      vertex -5.5 -12.411170825010513 -1.51
      vertex 5.5 -12.399999999527932 -1.51
      vertex -5.473927038357819 -12.417511124744376 -1.51
    endloop
  endfacet
  facet normal 0 0 -1
    outer loop
      vertex -4.5847205649460525 -12.611183887415116 -1.51
      vertex 3.864189378098355 -12.741315824252187 -1.51
      vertex -4.4052926612382315 -12.645795673700423 -1.51
    endloop
  endfacet
  facet normal 0 0 -1
    outer loop
      vertex -4.4052926612382315 -12.645795673700423 -1.51
      vertex 3.864189378098355 -12.741315824252187 -1.51
      vertex -4.225381667546985 -12.67902399582301 -1.51
    endloop
  endfacet
  facet normal 0 0 -1
    outer loop
      vertex -4.225381667546985 -12.67902399582301 -1.51
      vertex 3.864189378098355 -12.741315824252187 -1.51
      vertex -4.045007313140152 -12.710865209922915 -1.51
    endloop
  endfacet
  facet normal 0 0 -1
    outer loop
      vertex -4.045007313140152 -12.710865209922915 -1.51
      vertex 3.864189378098355 -12.741315824252187 -1.51
      vertex -3.864189378098362 -12.741315824252185 -1.51
    endloop
  endfacet
  facet normal 0 0 -1
    outer loop
      vertex -3.864189378098362 -12.741315824252185 -1.51
      vertex 3.682947691145789 -12.770372499557821 -1.51
      vertex -3.682947691145789 -12.770372499557821 -1.51
    endloop
  endfacet
  facet normal 0 0 -1
    outer loop
      vertex -3.682947691145789 -12.770372499557821 -1.51
      vertex 3.554050135132888 -12.790000000000001 -1.51
      vertex -3.5540501351328833 -12.790000000000001 -1.51
    endloop
  endfacet
  facet normal 0 -1 0
    outer loop
      vertex -3.5540501351328833 -12.790000000000001 -1.51
      vertex 3.554050135132888 -12.790000000000001 -1.5
      vertex -3.5540501351328833 -12.790000000000001 -1.5
    endloop
  endfacet
  facet normal -1 0 0
    outer loop
      vertex -5.5 -12.399999999527932 -1.485000000708103
      vertex -5.5 -12.411170825010513 0.2682437624842302
      vertex -5.5 -12.399999999527932 0.28500000070810305
    endloop
  endfacet
  facet normal 0 -1 0
    outer loop
      vertex -3.5540501351328833 -12.790000000000001 -0.8999999999999999
      vertex 3.554050135132888 -12.790000000000001 -0.30000000000000004
      vertex -3.5540501351328833 -12.790000000000001 -0.30000000000000004
    endloop
  endfacet
  facet normal 0 0 -1
    outer loop
      vertex -3.682947691145789 -12.770372499557821 -1.51
      vertex 3.682947691145789 -12.770372499557821 -1.51
      vertex 3.554050135132888 -12.790000000000001 -1.51
    endloop
  endfacet
  facet normal 0 -1 0
    outer loop
      vertex -3.5540501351328833 -12.790000000000001 -1.51
      vertex 3.554050135132888 -12.790000000000001 -1.51
      vertex 3.554050135132888 -12.790000000000001 -1.5
    endloop
  endfacet
  facet normal 0 0 -1
    outer loop
      vertex -3.864189378098362 -12.741315824252185 -1.51
      vertex 3.864189378098355 -12.741315824252187 -1.51
      vertex 3.682947691145789 -12.770372499557821 -1.51
    endloop
  endfacet
  facet normal 0 0 -1
    outer loop
      vertex -5.473927038357819 -12.417511124744376 -1.51
      vertex 5.5 -12.399999999527932 -1.51
      vertex 3.864189378098355 -12.741315824252187 -1.51
    endloop
  endfacet
  facet normal 0 0 -1
    outer loop
      vertex 3.864189378098355 -12.741315824252187 -1.51
      vertex 5.5 -12.399999999527932 -1.51
      vertex 4.045007313140156 -12.710865209922915 -1.51
    endloop
  endfacet
  facet normal 0 0 -1
    outer loop
      vertex 4.045007313140156 -12.710865209922915 -1.51
      vertex 5.5 -12.399999999527932 -1.51
      vertex 4.225381667546983 -12.67902399582301 -1.51
    endloop
  endfacet
  facet normal 0 0 -1
    outer loop
      vertex 4.225381667546983 -12.67902399582301 -1.51
      vertex 5.5 -12.399999999527932 -1.51
      vertex 4.405292661238239 -12.645795673700421 -1.51
    endloop
  endfacet
  facet normal 0 0 -1
    outer loop
      vertex 4.405292661238239 -12.645795673700421 -1.51
      vertex 5.5 -12.399999999527932 -1.51
      vertex 4.5847205649460525 -12.611183887415116 -1.51
    endloop
  endfacet
  facet normal 0 0 -1
    outer loop
      vertex 4.5847205649460525 -12.611183887415116 -1.51
      vertex 5.5 -12.399999999527932 -1.51
      vertex 4.763645702378817 -12.5751924325395 -1.51
    endloop
  endfacet
  facet normal 0 0 -1
    outer loop
      vertex 4.763645702378817 -12.5751924325395 -1.51
      vertex 5.5 -12.399999999527932 -1.51
      vertex 4.942048452378907 -12.537825255942185 -1.51
    endloop
  endfacet
  facet normal 0 0 -1
    outer loop
      vertex 4.942048452378907 -12.537825255942185 -1.51
      vertex 5.5 -12.399999999527932 -1.51
      vertex 5.119909251074371 -12.499086455355178 -1.51
    endloop
  endfacet
  facet normal 0 0 -1
    outer loop
      vertex 5.119909251074371 -12.499086455355178 -1.51
      vertex 5.5 -12.399999999527932 -1.51
      vertex 5.297208594024319 -12.458980278924509 -1.51
    endloop
  endfacet
  facet normal 0 0 -1
    outer loop
      vertex 5.297208594024319 -12.458980278924509 -1.51
      vertex 5.5 -12.399999999527932 -1.51
      vertex 5.473927038357819 -12.417511124744376 -1.51
    endloop
  endfacet
  facet normal 0 0 -1
    outer loop
      vertex 5.473927038357819 -12.417511124744376 -1.51
      vertex 5.5 -12.399999999527932 -1.51
      vertex 5.5 -12.411170825010513 -1.51
    endloop
  endfacet
  facet normal 1 0 0
    outer loop
      vertex 5.5 -12.411170825010513 -1.51
      vertex 5.5 -12.399999999527932 -1.51
      vertex 5.5 -12.399999999527932 -1.5
    endloop
  endfacet
  facet normal 1 0 0
    outer loop
      vertex 5.5 -12.411170825010513 -1.51
      vertex 5.5 -12.399999999527932 -1.5
      vertex 5.5 -12.411170825010513 -1.5
    endloop
  endfacet
  facet normal 1 0 0
    outer loop
      vertex 5.5 -12.399999999527932 -1.485000000708103
      vertex 5.5 -12.399999999527932 0.28500000070810305
      vertex 5.5 -12.411170825010513 -1.4682437624842302
    endloop
  endfacet
  facet normal 0 -1 0
    outer loop
      vertex -3.5540501351328833 -12.790000000000001 -0.8999999999999999
      vertex 3.554050135132888 -12.790000000000001 -0.8999999999999999
      vertex 3.554050135132888 -12.790000000000001 -0.30000000000000004
    endloop
  endfacet
  facet normal 1 0 0
    outer loop
      vertex 5.5 -12.411170825010513 -1.4682437624842302
      vertex 5.5 -12.399999999527932 0.28500000070810305
      vertex 5.5 -12.411170825010513 0.2682437624842302
    endloop
  endfacet
  facet normal 0 -1 0
    outer loop
      vertex -12.411170825010513 -5.5 -1.51
      vertex -12.399999999527932 -5.5 -1.51
      vertex -12.399999999527932 -5.5 -1.5
    endloop
  endfacet
  facet normal 0 -1 0
    outer loop
      vertex -12.411170825010513 -5.5 -1.51
      vertex -12.399999999527932 -5.5 -1.5
      vertex -12.411170825010513 -5.5 -1.5
    endloop
  endfacet
  facet normal 0 0 -1
    outer loop
      vertex -12.411170825010513 -5.5 -1.51
      vertex -12.417511124744376 -5.473927038357819 -1.51
      vertex -12.399999999527932 -5.5 -1.51
    endloop
  endfacet
  facet normal 0 0 -1
    outer loop
      vertex -12.399999999527932 -5.5 -1.51
      vertex -12.417511124744376 -5.473927038357819 -1.51
      vertex -12.458980278924509 -5.297208594024319 -1.51
    endloop
  endfacet
  facet normal 0 0 -1
    outer loop
      vertex -12.399999999527932 -5.5 -1.51
      vertex -12.458980278924509 -5.297208594024319 -1.51
      vertex -12.499086455355178 -5.119909251074371 -1.51
    endloop
  endfacet
  facet normal 0 0 -1
    outer loop
      vertex -12.399999999527932 -5.5 -1.51
      vertex -12.537825255942185 -4.942048452378907 -1.51
      vertex -12.5751924325395 -4.763645702378817 -1.51
    endloop
  endfacet
  facet normal 0 0 -1
    outer loop
      vertex -12.399999999527932 -5.5 -1.51
      vertex -12.499086455355178 -5.119909251074371 -1.51
      vertex -12.537825255942185 -4.942048452378907 -1.51
    endloop
  endfacet
  facet normal 0 0 -1
    outer loop
      vertex -12.399999999527932 -5.5 -1.51
      vertex -12.5751924325395 -4.763645702378817 -1.51
      vertex -12.611183887415116 -4.5847205649460525 -1.51
    endloop
  endfacet
  facet normal 0 0 -1
    outer loop
      vertex -12.399999999527932 -5.5 -1.51
      vertex -12.611183887415116 -4.5847205649460525 -1.51
      vertex -12.645795673700421 -4.405292661238239 -1.51
    endloop
  endfacet
  facet normal 0 0 -1
    outer loop
      vertex -12.399999999527932 -5.5 -1.51
      vertex -12.67902399582301 -4.225381667546983 -1.51
      vertex -12.710865209922915 -4.045007313140156 -1.51
    endloop
  endfacet
  facet normal 0 0 -1
    outer loop
      vertex -12.399999999527932 -5.5 -1.51
      vertex -12.710865209922915 -4.045007313140156 -1.51
      vertex -12.741315824252187 -3.864189378098355 -1.51
    endloop
  endfacet
  facet normal 0 0 -1
    outer loop
      vertex -12.399999999527932 -5.5 -1.51
      vertex -12.645795673700421 -4.405292661238239 -1.51
      vertex -12.67902399582301 -4.225381667546983 -1.51
    endloop
  endfacet
  facet normal 0 -1 0
    outer loop
      vertex -12.399999999527932 -5.5 -1.485000000708103
      vertex -12.399999999527932 -5.5 0.28500000070810305
      vertex -12.411170825010513 -5.5 -1.4682437624842302
    endloop
  endfacet
  facet normal 0 0 -1
    outer loop
      vertex -12.741315824252187 -3.864189378098355 -1.51
      vertex -12.770372499557821 -3.682947691145789 -1.51
      vertex -12.741315824252185 3.864189378098362 -1.51
    endloop
  endfacet
  facet normal 0 0 -1
    outer loop
      vertex -12.399999999527932 -5.5 -1.51
      vertex -12.741315824252187 -3.864189378098355 -1.51
      vertex -12.417511124744376 5.473927038357819 -1.51
    endloop
  endfacet
  facet normal 0 0 -1
    outer loop
      vertex -12.770372499557821 -3.682947691145789 -1.51
      vertex -12.790000000000001 -3.554050135132888 -1.51
      vertex -12.770372499557821 3.682947691145789 -1.51
    endloop
  endfacet
  facet normal -1 0 0
    outer loop
      vertex -12.790000000000001 -3.554050135132888 -1.51
      vertex -12.790000000000001 -3.554050135132888 -1.5
      vertex -12.790000000000001 3.5540501351328833 -1.51
    endloop
  endfacet
  facet normal 0 -1 0
    outer loop
      vertex -12.411170825010513 -5.5 -1.4682437624842302
      vertex -12.399999999527932 -5.5 0.28500000070810305
      vertex -12.411170825010513 -5.5 0.2682437624842302
    endloop
  endfacet
  facet normal -1 0 0
    outer loop
      vertex -12.790000000000001 -3.554050135132888 -0.8999999999999999
      vertex -12.790000000000001 -3.554050135132888 -0.30000000000000004
      vertex -12.790000000000001 3.5540501351328833 -0.8999999999999999
    endloop
  endfacet
  facet normal -1 0 0
    outer loop
      vertex -12.790000000000001 -3.554050135132888 -1.5
      vertex -12.790000000000001 3.5540501351328833 -1.5
      vertex -12.790000000000001 3.5540501351328833 -1.51
    endloop
  endfacet
  facet normal 0 0 -1
    outer loop
      vertex -12.790000000000001 -3.554050135132888 -1.51
      vertex -12.790000000000001 3.5540501351328833 -1.51
      vertex -12.770372499557821 3.682947691145789 -1.51
    endloop
  endfacet
  facet normal 0 0 -1
    outer loop
      vertex -12.770372499557821 -3.682947691145789 -1.51
      vertex -12.770372499557821 3.682947691145789 -1.51
      vertex -12.741315824252185 3.864189378098362 -1.51
    endloop
  endfacet
  facet normal 0 0 -1
    outer loop
      vertex -12.741315824252187 -3.864189378098355 -1.51
      vertex -12.741315824252185 3.864189378098362 -1.51
      vertex -12.710865209922915 4.045007313140152 -1.51
    endloop
  endfacet
  facet normal 0 0 -1
    outer loop
      vertex -12.741315824252187 -3.864189378098355 -1.51
      vertex -12.710865209922915 4.045007313140152 -1.51
      vertex -12.67902399582301 4.225381667546985 -1.51
    endloop
  endfacet
  facet normal 0 0 -1
    outer loop
      vertex -12.741315824252187 -3.864189378098355 -1.51
      vertex -12.67902399582301 4.225381667546985 -1.51
      vertex -12.645795673700423 4.4052926612382315 -1.51
    endloop
  endfacet
  facet normal 0 0 -1
    outer loop
      vertex -12.741315824252187 -3.864189378098355 -1.51
      vertex -12.645795673700423 4.4052926612382315 -1.51
      vertex -12.611183887415116 4.5847205649460525 -1.51
    endloop
  endfacet
  facet normal 0 0 -1
    outer loop
      vertex -12.741315824252187 -3.864189378098355 -1.51
      vertex -12.611183887415116 4.5847205649460525 -1.51
      vertex -12.575192432539499 4.763645702378824 -1.51
    endloop
  endfacet
  facet normal 0 0 -1
    outer loop
      vertex -12.741315824252187 -3.864189378098355 -1.51
      vertex -12.575192432539499 4.763645702378824 -1.51
      vertex -12.537825255942186 4.942048452378904 -1.51
    endloop
  endfacet
  facet normal 0 0 -1
    outer loop
      vertex -12.399999999527932 -5.5 -1.51
      vertex -12.411170825010513 5.5 -1.51
      vertex -12.399999999527932 5.5 -1.51
    endloop
  endfacet
  facet normal 0 0 -1
    outer loop
      vertex -12.399999999527932 -5.5 -1.51
      vertex -12.417511124744376 5.473927038357819 -1.51
      vertex -12.411170825010513 5.5 -1.51
    endloop
  endfacet
  facet normal 0 0 -1
    outer loop
      vertex -12.741315824252187 -3.864189378098355 -1.51
      vertex -12.537825255942186 4.942048452378904 -1.51
      vertex -12.499086455355178 5.119909251074374 -1.51
    endloop
  endfacet
  facet normal 0 0 -1
    outer loop
      vertex -12.741315824252187 -3.864189378098355 -1.51
      vertex -12.499086455355178 5.119909251074374 -1.51
      vertex -12.45898027892451 5.297208594024313 -1.51
    endloop
  endfacet
  facet normal 0 0 -1
    outer loop
      vertex -12.741315824252187 -3.864189378098355 -1.51
      vertex -12.45898027892451 5.297208594024313 -1.51
      vertex -12.417511124744376 5.473927038357819 -1.51
    endloop
  endfacet
  facet normal 0 1 0
    outer loop
      vertex -12.411170825010513 5.5 -1.51
      vertex -12.411170825010513 5.5 -1.5
      vertex -12.399999999527932 5.5 -1.51
    endloop
  endfacet
  facet normal 0 1 0
    outer loop
      vertex -12.399999999527932 5.5 -1.51
      vertex -12.411170825010513 5.5 -1.5
      vertex -12.399999999527932 5.5 -1.5
    endloop
  endfacet
  facet normal 0 1 0
    outer loop
      vertex -12.399999999527932 5.5 -1.485000000708103
      vertex -12.411170825010513 5.5 -1.4682437624842302
      vertex -12.411170825010513 5.5 0.2682437624842302
    endloop
  endfacet
  facet normal -1 0 0
    outer loop
      vertex -12.790000000000001 -3.554050135132888 -0.30000000000000004
      vertex -12.790000000000001 3.5540501351328833 -0.30000000000000004
      vertex -12.790000000000001 3.5540501351328833 -0.8999999999999999
    endloop
  endfacet
  facet normal 0 1 0
    outer loop
      vertex -12.399999999527932 5.5 -1.485000000708103
      vertex -12.411170825010513 5.5 0.2682437624842302
      vertex -12.399999999527932 5.5 0.28500000070810305
    endloop
  endfacet
  facet normal 0 -1 0
    outer loop
      vertex 12.411170825010513 -5.5 -1.51
      vertex 12.411170825010513 -5.5 -1.5
      vertex 12.399999999527932 -5.5 -1.51
    endloop
  endfacet
  facet normal 0 -1 0
    outer loop
      vertex 12.399999999527932 -5.5 -1.51
      vertex 12.411170825010513 -5.5 -1.5
      vertex 12.399999999527932 -5.5 -1.5
    endloop
  endfacet
  facet normal 0 -1 0
    outer loop
      vertex 12.399999999527932 -5.5 -1.485000000708103
      vertex 12.411170825010513 -5.5 -1.4682437624842302
      vertex 12.411170825010513 -5.5 0.2682437624842302
    endloop
  endfacet
  facet normal 0 0 -1
    outer loop
      vertex 12.417511124744376 -5.473927038357819 -1.51
      vertex 12.741315824252187 3.864189378098355 -1.51
      vertex 12.45898027892451 -5.297208594024313 -1.51
    endloop
  endfacet
  facet normal 0 0 -1
    outer loop
      vertex 12.45898027892451 -5.297208594024313 -1.51
      vertex 12.741315824252187 3.864189378098355 -1.51
      vertex 12.499086455355178 -5.119909251074374 -1.51
    endloop
  endfacet
  facet normal 0 0 -1
    outer loop
      vertex 12.499086455355178 -5.119909251074374 -1.51
      vertex 12.741315824252187 3.864189378098355 -1.51
      vertex 12.537825255942186 -4.942048452378904 -1.51
    endloop
  endfacet
  facet normal 0 0 -1
    outer loop
      vertex 12.411170825010513 -5.5 -1.51
      vertex 12.399999999527932 -5.5 -1.51
      vertex 12.399999999527932 5.5 -1.51
    endloop
  endfacet
  facet normal 0 0 -1
    outer loop
      vertex 12.411170825010513 -5.5 -1.51
      vertex 12.399999999527932 5.5 -1.51
      vertex 12.417511124744376 -5.473927038357819 -1.51
    endloop
  endfacet
  facet normal 0 0 -1
    outer loop
      vertex 12.537825255942186 -4.942048452378904 -1.51
      vertex 12.741315824252187 3.864189378098355 -1.51
      vertex 12.575192432539499 -4.763645702378824 -1.51
    endloop
  endfacet
  facet normal 0 0 -1
    outer loop
      vertex 12.575192432539499 -4.763645702378824 -1.51
      vertex 12.741315824252187 3.864189378098355 -1.51
      vertex 12.611183887415116 -4.5847205649460525 -1.51
    endloop
  endfacet
  facet normal 0 0 -1
    outer loop
      vertex 12.611183887415116 -4.5847205649460525 -1.51
      vertex 12.741315824252187 3.864189378098355 -1.51
      vertex 12.645795673700423 -4.4052926612382315 -1.51
    endloop
  endfacet
  facet normal 0 0 -1
    outer loop
      vertex 12.645795673700423 -4.4052926612382315 -1.51
      vertex 12.741315824252187 3.864189378098355 -1.51
      vertex 12.67902399582301 -4.225381667546985 -1.51
    endloop
  endfacet
  facet normal 0 0 -1
    outer loop
      vertex 12.67902399582301 -4.225381667546985 -1.51
      vertex 12.741315824252187 3.864189378098355 -1.51
      vertex 12.710865209922915 -4.045007313140152 -1.51
    endloop
  endfacet
  facet normal 0 0 -1
    outer loop
      vertex 12.710865209922915 -4.045007313140152 -1.51
      vertex 12.741315824252187 3.864189378098355 -1.51
      vertex 12.741315824252185 -3.864189378098362 -1.51
    endloop
  endfacet
  facet normal 0 0 -1
    outer loop
      vertex 12.741315824252185 -3.864189378098362 -1.51
      vertex 12.770372499557821 3.682947691145789 -1.51
      vertex 12.770372499557821 -3.682947691145789 -1.51
    endloop
  endfacet
  facet normal 0 0 -1
    outer loop
      vertex 12.770372499557821 -3.682947691145789 -1.51
      vertex 12.790000000000001 3.554050135132888 -1.51
      vertex 12.790000000000001 -3.5540501351328833 -1.51
    endloop
  endfacet
  facet normal 1 0 0
    outer loop
      vertex 12.790000000000001 -3.5540501351328833 -1.51
      vertex 12.790000000000001 3.554050135132888 -1.5
      vertex 12.790000000000001 -3.5540501351328833 -1.5
    endloop
  endfacet
  facet normal 0 -1 0
    outer loop
      vertex 12.399999999527932 -5.5 -1.485000000708103
      vertex 12.411170825010513 -5.5 0.2682437624842302
      vertex 12.399999999527932 -5.5 0.28500000070810305
    endloop
  endfacet
  facet normal 1 0 0
    outer loop
      vertex 12.790000000000001 -3.5540501351328833 -0.8999999999999999
      vertex 12.790000000000001 3.554050135132888 -0.30000000000000004
      vertex 12.790000000000001 -3.5540501351328833 -0.30000000000000004
    endloop
  endfacet
  facet normal 0 0 -1
    outer loop
      vertex 12.770372499557821 -3.682947691145789 -1.51
      vertex 12.770372499557821 3.682947691145789 -1.51
      vertex 12.790000000000001 3.554050135132888 -1.51
    endloop
  endfacet
  facet normal 1 0 0
    outer loop
      vertex 12.790000000000001 -3.5540501351328833 -1.51
      vertex 12.790000000000001 3.554050135132888 -1.51
      vertex 12.790000000000001 3.554050135132888 -1.5
    endloop
  endfacet
  facet normal 0 0 -1
    outer loop
      vertex 12.417511124744376 -5.473927038357819 -1.51
      vertex 12.399999999527932 5.5 -1.51
      vertex 12.741315824252187 3.864189378098355 -1.51
    endloop
  endfacet
  facet normal 0 0 -1
    outer loop
      vertex 12.741315824252185 -3.864189378098362 -1.51
      vertex 12.741315824252187 3.864189378098355 -1.51
      vertex 12.770372499557821 3.682947691145789 -1.51
    endloop
  endfacet
  facet normal 0 0 -1
    outer loop
      vertex 12.67902399582301 4.225381667546983 -1.51
      vertex 12.399999999527932 5.5 -1.51
      vertex 12.645795673700421 4.405292661238239 -1.51
    endloop
  endfacet
  facet normal 0 0 -1
    outer loop
      vertex 12.741315824252187 3.864189378098355 -1.51
      vertex 12.399999999527932 5.5 -1.51
      vertex 12.710865209922915 4.045007313140156 -1.51
    endloop
  endfacet
  facet normal 0 0 -1
    outer loop
      vertex 12.710865209922915 4.045007313140156 -1.51
      vertex 12.399999999527932 5.5 -1.51
      vertex 12.67902399582301 4.225381667546983 -1.51
    endloop
  endfacet
  facet normal 0 0 -1
    outer loop
      vertex 12.645795673700421 4.405292661238239 -1.51
      vertex 12.399999999527932 5.5 -1.51
      vertex 12.611183887415116 4.5847205649460525 -1.51
    endloop
  endfacet
  facet normal 0 0 -1
    outer loop
      vertex 12.5751924325395 4.763645702378817 -1.51
      vertex 12.611183887415116 4.5847205649460525 -1.51
      vertex 12.399999999527932 5.5 -1.51
    endloop
  endfacet
  facet normal 0 0 -1
    outer loop
      vertex 12.537825255942185 4.942048452378907 -1.51
      vertex 12.399999999527932 5.5 -1.51
      vertex 12.499086455355178 5.119909251074371 -1.51
    endloop
  endfacet
  facet normal 0 0 -1
    outer loop
      vertex 12.5751924325395 4.763645702378817 -1.51
      vertex 12.399999999527932 5.5 -1.51
      vertex 12.537825255942185 4.942048452378907 -1.51
    endloop
  endfacet
  facet normal 0 0 -1
    outer loop
      vertex 12.499086455355178 5.119909251074371 -1.51
      vertex 12.399999999527932 5.5 -1.51
      vertex 12.458980278924509 5.297208594024319 -1.51
    endloop
  endfacet
  facet normal 0 0 -1
    outer loop
      vertex 12.458980278924509 5.297208594024319 -1.51
      vertex 12.399999999527932 5.5 -1.51
      vertex 12.417511124744376 5.473927038357819 -1.51
    endloop
  endfacet
  facet normal 0 0 -1
    outer loop
      vertex 12.417511124744376 5.473927038357819 -1.51
      vertex 12.399999999527932 5.5 -1.51
      vertex 12.411170825010513 5.5 -1.51
    endloop
  endfacet
  facet normal 0 1 0
    outer loop
      vertex 12.411170825010513 5.5 -1.51
      vertex 12.399999999527932 5.5 -1.51
      vertex 12.399999999527932 5.5 -1.5
    endloop
  endfacet
  facet normal 0 1 0
    outer loop
      vertex 12.411170825010513 5.5 -1.51
      vertex 12.399999999527932 5.5 -1.5
      vertex 12.411170825010513 5.5 -1.5
    endloop
  endfacet
  facet normal 0 1 0
    outer loop
      vertex 12.399999999527932 5.5 -1.485000000708103
      vertex 12.399999999527932 5.5 0.28500000070810305
      vertex 12.411170825010513 5.5 -1.4682437624842302
    endloop
  endfacet
  facet normal 1 0 0
    outer loop
      vertex 12.790000000000001 -3.5540501351328833 -0.8999999999999999
      vertex 12.790000000000001 3.554050135132888 -0.8999999999999999
      vertex 12.790000000000001 3.554050135132888 -0.30000000000000004
    endloop
  endfacet
  facet normal 0 1 0
    outer loop
      vertex 12.411170825010513 5.5 -1.4682437624842302
      vertex 12.399999999527932 5.5 0.28500000070810305
      vertex 12.411170825010513 5.5 0.2682437624842302
    endloop
  endfacet
  facet normal -1 0 0
    outer loop
      vertex -5.5 12.411170825010513 -1.51
      vertex -5.5 12.399999999527932 -1.51
      vertex -5.5 12.399999999527932 -1.5
    endloop
  endfacet
  facet normal -1 0 0
    outer loop
      vertex -5.5 12.411170825010513 -1.51
      vertex -5.5 12.399999999527932 -1.5
      vertex -5.5 12.411170825010513 -1.5
    endloop
  endfacet
  facet normal 0 0 -1
    outer loop
      vertex -5.5 12.411170825010513 -1.51
      vertex -5.473927038357819 12.417511124744376 -1.51
      vertex -5.5 12.399999999527932 -1.51
    endloop
  endfacet
  facet normal 0 0 -1
    outer loop
      vertex -5.5 12.399999999527932 -1.51
      vertex -5.473927038357819 12.417511124744376 -1.51
      vertex -5.297208594024319 12.458980278924509 -1.51
    endloop
  endfacet
  facet normal 0 0 -1
    outer loop
      vertex -5.5 12.399999999527932 -1.51
      vertex -5.297208594024319 12.458980278924509 -1.51
      vertex -5.119909251074371 12.499086455355178 -1.51
    endloop
  endfacet
  facet normal 0 0 -1
    outer loop
      vertex -5.5 12.399999999527932 -1.51
      vertex -5.119909251074371 12.499086455355178 -1.51
      vertex -4.942048452378907 12.537825255942185 -1.51
    endloop
  endfacet
  facet normal 0 0 -1
    outer loop
      vertex -5.5 12.399999999527932 -1.51
      vertex -4.942048452378907 12.537825255942185 -1.51
      vertex -4.763645702378817 12.5751924325395 -1.51
    endloop
  endfacet
  facet normal 0 0 -1
    outer loop
      vertex -5.5 12.399999999527932 -1.51
      vertex -4.763645702378817 12.5751924325395 -1.51
      vertex -4.5847205649460525 12.611183887415116 -1.51
    endloop
  endfacet
  facet normal 0 0 -1
    outer loop
      vertex -5.5 12.399999999527932 -1.51
      vertex -4.5847205649460525 12.611183887415116 -1.51
      vertex -4.405292661238239 12.645795673700421 -1.51
    endloop
  endfacet
  facet normal 0 0 -1
    outer loop
      vertex -5.5 12.399999999527932 -1.51
      vertex -4.405292661238239 12.645795673700421 -1.51
      vertex -4.225381667546983 12.67902399582301 -1.51
    endloop
  endfacet
  facet normal 0 0 -1
    outer loop
      vertex -5.5 12.399999999527932 -1.51
      vertex -4.225381667546983 12.67902399582301 -1.51
      vertex -4.045007313140156 12.710865209922915 -1.51
    endloop
  endfacet
  facet normal 0 0 -1
    outer loop
      vertex -5.5 12.399999999527932 -1.51
      vertex -4.045007313140156 12.710865209922915 -1.51
      vertex -3.864189378098355 12.741315824252187 -1.51
    endloop
  endfacet
  facet normal -1 0 0
    outer loop
      vertex -5.5 12.399999999527932 -1.485000000708103
      vertex -5.5 12.399999999527932 0.28500000070810305
      vertex -5.5 12.411170825010513 -1.4682437624842302
    endloop
  endfacet
  facet normal 0 0 -1
    outer loop
      vertex -5.5 12.399999999527932 -1.51
      vertex -3.864189378098355 12.741315824252187 -1.51
      vertex 5.473927038357819 12.417511124744376 -1.51
    endloop
  endfacet
  facet normal 0 0 -1
    outer loop
      vertex -3.864189378098355 12.741315824252187 -1.51
      vertex -3.682947691145789 12.770372499557821 -1.51
      vertex 3.864189378098362 12.741315824252185 -1.51
    endloop
  endfacet
  facet normal 0 0 -1
    outer loop
      vertex -3.682947691145789 12.770372499557821 -1.51
      vertex -3.554050135132888 12.790000000000001 -1.51
      vertex 3.682947691145789 12.770372499557821 -1.51
    endloop
  endfacet
  facet normal 0 1 0
    outer loop
      vertex -3.554050135132888 12.790000000000001 -1.51
      vertex -3.554050135132888 12.790000000000001 -1.5
      vertex 3.5540501351328833 12.790000000000001 -1.51
    endloop
  endfacet
  facet normal -1 0 0
    outer loop
      vertex -5.5 12.411170825010513 -1.4682437624842302
      vertex -5.5 12.399999999527932 0.28500000070810305
      vertex -5.5 12.411170825010513 0.2682437624842302
    endloop
  endfacet
  facet normal 0 1 0
    outer loop
      vertex -3.554050135132888 12.790000000000001 -0.8999999999999999
      vertex -3.554050135132888 12.790000000000001 -0.30000000000000004
      vertex 3.5540501351328833 12.790000000000001 -0.8999999999999999
    endloop
  endfacet
  facet normal 0 1 0
    outer loop
      vertex -3.554050135132888 12.790000000000001 -1.5
      vertex 3.5540501351328833 12.790000000000001 -1.5
      vertex 3.5540501351328833 12.790000000000001 -1.51
    endloop
  endfacet
  facet normal 0 0 -1
    outer loop
      vertex -3.554050135132888 12.790000000000001 -1.51
      vertex 3.5540501351328833 12.790000000000001 -1.51
      vertex 3.682947691145789 12.770372499557821 -1.51
    endloop
  endfacet
  facet normal 0 0 -1
    outer loop
      vertex -3.682947691145789 12.770372499557821 -1.51
      vertex 3.682947691145789 12.770372499557821 -1.51
      vertex 3.864189378098362 12.741315824252185 -1.51
    endloop
  endfacet
  facet normal 0 0 -1
    outer loop
      vertex -3.864189378098355 12.741315824252187 -1.51
      vertex 3.864189378098362 12.741315824252185 -1.51
      vertex 4.045007313140152 12.710865209922915 -1.51
    endloop
  endfacet
  facet normal 0 0 -1
    outer loop
      vertex -3.864189378098355 12.741315824252187 -1.51
      vertex 4.045007313140152 12.710865209922915 -1.51
      vertex 4.225381667546985 12.67902399582301 -1.51
    endloop
  endfacet
  facet normal 0 0 -1
    outer loop
      vertex -3.864189378098355 12.741315824252187 -1.51
      vertex 4.225381667546985 12.67902399582301 -1.51
      vertex 4.4052926612382315 12.645795673700423 -1.51
    endloop
  endfacet
  facet normal 0 0 -1
    outer loop
      vertex -3.864189378098355 12.741315824252187 -1.51
      vertex 4.4052926612382315 12.645795673700423 -1.51
      vertex 4.5847205649460525 12.611183887415116 -1.51
    endloop
  endfacet
  facet normal 0 0 -1
    outer loop
      vertex -5.5 12.399999999527932 -1.51
      vertex 5.5 12.411170825010513 -1.51
      vertex 5.5 12.399999999527932 -1.51
    endloop
  endfacet
  facet normal 0 0 -1
    outer loop
      vertex -5.5 12.399999999527932 -1.51
      vertex 5.473927038357819 12.417511124744376 -1.51
      vertex 5.5 12.411170825010513 -1.51
    endloop
  endfacet
  facet normal 0 0 -1
    outer loop
      vertex -3.864189378098355 12.741315824252187 -1.51
      vertex 4.5847205649460525 12.611183887415116 -1.51
      vertex 4.763645702378824 12.575192432539499 -1.51
    endloop
  endfacet
  facet normal 0 0 -1
    outer loop
      vertex -3.864189378098355 12.741315824252187 -1.51
      vertex 4.763645702378824 12.575192432539499 -1.51
      vertex 4.942048452378904 12.537825255942186 -1.51
    endloop
  endfacet
  facet normal 0 0 -1
    outer loop
      vertex -3.864189378098355 12.741315824252187 -1.51
      vertex 5.119909251074374 12.499086455355178 -1.51
      vertex 5.297208594024313 12.45898027892451 -1.51
    endloop
  endfacet
  facet normal 0 0 -1
    outer loop
      vertex -3.864189378098355 12.741315824252187 -1.51
      vertex 4.942048452378904 12.537825255942186 -1.51
      vertex 5.119909251074374 12.499086455355178 -1.51
    endloop
  endfacet
  facet normal 0 0 -1
    outer loop
      vertex -3.864189378098355 12.741315824252187 -1.51
      vertex 5.297208594024313 12.45898027892451 -1.51
      vertex 5.473927038357819 12.417511124744376 -1.51
    endloop
  endfacet
  facet normal 1 0 0
    outer loop
      vertex 5.5 12.411170825010513 -1.51
      vertex 5.5 12.411170825010513 -1.5
      vertex 5.5 12.399999999527932 -1.51
    endloop
  endfacet
  facet normal 1 0 0
    outer loop
      vertex 5.5 12.399999999527932 -1.51
      vertex 5.5 12.411170825010513 -1.5
      vertex 5.5 12.399999999527932 -1.5
    endloop
  endfacet
  facet normal 1 0 0
    outer loop
      vertex 5.5 12.399999999527932 -1.485000000708103
      vertex 5.5 12.411170825010513 -1.4682437624842302
      vertex 5.5 12.411170825010513 0.2682437624842302
    endloop
  endfacet
  facet normal 0 1 0
    outer loop
      vertex -3.554050135132888 12.790000000000001 -0.30000000000000004
      vertex 3.5540501351328833 12.790000000000001 -0.30000000000000004
      vertex 3.5540501351328833 12.790000000000001 -0.8999999999999999
    endloop
  endfacet
  facet normal 1 0 0
    outer loop
      vertex 5.5 12.399999999527932 -1.485000000708103
      vertex 5.5 12.411170825010513 0.2682437624842302
      vertex 5.5 12.399999999527932 0.28500000070810305
    endloop
  endfacet
  facet normal 3.233213126864756e-16 -0.832050294337843 0.5547001962252299
    outer loop
      vertex -3.864189378098362 -12.741315824252185 -0.22697373637827645
      vertex -5.5 -12.399999999527932 0.28500000070810305
      vertex -4.045007313140152 -12.710865209922915 -0.18129781488437113
    endloop
  endfacet
  facet normal 3.950381294239367e-16 -0.8320502943378428 0.5547001962252303
    outer loop
      vertex -4.045007313140152 -12.710865209922915 -0.18129781488437113
      vertex -5.5 -12.399999999527932 0.28500000070810305
      vertex -4.225381667546985 -12.67902399582301 -0.13353599373451508
    endloop
  endfacet
  facet normal 0 -0.8320502943378437 0.5547001962252291
    outer loop
      vertex -3.682947691145789 -12.770372499557821 -0.2705587493367305
      vertex 3.864189378098355 -12.741315824252187 -0.2269737363782791
      vertex -3.864189378098362 -12.741315824252185 -0.22697373637827645
    endloop
  endfacet
  facet normal 0 -0.8320502943378398 0.5547001962252349
    outer loop
      vertex -3.682947691145789 -12.770372499557821 -0.2705587493367305
      vertex -3.5540501351328833 -12.790000000000001 -0.30000000000000004
      vertex 3.682947691145789 -12.770372499557821 -0.2705587493367305
    endloop
  endfacet
  facet normal 7.744071993660223e-16 -0.8320502943378426 0.5547001962252308
    outer loop
      vertex -4.4052926612382315 -12.645795673700423 -0.08369351055063379
      vertex -5.5 -12.399999999527932 0.28500000070810305
      vertex -4.5847205649460525 -12.611183887415116 -0.03177583112267324
    endloop
  endfacet
  facet normal 7.946141524852188e-16 -0.8320502943378423 0.5547001962252314
    outer loop
      vertex -4.5847205649460525 -12.611183887415116 -0.03177583112267324
      vertex -5.5 -12.399999999527932 0.28500000070810305
      vertex -4.763645702378824 -12.575192432539499 0.02221135119075268
    endloop
  endfacet
  facet normal 2.070268989993165e-15 -0.8320502943378406 0.5547001962252335
    outer loop
      vertex -5.297208594024313 -12.45898027892451 0.19652958161323508
      vertex -5.119909251074374 -12.499086455355178 0.13637031696723434
      vertex -5.5 -12.399999999527932 0.28500000070810305
    endloop
  endfacet
  facet normal 1.1579963968438018e-15 -0.8320502943378416 0.5547001962252323
    outer loop
      vertex -4.942048452378904 -12.537825255942186 0.0782621160867214
      vertex -4.763645702378824 -12.575192432539499 0.02221135119075268
      vertex -5.5 -12.399999999527932 0.28500000070810305
    endloop
  endfacet
  facet normal 1.6594339265704173e-15 -0.8320502943378412 0.5547001962252329
    outer loop
      vertex -4.942048452378904 -12.537825255942186 0.0782621160867214
      vertex -5.5 -12.399999999527932 0.28500000070810305
      vertex -5.119909251074374 -12.499086455355178 0.13637031696723434
    endloop
  endfacet
  facet normal 2.6286908007517505e-15 -0.8320502943378404 0.5547001962252338
    outer loop
      vertex -5.297208594024313 -12.45898027892451 0.19652958161323508
      vertex -5.5 -12.399999999527932 0.28500000070810305
      vertex -5.473927038357819 -12.417511124744376 0.25873331288343704
    endloop
  endfacet
  facet normal -1.2131118103226657e-14 -0.832050294337847 0.554700196225224
    outer loop
      vertex -5.473927038357819 -12.417511124744376 0.25873331288343704
      vertex -5.5 -12.399999999527932 0.28500000070810305
      vertex -5.5 -12.411170825010513 0.2682437624842302
    endloop
  endfacet
  facet normal 4.905656877347864e-16 -0.8320502943378428 0.5547001962252304
    outer loop
      vertex -4.225381667546985 -12.67902399582301 -0.13353599373451508
      vertex -5.5 -12.399999999527932 0.28500000070810305
      vertex -4.4052926612382315 -12.645795673700423 -0.08369351055063379
    endloop
  endfacet
  facet normal 1.2362309527698148e-17 -0.8320502943378435 0.5547001962252294
    outer loop
      vertex -3.864189378098362 -12.741315824252185 -0.22697373637827645
      vertex 5.5 -12.411170825010513 0.2682437624842302
      vertex -5.5 -12.399999999527932 0.28500000070810305
    endloop
  endfacet
  facet normal 0 -0.8320502943378397 0.5547001962252349
    outer loop
      vertex -3.5540501351328833 -12.790000000000001 -0.30000000000000004
      vertex 3.554050135132888 -12.790000000000001 -0.30000000000000004
      vertex 3.682947691145789 -12.770372499557821 -0.2705587493367305
    endloop
  endfacet
  facet normal 0 -0.8320502943378436 0.5547001962252291
    outer loop
      vertex -3.682947691145789 -12.770372499557821 -0.2705587493367305
      vertex 3.682947691145789 -12.770372499557821 -0.2705587493367305
      vertex 3.864189378098355 -12.741315824252187 -0.2269737363782791
    endloop
  endfacet
  facet normal 0 -0.8320502943378436 0.554700196225229
    outer loop
      vertex -3.864189378098362 -12.741315824252185 -0.22697373637827645
      vertex 3.864189378098355 -12.741315824252187 -0.2269737363782791
      vertex 4.045007313140156 -12.710865209922915 -0.18129781488437113
    endloop
  endfacet
  facet normal 0 -0.8320502943378437 0.5547001962252291
    outer loop
      vertex -3.864189378098362 -12.741315824252185 -0.22697373637827645
      vertex 4.045007313140156 -12.710865209922915 -0.18129781488437113
      vertex 4.225381667546983 -12.67902399582301 -0.13353599373451508
    endloop
  endfacet
  facet normal 0 -0.8320502943378436 0.5547001962252291
    outer loop
      vertex -3.864189378098362 -12.741315824252185 -0.22697373637827645
      vertex 4.225381667546983 -12.67902399582301 -0.13353599373451508
      vertex 4.405292661238239 -12.645795673700421 -0.08369351055063112
    endloop
  endfacet
  facet normal 0 -0.8320502943378436 0.5547001962252293
    outer loop
      vertex -3.864189378098362 -12.741315824252185 -0.22697373637827645
      vertex 4.405292661238239 -12.645795673700421 -0.08369351055063112
      vertex 4.5847205649460525 -12.611183887415116 -0.03177583112267324
    endloop
  endfacet
  facet normal 0 -0.8320502943378438 0.5547001962252288
    outer loop
      vertex -3.864189378098362 -12.741315824252185 -0.22697373637827645
      vertex 4.5847205649460525 -12.611183887415116 -0.03177583112267324
      vertex 4.763645702378817 -12.5751924325395 0.022211351190750017
    endloop
  endfacet
  facet normal 0 -0.8320502943378437 0.554700196225229
    outer loop
      vertex -3.864189378098362 -12.741315824252185 -0.22697373637827645
      vertex 4.763645702378817 -12.5751924325395 0.022211351190750017
      vertex 4.942048452378907 -12.537825255942185 0.07826211608672407
    endloop
  endfacet
  facet normal 0 -0.8320502943378435 0.5547001962252295
    outer loop
      vertex -3.864189378098362 -12.741315824252185 -0.22697373637827645
      vertex 4.942048452378907 -12.537825255942185 0.07826211608672407
      vertex 5.119909251074371 -12.499086455355178 0.13637031696723434
    endloop
  endfacet
  facet normal 0 -0.8320502943378436 0.5547001962252294
    outer loop
      vertex -3.864189378098362 -12.741315824252185 -0.22697373637827645
      vertex 5.119909251074371 -12.499086455355178 0.13637031696723434
      vertex 5.297208594024319 -12.458980278924509 0.19652958161323775
    endloop
  endfacet
  facet normal 0 -0.8320502943378437 0.5547001962252291
    outer loop
      vertex -3.864189378098362 -12.741315824252185 -0.22697373637827645
      vertex 5.297208594024319 -12.458980278924509 0.19652958161323775
      vertex 5.473927038357819 -12.417511124744376 0.25873331288343704
    endloop
  endfacet
  facet normal -1.5164339572984695e-15 -0.832050294337831 0.5547001962252481
    outer loop
      vertex -3.864189378098362 -12.741315824252185 -0.22697373637827645
      vertex 5.473927038357819 -12.417511124744376 0.25873331288343704
      vertex 5.5 -12.411170825010513 0.2682437624842302
    endloop
  endfacet
  facet normal 0 -0.832050294337847 0.554700196225224
    outer loop
      vertex -5.5 -12.399999999527932 0.28500000070810305
      vertex 5.5 -12.411170825010513 0.2682437624842302
      vertex 5.5 -12.399999999527932 0.28500000070810305
    endloop
  endfacet
  facet normal -0.8320502943378437 0 0.5547001962252291
    outer loop
      vertex -12.645795673700421 -4.405292661238239 -0.08369351055063112
      vertex -12.611183887415116 -4.5847205649460525 -0.03177583112267324
      vertex -12.741315824252185 3.864189378098362 -0.22697373637827645
    endloop
  endfacet
  facet normal -0.8320502943378436 0 0.554700196225229
    outer loop
      vertex -12.537825255942185 -4.942048452378907 0.07826211608672407
      vertex -12.499086455355178 -5.119909251074371 0.13637031696723434
      vertex -12.741315824252185 3.864189378098362 -0.22697373637827645
    endloop
  endfacet
  facet normal -0.8320502943378437 0 0.5547001962252291
    outer loop
      vertex -12.611183887415116 -4.5847205649460525 -0.03177583112267324
      vertex -12.5751924325395 -4.763645702378817 0.022211351190750017
      vertex -12.741315824252185 3.864189378098362 -0.22697373637827645
    endloop
  endfacet
  facet normal -0.8320502943378436 0 0.554700196225229
    outer loop
      vertex -12.537825255942185 -4.942048452378907 0.07826211608672407
      vertex -12.741315824252185 3.864189378098362 -0.22697373637827645
      vertex -12.5751924325395 -4.763645702378817 0.022211351190750017
    endloop
  endfacet
  facet normal -0.8320502943378397 0 0.5547001962252349
    outer loop
      vertex -12.770372499557821 -3.682947691145789 -0.2705587493367305
      vertex -12.790000000000001 3.5540501351328833 -0.30000000000000004
      vertex -12.790000000000001 -3.554050135132888 -0.30000000000000004
    endloop
  endfacet
  facet normal -0.8320502943378436 0 0.5547001962252291
    outer loop
      vertex -12.770372499557821 -3.682947691145789 -0.2705587493367305
      vertex -12.741315824252187 -3.864189378098355 -0.2269737363782791
      vertex -12.770372499557821 3.682947691145789 -0.2705587493367305
    endloop
  endfacet
  facet normal -0.8320502943378436 0 0.5547001962252291
    outer loop
      vertex -12.710865209922915 -4.045007313140156 -0.18129781488437113
      vertex -12.67902399582301 -4.225381667546983 -0.13353599373451508
      vertex -12.741315824252185 3.864189378098362 -0.22697373637827645
    endloop
  endfacet
  facet normal -0.8320502943378436 0 0.5547001962252291
    outer loop
      vertex -12.741315824252187 -3.864189378098355 -0.2269737363782791
      vertex -12.710865209922915 -4.045007313140156 -0.18129781488437113
      vertex -12.741315824252185 3.864189378098362 -0.22697373637827645
    endloop
  endfacet
  facet normal -0.8320502943378437 0 0.5547001962252291
    outer loop
      vertex -12.67902399582301 -4.225381667546983 -0.13353599373451508
      vertex -12.645795673700421 -4.405292661238239 -0.08369351055063112
      vertex -12.741315824252185 3.864189378098362 -0.22697373637827645
    endloop
  endfacet
  facet normal -0.8320502943378436 0 0.5547001962252291
    outer loop
      vertex -12.458980278924509 -5.297208594024319 0.19652958161323775
      vertex -12.741315824252185 3.864189378098362 -0.22697373637827645
      vertex -12.499086455355178 -5.119909251074371 0.13637031696723434
    endloop
  endfacet
  facet normal -0.8320502943378436 0 0.554700196225229
    outer loop
      vertex -12.458980278924509 -5.297208594024319 0.19652958161323775
      vertex -12.417511124744376 -5.473927038357819 0.25873331288343704
      vertex -12.741315824252185 3.864189378098362 -0.22697373637827645
    endloop
  endfacet
  facet normal -0.8320502943378297 1.5733002306971577e-15 0.55470019622525
    outer loop
      vertex -12.417511124744376 -5.473927038357819 0.25873331288343704
      vertex -12.411170825010513 -5.5 0.2682437624842302
      vertex -12.741315824252185 3.864189378098362 -0.22697373637827645
    endloop
  endfacet
  facet normal -0.832050294337847 0 0.554700196225224
    outer loop
      vertex -12.411170825010513 -5.5 0.2682437624842302
      vertex -12.399999999527932 -5.5 0.28500000070810305
      vertex -12.399999999527932 5.5 0.28500000070810305
    endloop
  endfacet
  facet normal -0.8320502943378398 0 0.5547001962252349
    outer loop
      vertex -12.770372499557821 -3.682947691145789 -0.2705587493367305
      vertex -12.770372499557821 3.682947691145789 -0.2705587493367305
      vertex -12.790000000000001 3.5540501351328833 -0.30000000000000004
    endloop
  endfacet
  facet normal -0.8320502943378437 0 0.5547001962252291
    outer loop
      vertex -12.741315824252187 -3.864189378098355 -0.2269737363782791
      vertex -12.741315824252185 3.864189378098362 -0.22697373637827645
      vertex -12.770372499557821 3.682947691145789 -0.2705587493367305
    endloop
  endfacet
  facet normal -0.832050294337843 -3.233213126864756e-16 0.5547001962252299
    outer loop
      vertex -12.741315824252185 3.864189378098362 -0.22697373637827645
      vertex -12.399999999527932 5.5 0.28500000070810305
      vertex -12.710865209922915 4.045007313140152 -0.18129781488437113
    endloop
  endfacet
  facet normal -0.8320502943378428 -3.950381294239367e-16 0.5547001962252303
    outer loop
      vertex -12.710865209922915 4.045007313140152 -0.18129781488437113
      vertex -12.399999999527932 5.5 0.28500000070810305
      vertex -12.67902399582301 4.225381667546985 -0.13353599373451508
    endloop
  endfacet
  facet normal -0.8320502943378435 -1.1589665182217014e-17 0.5547001962252293
    outer loop
      vertex -12.411170825010513 -5.5 0.2682437624842302
      vertex -12.399999999527932 5.5 0.28500000070810305
      vertex -12.741315824252185 3.864189378098362 -0.22697373637827645
    endloop
  endfacet
  facet normal -0.8320502943378428 -4.905656877347864e-16 0.5547001962252304
    outer loop
      vertex -12.67902399582301 4.225381667546985 -0.13353599373451508
      vertex -12.399999999527932 5.5 0.28500000070810305
      vertex -12.645795673700423 4.4052926612382315 -0.08369351055063379
    endloop
  endfacet
  facet normal -0.8320502943378426 -7.744071993660223e-16 0.5547001962252308
    outer loop
      vertex -12.645795673700423 4.4052926612382315 -0.08369351055063379
      vertex -12.399999999527932 5.5 0.28500000070810305
      vertex -12.611183887415116 4.5847205649460525 -0.03177583112267324
    endloop
  endfacet
  facet normal -0.8320502943378423 -7.946141524852188e-16 0.5547001962252314
    outer loop
      vertex -12.611183887415116 4.5847205649460525 -0.03177583112267324
      vertex -12.399999999527932 5.5 0.28500000070810305
      vertex -12.575192432539499 4.763645702378824 0.02221135119075268
    endloop
  endfacet
  facet normal -0.8320502943378423 -1.2866626631597792e-15 0.5547001962252314
    outer loop
      vertex -12.575192432539499 4.763645702378824 0.02221135119075268
      vertex -12.399999999527932 5.5 0.28500000070810305
      vertex -12.537825255942186 4.942048452378904 0.0782621160867214
    endloop
  endfacet
  facet normal -0.8320502943378412 -1.6594339265704173e-15 0.5547001962252329
    outer loop
      vertex -12.537825255942186 4.942048452378904 0.0782621160867214
      vertex -12.399999999527932 5.5 0.28500000070810305
      vertex -12.499086455355178 5.119909251074374 0.13637031696723434
    endloop
  endfacet
  facet normal -0.8320502943378406 -2.070268989993166e-15 0.5547001962252337
    outer loop
      vertex -12.499086455355178 5.119909251074374 0.13637031696723434
      vertex -12.399999999527932 5.5 0.28500000070810305
      vertex -12.45898027892451 5.297208594024313 0.19652958161323508
    endloop
  endfacet
  facet normal -0.8320502943378404 -2.6286908007517505e-15 0.5547001962252338
    outer loop
      vertex -12.45898027892451 5.297208594024313 0.19652958161323508
      vertex -12.399999999527932 5.5 0.28500000070810305
      vertex -12.417511124744376 5.473927038357819 0.25873331288343704
    endloop
  endfacet
  facet normal -0.832050294337847 1.2131118103226657e-14 0.554700196225224
    outer loop
      vertex -12.417511124744376 5.473927038357819 0.25873331288343704
      vertex -12.399999999527932 5.5 0.28500000070810305
      vertex -12.411170825010513 5.5 0.2682437624842302
    endloop
  endfacet
  facet normal 0.832050294337843 3.233213126864756e-16 0.5547001962252299
    outer loop
      vertex 12.741315824252185 -3.864189378098362 -0.22697373637827645
      vertex 12.399999999527932 -5.5 0.28500000070810305
      vertex 12.710865209922915 -4.045007313140152 -0.18129781488437113
    endloop
  endfacet
  facet normal 0.8320502943378428 3.950381294239367e-16 0.5547001962252303
    outer loop
      vertex 12.710865209922915 -4.045007313140152 -0.18129781488437113
      vertex 12.399999999527932 -5.5 0.28500000070810305
      vertex 12.67902399582301 -4.225381667546985 -0.13353599373451508
    endloop
  endfacet
  facet normal 0.8320502943378437 0 0.5547001962252291
    outer loop
      vertex 12.770372499557821 -3.682947691145789 -0.2705587493367305
      vertex 12.741315824252187 3.864189378098355 -0.2269737363782791
      vertex 12.741315824252185 -3.864189378098362 -0.22697373637827645
    endloop
  endfacet
  facet normal 0.8320502943378398 0 0.5547001962252349
    outer loop
      vertex 12.770372499557821 -3.682947691145789 -0.2705587493367305
      vertex 12.790000000000001 -3.5540501351328833 -0.30000000000000004
      vertex 12.770372499557821 3.682947691145789 -0.2705587493367305
    endloop
  endfacet
  facet normal 0.8320502943378426 7.744071993660223e-16 0.5547001962252308
    outer loop
      vertex 12.645795673700423 -4.4052926612382315 -0.08369351055063379
      vertex 12.399999999527932 -5.5 0.28500000070810305
      vertex 12.611183887415116 -4.5847205649460525 -0.03177583112267324
    endloop
  endfacet
  facet normal 0.8320502943378423 7.946141524852188e-16 0.5547001962252314
    outer loop
      vertex 12.611183887415116 -4.5847205649460525 -0.03177583112267324
      vertex 12.399999999527932 -5.5 0.28500000070810305
      vertex 12.575192432539499 -4.763645702378824 0.02221135119075268
    endloop
  endfacet
  facet normal 0.8320502943378406 2.070268989993165e-15 0.5547001962252335
    outer loop
      vertex 12.45898027892451 -5.297208594024313 0.19652958161323508
      vertex 12.499086455355178 -5.119909251074374 0.13637031696723434
      vertex 12.399999999527932 -5.5 0.28500000070810305
    endloop
  endfacet
  facet normal 0.8320502943378416 1.1579963968438018e-15 0.5547001962252323
    outer loop
      vertex 12.537825255942186 -4.942048452378904 0.0782621160867214
      vertex 12.575192432539499 -4.763645702378824 0.02221135119075268
      vertex 12.399999999527932 -5.5 0.28500000070810305
    endloop
  endfacet
  facet normal 0.8320502943378412 1.6594339265704173e-15 0.5547001962252329
    outer loop
      vertex 12.537825255942186 -4.942048452378904 0.0782621160867214
      vertex 12.399999999527932 -5.5 0.28500000070810305
      vertex 12.499086455355178 -5.119909251074374 0.13637031696723434
    endloop
  endfacet
  facet normal 0.8320502943378404 2.6286908007517505e-15 0.5547001962252338
    outer loop
      vertex 12.45898027892451 -5.297208594024313 0.19652958161323508
      vertex 12.399999999527932 -5.5 0.28500000070810305
      vertex 12.417511124744376 -5.473927038357819 0.25873331288343704
    endloop
  endfacet
  facet normal 0.832050294337847 -1.2131118103226657e-14 0.554700196225224
    outer loop
      vertex 12.417511124744376 -5.473927038357819 0.25873331288343704
      vertex 12.399999999527932 -5.5 0.28500000070810305
      vertex 12.411170825010513 -5.5 0.2682437624842302
    endloop
  endfacet
  facet normal 0.8320502943378428 4.905656877347864e-16 0.5547001962252304
    outer loop
      vertex 12.67902399582301 -4.225381667546985 -0.13353599373451508
      vertex 12.399999999527932 -5.5 0.28500000070810305
      vertex 12.645795673700423 -4.4052926612382315 -0.08369351055063379
    endloop
  endfacet
  facet normal 0.8320502943378435 1.2362309527698148e-17 0.5547001962252294
    outer loop
      vertex 12.741315824252185 -3.864189378098362 -0.22697373637827645
      vertex 12.411170825010513 5.5 0.2682437624842302
      vertex 12.399999999527932 -5.5 0.28500000070810305
    endloop
  endfacet
  facet normal 0.8320502943378397 0 0.5547001962252349
    outer loop
      vertex 12.790000000000001 -3.5540501351328833 -0.30000000000000004
      vertex 12.790000000000001 3.554050135132888 -0.30000000000000004
      vertex 12.770372499557821 3.682947691145789 -0.2705587493367305
    endloop
  endfacet
  facet normal 0.8320502943378436 0 0.5547001962252291
    outer loop
      vertex 12.770372499557821 -3.682947691145789 -0.2705587493367305
      vertex 12.770372499557821 3.682947691145789 -0.2705587493367305
      vertex 12.741315824252187 3.864189378098355 -0.2269737363782791
    endloop
  endfacet
  facet normal 0.8320502943378436 0 0.554700196225229
    outer loop
      vertex 12.741315824252185 -3.864189378098362 -0.22697373637827645
      vertex 12.741315824252187 3.864189378098355 -0.2269737363782791
      vertex 12.710865209922915 4.045007313140156 -0.18129781488437113
    endloop
  endfacet
  facet normal 0.8320502943378437 0 0.5547001962252291
    outer loop
      vertex 12.741315824252185 -3.864189378098362 -0.22697373637827645
      vertex 12.710865209922915 4.045007313140156 -0.18129781488437113
      vertex 12.67902399582301 4.225381667546983 -0.13353599373451508
    endloop
  endfacet
  facet normal 0.8320502943378436 0 0.5547001962252291
    outer loop
      vertex 12.741315824252185 -3.864189378098362 -0.22697373637827645
      vertex 12.67902399582301 4.225381667546983 -0.13353599373451508
      vertex 12.645795673700421 4.405292661238239 -0.08369351055063112
    endloop
  endfacet
  facet normal 0.8320502943378436 0 0.5547001962252293
    outer loop
      vertex 12.741315824252185 -3.864189378098362 -0.22697373637827645
      vertex 12.645795673700421 4.405292661238239 -0.08369351055063112
      vertex 12.611183887415116 4.5847205649460525 -0.03177583112267324
    endloop
  endfacet
  facet normal 0.8320502943378438 0 0.5547001962252288
    outer loop
      vertex 12.741315824252185 -3.864189378098362 -0.22697373637827645
      vertex 12.611183887415116 4.5847205649460525 -0.03177583112267324
      vertex 12.5751924325395 4.763645702378817 0.022211351190750017
    endloop
  endfacet
  facet normal 0.8320502943378437 0 0.554700196225229
    outer loop
      vertex 12.741315824252185 -3.864189378098362 -0.22697373637827645
      vertex 12.5751924325395 4.763645702378817 0.022211351190750017
      vertex 12.537825255942185 4.942048452378907 0.07826211608672407
    endloop
  endfacet
  facet normal 0.8320502943378435 0 0.5547001962252295
    outer loop
      vertex 12.741315824252185 -3.864189378098362 -0.22697373637827645
      vertex 12.537825255942185 4.942048452378907 0.07826211608672407
      vertex 12.499086455355178 5.119909251074371 0.13637031696723434
    endloop
  endfacet
  facet normal 0.8320502943378436 0 0.5547001962252294
    outer loop
      vertex 12.741315824252185 -3.864189378098362 -0.22697373637827645
      vertex 12.499086455355178 5.119909251074371 0.13637031696723434
      vertex 12.458980278924509 5.297208594024319 0.19652958161323775
    endloop
  endfacet
  facet normal 0.8320502943378437 0 0.5547001962252291
    outer loop
      vertex 12.741315824252185 -3.864189378098362 -0.22697373637827645
      vertex 12.458980278924509 5.297208594024319 0.19652958161323775
      vertex 12.417511124744376 5.473927038357819 0.25873331288343704
    endloop
  endfacet
  facet normal 0.832050294337831 -1.5164339572984695e-15 0.5547001962252481
    outer loop
      vertex 12.741315824252185 -3.864189378098362 -0.22697373637827645
      vertex 12.417511124744376 5.473927038357819 0.25873331288343704
      vertex 12.411170825010513 5.5 0.2682437624842302
    endloop
  endfacet
  facet normal 0.832050294337847 0 0.554700196225224
    outer loop
      vertex 12.399999999527932 -5.5 0.28500000070810305
      vertex 12.411170825010513 5.5 0.2682437624842302
      vertex 12.399999999527932 5.5 0.28500000070810305
    endloop
  endfacet
  facet normal 0 0.8320502943378437 0.5547001962252291
    outer loop
      vertex -4.405292661238239 12.645795673700421 -0.08369351055063112
      vertex -4.5847205649460525 12.611183887415116 -0.03177583112267324
      vertex 3.864189378098362 12.741315824252185 -0.22697373637827645
    endloop
  endfacet
  facet normal 0 0.8320502943378436 0.554700196225229
    outer loop
      vertex -4.942048452378907 12.537825255942185 0.07826211608672407
      vertex -5.119909251074371 12.499086455355178 0.13637031696723434
      vertex 3.864189378098362 12.741315824252185 -0.22697373637827645
    endloop
  endfacet
  facet normal 0 0.8320502943378437 0.5547001962252291
    outer loop
      vertex -4.5847205649460525 12.611183887415116 -0.03177583112267324
      vertex -4.763645702378817 12.5751924325395 0.022211351190750017
      vertex 3.864189378098362 12.741315824252185 -0.22697373637827645
    endloop
  endfacet
  facet normal 0 0.8320502943378436 0.554700196225229
    outer loop
      vertex -4.942048452378907 12.537825255942185 0.07826211608672407
      vertex 3.864189378098362 12.741315824252185 -0.22697373637827645
      vertex -4.763645702378817 12.5751924325395 0.022211351190750017
    endloop
  endfacet
  facet normal 0 0.8320502943378397 0.5547001962252349
    outer loop
      vertex -3.682947691145789 12.770372499557821 -0.2705587493367305
      vertex 3.5540501351328833 12.790000000000001 -0.30000000000000004
      vertex -3.554050135132888 12.790000000000001 -0.30000000000000004
    endloop
  endfacet
  facet normal 0 0.8320502943378436 0.5547001962252291
    outer loop
      vertex -3.682947691145789 12.770372499557821 -0.2705587493367305
      vertex -3.864189378098355 12.741315824252187 -0.2269737363782791
      vertex 3.682947691145789 12.770372499557821 -0.2705587493367305
    endloop
  endfacet
  facet normal 0 0.8320502943378436 0.5547001962252291
    outer loop
      vertex -4.045007313140156 12.710865209922915 -0.18129781488437113
      vertex -4.225381667546983 12.67902399582301 -0.13353599373451508
      vertex 3.864189378098362 12.741315824252185 -0.22697373637827645
    endloop
  endfacet
  facet normal 0 0.8320502943378436 0.5547001962252291
    outer loop
      vertex -3.864189378098355 12.741315824252187 -0.2269737363782791
      vertex -4.045007313140156 12.710865209922915 -0.18129781488437113
      vertex 3.864189378098362 12.741315824252185 -0.22697373637827645
    endloop
  endfacet
  facet normal 0 0.8320502943378437 0.5547001962252291
    outer loop
      vertex -4.225381667546983 12.67902399582301 -0.13353599373451508
      vertex -4.405292661238239 12.645795673700421 -0.08369351055063112
      vertex 3.864189378098362 12.741315824252185 -0.22697373637827645
    endloop
  endfacet
  facet normal 0 0.8320502943378436 0.5547001962252291
    outer loop
      vertex -5.297208594024319 12.458980278924509 0.19652958161323775
      vertex 3.864189378098362 12.741315824252185 -0.22697373637827645
      vertex -5.119909251074371 12.499086455355178 0.13637031696723434
    endloop
  endfacet
  facet normal 0 0.8320502943378436 0.554700196225229
    outer loop
      vertex -5.297208594024319 12.458980278924509 0.19652958161323775
      vertex -5.473927038357819 12.417511124744376 0.25873331288343704
      vertex 3.864189378098362 12.741315824252185 -0.22697373637827645
    endloop
  endfacet
  facet normal 1.5733002306971577e-15 0.8320502943378297 0.55470019622525
    outer loop
      vertex -5.473927038357819 12.417511124744376 0.25873331288343704
      vertex -5.5 12.411170825010513 0.2682437624842302
      vertex 3.864189378098362 12.741315824252185 -0.22697373637827645
    endloop
  endfacet
  facet normal 0 0.832050294337847 0.554700196225224
    outer loop
      vertex -5.5 12.411170825010513 0.2682437624842302
      vertex -5.5 12.399999999527932 0.28500000070810305
      vertex 5.5 12.399999999527932 0.28500000070810305
    endloop
  endfacet
  facet normal 0 0.8320502943378398 0.5547001962252349
    outer loop
      vertex -3.682947691145789 12.770372499557821 -0.2705587493367305
      vertex 3.682947691145789 12.770372499557821 -0.2705587493367305
      vertex 3.5540501351328833 12.790000000000001 -0.30000000000000004
    endloop
  endfacet
  facet normal 0 0.8320502943378437 0.5547001962252291
    outer loop
      vertex -3.864189378098355 12.741315824252187 -0.2269737363782791
      vertex 3.864189378098362 12.741315824252185 -0.22697373637827645
      vertex 3.682947691145789 12.770372499557821 -0.2705587493367305
    endloop
  endfacet
  facet normal -3.233213126864756e-16 0.832050294337843 0.5547001962252299
    outer loop
      vertex 3.864189378098362 12.741315824252185 -0.22697373637827645
      vertex 5.5 12.399999999527932 0.28500000070810305
      vertex 4.045007313140152 12.710865209922915 -0.18129781488437113
    endloop
  endfacet
  facet normal -3.950381294239367e-16 0.8320502943378428 0.5547001962252303
    outer loop
      vertex 4.045007313140152 12.710865209922915 -0.18129781488437113
      vertex 5.5 12.399999999527932 0.28500000070810305
      vertex 4.225381667546985 12.67902399582301 -0.13353599373451508
    endloop
  endfacet
  facet normal -1.1589665182217014e-17 0.8320502943378435 0.5547001962252293
    outer loop
      vertex -5.5 12.411170825010513 0.2682437624842302
      vertex 5.5 12.399999999527932 0.28500000070810305
      vertex 3.864189378098362 12.741315824252185 -0.22697373637827645
    endloop
  endfacet
  facet normal -4.905656877347864e-16 0.8320502943378428 0.5547001962252304
    outer loop
      vertex 4.225381667546985 12.67902399582301 -0.13353599373451508
      vertex 5.5 12.399999999527932 0.28500000070810305
      vertex 4.4052926612382315 12.645795673700423 -0.08369351055063379
    endloop
  endfacet
  facet normal -7.744071993660223e-16 0.8320502943378426 0.5547001962252308
    outer loop
      vertex 4.4052926612382315 12.645795673700423 -0.08369351055063379
      vertex 5.5 12.399999999527932 0.28500000070810305
      vertex 4.5847205649460525 12.611183887415116 -0.03177583112267324
    endloop
  endfacet
  facet normal -7.946141524852188e-16 0.8320502943378423 0.5547001962252314
    outer loop
      vertex 4.5847205649460525 12.611183887415116 -0.03177583112267324
      vertex 5.5 12.399999999527932 0.28500000070810305
      vertex 4.763645702378824 12.575192432539499 0.02221135119075268
    endloop
  endfacet
  facet normal -1.2866626631597792e-15 0.8320502943378423 0.5547001962252314
    outer loop
      vertex 4.763645702378824 12.575192432539499 0.02221135119075268
      vertex 5.5 12.399999999527932 0.28500000070810305
      vertex 4.942048452378904 12.537825255942186 0.0782621160867214
    endloop
  endfacet
  facet normal -1.6594339265704173e-15 0.8320502943378412 0.5547001962252329
    outer loop
      vertex 4.942048452378904 12.537825255942186 0.0782621160867214
      vertex 5.5 12.399999999527932 0.28500000070810305
      vertex 5.119909251074374 12.499086455355178 0.13637031696723434
    endloop
  endfacet
  facet normal -2.070268989993166e-15 0.8320502943378406 0.5547001962252337
    outer loop
      vertex 5.119909251074374 12.499086455355178 0.13637031696723434
      vertex 5.5 12.399999999527932 0.28500000070810305
      vertex 5.297208594024313 12.45898027892451 0.19652958161323508
    endloop
  endfacet
  facet normal -2.6286908007517505e-15 0.8320502943378404 0.5547001962252338
    outer loop
      vertex 5.297208594024313 12.45898027892451 0.19652958161323508
      vertex 5.5 12.399999999527932 0.28500000070810305
      vertex 5.473927038357819 12.417511124744376 0.25873331288343704
    endloop
  endfacet
  facet normal 1.2131118103226657e-14 0.832050294337847 0.554700196225224
    outer loop
      vertex 5.473927038357819 12.417511124744376 0.25873331288343704
      vertex 5.5 12.399999999527932 0.28500000070810305
      vertex 5.5 12.411170825010513 0.2682437624842302
    endloop
  endfacet
  facet normal 0 0 1
    outer loop
      vertex -5.5 -12.411170825010513 -1.5
      vertex -5.473927038357819 -12.417511124744376 -1.5
      vertex -5.5 -12.399999999527932 -1.5
    endloop
  endfacet
  facet normal 0 0 1
    outer loop
      vertex -5.5 -12.399999999527932 -1.5
      vertex -5.473927038357819 -12.417511124744376 -1.5
      vertex 4.045007313140156 -12.710865209922915 -1.5
    endloop
  endfacet
  facet normal 0 0 1
    outer loop
      vertex -5.473927038357819 -12.417511124744376 -1.5
      vertex -5.297208594024313 -12.45898027892451 -1.5
      vertex 4.045007313140156 -12.710865209922915 -1.5
    endloop
  endfacet
  facet normal 0 0 1
    outer loop
      vertex -5.297208594024313 -12.45898027892451 -1.5
      vertex -5.119909251074374 -12.499086455355178 -1.5
      vertex 4.045007313140156 -12.710865209922915 -1.5
    endloop
  endfacet
  facet normal 0 0 1
    outer loop
      vertex -5.119909251074374 -12.499086455355178 -1.5
      vertex -4.942048452378904 -12.537825255942186 -1.5
      vertex 4.045007313140156 -12.710865209922915 -1.5
    endloop
  endfacet
  facet normal 0 0 1
    outer loop
      vertex -4.942048452378904 -12.537825255942186 -1.5
      vertex -4.763645702378824 -12.575192432539499 -1.5
      vertex 4.045007313140156 -12.710865209922915 -1.5
    endloop
  endfacet
  facet normal 0 0 1
    outer loop
      vertex -4.763645702378824 -12.575192432539499 -1.5
      vertex -4.5847205649460525 -12.611183887415116 -1.5
      vertex 4.045007313140156 -12.710865209922915 -1.5
    endloop
  endfacet
  facet normal 0 0 1
    outer loop
      vertex -4.5847205649460525 -12.611183887415116 -1.5
      vertex -4.4052926612382315 -12.645795673700423 -1.5
      vertex 4.045007313140156 -12.710865209922915 -1.5
    endloop
  endfacet
  facet normal 0 -0.832050294337847 -0.554700196225224
    outer loop
      vertex -5.5 -12.399999999527932 -1.485000000708103
      vertex 5.5 -12.399999999527932 -1.485000000708103
      vertex -5.5 -12.411170825010513 -1.4682437624842302
    endloop
  endfacet
  facet normal -5.045034017886957e-17 -0.8320502943378317 -0.5547001962252469
    outer loop
      vertex -5.5 -12.411170825010513 -1.4682437624842302
      vertex 5.5 -12.399999999527932 -1.485000000708103
      vertex -5.473927038357819 -12.417511124744376 -1.458733312883437
    endloop
  endfacet
  facet normal 0 -0.8320502943378437 -0.5547001962252293
    outer loop
      vertex -5.473927038357819 -12.417511124744376 -1.458733312883437
      vertex 3.864189378098355 -12.741315824252187 -0.9730262636217208
      vertex -5.297208594024313 -12.45898027892451 -1.396529581613235
    endloop
  endfacet
  facet normal 0 0 1
    outer loop
      vertex -4.4052926612382315 -12.645795673700423 -1.5
      vertex -4.225381667546985 -12.67902399582301 -1.5
      vertex 4.045007313140156 -12.710865209922915 -1.5
    endloop
  endfacet
  facet normal 0 0 1
    outer loop
      vertex -4.225381667546985 -12.67902399582301 -1.5
      vertex -4.045007313140152 -12.710865209922915 -1.5
      vertex 4.045007313140156 -12.710865209922915 -1.5
    endloop
  endfacet
  facet normal 0 0 1
    outer loop
      vertex -4.045007313140152 -12.710865209922915 -1.5
      vertex -3.864189378098362 -12.741315824252185 -1.5
      vertex 4.045007313140156 -12.710865209922915 -1.5
    endloop
  endfacet
  facet normal 0 0 1
    outer loop
      vertex -3.864189378098362 -12.741315824252185 -1.5
      vertex -3.682947691145789 -12.770372499557821 -1.5
      vertex 3.864189378098355 -12.741315824252187 -1.5
    endloop
  endfacet
  facet normal 0 0 1
    outer loop
      vertex -3.682947691145789 -12.770372499557821 -1.5
      vertex -3.5540501351328833 -12.790000000000001 -1.5
      vertex 3.682947691145789 -12.770372499557821 -1.5
    endloop
  endfacet
  facet normal 0 -0.8320502943378437 -0.5547001962252291
    outer loop
      vertex -5.297208594024313 -12.45898027892451 -1.396529581613235
      vertex 3.864189378098355 -12.741315824252187 -0.9730262636217208
      vertex -5.119909251074374 -12.499086455355178 -1.3363703169672343
    endloop
  endfacet
  facet normal 0 -0.8320502943378437 -0.5547001962252291
    outer loop
      vertex -5.119909251074374 -12.499086455355178 -1.3363703169672343
      vertex 3.864189378098355 -12.741315824252187 -0.9730262636217208
      vertex -4.942048452378904 -12.537825255942186 -1.2782621160867214
    endloop
  endfacet
  facet normal 0 -0.8320502943378438 -0.5547001962252291
    outer loop
      vertex -4.942048452378904 -12.537825255942186 -1.2782621160867214
      vertex 3.864189378098355 -12.741315824252187 -0.9730262636217208
      vertex -4.763645702378824 -12.575192432539499 -1.2222113511907526
    endloop
  endfacet
  facet normal 0 -0.8320502943378437 -0.5547001962252293
    outer loop
      vertex -4.763645702378824 -12.575192432539499 -1.2222113511907526
      vertex 3.864189378098355 -12.741315824252187 -0.9730262636217208
      vertex -4.5847205649460525 -12.611183887415116 -1.1682241688773267
    endloop
  endfacet
  facet normal 0 -0.8320502943378437 -0.5547001962252291
    outer loop
      vertex -4.5847205649460525 -12.611183887415116 -1.1682241688773267
      vertex 3.864189378098355 -12.741315824252187 -0.9730262636217208
      vertex -4.4052926612382315 -12.645795673700423 -1.1163064894493662
    endloop
  endfacet
  facet normal 0 -0.8320502943378436 -0.5547001962252291
    outer loop
      vertex -4.4052926612382315 -12.645795673700423 -1.1163064894493662
      vertex 3.864189378098355 -12.741315824252187 -0.9730262636217208
      vertex -4.225381667546985 -12.67902399582301 -1.0664640062654849
    endloop
  endfacet
  facet normal 0 -0.8320502943378437 -0.5547001962252291
    outer loop
      vertex -4.225381667546985 -12.67902399582301 -1.0664640062654849
      vertex 3.864189378098355 -12.741315824252187 -0.9730262636217208
      vertex -4.045007313140152 -12.710865209922915 -1.0187021851156288
    endloop
  endfacet
  facet normal 0 -0.8320502943378437 -0.5547001962252291
    outer loop
      vertex -4.045007313140152 -12.710865209922915 -1.0187021851156288
      vertex 3.864189378098355 -12.741315824252187 -0.9730262636217208
      vertex -3.864189378098362 -12.741315824252185 -0.9730262636217235
    endloop
  endfacet
  facet normal 0 -0.8320502943378437 -0.5547001962252291
    outer loop
      vertex -3.864189378098362 -12.741315824252185 -0.9730262636217235
      vertex 3.682947691145789 -12.770372499557821 -0.9294412506632694
      vertex -3.682947691145789 -12.770372499557821 -0.9294412506632694
    endloop
  endfacet
  facet normal 0 -0.8320502943378397 -0.5547001962252349
    outer loop
      vertex -3.682947691145789 -12.770372499557821 -0.9294412506632694
      vertex 3.554050135132888 -12.790000000000001 -0.8999999999999999
      vertex -3.5540501351328833 -12.790000000000001 -0.8999999999999999
    endloop
  endfacet
  facet normal 0 0 1
    outer loop
      vertex -5.5 -12.399999999527932 -1.5
      vertex 4.045007313140156 -12.710865209922915 -1.5
      vertex 4.225381667546983 -12.67902399582301 -1.5
    endloop
  endfacet
  facet normal 0 0 1
    outer loop
      vertex -5.5 -12.399999999527932 -1.5
      vertex 4.225381667546983 -12.67902399582301 -1.5
      vertex 4.405292661238239 -12.645795673700421 -1.5
    endloop
  endfacet
  facet normal 0 0 1
    outer loop
      vertex -5.5 -12.399999999527932 -1.5
      vertex 4.405292661238239 -12.645795673700421 -1.5
      vertex 4.5847205649460525 -12.611183887415116 -1.5
    endloop
  endfacet
  facet normal 0 0 1
    outer loop
      vertex -3.5540501351328833 -12.790000000000001 -1.5
      vertex 3.554050135132888 -12.790000000000001 -1.5
      vertex 3.682947691145789 -12.770372499557821 -1.5
    endloop
  endfacet
  facet normal 0 0 1
    outer loop
      vertex -3.682947691145789 -12.770372499557821 -1.5
      vertex 3.682947691145789 -12.770372499557821 -1.5
      vertex 3.864189378098355 -12.741315824252187 -1.5
    endloop
  endfacet
  facet normal 0 0 1
    outer loop
      vertex -3.864189378098362 -12.741315824252185 -1.5
      vertex 3.864189378098355 -12.741315824252187 -1.5
      vertex 4.045007313140156 -12.710865209922915 -1.5
    endloop
  endfacet
  facet normal 0 0 1
    outer loop
      vertex -5.5 -12.399999999527932 -1.5
      vertex 4.5847205649460525 -12.611183887415116 -1.5
      vertex 4.763645702378817 -12.5751924325395 -1.5
    endloop
  endfacet
  facet normal 0 0 1
    outer loop
      vertex -5.5 -12.399999999527932 -1.5
      vertex 4.763645702378817 -12.5751924325395 -1.5
      vertex 4.942048452378907 -12.537825255942185 -1.5
    endloop
  endfacet
  facet normal 0 0 1
    outer loop
      vertex -5.5 -12.399999999527932 -1.5
      vertex 4.942048452378907 -12.537825255942185 -1.5
      vertex 5.119909251074371 -12.499086455355178 -1.5
    endloop
  endfacet
  facet normal 1.0614218933166777e-17 -0.8320502943378436 -0.5547001962252293
    outer loop
      vertex -5.473927038357819 -12.417511124744376 -1.458733312883437
      vertex 5.5 -12.399999999527932 -1.485000000708103
      vertex 3.864189378098355 -12.741315824252187 -0.9730262636217208
    endloop
  endfacet
  facet normal 0 0 1
    outer loop
      vertex -5.5 -12.399999999527932 -1.5
      vertex 5.119909251074371 -12.499086455355178 -1.5
      vertex 5.297208594024319 -12.458980278924509 -1.5
    endloop
  endfacet
  facet normal 0 0 1
    outer loop
      vertex -5.5 -12.399999999527932 -1.5
      vertex 5.297208594024319 -12.458980278924509 -1.5
      vertex 5.473927038357819 -12.417511124744376 -1.5
    endloop
  endfacet
  facet normal 0 0 1
    outer loop
      vertex -5.5 -12.399999999527932 -1.5
      vertex 5.5 -12.411170825010513 -1.5
      vertex 5.5 -12.399999999527932 -1.5
    endloop
  endfacet
  facet normal 0 0 1
    outer loop
      vertex -5.5 -12.399999999527932 -1.5
      vertex 5.473927038357819 -12.417511124744376 -1.5
      vertex 5.5 -12.411170825010513 -1.5
    endloop
  endfacet
  facet normal 0 -0.8320502943378436 -0.554700196225229
    outer loop
      vertex -3.864189378098362 -12.741315824252185 -0.9730262636217235
      vertex 3.864189378098355 -12.741315824252187 -0.9730262636217208
      vertex 3.682947691145789 -12.770372499557821 -0.9294412506632694
    endloop
  endfacet
  facet normal 0 -0.8320502943378398 -0.5547001962252349
    outer loop
      vertex -3.682947691145789 -12.770372499557821 -0.9294412506632694
      vertex 3.682947691145789 -12.770372499557821 -0.9294412506632694
      vertex 3.554050135132888 -12.790000000000001 -0.8999999999999999
    endloop
  endfacet
  facet normal 1.207949632406399e-14 -0.832050294337847 -0.554700196225224
    outer loop
      vertex 5.5 -12.399999999527932 -1.485000000708103
      vertex 5.5 -12.411170825010513 -1.4682437624842302
      vertex 5.473927038357819 -12.417511124744376 -1.458733312883437
    endloop
  endfacet
  facet normal -2.509204855263113e-15 -0.8320502943378404 -0.5547001962252341
    outer loop
      vertex 5.5 -12.399999999527932 -1.485000000708103
      vertex 5.473927038357819 -12.417511124744376 -1.458733312883437
      vertex 5.297208594024319 -12.458980278924509 -1.3965295816132377
    endloop
  endfacet
  facet normal -2.0702689899930783e-15 -0.8320502943378403 -0.5547001962252343
    outer loop
      vertex 5.5 -12.399999999527932 -1.485000000708103
      vertex 5.297208594024319 -12.458980278924509 -1.3965295816132377
      vertex 5.119909251074371 -12.499086455355178 -1.3363703169672343
    endloop
  endfacet
  facet normal -1.3275471412563548e-15 -0.832050294337841 -0.554700196225233
    outer loop
      vertex 5.5 -12.399999999527932 -1.485000000708103
      vertex 5.119909251074371 -12.499086455355178 -1.3363703169672343
      vertex 4.942048452378907 -12.537825255942185 -1.278262116086724
    endloop
  endfacet
  facet normal -1.0293301305280154e-15 -0.8320502943378421 -0.5547001962252315
    outer loop
      vertex 5.5 -12.399999999527932 -1.485000000708103
      vertex 4.942048452378907 -12.537825255942185 -1.278262116086724
      vertex 4.763645702378817 -12.5751924325395 -1.22221135119075
    endloop
  endfacet
  facet normal -7.946141524851972e-16 -0.8320502943378426 -0.5547001962252306
    outer loop
      vertex 5.5 -12.399999999527932 -1.485000000708103
      vertex 4.763645702378817 -12.5751924325395 -1.22221135119075
      vertex 4.5847205649460525 -12.611183887415116 -1.1682241688773267
    endloop
  endfacet
  facet normal -9.811313754695276e-16 -0.8320502943378418 -0.5547001962252318
    outer loop
      vertex 5.5 -12.399999999527932 -1.485000000708103
      vertex 4.405292661238239 -12.645795673700421 -1.1163064894493688
      vertex 4.225381667546983 -12.67902399582301 -1.0664640062654849
    endloop
  endfacet
  facet normal 0 -0.8320502943378447 -0.5547001962252277
    outer loop
      vertex 5.5 -12.399999999527932 -1.485000000708103
      vertex 4.225381667546983 -12.67902399582301 -1.0664640062654849
      vertex 4.045007313140156 -12.710865209922915 -1.0187021851156288
    endloop
  endfacet
  facet normal 0 -0.8320502943378417 -0.5547001962252321
    outer loop
      vertex 5.5 -12.399999999527932 -1.485000000708103
      vertex 4.045007313140156 -12.710865209922915 -1.0187021851156288
      vertex 3.864189378098355 -12.741315824252187 -0.9730262636217208
    endloop
  endfacet
  facet normal -1.239051518985608e-15 -0.8320502943378425 -0.5547001962252308
    outer loop
      vertex 5.5 -12.399999999527932 -1.485000000708103
      vertex 4.5847205649460525 -12.611183887415116 -1.1682241688773267
      vertex 4.405292661238239 -12.645795673700421 -1.1163064894493688
    endloop
  endfacet
  facet normal -0.832050294337847 -1.207949632406399e-14 -0.554700196225224
    outer loop
      vertex -12.399999999527932 -5.5 -1.485000000708103
      vertex -12.411170825010513 -5.5 -1.4682437624842302
      vertex -12.417511124744376 -5.473927038357819 -1.458733312883437
    endloop
  endfacet
  facet normal -0.8320502943378404 2.509204855263113e-15 -0.5547001962252341
    outer loop
      vertex -12.399999999527932 -5.5 -1.485000000708103
      vertex -12.417511124744376 -5.473927038357819 -1.458733312883437
      vertex -12.458980278924509 -5.297208594024319 -1.3965295816132377
    endloop
  endfacet
  facet normal -0.8320502943378403 2.0702689899930783e-15 -0.5547001962252343
    outer loop
      vertex -12.399999999527932 -5.5 -1.485000000708103
      vertex -12.458980278924509 -5.297208594024319 -1.3965295816132377
      vertex -12.499086455355178 -5.119909251074371 -1.3363703169672343
    endloop
  endfacet
  facet normal -0.832050294337841 1.3275471412563548e-15 -0.554700196225233
    outer loop
      vertex -12.399999999527932 -5.5 -1.485000000708103
      vertex -12.499086455355178 -5.119909251074371 -1.3363703169672343
      vertex -12.537825255942185 -4.942048452378907 -1.278262116086724
    endloop
  endfacet
  facet normal -0.8320502943378421 1.0293301305280154e-15 -0.5547001962252315
    outer loop
      vertex -12.399999999527932 -5.5 -1.485000000708103
      vertex -12.537825255942185 -4.942048452378907 -1.278262116086724
      vertex -12.5751924325395 -4.763645702378817 -1.22221135119075
    endloop
  endfacet
  facet normal -0.8320502943378426 7.946141524851972e-16 -0.5547001962252306
    outer loop
      vertex -12.399999999527932 -5.5 -1.485000000708103
      vertex -12.5751924325395 -4.763645702378817 -1.22221135119075
      vertex -12.611183887415116 -4.5847205649460525 -1.1682241688773267
    endloop
  endfacet
  facet normal -0.8320502943378425 1.239051518985608e-15 -0.5547001962252308
    outer loop
      vertex -12.399999999527932 -5.5 -1.485000000708103
      vertex -12.611183887415116 -4.5847205649460525 -1.1682241688773267
      vertex -12.645795673700421 -4.405292661238239 -1.1163064894493688
    endloop
  endfacet
  facet normal -0.8320502943378418 9.811313754695276e-16 -0.5547001962252318
    outer loop
      vertex -12.399999999527932 -5.5 -1.485000000708103
      vertex -12.645795673700421 -4.405292661238239 -1.1163064894493688
      vertex -12.67902399582301 -4.225381667546983 -1.0664640062654849
    endloop
  endfacet
  facet normal -0.8320502943378447 0 -0.5547001962252277
    outer loop
      vertex -12.399999999527932 -5.5 -1.485000000708103
      vertex -12.67902399582301 -4.225381667546983 -1.0664640062654849
      vertex -12.710865209922915 -4.045007313140156 -1.0187021851156288
    endloop
  endfacet
  facet normal -0.8320502943378417 0 -0.5547001962252321
    outer loop
      vertex -12.399999999527932 -5.5 -1.485000000708103
      vertex -12.710865209922915 -4.045007313140156 -1.0187021851156288
      vertex -12.741315824252187 -3.864189378098355 -0.9730262636217208
    endloop
  endfacet
  facet normal 0 0 1
    outer loop
      vertex -12.411170825010513 -5.5 -1.5
      vertex -12.399999999527932 -5.5 -1.5
      vertex -12.399999999527932 5.5 -1.5
    endloop
  endfacet
  facet normal 0 0 1
    outer loop
      vertex -12.411170825010513 -5.5 -1.5
      vertex -12.399999999527932 5.5 -1.5
      vertex -12.417511124744376 -5.473927038357819 -1.5
    endloop
  endfacet
  facet normal 0 0 1
    outer loop
      vertex -12.417511124744376 -5.473927038357819 -1.5
      vertex -12.399999999527932 5.5 -1.5
      vertex -12.458980278924509 -5.297208594024319 -1.5
    endloop
  endfacet
  facet normal 0 0 1
    outer loop
      vertex -12.458980278924509 -5.297208594024319 -1.5
      vertex -12.399999999527932 5.5 -1.5
      vertex -12.499086455355178 -5.119909251074371 -1.5
    endloop
  endfacet
  facet normal 0 0 1
    outer loop
      vertex -12.710865209922915 -4.045007313140156 -1.5
      vertex -12.741315824252185 3.864189378098362 -1.5
      vertex -12.741315824252187 -3.864189378098355 -1.5
    endloop
  endfacet
  facet normal 0 0 1
    outer loop
      vertex -12.741315824252187 -3.864189378098355 -1.5
      vertex -12.770372499557821 3.682947691145789 -1.5
      vertex -12.770372499557821 -3.682947691145789 -1.5
    endloop
  endfacet
  facet normal 0 0 1
    outer loop
      vertex -12.770372499557821 -3.682947691145789 -1.5
      vertex -12.790000000000001 3.5540501351328833 -1.5
      vertex -12.790000000000001 -3.554050135132888 -1.5
    endloop
  endfacet
  facet normal 0 0 1
    outer loop
      vertex -12.537825255942185 -4.942048452378907 -1.5
      vertex -12.399999999527932 5.5 -1.5
      vertex -12.5751924325395 -4.763645702378817 -1.5
    endloop
  endfacet
  facet normal 0 0 1
    outer loop
      vertex -12.499086455355178 -5.119909251074371 -1.5
      vertex -12.399999999527932 5.5 -1.5
      vertex -12.537825255942185 -4.942048452378907 -1.5
    endloop
  endfacet
  facet normal 0 0 1
    outer loop
      vertex -12.611183887415116 -4.5847205649460525 -1.5
      vertex -12.5751924325395 -4.763645702378817 -1.5
      vertex -12.399999999527932 5.5 -1.5
    endloop
  endfacet
  facet normal 0 0 1
    outer loop
      vertex -12.67902399582301 -4.225381667546983 -1.5
      vertex -12.399999999527932 5.5 -1.5
      vertex -12.710865209922915 -4.045007313140156 -1.5
    endloop
  endfacet
  facet normal 0 0 1
    outer loop
      vertex -12.611183887415116 -4.5847205649460525 -1.5
      vertex -12.399999999527932 5.5 -1.5
      vertex -12.645795673700421 -4.405292661238239 -1.5
    endloop
  endfacet
  facet normal 0 0 1
    outer loop
      vertex -12.645795673700421 -4.405292661238239 -1.5
      vertex -12.399999999527932 5.5 -1.5
      vertex -12.67902399582301 -4.225381667546983 -1.5
    endloop
  endfacet
  facet normal -0.8320502943378436 -1.0873102321780602e-17 -0.5547001962252293
    outer loop
      vertex -12.399999999527932 -5.5 -1.485000000708103
      vertex -12.741315824252187 -3.864189378098355 -0.9730262636217208
      vertex -12.417511124744376 5.473927038357819 -1.458733312883437
    endloop
  endfacet
  facet normal -0.8320502943378436 0 -0.554700196225229
    outer loop
      vertex -12.741315824252187 -3.864189378098355 -0.9730262636217208
      vertex -12.770372499557821 -3.682947691145789 -0.9294412506632694
      vertex -12.741315824252185 3.864189378098362 -0.9730262636217235
    endloop
  endfacet
  facet normal -0.8320502943378398 0 -0.5547001962252349
    outer loop
      vertex -12.770372499557821 -3.682947691145789 -0.9294412506632694
      vertex -12.790000000000001 -3.554050135132888 -0.8999999999999999
      vertex -12.770372499557821 3.682947691145789 -0.9294412506632694
    endloop
  endfacet
  facet normal 0 0 1
    outer loop
      vertex -12.770372499557821 -3.682947691145789 -1.5
      vertex -12.770372499557821 3.682947691145789 -1.5
      vertex -12.790000000000001 3.5540501351328833 -1.5
    endloop
  endfacet
  facet normal 0 0 1
    outer loop
      vertex -12.741315824252187 -3.864189378098355 -1.5
      vertex -12.741315824252185 3.864189378098362 -1.5
      vertex -12.770372499557821 3.682947691145789 -1.5
    endloop
  endfacet
  facet normal 0 0 1
    outer loop
      vertex -12.710865209922915 -4.045007313140156 -1.5
      vertex -12.710865209922915 4.045007313140152 -1.5
      vertex -12.741315824252185 3.864189378098362 -1.5
    endloop
  endfacet
  facet normal 0 0 1
    outer loop
      vertex -12.710865209922915 -4.045007313140156 -1.5
      vertex -12.67902399582301 4.225381667546985 -1.5
      vertex -12.710865209922915 4.045007313140152 -1.5
    endloop
  endfacet
  facet normal 0 0 1
    outer loop
      vertex -12.710865209922915 -4.045007313140156 -1.5
      vertex -12.645795673700423 4.4052926612382315 -1.5
      vertex -12.67902399582301 4.225381667546985 -1.5
    endloop
  endfacet
  facet normal 0 0 1
    outer loop
      vertex -12.710865209922915 -4.045007313140156 -1.5
      vertex -12.611183887415116 4.5847205649460525 -1.5
      vertex -12.645795673700423 4.4052926612382315 -1.5
    endloop
  endfacet
  facet normal 0 0 1
    outer loop
      vertex -12.710865209922915 -4.045007313140156 -1.5
      vertex -12.575192432539499 4.763645702378824 -1.5
      vertex -12.611183887415116 4.5847205649460525 -1.5
    endloop
  endfacet
  facet normal 0 0 1
    outer loop
      vertex -12.710865209922915 -4.045007313140156 -1.5
      vertex -12.537825255942186 4.942048452378904 -1.5
      vertex -12.575192432539499 4.763645702378824 -1.5
    endloop
  endfacet
  facet normal 0 0 1
    outer loop
      vertex -12.710865209922915 -4.045007313140156 -1.5
      vertex -12.499086455355178 5.119909251074374 -1.5
      vertex -12.537825255942186 4.942048452378904 -1.5
    endloop
  endfacet
  facet normal 0 0 1
    outer loop
      vertex -12.710865209922915 -4.045007313140156 -1.5
      vertex -12.45898027892451 5.297208594024313 -1.5
      vertex -12.499086455355178 5.119909251074374 -1.5
    endloop
  endfacet
  facet normal 0 0 1
    outer loop
      vertex -12.710865209922915 -4.045007313140156 -1.5
      vertex -12.417511124744376 5.473927038357819 -1.5
      vertex -12.45898027892451 5.297208594024313 -1.5
    endloop
  endfacet
  facet normal 0 0 1
    outer loop
      vertex -12.710865209922915 -4.045007313140156 -1.5
      vertex -12.399999999527932 5.5 -1.5
      vertex -12.417511124744376 5.473927038357819 -1.5
    endloop
  endfacet
  facet normal -0.832050294337847 0 -0.554700196225224
    outer loop
      vertex -12.399999999527932 -5.5 -1.485000000708103
      vertex -12.411170825010513 5.5 -1.4682437624842302
      vertex -12.399999999527932 5.5 -1.485000000708103
    endloop
  endfacet
  facet normal -0.8320502943378318 5.023565788023608e-17 -0.554700196225247
    outer loop
      vertex -12.399999999527932 -5.5 -1.485000000708103
      vertex -12.417511124744376 5.473927038357819 -1.458733312883437
      vertex -12.411170825010513 5.5 -1.4682437624842302
    endloop
  endfacet
  facet normal -0.832050294337844 0 -0.5547001962252288
    outer loop
      vertex -12.741315824252187 -3.864189378098355 -0.9730262636217208
      vertex -12.45898027892451 5.297208594024313 -1.396529581613235
      vertex -12.417511124744376 5.473927038357819 -1.458733312883437
    endloop
  endfacet
  facet normal -0.8320502943378437 0 -0.5547001962252291
    outer loop
      vertex -12.741315824252187 -3.864189378098355 -0.9730262636217208
      vertex -12.67902399582301 4.225381667546985 -1.0664640062654849
      vertex -12.645795673700423 4.4052926612382315 -1.1163064894493662
    endloop
  endfacet
  facet normal -0.8320502943378437 0 -0.5547001962252291
    outer loop
      vertex -12.741315824252187 -3.864189378098355 -0.9730262636217208
      vertex -12.710865209922915 4.045007313140152 -1.0187021851156288
      vertex -12.67902399582301 4.225381667546985 -1.0664640062654849
    endloop
  endfacet
  facet normal -0.8320502943378437 0 -0.5547001962252293
    outer loop
      vertex -12.741315824252187 -3.864189378098355 -0.9730262636217208
      vertex -12.741315824252185 3.864189378098362 -0.9730262636217235
      vertex -12.710865209922915 4.045007313140152 -1.0187021851156288
    endloop
  endfacet
  facet normal -0.8320502943378437 0 -0.5547001962252291
    outer loop
      vertex -12.770372499557821 -3.682947691145789 -0.9294412506632694
      vertex -12.770372499557821 3.682947691145789 -0.9294412506632694
      vertex -12.741315824252185 3.864189378098362 -0.9730262636217235
    endloop
  endfacet
  facet normal -0.8320502943378397 0 -0.5547001962252349
    outer loop
      vertex -12.790000000000001 -3.554050135132888 -0.8999999999999999
      vertex -12.790000000000001 3.5540501351328833 -0.8999999999999999
      vertex -12.770372499557821 3.682947691145789 -0.9294412506632694
    endloop
  endfacet
  facet normal -0.8320502943378435 0 -0.5547001962252293
    outer loop
      vertex -12.741315824252187 -3.864189378098355 -0.9730262636217208
      vertex -12.499086455355178 5.119909251074374 -1.3363703169672343
      vertex -12.45898027892451 5.297208594024313 -1.396529581613235
    endloop
  endfacet
  facet normal -0.8320502943378436 0 -0.5547001962252293
    outer loop
      vertex -12.741315824252187 -3.864189378098355 -0.9730262636217208
      vertex -12.537825255942186 4.942048452378904 -1.2782621160867214
      vertex -12.499086455355178 5.119909251074374 -1.3363703169672343
    endloop
  endfacet
  facet normal -0.8320502943378436 0 -0.554700196225229
    outer loop
      vertex -12.741315824252187 -3.864189378098355 -0.9730262636217208
      vertex -12.575192432539499 4.763645702378824 -1.2222113511907526
      vertex -12.537825255942186 4.942048452378904 -1.2782621160867214
    endloop
  endfacet
  facet normal -0.8320502943378437 0 -0.5547001962252291
    outer loop
      vertex -12.741315824252187 -3.864189378098355 -0.9730262636217208
      vertex -12.611183887415116 4.5847205649460525 -1.1682241688773267
      vertex -12.575192432539499 4.763645702378824 -1.2222113511907526
    endloop
  endfacet
  facet normal -0.8320502943378436 0 -0.5547001962252294
    outer loop
      vertex -12.741315824252187 -3.864189378098355 -0.9730262636217208
      vertex -12.645795673700423 4.4052926612382315 -1.1163064894493662
      vertex -12.611183887415116 4.5847205649460525 -1.1682241688773267
    endloop
  endfacet
  facet normal 0 0 1
    outer loop
      vertex -12.417511124744376 5.473927038357819 -1.5
      vertex -12.399999999527932 5.5 -1.5
      vertex -12.411170825010513 5.5 -1.5
    endloop
  endfacet
  facet normal 0 0 1
    outer loop
      vertex 12.411170825010513 -5.5 -1.5
      vertex 12.417511124744376 -5.473927038357819 -1.5
      vertex 12.399999999527932 -5.5 -1.5
    endloop
  endfacet
  facet normal 0 0 1
    outer loop
      vertex 12.399999999527932 -5.5 -1.5
      vertex 12.417511124744376 -5.473927038357819 -1.5
      vertex 12.710865209922915 4.045007313140156 -1.5
    endloop
  endfacet
  facet normal 0 0 1
    outer loop
      vertex 12.417511124744376 -5.473927038357819 -1.5
      vertex 12.45898027892451 -5.297208594024313 -1.5
      vertex 12.710865209922915 4.045007313140156 -1.5
    endloop
  endfacet
  facet normal 0 0 1
    outer loop
      vertex 12.45898027892451 -5.297208594024313 -1.5
      vertex 12.499086455355178 -5.119909251074374 -1.5
      vertex 12.710865209922915 4.045007313140156 -1.5
    endloop
  endfacet
  facet normal 0 0 1
    outer loop
      vertex 12.499086455355178 -5.119909251074374 -1.5
      vertex 12.537825255942186 -4.942048452378904 -1.5
      vertex 12.710865209922915 4.045007313140156 -1.5
    endloop
  endfacet
  facet normal 0 0 1
    outer loop
      vertex 12.537825255942186 -4.942048452378904 -1.5
      vertex 12.575192432539499 -4.763645702378824 -1.5
      vertex 12.710865209922915 4.045007313140156 -1.5
    endloop
  endfacet
  facet normal 0 0 1
    outer loop
      vertex 12.575192432539499 -4.763645702378824 -1.5
      vertex 12.611183887415116 -4.5847205649460525 -1.5
      vertex 12.710865209922915 4.045007313140156 -1.5
    endloop
  endfacet
  facet normal 0 0 1
    outer loop
      vertex 12.611183887415116 -4.5847205649460525 -1.5
      vertex 12.645795673700423 -4.4052926612382315 -1.5
      vertex 12.710865209922915 4.045007313140156 -1.5
    endloop
  endfacet
  facet normal 0.832050294337847 0 -0.554700196225224
    outer loop
      vertex 12.399999999527932 -5.5 -1.485000000708103
      vertex 12.399999999527932 5.5 -1.485000000708103
      vertex 12.411170825010513 -5.5 -1.4682437624842302
    endloop
  endfacet
  facet normal 0.8320502943378317 -5.045034017886957e-17 -0.5547001962252469
    outer loop
      vertex 12.411170825010513 -5.5 -1.4682437624842302
      vertex 12.399999999527932 5.5 -1.485000000708103
      vertex 12.417511124744376 -5.473927038357819 -1.458733312883437
    endloop
  endfacet
  facet normal 0.8320502943378437 0 -0.5547001962252293
    outer loop
      vertex 12.417511124744376 -5.473927038357819 -1.458733312883437
      vertex 12.741315824252187 3.864189378098355 -0.9730262636217208
      vertex 12.45898027892451 -5.297208594024313 -1.396529581613235
    endloop
  endfacet
  facet normal 0 0 1
    outer loop
      vertex 12.645795673700423 -4.4052926612382315 -1.5
      vertex 12.67902399582301 -4.225381667546985 -1.5
      vertex 12.710865209922915 4.045007313140156 -1.5
    endloop
  endfacet
  facet normal 0 0 1
    outer loop
      vertex 12.67902399582301 -4.225381667546985 -1.5
      vertex 12.710865209922915 -4.045007313140152 -1.5
      vertex 12.710865209922915 4.045007313140156 -1.5
    endloop
  endfacet
  facet normal 0 0 1
    outer loop
      vertex 12.710865209922915 -4.045007313140152 -1.5
      vertex 12.741315824252185 -3.864189378098362 -1.5
      vertex 12.710865209922915 4.045007313140156 -1.5
    endloop
  endfacet
  facet normal 0 0 1
    outer loop
      vertex 12.741315824252185 -3.864189378098362 -1.5
      vertex 12.770372499557821 -3.682947691145789 -1.5
      vertex 12.741315824252187 3.864189378098355 -1.5
    endloop
  endfacet
  facet normal 0 0 1
    outer loop
      vertex 12.770372499557821 -3.682947691145789 -1.5
      vertex 12.790000000000001 -3.5540501351328833 -1.5
      vertex 12.770372499557821 3.682947691145789 -1.5
    endloop
  endfacet
  facet normal 0.8320502943378437 0 -0.5547001962252291
    outer loop
      vertex 12.45898027892451 -5.297208594024313 -1.396529581613235
      vertex 12.741315824252187 3.864189378098355 -0.9730262636217208
      vertex 12.499086455355178 -5.119909251074374 -1.3363703169672343
    endloop
  endfacet
  facet normal 0.8320502943378437 0 -0.5547001962252291
    outer loop
      vertex 12.499086455355178 -5.119909251074374 -1.3363703169672343
      vertex 12.741315824252187 3.864189378098355 -0.9730262636217208
      vertex 12.537825255942186 -4.942048452378904 -1.2782621160867214
    endloop
  endfacet
  facet normal 0.8320502943378438 0 -0.5547001962252291
    outer loop
      vertex 12.537825255942186 -4.942048452378904 -1.2782621160867214
      vertex 12.741315824252187 3.864189378098355 -0.9730262636217208
      vertex 12.575192432539499 -4.763645702378824 -1.2222113511907526
    endloop
  endfacet
  facet normal 0.8320502943378437 0 -0.5547001962252293
    outer loop
      vertex 12.575192432539499 -4.763645702378824 -1.2222113511907526
      vertex 12.741315824252187 3.864189378098355 -0.9730262636217208
      vertex 12.611183887415116 -4.5847205649460525 -1.1682241688773267
    endloop
  endfacet
  facet normal 0.8320502943378437 0 -0.5547001962252291
    outer loop
      vertex 12.611183887415116 -4.5847205649460525 -1.1682241688773267
      vertex 12.741315824252187 3.864189378098355 -0.9730262636217208
      vertex 12.645795673700423 -4.4052926612382315 -1.1163064894493662
    endloop
  endfacet
  facet normal 0.8320502943378436 0 -0.5547001962252291
    outer loop
      vertex 12.645795673700423 -4.4052926612382315 -1.1163064894493662
      vertex 12.741315824252187 3.864189378098355 -0.9730262636217208
      vertex 12.67902399582301 -4.225381667546985 -1.0664640062654849
    endloop
  endfacet
  facet normal 0.8320502943378437 0 -0.5547001962252291
    outer loop
      vertex 12.67902399582301 -4.225381667546985 -1.0664640062654849
      vertex 12.741315824252187 3.864189378098355 -0.9730262636217208
      vertex 12.710865209922915 -4.045007313140152 -1.0187021851156288
    endloop
  endfacet
  facet normal 0.8320502943378437 0 -0.5547001962252291
    outer loop
      vertex 12.710865209922915 -4.045007313140152 -1.0187021851156288
      vertex 12.741315824252187 3.864189378098355 -0.9730262636217208
      vertex 12.741315824252185 -3.864189378098362 -0.9730262636217235
    endloop
  endfacet
  facet normal 0.8320502943378437 0 -0.5547001962252291
    outer loop
      vertex 12.741315824252185 -3.864189378098362 -0.9730262636217235
      vertex 12.770372499557821 3.682947691145789 -0.9294412506632694
      vertex 12.770372499557821 -3.682947691145789 -0.9294412506632694
    endloop
  endfacet
  facet normal 0.8320502943378397 0 -0.5547001962252349
    outer loop
      vertex 12.770372499557821 -3.682947691145789 -0.9294412506632694
      vertex 12.790000000000001 3.554050135132888 -0.8999999999999999
      vertex 12.790000000000001 -3.5540501351328833 -0.8999999999999999
    endloop
  endfacet
  facet normal 0 0 1
    outer loop
      vertex 12.399999999527932 -5.5 -1.5
      vertex 12.67902399582301 4.225381667546983 -1.5
      vertex 12.645795673700421 4.405292661238239 -1.5
    endloop
  endfacet
  facet normal 0 0 1
    outer loop
      vertex 12.399999999527932 -5.5 -1.5
      vertex 12.645795673700421 4.405292661238239 -1.5
      vertex 12.611183887415116 4.5847205649460525 -1.5
    endloop
  endfacet
  facet normal 0 0 1
    outer loop
      vertex 12.399999999527932 -5.5 -1.5
      vertex 12.710865209922915 4.045007313140156 -1.5
      vertex 12.67902399582301 4.225381667546983 -1.5
    endloop
  endfacet
  facet normal 0 0 1
    outer loop
      vertex 12.399999999527932 -5.5 -1.5
      vertex 12.611183887415116 4.5847205649460525 -1.5
      vertex 12.5751924325395 4.763645702378817 -1.5
    endloop
  endfacet
  facet normal 0 0 1
    outer loop
      vertex 12.399999999527932 -5.5 -1.5
      vertex 12.537825255942185 4.942048452378907 -1.5
      vertex 12.499086455355178 5.119909251074371 -1.5
    endloop
  endfacet
  facet normal 0 0 1
    outer loop
      vertex 12.399999999527932 -5.5 -1.5
      vertex 12.5751924325395 4.763645702378817 -1.5
      vertex 12.537825255942185 4.942048452378907 -1.5
    endloop
  endfacet
  facet normal 0 0 1
    outer loop
      vertex 12.790000000000001 -3.5540501351328833 -1.5
      vertex 12.790000000000001 3.554050135132888 -1.5
      vertex 12.770372499557821 3.682947691145789 -1.5
    endloop
  endfacet
  facet normal 0 0 1
    outer loop
      vertex 12.770372499557821 -3.682947691145789 -1.5
      vertex 12.770372499557821 3.682947691145789 -1.5
      vertex 12.741315824252187 3.864189378098355 -1.5
    endloop
  endfacet
  facet normal 0 0 1
    outer loop
      vertex 12.741315824252185 -3.864189378098362 -1.5
      vertex 12.741315824252187 3.864189378098355 -1.5
      vertex 12.710865209922915 4.045007313140156 -1.5
    endloop
  endfacet
  facet normal 0.8320502943378436 1.0614218933166777e-17 -0.5547001962252293
    outer loop
      vertex 12.417511124744376 -5.473927038357819 -1.458733312883437
      vertex 12.399999999527932 5.5 -1.485000000708103
      vertex 12.741315824252187 3.864189378098355 -0.9730262636217208
    endloop
  endfacet
  facet normal 0 0 1
    outer loop
      vertex 12.399999999527932 -5.5 -1.5
      vertex 12.499086455355178 5.119909251074371 -1.5
      vertex 12.458980278924509 5.297208594024319 -1.5
    endloop
  endfacet
  facet normal 0 0 1
    outer loop
      vertex 12.399999999527932 -5.5 -1.5
      vertex 12.458980278924509 5.297208594024319 -1.5
      vertex 12.417511124744376 5.473927038357819 -1.5
    endloop
  endfacet
  facet normal 0 0 1
    outer loop
      vertex 12.399999999527932 -5.5 -1.5
      vertex 12.411170825010513 5.5 -1.5
      vertex 12.399999999527932 5.5 -1.5
    endloop
  endfacet
  facet normal 0 0 1
    outer loop
      vertex 12.399999999527932 -5.5 -1.5
      vertex 12.417511124744376 5.473927038357819 -1.5
      vertex 12.411170825010513 5.5 -1.5
    endloop
  endfacet
  facet normal 0.8320502943378436 0 -0.554700196225229
    outer loop
      vertex 12.741315824252185 -3.864189378098362 -0.9730262636217235
      vertex 12.741315824252187 3.864189378098355 -0.9730262636217208
      vertex 12.770372499557821 3.682947691145789 -0.9294412506632694
    endloop
  endfacet
  facet normal 0.8320502943378398 0 -0.5547001962252349
    outer loop
      vertex 12.770372499557821 -3.682947691145789 -0.9294412506632694
      vertex 12.770372499557821 3.682947691145789 -0.9294412506632694
      vertex 12.790000000000001 3.554050135132888 -0.8999999999999999
    endloop
  endfacet
  facet normal 0.832050294337847 1.207949632406399e-14 -0.554700196225224
    outer loop
      vertex 12.399999999527932 5.5 -1.485000000708103
      vertex 12.411170825010513 5.5 -1.4682437624842302
      vertex 12.417511124744376 5.473927038357819 -1.458733312883437
    endloop
  endfacet
  facet normal 0.8320502943378404 -2.509204855263113e-15 -0.5547001962252341
    outer loop
      vertex 12.399999999527932 5.5 -1.485000000708103
      vertex 12.417511124744376 5.473927038357819 -1.458733312883437
      vertex 12.458980278924509 5.297208594024319 -1.3965295816132377
    endloop
  endfacet
  facet normal 0.8320502943378403 -2.0702689899930783e-15 -0.5547001962252343
    outer loop
      vertex 12.399999999527932 5.5 -1.485000000708103
      vertex 12.458980278924509 5.297208594024319 -1.3965295816132377
      vertex 12.499086455355178 5.119909251074371 -1.3363703169672343
    endloop
  endfacet
  facet normal 0.832050294337841 -1.3275471412563548e-15 -0.554700196225233
    outer loop
      vertex 12.399999999527932 5.5 -1.485000000708103
      vertex 12.499086455355178 5.119909251074371 -1.3363703169672343
      vertex 12.537825255942185 4.942048452378907 -1.278262116086724
    endloop
  endfacet
  facet normal 0.8320502943378421 -1.0293301305280154e-15 -0.5547001962252315
    outer loop
      vertex 12.399999999527932 5.5 -1.485000000708103
      vertex 12.537825255942185 4.942048452378907 -1.278262116086724
      vertex 12.5751924325395 4.763645702378817 -1.22221135119075
    endloop
  endfacet
  facet normal 0.8320502943378426 -7.946141524851972e-16 -0.5547001962252306
    outer loop
      vertex 12.399999999527932 5.5 -1.485000000708103
      vertex 12.5751924325395 4.763645702378817 -1.22221135119075
      vertex 12.611183887415116 4.5847205649460525 -1.1682241688773267
    endloop
  endfacet
  facet normal 0.8320502943378418 -9.811313754695276e-16 -0.5547001962252318
    outer loop
      vertex 12.399999999527932 5.5 -1.485000000708103
      vertex 12.645795673700421 4.405292661238239 -1.1163064894493688
      vertex 12.67902399582301 4.225381667546983 -1.0664640062654849
    endloop
  endfacet
  facet normal 0.8320502943378447 0 -0.5547001962252277
    outer loop
      vertex 12.399999999527932 5.5 -1.485000000708103
      vertex 12.67902399582301 4.225381667546983 -1.0664640062654849
      vertex 12.710865209922915 4.045007313140156 -1.0187021851156288
    endloop
  endfacet
  facet normal 0.8320502943378417 0 -0.5547001962252321
    outer loop
      vertex 12.399999999527932 5.5 -1.485000000708103
      vertex 12.710865209922915 4.045007313140156 -1.0187021851156288
      vertex 12.741315824252187 3.864189378098355 -0.9730262636217208
    endloop
  endfacet
  facet normal 0.8320502943378425 -1.239051518985608e-15 -0.5547001962252308
    outer loop
      vertex 12.399999999527932 5.5 -1.485000000708103
      vertex 12.611183887415116 4.5847205649460525 -1.1682241688773267
      vertex 12.645795673700421 4.405292661238239 -1.1163064894493688
    endloop
  endfacet
  facet normal -1.207949632406399e-14 0.832050294337847 -0.554700196225224
    outer loop
      vertex -5.5 12.399999999527932 -1.485000000708103
      vertex -5.5 12.411170825010513 -1.4682437624842302
      vertex -5.473927038357819 12.417511124744376 -1.458733312883437
    endloop
  endfacet
  facet normal 2.509204855263113e-15 0.8320502943378404 -0.5547001962252341
    outer loop
      vertex -5.5 12.399999999527932 -1.485000000708103
      vertex -5.473927038357819 12.417511124744376 -1.458733312883437
      vertex -5.297208594024319 12.458980278924509 -1.3965295816132377
    endloop
  endfacet
  facet normal 2.0702689899930783e-15 0.8320502943378403 -0.5547001962252343
    outer loop
      vertex -5.5 12.399999999527932 -1.485000000708103
      vertex -5.297208594024319 12.458980278924509 -1.3965295816132377
      vertex -5.119909251074371 12.499086455355178 -1.3363703169672343
    endloop
  endfacet
  facet normal 1.3275471412563548e-15 0.832050294337841 -0.554700196225233
    outer loop
      vertex -5.5 12.399999999527932 -1.485000000708103
      vertex -5.119909251074371 12.499086455355178 -1.3363703169672343
      vertex -4.942048452378907 12.537825255942185 -1.278262116086724
    endloop
  endfacet
  facet normal 1.0293301305280154e-15 0.8320502943378421 -0.5547001962252315
    outer loop
      vertex -5.5 12.399999999527932 -1.485000000708103
      vertex -4.942048452378907 12.537825255942185 -1.278262116086724
      vertex -4.763645702378817 12.5751924325395 -1.22221135119075
    endloop
  endfacet
  facet normal 7.946141524851972e-16 0.8320502943378426 -0.5547001962252306
    outer loop
      vertex -5.5 12.399999999527932 -1.485000000708103
      vertex -4.763645702378817 12.5751924325395 -1.22221135119075
      vertex -4.5847205649460525 12.611183887415116 -1.1682241688773267
    endloop
  endfacet
  facet normal 1.239051518985608e-15 0.8320502943378425 -0.5547001962252308
    outer loop
      vertex -5.5 12.399999999527932 -1.485000000708103
      vertex -4.5847205649460525 12.611183887415116 -1.1682241688773267
      vertex -4.405292661238239 12.645795673700421 -1.1163064894493688
    endloop
  endfacet
  facet normal 9.811313754695276e-16 0.8320502943378418 -0.5547001962252318
    outer loop
      vertex -5.5 12.399999999527932 -1.485000000708103
      vertex -4.405292661238239 12.645795673700421 -1.1163064894493688
      vertex -4.225381667546983 12.67902399582301 -1.0664640062654849
    endloop
  endfacet
  facet normal 0 0.8320502943378447 -0.5547001962252277
    outer loop
      vertex -5.5 12.399999999527932 -1.485000000708103
      vertex -4.225381667546983 12.67902399582301 -1.0664640062654849
      vertex -4.045007313140156 12.710865209922915 -1.0187021851156288
    endloop
  endfacet
  facet normal 0 0.8320502943378417 -0.5547001962252321
    outer loop
      vertex -5.5 12.399999999527932 -1.485000000708103
      vertex -4.045007313140156 12.710865209922915 -1.0187021851156288
      vertex -3.864189378098355 12.741315824252187 -0.9730262636217208
    endloop
  endfacet
  facet normal 0 0 1
    outer loop
      vertex -5.5 12.411170825010513 -1.5
      vertex -5.5 12.399999999527932 -1.5
      vertex 5.5 12.399999999527932 -1.5
    endloop
  endfacet
  facet normal 0 0 1
    outer loop
      vertex -5.5 12.411170825010513 -1.5
      vertex 5.5 12.399999999527932 -1.5
      vertex -5.473927038357819 12.417511124744376 -1.5
    endloop
  endfacet
  facet normal 0 0 1
    outer loop
      vertex -5.473927038357819 12.417511124744376 -1.5
      vertex 5.5 12.399999999527932 -1.5
      vertex -5.297208594024319 12.458980278924509 -1.5
    endloop
  endfacet
  facet normal 0 0 1
    outer loop
      vertex -5.297208594024319 12.458980278924509 -1.5
      vertex 5.5 12.399999999527932 -1.5
      vertex -5.119909251074371 12.499086455355178 -1.5
    endloop
  endfacet
  facet normal 0 0 1
    outer loop
      vertex -5.119909251074371 12.499086455355178 -1.5
      vertex 5.5 12.399999999527932 -1.5
      vertex -4.942048452378907 12.537825255942185 -1.5
    endloop
  endfacet
  facet normal 0 0 1
    outer loop
      vertex -4.942048452378907 12.537825255942185 -1.5
      vertex 5.5 12.399999999527932 -1.5
      vertex -4.763645702378817 12.5751924325395 -1.5
    endloop
  endfacet
  facet normal 0 0 1
    outer loop
      vertex -4.763645702378817 12.5751924325395 -1.5
      vertex 5.5 12.399999999527932 -1.5
      vertex -4.5847205649460525 12.611183887415116 -1.5
    endloop
  endfacet
  facet normal 0 0 1
    outer loop
      vertex -4.045007313140156 12.710865209922915 -1.5
      vertex 3.864189378098362 12.741315824252185 -1.5
      vertex -3.864189378098355 12.741315824252187 -1.5
    endloop
  endfacet
  facet normal 0 0 1
    outer loop
      vertex -3.864189378098355 12.741315824252187 -1.5
      vertex 3.682947691145789 12.770372499557821 -1.5
      vertex -3.682947691145789 12.770372499557821 -1.5
    endloop
  endfacet
  facet normal 0 0 1
    outer loop
      vertex -3.682947691145789 12.770372499557821 -1.5
      vertex 3.5540501351328833 12.790000000000001 -1.5
      vertex -3.554050135132888 12.790000000000001 -1.5
    endloop
  endfacet
  facet normal 0 0 1
    outer loop
      vertex -4.5847205649460525 12.611183887415116 -1.5
      vertex 5.5 12.399999999527932 -1.5
      vertex -4.405292661238239 12.645795673700421 -1.5
    endloop
  endfacet
  facet normal 0 0 1
    outer loop
      vertex -4.405292661238239 12.645795673700421 -1.5
      vertex 5.5 12.399999999527932 -1.5
      vertex -4.225381667546983 12.67902399582301 -1.5
    endloop
  endfacet
  facet normal 0 0 1
    outer loop
      vertex -4.225381667546983 12.67902399582301 -1.5
      vertex 5.5 12.399999999527932 -1.5
      vertex -4.045007313140156 12.710865209922915 -1.5
    endloop
  endfacet
  facet normal -1.0873102321780602e-17 0.8320502943378436 -0.5547001962252293
    outer loop
      vertex -5.5 12.399999999527932 -1.485000000708103
      vertex -3.864189378098355 12.741315824252187 -0.9730262636217208
      vertex 5.473927038357819 12.417511124744376 -1.458733312883437
    endloop
  endfacet
  facet normal 0 0.8320502943378436 -0.554700196225229
    outer loop
      vertex -3.864189378098355 12.741315824252187 -0.9730262636217208
      vertex -3.682947691145789 12.770372499557821 -0.9294412506632694
      vertex 3.864189378098362 12.741315824252185 -0.9730262636217235
    endloop
  endfacet
  facet normal 0 0.8320502943378398 -0.5547001962252349
    outer loop
      vertex -3.682947691145789 12.770372499557821 -0.9294412506632694
      vertex -3.554050135132888 12.790000000000001 -0.8999999999999999
      vertex 3.682947691145789 12.770372499557821 -0.9294412506632694
    endloop
  endfacet
  facet normal 0 0 1
    outer loop
      vertex -3.682947691145789 12.770372499557821 -1.5
      vertex 3.682947691145789 12.770372499557821 -1.5
      vertex 3.5540501351328833 12.790000000000001 -1.5
    endloop
  endfacet
  facet normal 0 0 1
    outer loop
      vertex -3.864189378098355 12.741315824252187 -1.5
      vertex 3.864189378098362 12.741315824252185 -1.5
      vertex 3.682947691145789 12.770372499557821 -1.5
    endloop
  endfacet
  facet normal 0 0 1
    outer loop
      vertex -4.045007313140156 12.710865209922915 -1.5
      vertex 4.045007313140152 12.710865209922915 -1.5
      vertex 3.864189378098362 12.741315824252185 -1.5
    endloop
  endfacet
  facet normal 0 0 1
    outer loop
      vertex -4.045007313140156 12.710865209922915 -1.5
      vertex 4.225381667546985 12.67902399582301 -1.5
      vertex 4.045007313140152 12.710865209922915 -1.5
    endloop
  endfacet
  facet normal 0 0 1
    outer loop
      vertex -4.045007313140156 12.710865209922915 -1.5
      vertex 4.4052926612382315 12.645795673700423 -1.5
      vertex 4.225381667546985 12.67902399582301 -1.5
    endloop
  endfacet
  facet normal 0 0 1
    outer loop
      vertex -4.045007313140156 12.710865209922915 -1.5
      vertex 4.5847205649460525 12.611183887415116 -1.5
      vertex 4.4052926612382315 12.645795673700423 -1.5
    endloop
  endfacet
  facet normal 0 0 1
    outer loop
      vertex -4.045007313140156 12.710865209922915 -1.5
      vertex 4.763645702378824 12.575192432539499 -1.5
      vertex 4.5847205649460525 12.611183887415116 -1.5
    endloop
  endfacet
  facet normal 0 0 1
    outer loop
      vertex -4.045007313140156 12.710865209922915 -1.5
      vertex 4.942048452378904 12.537825255942186 -1.5
      vertex 4.763645702378824 12.575192432539499 -1.5
    endloop
  endfacet
  facet normal 0 0 1
    outer loop
      vertex -4.045007313140156 12.710865209922915 -1.5
      vertex 5.119909251074374 12.499086455355178 -1.5
      vertex 4.942048452378904 12.537825255942186 -1.5
    endloop
  endfacet
  facet normal 0 0 1
    outer loop
      vertex -4.045007313140156 12.710865209922915 -1.5
      vertex 5.297208594024313 12.45898027892451 -1.5
      vertex 5.119909251074374 12.499086455355178 -1.5
    endloop
  endfacet
  facet normal 0 0 1
    outer loop
      vertex -4.045007313140156 12.710865209922915 -1.5
      vertex 5.473927038357819 12.417511124744376 -1.5
      vertex 5.297208594024313 12.45898027892451 -1.5
    endloop
  endfacet
  facet normal 0 0 1
    outer loop
      vertex -4.045007313140156 12.710865209922915 -1.5
      vertex 5.5 12.399999999527932 -1.5
      vertex 5.473927038357819 12.417511124744376 -1.5
    endloop
  endfacet
  facet normal 0 0.832050294337847 -0.554700196225224
    outer loop
      vertex -5.5 12.399999999527932 -1.485000000708103
      vertex 5.5 12.411170825010513 -1.4682437624842302
      vertex 5.5 12.399999999527932 -1.485000000708103
    endloop
  endfacet
  facet normal 5.023565788023608e-17 0.8320502943378318 -0.554700196225247
    outer loop
      vertex -5.5 12.399999999527932 -1.485000000708103
      vertex 5.473927038357819 12.417511124744376 -1.458733312883437
      vertex 5.5 12.411170825010513 -1.4682437624842302
    endloop
  endfacet
  facet normal 0 0.832050294337844 -0.5547001962252288
    outer loop
      vertex -3.864189378098355 12.741315824252187 -0.9730262636217208
      vertex 5.297208594024313 12.45898027892451 -1.396529581613235
      vertex 5.473927038357819 12.417511124744376 -1.458733312883437
    endloop
  endfacet
  facet normal 0 0.8320502943378437 -0.5547001962252291
    outer loop
      vertex -3.864189378098355 12.741315824252187 -0.9730262636217208
      vertex 4.225381667546985 12.67902399582301 -1.0664640062654849
      vertex 4.4052926612382315 12.645795673700423 -1.1163064894493662
    endloop
  endfacet
  facet normal 0 0.8320502943378437 -0.5547001962252291
    outer loop
      vertex -3.864189378098355 12.741315824252187 -0.9730262636217208
      vertex 4.045007313140152 12.710865209922915 -1.0187021851156288
      vertex 4.225381667546985 12.67902399582301 -1.0664640062654849
    endloop
  endfacet
  facet normal 0 0.8320502943378437 -0.5547001962252293
    outer loop
      vertex -3.864189378098355 12.741315824252187 -0.9730262636217208
      vertex 3.864189378098362 12.741315824252185 -0.9730262636217235
      vertex 4.045007313140152 12.710865209922915 -1.0187021851156288
    endloop
  endfacet
  facet normal 0 0.8320502943378437 -0.5547001962252291
    outer loop
      vertex -3.682947691145789 12.770372499557821 -0.9294412506632694
      vertex 3.682947691145789 12.770372499557821 -0.9294412506632694
      vertex 3.864189378098362 12.741315824252185 -0.9730262636217235
    endloop
  endfacet
  facet normal 0 0.8320502943378397 -0.5547001962252349
    outer loop
      vertex -3.554050135132888 12.790000000000001 -0.8999999999999999
      vertex 3.5540501351328833 12.790000000000001 -0.8999999999999999
      vertex 3.682947691145789 12.770372499557821 -0.9294412506632694
    endloop
  endfacet
  facet normal 0 0.8320502943378435 -0.5547001962252293
    outer loop
      vertex -3.864189378098355 12.741315824252187 -0.9730262636217208
      vertex 5.119909251074374 12.499086455355178 -1.3363703169672343
      vertex 5.297208594024313 12.45898027892451 -1.396529581613235
    endloop
  endfacet
  facet normal 0 0.8320502943378436 -0.5547001962252293
    outer loop
      vertex -3.864189378098355 12.741315824252187 -0.9730262636217208
      vertex 4.942048452378904 12.537825255942186 -1.2782621160867214
      vertex 5.119909251074374 12.499086455355178 -1.3363703169672343
    endloop
  endfacet
  facet normal 0 0.8320502943378436 -0.554700196225229
    outer loop
      vertex -3.864189378098355 12.741315824252187 -0.9730262636217208
      vertex 4.763645702378824 12.575192432539499 -1.2222113511907526
      vertex 4.942048452378904 12.537825255942186 -1.2782621160867214
    endloop
  endfacet
  facet normal 0 0.8320502943378437 -0.5547001962252291
    outer loop
      vertex -3.864189378098355 12.741315824252187 -0.9730262636217208
      vertex 4.5847205649460525 12.611183887415116 -1.1682241688773267
      vertex 4.763645702378824 12.575192432539499 -1.2222113511907526
    endloop
  endfacet
  facet normal 0 0.8320502943378436 -0.5547001962252294
    outer loop
      vertex -3.864189378098355 12.741315824252187 -0.9730262636217208
      vertex 4.4052926612382315 12.645795673700423 -1.1163064894493662
      vertex 4.5847205649460525 12.611183887415116 -1.1682241688773267
    endloop
  endfacet
  facet normal 0 0 1
    outer loop
      vertex 5.473927038357819 12.417511124744376 -1.5
      vertex 5.5 12.399999999527932 -1.5
      vertex 5.5 12.411170825010513 -1.5
    endloop
  endfacet
  facet normal -0.2362892285184938 -0.971682767412356 0
    outer loop
      vertex -5.5 -12.411170825010513 -1.51
      vertex -5.473927038357819 -12.417511124744376 -1.51
      vertex -5.473927038357819 -12.417511124744376 -1.5
    endloop
  endfacet
  facet normal -0.2362892285184938 -0.971682767412356 0
    outer loop
      vertex -5.5 -12.411170825010513 -1.51
      vertex -5.473927038357819 -12.417511124744376 -1.5
      vertex -5.5 -12.411170825010513 -1.5
    endloop
  endfacet
  facet normal -0.22845643935000415 -0.9735541357929296 0
    outer loop
      vertex -5.473927038357819 -12.417511124744376 -1.51
      vertex -5.297208594024313 -12.45898027892451 -1.5
      vertex -5.473927038357819 -12.417511124744376 -1.5
    endloop
  endfacet
  facet normal -0.22845643935000415 -0.9735541357929296 0
    outer loop
      vertex -5.473927038357819 -12.417511124744376 -1.51
      vertex -5.297208594024313 -12.45898027892451 -1.51
      vertex -5.297208594024313 -12.45898027892451 -1.5
    endloop
  endfacet
  facet normal -0.22063165815492364 -0.9753572019623421 0
    outer loop
      vertex -5.297208594024313 -12.45898027892451 -1.51
      vertex -5.119909251074374 -12.499086455355178 -1.5
      vertex -5.297208594024313 -12.45898027892451 -1.5
    endloop
  endfacet
  facet normal -0.22063165815492364 -0.9753572019623421 0
    outer loop
      vertex -5.297208594024313 -12.45898027892451 -1.51
      vertex -5.119909251074374 -12.499086455355178 -1.51
      vertex -5.119909251074374 -12.499086455355178 -1.5
    endloop
  endfacet
  facet normal -0.21281471056435186 -0.9770925744101279 0
    outer loop
      vertex -5.119909251074374 -12.499086455355178 -1.51
      vertex -4.942048452378904 -12.537825255942186 -1.5
      vertex -5.119909251074374 -12.499086455355178 -1.5
    endloop
  endfacet
  facet normal -0.21281471056435186 -0.9770925744101279 0
    outer loop
      vertex -5.119909251074374 -12.499086455355178 -1.51
      vertex -4.942048452378904 -12.537825255942186 -1.51
      vertex -4.942048452378904 -12.537825255942186 -1.5
    endloop
  endfacet
  facet normal -0.20500541131572708 -0.9787608397005213 0
    outer loop
      vertex -4.942048452378904 -12.537825255942186 -1.51
      vertex -4.763645702378824 -12.575192432539499 -1.5
      vertex -4.942048452378904 -12.537825255942186 -1.5
    endloop
  endfacet
  facet normal -0.20500541131572708 -0.9787608397005213 0
    outer loop
      vertex -4.942048452378904 -12.537825255942186 -1.51
      vertex -4.763645702378824 -12.575192432539499 -1.51
      vertex -4.763645702378824 -12.575192432539499 -1.5
    endloop
  endfacet
  facet normal -0.19720356478567796 -0.980362562542971 0
    outer loop
      vertex -4.763645702378824 -12.575192432539499 -1.51
      vertex -4.5847205649460525 -12.611183887415116 -1.51
      vertex -4.5847205649460525 -12.611183887415116 -1.5
    endloop
  endfacet
  facet normal -0.19720356478567796 -0.980362562542971 0
    outer loop
      vertex -4.763645702378824 -12.575192432539499 -1.51
      vertex -4.5847205649460525 -12.611183887415116 -1.5
      vertex -4.763645702378824 -12.575192432539499 -1.5
    endloop
  endfacet
  facet normal -0.18940896550644828 -0.9818982858655866 0
    outer loop
      vertex -4.5847205649460525 -12.611183887415116 -1.51
      vertex -4.4052926612382315 -12.645795673700423 -1.5
      vertex -4.5847205649460525 -12.611183887415116 -1.5
    endloop
  endfacet
  facet normal -0.18940896550644828 -0.9818982858655866 0
    outer loop
      vertex -4.5847205649460525 -12.611183887415116 -1.51
      vertex -4.4052926612382315 -12.645795673700423 -1.51
      vertex -4.4052926612382315 -12.645795673700423 -1.5
    endloop
  endfacet
  facet normal -0.1816213986663536 -0.983368530890875 0
    outer loop
      vertex -4.4052926612382315 -12.645795673700423 -1.51
      vertex -4.225381667546985 -12.67902399582301 -1.5
      vertex -4.4052926612382315 -12.645795673700423 -1.5
    endloop
  endfacet
  facet normal -0.1816213986663536 -0.983368530890875 0
    outer loop
      vertex -4.4052926612382315 -12.645795673700423 -1.51
      vertex -4.225381667546985 -12.67902399582301 -1.51
      vertex -4.225381667546985 -12.67902399582301 -1.5
    endloop
  endfacet
  facet normal -0.1738406405952395 -0.984773797213064 0
    outer loop
      vertex -4.225381667546985 -12.67902399582301 -1.51
      vertex -4.045007313140152 -12.710865209922915 -1.51
      vertex -4.045007313140152 -12.710865209922915 -1.5
    endloop
  endfacet
  facet normal -0.1738406405952395 -0.984773797213064 0
    outer loop
      vertex -4.225381667546985 -12.67902399582301 -1.51
      vertex -4.045007313140152 -12.710865209922915 -1.5
      vertex -4.225381667546985 -12.67902399582301 -1.5
    endloop
  endfacet
  facet normal -0.16606645923529845 -0.9861145628764697 0
    outer loop
      vertex -4.045007313140152 -12.710865209922915 -1.51
      vertex -3.864189378098362 -12.741315824252185 -1.5
      vertex -4.045007313140152 -12.710865209922915 -1.5
    endloop
  endfacet
  facet normal -0.16606645923529845 -0.9861145628764697 0
    outer loop
      vertex -4.045007313140152 -12.710865209922915 -1.51
      vertex -3.864189378098362 -12.741315824252185 -1.51
      vertex -3.864189378098362 -12.741315824252185 -1.5
    endloop
  endfacet
  facet normal -0.15829861459803982 -0.9873912844543146 0
    outer loop
      vertex -3.864189378098362 -12.741315824252185 -1.51
      vertex -3.682947691145789 -12.770372499557821 -1.5
      vertex -3.864189378098362 -12.741315824252185 -1.5
    endloop
  endfacet
  facet normal -0.15829861459803982 -0.9873912844543146 0
    outer loop
      vertex -3.864189378098362 -12.741315824252185 -1.51
      vertex -3.682947691145789 -12.770372499557821 -1.51
      vertex -3.682947691145789 -12.770372499557821 -1.5
    endloop
  endfacet
  facet normal -0.15053685920792892 -0.9886043971274922 0
    outer loop
      vertex -3.682947691145789 -12.770372499557821 -1.51
      vertex -3.5540501351328833 -12.790000000000001 -1.51
      vertex -3.682947691145789 -12.770372499557821 -1.5
    endloop
  endfacet
  facet normal -0.15053685920792892 -0.9886043971274922 0
    outer loop
      vertex -3.682947691145789 -12.770372499557821 -1.5
      vertex -3.5540501351328833 -12.790000000000001 -1.51
      vertex -3.5540501351328833 -12.790000000000001 -1.5
    endloop
  endfacet
  facet normal -0.2362892285184938 -0.9716827674123562 0
    outer loop
      vertex -5.5 -12.411170825010513 -1.4682437624842302
      vertex -5.473927038357819 -12.417511124744376 -1.458733312883437
      vertex -5.5 -12.411170825010513 0.2682437624842302
    endloop
  endfacet
  facet normal -0.22845643935000415 -0.9735541357929295 0
    outer loop
      vertex -5.473927038357819 -12.417511124744376 -1.458733312883437
      vertex -5.297208594024313 -12.45898027892451 -1.396529581613235
      vertex -5.297208594024313 -12.45898027892451 0.19652958161323508
    endloop
  endfacet
  facet normal -0.22063165815492364 -0.9753572019623422 0
    outer loop
      vertex -5.297208594024313 -12.45898027892451 -1.396529581613235
      vertex -5.119909251074374 -12.499086455355178 -1.3363703169672343
      vertex -5.119909251074374 -12.499086455355178 0.13637031696723434
    endloop
  endfacet
  facet normal -0.21281471056435186 -0.9770925744101279 0
    outer loop
      vertex -5.119909251074374 -12.499086455355178 -1.3363703169672343
      vertex -4.942048452378904 -12.537825255942186 -1.2782621160867214
      vertex -4.942048452378904 -12.537825255942186 0.0782621160867214
    endloop
  endfacet
  facet normal -0.20500541131572708 -0.9787608397005212 0
    outer loop
      vertex -4.942048452378904 -12.537825255942186 -1.2782621160867214
      vertex -4.763645702378824 -12.575192432539499 -1.2222113511907526
      vertex -4.763645702378824 -12.575192432539499 0.02221135119075268
    endloop
  endfacet
  facet normal -0.19720356478567796 -0.9803625625429712 0
    outer loop
      vertex -4.763645702378824 -12.575192432539499 -1.2222113511907526
      vertex -4.5847205649460525 -12.611183887415116 -1.1682241688773267
      vertex -4.5847205649460525 -12.611183887415116 -0.03177583112267324
    endloop
  endfacet
  facet normal -0.18940896550644826 -0.9818982858655865 0
    outer loop
      vertex -4.5847205649460525 -12.611183887415116 -1.1682241688773267
      vertex -4.4052926612382315 -12.645795673700423 -1.1163064894493662
      vertex -4.4052926612382315 -12.645795673700423 -0.08369351055063379
    endloop
  endfacet
  facet normal -0.1816213986663536 -0.9833685308908747 0
    outer loop
      vertex -4.4052926612382315 -12.645795673700423 -1.1163064894493662
      vertex -4.225381667546985 -12.67902399582301 -1.0664640062654849
      vertex -4.225381667546985 -12.67902399582301 -0.13353599373451508
    endloop
  endfacet
  facet normal -0.17384064059523952 -0.984773797213064 0
    outer loop
      vertex -4.225381667546985 -12.67902399582301 -1.0664640062654849
      vertex -4.045007313140152 -12.710865209922915 -1.0187021851156288
      vertex -4.045007313140152 -12.710865209922915 -0.18129781488437113
    endloop
  endfacet
  facet normal -0.16606645923529845 -0.9861145628764698 0
    outer loop
      vertex -4.045007313140152 -12.710865209922915 -1.0187021851156288
      vertex -3.864189378098362 -12.741315824252185 -0.9730262636217235
      vertex -3.864189378098362 -12.741315824252185 -0.22697373637827645
    endloop
  endfacet
  facet normal -0.15829861459803982 -0.9873912844543147 0
    outer loop
      vertex -3.864189378098362 -12.741315824252185 -0.9730262636217235
      vertex -3.682947691145789 -12.770372499557821 -0.9294412506632694
      vertex -3.682947691145789 -12.770372499557821 -0.2705587493367305
    endloop
  endfacet
  facet normal -0.1505368592079289 -0.9886043971274922 0
    outer loop
      vertex -3.682947691145789 -12.770372499557821 -0.9294412506632694
      vertex -3.5540501351328833 -12.790000000000001 -0.8999999999999999
      vertex -3.5540501351328833 -12.790000000000001 -0.30000000000000004
    endloop
  endfacet
  facet normal -0.18940896550644828 -0.9818982858655865 0
    outer loop
      vertex -4.5847205649460525 -12.611183887415116 -1.1682241688773267
      vertex -4.4052926612382315 -12.645795673700423 -0.08369351055063379
      vertex -4.5847205649460525 -12.611183887415116 -0.03177583112267324
    endloop
  endfacet
  facet normal -0.1816213986663536 -0.9833685308908747 0
    outer loop
      vertex -4.4052926612382315 -12.645795673700423 -1.1163064894493662
      vertex -4.225381667546985 -12.67902399582301 -0.13353599373451508
      vertex -4.4052926612382315 -12.645795673700423 -0.08369351055063379
    endloop
  endfacet
  facet normal -0.17384064059523946 -0.9847737972130639 0
    outer loop
      vertex -4.225381667546985 -12.67902399582301 -1.0664640062654849
      vertex -4.045007313140152 -12.710865209922915 -0.18129781488437113
      vertex -4.225381667546985 -12.67902399582301 -0.13353599373451508
    endloop
  endfacet
  facet normal -0.15829861459803982 -0.9873912844543146 0
    outer loop
      vertex -3.864189378098362 -12.741315824252185 -0.9730262636217235
      vertex -3.682947691145789 -12.770372499557821 -0.2705587493367305
      vertex -3.864189378098362 -12.741315824252185 -0.22697373637827645
    endloop
  endfacet
  facet normal -0.1505368592079289 -0.9886043971274922 0
    outer loop
      vertex -3.682947691145789 -12.770372499557821 -0.9294412506632694
      vertex -3.5540501351328833 -12.790000000000001 -0.30000000000000004
      vertex -3.682947691145789 -12.770372499557821 -0.2705587493367305
    endloop
  endfacet
  facet normal -0.16606645923529842 -0.9861145628764698 0
    outer loop
      vertex -4.045007313140152 -12.710865209922915 -1.0187021851156288
      vertex -3.864189378098362 -12.741315824252185 -0.22697373637827645
      vertex -4.045007313140152 -12.710865209922915 -0.18129781488437113
    endloop
  endfacet
  facet normal -0.22845643935000412 -0.9735541357929295 0
    outer loop
      vertex -5.473927038357819 -12.417511124744376 -1.458733312883437
      vertex -5.297208594024313 -12.45898027892451 0.19652958161323508
      vertex -5.473927038357819 -12.417511124744376 0.25873331288343704
    endloop
  endfacet
  facet normal -0.22063165815492364 -0.9753572019623421 0
    outer loop
      vertex -5.297208594024313 -12.45898027892451 -1.396529581613235
      vertex -5.119909251074374 -12.499086455355178 0.13637031696723434
      vertex -5.297208594024313 -12.45898027892451 0.19652958161323508
    endloop
  endfacet
  facet normal -0.2128147105643519 -0.9770925744101279 0
    outer loop
      vertex -5.119909251074374 -12.499086455355178 -1.3363703169672343
      vertex -4.942048452378904 -12.537825255942186 0.0782621160867214
      vertex -5.119909251074374 -12.499086455355178 0.13637031696723434
    endloop
  endfacet
  facet normal -0.20500541131572708 -0.9787608397005213 0
    outer loop
      vertex -4.942048452378904 -12.537825255942186 -1.2782621160867214
      vertex -4.763645702378824 -12.575192432539499 0.02221135119075268
      vertex -4.942048452378904 -12.537825255942186 0.0782621160867214
    endloop
  endfacet
  facet normal -0.23628922851849374 -0.971682767412356 0
    outer loop
      vertex -5.473927038357819 -12.417511124744376 -1.458733312883437
      vertex -5.473927038357819 -12.417511124744376 0.25873331288343704
      vertex -5.5 -12.411170825010513 0.2682437624842302
    endloop
  endfacet
  facet normal -0.19720356478567796 -0.980362562542971 0
    outer loop
      vertex -4.763645702378824 -12.575192432539499 -1.2222113511907526
      vertex -4.5847205649460525 -12.611183887415116 -0.03177583112267324
      vertex -4.763645702378824 -12.575192432539499 0.02221135119075268
    endloop
  endfacet
  facet normal 0.15053685920793447 -0.9886043971274913 0
    outer loop
      vertex 3.554050135132888 -12.790000000000001 -1.51
      vertex 3.682947691145789 -12.770372499557821 -1.5
      vertex 3.554050135132888 -12.790000000000001 -1.5
    endloop
  endfacet
  facet normal 0.15053685920793447 -0.9886043971274913 0
    outer loop
      vertex 3.554050135132888 -12.790000000000001 -1.51
      vertex 3.682947691145789 -12.770372499557821 -1.51
      vertex 3.682947691145789 -12.770372499557821 -1.5
    endloop
  endfacet
  facet normal 0.15829861459803646 -0.9873912844543151 0
    outer loop
      vertex 3.682947691145789 -12.770372499557821 -1.51
      vertex 3.864189378098355 -12.741315824252187 -1.5
      vertex 3.682947691145789 -12.770372499557821 -1.5
    endloop
  endfacet
  facet normal 0.15829861459803646 -0.9873912844543151 0
    outer loop
      vertex 3.682947691145789 -12.770372499557821 -1.51
      vertex 3.864189378098355 -12.741315824252187 -1.51
      vertex 3.864189378098355 -12.741315824252187 -1.5
    endloop
  endfacet
  facet normal 0.16606645923529834 -0.9861145628764697 0
    outer loop
      vertex 3.864189378098355 -12.741315824252187 -1.51
      vertex 4.045007313140156 -12.710865209922915 -1.5
      vertex 3.864189378098355 -12.741315824252187 -1.5
    endloop
  endfacet
  facet normal 0.16606645923529834 -0.9861145628764697 0
    outer loop
      vertex 3.864189378098355 -12.741315824252187 -1.51
      vertex 4.045007313140156 -12.710865209922915 -1.51
      vertex 4.045007313140156 -12.710865209922915 -1.5
    endloop
  endfacet
  facet normal 0.17384064059524526 -0.9847737972130629 0
    outer loop
      vertex 4.045007313140156 -12.710865209922915 -1.51
      vertex 4.225381667546983 -12.67902399582301 -1.5
      vertex 4.045007313140156 -12.710865209922915 -1.5
    endloop
  endfacet
  facet normal 0.17384064059524526 -0.9847737972130629 0
    outer loop
      vertex 4.045007313140156 -12.710865209922915 -1.51
      vertex 4.225381667546983 -12.67902399582301 -1.51
      vertex 4.225381667546983 -12.67902399582301 -1.5
    endloop
  endfacet
  facet normal 0.18162139866635346 -0.9833685308908748 0
    outer loop
      vertex 4.225381667546983 -12.67902399582301 -1.51
      vertex 4.405292661238239 -12.645795673700421 -1.5
      vertex 4.225381667546983 -12.67902399582301 -1.5
    endloop
  endfacet
  facet normal 0.18162139866635346 -0.9833685308908748 0
    outer loop
      vertex 4.225381667546983 -12.67902399582301 -1.51
      vertex 4.405292661238239 -12.645795673700421 -1.51
      vertex 4.405292661238239 -12.645795673700421 -1.5
    endloop
  endfacet
  facet normal 0.18940896550644612 -0.9818982858655869 0
    outer loop
      vertex 4.405292661238239 -12.645795673700421 -1.51
      vertex 4.5847205649460525 -12.611183887415116 -1.5
      vertex 4.405292661238239 -12.645795673700421 -1.5
    endloop
  endfacet
  facet normal 0.18940896550644612 -0.9818982858655869 0
    outer loop
      vertex 4.405292661238239 -12.645795673700421 -1.51
      vertex 4.5847205649460525 -12.611183887415116 -1.51
      vertex 4.5847205649460525 -12.611183887415116 -1.5
    endloop
  endfacet
  facet normal 0.19720356478567616 -0.9803625625429715 0
    outer loop
      vertex 4.5847205649460525 -12.611183887415116 -1.51
      vertex 4.763645702378817 -12.5751924325395 -1.5
      vertex 4.5847205649460525 -12.611183887415116 -1.5
    endloop
  endfacet
  facet normal 0.19720356478567616 -0.9803625625429715 0
    outer loop
      vertex 4.5847205649460525 -12.611183887415116 -1.51
      vertex 4.763645702378817 -12.5751924325395 -1.51
      vertex 4.763645702378817 -12.5751924325395 -1.5
    endloop
  endfacet
  facet normal 0.20500541131573402 -0.9787608397005199 0
    outer loop
      vertex 4.763645702378817 -12.5751924325395 -1.51
      vertex 4.942048452378907 -12.537825255942185 -1.5
      vertex 4.763645702378817 -12.5751924325395 -1.5
    endloop
  endfacet
  facet normal 0.20500541131573402 -0.9787608397005199 0
    outer loop
      vertex 4.763645702378817 -12.5751924325395 -1.51
      vertex 4.942048452378907 -12.537825255942185 -1.51
      vertex 4.942048452378907 -12.537825255942185 -1.5
    endloop
  endfacet
  facet normal 0.21281471056434967 -0.9770925744101283 0
    outer loop
      vertex 4.942048452378907 -12.537825255942185 -1.51
      vertex 5.119909251074371 -12.499086455355178 -1.5
      vertex 4.942048452378907 -12.537825255942185 -1.5
    endloop
  endfacet
  facet normal 0.21281471056434967 -0.9770925744101283 0
    outer loop
      vertex 4.942048452378907 -12.537825255942185 -1.51
      vertex 5.119909251074371 -12.499086455355178 -1.51
      vertex 5.119909251074371 -12.499086455355178 -1.5
    endloop
  endfacet
  facet normal 0.22063165815492242 -0.9753572019623424 0
    outer loop
      vertex 5.119909251074371 -12.499086455355178 -1.51
      vertex 5.297208594024319 -12.458980278924509 -1.5
      vertex 5.119909251074371 -12.499086455355178 -1.5
    endloop
  endfacet
  facet normal 0.22063165815492242 -0.9753572019623424 0
    outer loop
      vertex 5.119909251074371 -12.499086455355178 -1.51
      vertex 5.297208594024319 -12.458980278924509 -1.51
      vertex 5.297208594024319 -12.458980278924509 -1.5
    endloop
  endfacet
  facet normal 0.22845643935000248 -0.9735541357929299 0
    outer loop
      vertex 5.297208594024319 -12.458980278924509 -1.51
      vertex 5.473927038357819 -12.417511124744376 -1.5
      vertex 5.297208594024319 -12.458980278924509 -1.5
    endloop
  endfacet
  facet normal 0.22845643935000248 -0.9735541357929299 0
    outer loop
      vertex 5.297208594024319 -12.458980278924509 -1.51
      vertex 5.473927038357819 -12.417511124744376 -1.51
      vertex 5.473927038357819 -12.417511124744376 -1.5
    endloop
  endfacet
  facet normal 0.2362892285184938 -0.971682767412356 0
    outer loop
      vertex 5.473927038357819 -12.417511124744376 -1.51
      vertex 5.5 -12.411170825010513 -1.51
      vertex 5.473927038357819 -12.417511124744376 -1.5
    endloop
  endfacet
  facet normal 0.2362892285184938 -0.971682767412356 0
    outer loop
      vertex 5.473927038357819 -12.417511124744376 -1.5
      vertex 5.5 -12.411170825010513 -1.51
      vertex 5.5 -12.411170825010513 -1.5
    endloop
  endfacet
  facet normal 0.23628922851849374 -0.971682767412356 0
    outer loop
      vertex 5.5 -12.411170825010513 -1.4682437624842302
      vertex 5.473927038357819 -12.417511124744376 0.25873331288343704
      vertex 5.473927038357819 -12.417511124744376 -1.458733312883437
    endloop
  endfacet
  facet normal 0.22845643935000248 -0.9735541357929298 0
    outer loop
      vertex 5.473927038357819 -12.417511124744376 -1.458733312883437
      vertex 5.473927038357819 -12.417511124744376 0.25873331288343704
      vertex 5.297208594024319 -12.458980278924509 -1.3965295816132377
    endloop
  endfacet
  facet normal 0.15053685920793453 -0.9886043971274914 0
    outer loop
      vertex 3.554050135132888 -12.790000000000001 -0.8999999999999999
      vertex 3.682947691145789 -12.770372499557821 -0.9294412506632694
      vertex 3.682947691145789 -12.770372499557821 -0.2705587493367305
    endloop
  endfacet
  facet normal 0.16606645923529834 -0.9861145628764697 0
    outer loop
      vertex 3.864189378098355 -12.741315824252187 -0.9730262636217208
      vertex 4.045007313140156 -12.710865209922915 -1.0187021851156288
      vertex 4.045007313140156 -12.710865209922915 -0.18129781488437113
    endloop
  endfacet
  facet normal 0.15829861459803646 -0.9873912844543151 0
    outer loop
      vertex 3.864189378098355 -12.741315824252187 -0.9730262636217208
      vertex 3.864189378098355 -12.741315824252187 -0.2269737363782791
      vertex 3.682947691145789 -12.770372499557821 -0.9294412506632694
    endloop
  endfacet
  facet normal 0.18162139866635346 -0.9833685308908747 0
    outer loop
      vertex 4.225381667546983 -12.67902399582301 -1.0664640062654849
      vertex 4.405292661238239 -12.645795673700421 -1.1163064894493688
      vertex 4.405292661238239 -12.645795673700421 -0.08369351055063112
    endloop
  endfacet
  facet normal 0.18940896550644612 -0.981898285865587 0
    outer loop
      vertex 4.5847205649460525 -12.611183887415116 -1.1682241688773267
      vertex 4.5847205649460525 -12.611183887415116 -0.03177583112267324
      vertex 4.405292661238239 -12.645795673700421 -1.1163064894493688
    endloop
  endfacet
  facet normal 0.19720356478567613 -0.9803625625429715 0
    outer loop
      vertex 4.763645702378817 -12.5751924325395 -1.22221135119075
      vertex 4.763645702378817 -12.5751924325395 0.022211351190750017
      vertex 4.5847205649460525 -12.611183887415116 -1.1682241688773267
    endloop
  endfacet
  facet normal 0.1738406405952453 -0.9847737972130629 0
    outer loop
      vertex 4.225381667546983 -12.67902399582301 -1.0664640062654849
      vertex 4.225381667546983 -12.67902399582301 -0.13353599373451508
      vertex 4.045007313140156 -12.710865209922915 -1.0187021851156288
    endloop
  endfacet
  facet normal 0.15053685920793447 -0.9886043971274914 0
    outer loop
      vertex 3.554050135132888 -12.790000000000001 -0.8999999999999999
      vertex 3.682947691145789 -12.770372499557821 -0.2705587493367305
      vertex 3.554050135132888 -12.790000000000001 -0.30000000000000004
    endloop
  endfacet
  facet normal 0.15829861459803646 -0.9873912844543151 0
    outer loop
      vertex 3.682947691145789 -12.770372499557821 -0.9294412506632694
      vertex 3.864189378098355 -12.741315824252187 -0.2269737363782791
      vertex 3.682947691145789 -12.770372499557821 -0.2705587493367305
    endloop
  endfacet
  facet normal 0.1660664592352983 -0.9861145628764697 0
    outer loop
      vertex 3.864189378098355 -12.741315824252187 -0.9730262636217208
      vertex 4.045007313140156 -12.710865209922915 -0.18129781488437113
      vertex 3.864189378098355 -12.741315824252187 -0.2269737363782791
    endloop
  endfacet
  facet normal 0.1738406405952453 -0.9847737972130629 0
    outer loop
      vertex 4.045007313140156 -12.710865209922915 -1.0187021851156288
      vertex 4.225381667546983 -12.67902399582301 -0.13353599373451508
      vertex 4.045007313140156 -12.710865209922915 -0.18129781488437113
    endloop
  endfacet
  facet normal 0.18162139866635346 -0.9833685308908748 0
    outer loop
      vertex 4.225381667546983 -12.67902399582301 -1.0664640062654849
      vertex 4.405292661238239 -12.645795673700421 -0.08369351055063112
      vertex 4.225381667546983 -12.67902399582301 -0.13353599373451508
    endloop
  endfacet
  facet normal 0.20500541131573405 -0.9787608397005199 0
    outer loop
      vertex 4.942048452378907 -12.537825255942185 -1.278262116086724
      vertex 4.942048452378907 -12.537825255942185 0.07826211608672407
      vertex 4.763645702378817 -12.5751924325395 -1.22221135119075
    endloop
  endfacet
  facet normal 0.21281471056434964 -0.9770925744101283 0
    outer loop
      vertex 5.119909251074371 -12.499086455355178 -1.3363703169672343
      vertex 5.119909251074371 -12.499086455355178 0.13637031696723434
      vertex 4.942048452378907 -12.537825255942185 -1.278262116086724
    endloop
  endfacet
  facet normal 0.22063165815492244 -0.9753572019623424 0
    outer loop
      vertex 5.297208594024319 -12.458980278924509 -1.3965295816132377
      vertex 5.297208594024319 -12.458980278924509 0.19652958161323775
      vertex 5.119909251074371 -12.499086455355178 -1.3363703169672343
    endloop
  endfacet
  facet normal 0.18940896550644612 -0.9818982858655869 0
    outer loop
      vertex 4.405292661238239 -12.645795673700421 -1.1163064894493688
      vertex 4.5847205649460525 -12.611183887415116 -0.03177583112267324
      vertex 4.405292661238239 -12.645795673700421 -0.08369351055063112
    endloop
  endfacet
  facet normal 0.1972035647856761 -0.9803625625429714 0
    outer loop
      vertex 4.5847205649460525 -12.611183887415116 -1.1682241688773267
      vertex 4.763645702378817 -12.5751924325395 0.022211351190750017
      vertex 4.5847205649460525 -12.611183887415116 -0.03177583112267324
    endloop
  endfacet
  facet normal 0.20500541131573405 -0.9787608397005199 0
    outer loop
      vertex 4.763645702378817 -12.5751924325395 -1.22221135119075
      vertex 4.942048452378907 -12.537825255942185 0.07826211608672407
      vertex 4.763645702378817 -12.5751924325395 0.022211351190750017
    endloop
  endfacet
  facet normal 0.21281471056434964 -0.9770925744101283 0
    outer loop
      vertex 4.942048452378907 -12.537825255942185 -1.278262116086724
      vertex 5.119909251074371 -12.499086455355178 0.13637031696723434
      vertex 4.942048452378907 -12.537825255942185 0.07826211608672407
    endloop
  endfacet
  facet normal 0.22063165815492244 -0.9753572019623424 0
    outer loop
      vertex 5.119909251074371 -12.499086455355178 -1.3363703169672343
      vertex 5.297208594024319 -12.458980278924509 0.19652958161323775
      vertex 5.119909251074371 -12.499086455355178 0.13637031696723434
    endloop
  endfacet
  facet normal 0.22845643935000254 -0.97355413579293 0
    outer loop
      vertex 5.297208594024319 -12.458980278924509 -1.3965295816132377
      vertex 5.473927038357819 -12.417511124744376 0.25873331288343704
      vertex 5.297208594024319 -12.458980278924509 0.19652958161323775
    endloop
  endfacet
  facet normal 0.2362892285184938 -0.9716827674123562 0
    outer loop
      vertex 5.5 -12.411170825010513 -1.4682437624842302
      vertex 5.5 -12.411170825010513 0.2682437624842302
      vertex 5.473927038357819 -12.417511124744376 0.25873331288343704
    endloop
  endfacet
  facet normal -0.971682767412356 -0.2362892285184938 0
    outer loop
      vertex -12.411170825010513 -5.5 -1.51
      vertex -12.417511124744376 -5.473927038357819 -1.5
      vertex -12.417511124744376 -5.473927038357819 -1.51
    endloop
  endfacet
  facet normal -0.971682767412356 -0.2362892285184938 0
    outer loop
      vertex -12.411170825010513 -5.5 -1.51
      vertex -12.411170825010513 -5.5 -1.5
      vertex -12.417511124744376 -5.473927038357819 -1.5
    endloop
  endfacet
  facet normal -0.9735541357929299 -0.22845643935000248 0
    outer loop
      vertex -12.417511124744376 -5.473927038357819 -1.51
      vertex -12.417511124744376 -5.473927038357819 -1.5
      vertex -12.458980278924509 -5.297208594024319 -1.51
    endloop
  endfacet
  facet normal -0.9735541357929299 -0.22845643935000248 0
    outer loop
      vertex -12.417511124744376 -5.473927038357819 -1.5
      vertex -12.458980278924509 -5.297208594024319 -1.5
      vertex -12.458980278924509 -5.297208594024319 -1.51
    endloop
  endfacet
  facet normal -0.9753572019623424 -0.22063165815492242 0
    outer loop
      vertex -12.458980278924509 -5.297208594024319 -1.51
      vertex -12.458980278924509 -5.297208594024319 -1.5
      vertex -12.499086455355178 -5.119909251074371 -1.51
    endloop
  endfacet
  facet normal -0.9770925744101283 -0.21281471056434967 0
    outer loop
      vertex -12.499086455355178 -5.119909251074371 -1.51
      vertex -12.499086455355178 -5.119909251074371 -1.5
      vertex -12.537825255942185 -4.942048452378907 -1.51
    endloop
  endfacet
  facet normal -0.9770925744101283 -0.21281471056434967 0
    outer loop
      vertex -12.499086455355178 -5.119909251074371 -1.5
      vertex -12.537825255942185 -4.942048452378907 -1.5
      vertex -12.537825255942185 -4.942048452378907 -1.51
    endloop
  endfacet
  facet normal -0.9753572019623424 -0.22063165815492242 0
    outer loop
      vertex -12.458980278924509 -5.297208594024319 -1.5
      vertex -12.499086455355178 -5.119909251074371 -1.5
      vertex -12.499086455355178 -5.119909251074371 -1.51
    endloop
  endfacet
  facet normal -0.9787608397005199 -0.20500541131573402 0
    outer loop
      vertex -12.537825255942185 -4.942048452378907 -1.51
      vertex -12.537825255942185 -4.942048452378907 -1.5
      vertex -12.5751924325395 -4.763645702378817 -1.51
    endloop
  endfacet
  facet normal -0.9787608397005199 -0.20500541131573402 0
    outer loop
      vertex -12.537825255942185 -4.942048452378907 -1.5
      vertex -12.5751924325395 -4.763645702378817 -1.5
      vertex -12.5751924325395 -4.763645702378817 -1.51
    endloop
  endfacet
  facet normal -0.9803625625429715 -0.19720356478567616 0
    outer loop
      vertex -12.611183887415116 -4.5847205649460525 -1.51
      vertex -12.5751924325395 -4.763645702378817 -1.5
      vertex -12.611183887415116 -4.5847205649460525 -1.5
    endloop
  endfacet
  facet normal -0.9818982858655869 -0.18940896550644612 0
    outer loop
      vertex -12.611183887415116 -4.5847205649460525 -1.51
      vertex -12.611183887415116 -4.5847205649460525 -1.5
      vertex -12.645795673700421 -4.405292661238239 -1.51
    endloop
  endfacet
  facet normal -0.9818982858655869 -0.18940896550644612 0
    outer loop
      vertex -12.611183887415116 -4.5847205649460525 -1.5
      vertex -12.645795673700421 -4.405292661238239 -1.5
      vertex -12.645795673700421 -4.405292661238239 -1.51
    endloop
  endfacet
  facet normal -0.9803625625429715 -0.19720356478567616 0
    outer loop
      vertex -12.611183887415116 -4.5847205649460525 -1.51
      vertex -12.5751924325395 -4.763645702378817 -1.51
      vertex -12.5751924325395 -4.763645702378817 -1.5
    endloop
  endfacet
  facet normal -0.9833685308908748 -0.18162139866635346 0
    outer loop
      vertex -12.645795673700421 -4.405292661238239 -1.51
      vertex -12.645795673700421 -4.405292661238239 -1.5
      vertex -12.67902399582301 -4.225381667546983 -1.51
    endloop
  endfacet
  facet normal -0.9833685308908748 -0.18162139866635346 0
    outer loop
      vertex -12.645795673700421 -4.405292661238239 -1.5
      vertex -12.67902399582301 -4.225381667546983 -1.5
      vertex -12.67902399582301 -4.225381667546983 -1.51
    endloop
  endfacet
  facet normal -0.9847737972130629 -0.17384064059524526 0
    outer loop
      vertex -12.67902399582301 -4.225381667546983 -1.5
      vertex -12.710865209922915 -4.045007313140156 -1.5
      vertex -12.710865209922915 -4.045007313140156 -1.51
    endloop
  endfacet
  facet normal -0.9847737972130629 -0.17384064059524526 0
    outer loop
      vertex -12.67902399582301 -4.225381667546983 -1.51
      vertex -12.67902399582301 -4.225381667546983 -1.5
      vertex -12.710865209922915 -4.045007313140156 -1.51
    endloop
  endfacet
  facet normal -0.9861145628764697 -0.16606645923529834 0
    outer loop
      vertex -12.710865209922915 -4.045007313140156 -1.51
      vertex -12.710865209922915 -4.045007313140156 -1.5
      vertex -12.741315824252187 -3.864189378098355 -1.51
    endloop
  endfacet
  facet normal -0.9861145628764697 -0.16606645923529834 0
    outer loop
      vertex -12.710865209922915 -4.045007313140156 -1.5
      vertex -12.741315824252187 -3.864189378098355 -1.5
      vertex -12.741315824252187 -3.864189378098355 -1.51
    endloop
  endfacet
  facet normal -0.9873912844543151 -0.15829861459803646 0
    outer loop
      vertex -12.741315824252187 -3.864189378098355 -1.51
      vertex -12.741315824252187 -3.864189378098355 -1.5
      vertex -12.770372499557821 -3.682947691145789 -1.51
    endloop
  endfacet
  facet normal -0.9873912844543151 -0.15829861459803646 0
    outer loop
      vertex -12.741315824252187 -3.864189378098355 -1.5
      vertex -12.770372499557821 -3.682947691145789 -1.5
      vertex -12.770372499557821 -3.682947691145789 -1.51
    endloop
  endfacet
  facet normal -0.9886043971274913 -0.15053685920793447 0
    outer loop
      vertex -12.770372499557821 -3.682947691145789 -1.51
      vertex -12.770372499557821 -3.682947691145789 -1.5
      vertex -12.790000000000001 -3.554050135132888 -1.51
    endloop
  endfacet
  facet normal -0.9886043971274913 -0.15053685920793447 0
    outer loop
      vertex -12.770372499557821 -3.682947691145789 -1.5
      vertex -12.790000000000001 -3.554050135132888 -1.5
      vertex -12.790000000000001 -3.554050135132888 -1.51
    endloop
  endfacet
  facet normal -0.971682767412356 -0.23628922851849374 0
    outer loop
      vertex -12.411170825010513 -5.5 -1.4682437624842302
      vertex -12.417511124744376 -5.473927038357819 0.25873331288343704
      vertex -12.417511124744376 -5.473927038357819 -1.458733312883437
    endloop
  endfacet
  facet normal -0.9735541357929298 -0.22845643935000248 0
    outer loop
      vertex -12.417511124744376 -5.473927038357819 -1.458733312883437
      vertex -12.417511124744376 -5.473927038357819 0.25873331288343704
      vertex -12.458980278924509 -5.297208594024319 -1.3965295816132377
    endloop
  endfacet
  facet normal -0.9753572019623424 -0.22063165815492244 0
    outer loop
      vertex -12.458980278924509 -5.297208594024319 -1.3965295816132377
      vertex -12.458980278924509 -5.297208594024319 0.19652958161323775
      vertex -12.499086455355178 -5.119909251074371 -1.3363703169672343
    endloop
  endfacet
  facet normal -0.9770925744101283 -0.21281471056434964 0
    outer loop
      vertex -12.499086455355178 -5.119909251074371 -1.3363703169672343
      vertex -12.499086455355178 -5.119909251074371 0.13637031696723434
      vertex -12.537825255942185 -4.942048452378907 -1.278262116086724
    endloop
  endfacet
  facet normal -0.9787608397005199 -0.20500541131573405 0
    outer loop
      vertex -12.537825255942185 -4.942048452378907 -1.278262116086724
      vertex -12.537825255942185 -4.942048452378907 0.07826211608672407
      vertex -12.5751924325395 -4.763645702378817 -1.22221135119075
    endloop
  endfacet
  facet normal -0.981898285865587 -0.18940896550644612 0
    outer loop
      vertex -12.611183887415116 -4.5847205649460525 -1.1682241688773267
      vertex -12.611183887415116 -4.5847205649460525 -0.03177583112267324
      vertex -12.645795673700421 -4.405292661238239 -1.1163064894493688
    endloop
  endfacet
  facet normal -0.9803625625429715 -0.19720356478567613 0
    outer loop
      vertex -12.5751924325395 -4.763645702378817 -1.22221135119075
      vertex -12.5751924325395 -4.763645702378817 0.022211351190750017
      vertex -12.611183887415116 -4.5847205649460525 -1.1682241688773267
    endloop
  endfacet
  facet normal -0.9833685308908748 -0.18162139866635346 0
    outer loop
      vertex -12.645795673700421 -4.405292661238239 -1.1163064894493688
      vertex -12.645795673700421 -4.405292661238239 -0.08369351055063112
      vertex -12.67902399582301 -4.225381667546983 -1.0664640062654849
    endloop
  endfacet
  facet normal -0.9847737972130629 -0.1738406405952453 0
    outer loop
      vertex -12.67902399582301 -4.225381667546983 -1.0664640062654849
      vertex -12.67902399582301 -4.225381667546983 -0.13353599373451508
      vertex -12.710865209922915 -4.045007313140156 -1.0187021851156288
    endloop
  endfacet
  facet normal -0.9861145628764697 -0.16606645923529834 0
    outer loop
      vertex -12.710865209922915 -4.045007313140156 -1.0187021851156288
      vertex -12.710865209922915 -4.045007313140156 -0.18129781488437113
      vertex -12.741315824252187 -3.864189378098355 -0.9730262636217208
    endloop
  endfacet
  facet normal -0.9873912844543151 -0.15829861459803646 0
    outer loop
      vertex -12.741315824252187 -3.864189378098355 -0.9730262636217208
      vertex -12.741315824252187 -3.864189378098355 -0.2269737363782791
      vertex -12.770372499557821 -3.682947691145789 -0.9294412506632694
    endloop
  endfacet
  facet normal -0.9886043971274914 -0.1505368592079345 0
    outer loop
      vertex -12.770372499557821 -3.682947691145789 -0.9294412506632694
      vertex -12.770372499557821 -3.682947691145789 -0.2705587493367305
      vertex -12.790000000000001 -3.554050135132888 -0.8999999999999999
    endloop
  endfacet
  facet normal -0.9833685308908748 -0.18162139866635346 0
    outer loop
      vertex -12.67902399582301 -4.225381667546983 -1.0664640062654849
      vertex -12.645795673700421 -4.405292661238239 -0.08369351055063112
      vertex -12.67902399582301 -4.225381667546983 -0.13353599373451508
    endloop
  endfacet
  facet normal -0.9847737972130629 -0.1738406405952453 0
    outer loop
      vertex -12.710865209922915 -4.045007313140156 -1.0187021851156288
      vertex -12.67902399582301 -4.225381667546983 -0.13353599373451508
      vertex -12.710865209922915 -4.045007313140156 -0.18129781488437113
    endloop
  endfacet
  facet normal -0.9861145628764697 -0.1660664592352983 0
    outer loop
      vertex -12.741315824252187 -3.864189378098355 -0.9730262636217208
      vertex -12.710865209922915 -4.045007313140156 -0.18129781488437113
      vertex -12.741315824252187 -3.864189378098355 -0.2269737363782791
    endloop
  endfacet
  facet normal -0.9873912844543151 -0.15829861459803646 0
    outer loop
      vertex -12.770372499557821 -3.682947691145789 -0.9294412506632694
      vertex -12.741315824252187 -3.864189378098355 -0.2269737363782791
      vertex -12.770372499557821 -3.682947691145789 -0.2705587493367305
    endloop
  endfacet
  facet normal -0.9886043971274914 -0.15053685920793447 0
    outer loop
      vertex -12.790000000000001 -3.554050135132888 -0.8999999999999999
      vertex -12.770372499557821 -3.682947691145789 -0.2705587493367305
      vertex -12.790000000000001 -3.554050135132888 -0.30000000000000004
    endloop
  endfacet
  facet normal -0.9787608397005199 -0.20500541131573405 0
    outer loop
      vertex -12.5751924325395 -4.763645702378817 -1.22221135119075
      vertex -12.537825255942185 -4.942048452378907 0.07826211608672407
      vertex -12.5751924325395 -4.763645702378817 0.022211351190750017
    endloop
  endfacet
  facet normal -0.9770925744101283 -0.21281471056434964 0
    outer loop
      vertex -12.537825255942185 -4.942048452378907 -1.278262116086724
      vertex -12.499086455355178 -5.119909251074371 0.13637031696723434
      vertex -12.537825255942185 -4.942048452378907 0.07826211608672407
    endloop
  endfacet
  facet normal -0.9753572019623424 -0.22063165815492244 0
    outer loop
      vertex -12.499086455355178 -5.119909251074371 -1.3363703169672343
      vertex -12.458980278924509 -5.297208594024319 0.19652958161323775
      vertex -12.499086455355178 -5.119909251074371 0.13637031696723434
    endloop
  endfacet
  facet normal -0.9716827674123562 -0.2362892285184938 0
    outer loop
      vertex -12.411170825010513 -5.5 -1.4682437624842302
      vertex -12.411170825010513 -5.5 0.2682437624842302
      vertex -12.417511124744376 -5.473927038357819 0.25873331288343704
    endloop
  endfacet
  facet normal -0.97355413579293 -0.22845643935000254 0
    outer loop
      vertex -12.458980278924509 -5.297208594024319 -1.3965295816132377
      vertex -12.417511124744376 -5.473927038357819 0.25873331288343704
      vertex -12.458980278924509 -5.297208594024319 0.19652958161323775
    endloop
  endfacet
  facet normal -0.9803625625429714 -0.1972035647856761 0
    outer loop
      vertex -12.611183887415116 -4.5847205649460525 -1.1682241688773267
      vertex -12.5751924325395 -4.763645702378817 0.022211351190750017
      vertex -12.611183887415116 -4.5847205649460525 -0.03177583112267324
    endloop
  endfacet
  facet normal -0.9818982858655869 -0.18940896550644612 0
    outer loop
      vertex -12.645795673700421 -4.405292661238239 -1.1163064894493688
      vertex -12.611183887415116 -4.5847205649460525 -0.03177583112267324
      vertex -12.645795673700421 -4.405292661238239 -0.08369351055063112
    endloop
  endfacet
  facet normal -0.9886043971274922 0.15053685920792892 0
    outer loop
      vertex -12.790000000000001 3.5540501351328833 -1.51
      vertex -12.790000000000001 3.5540501351328833 -1.5
      vertex -12.770372499557821 3.682947691145789 -1.5
    endloop
  endfacet
  facet normal -0.9886043971274922 0.15053685920792892 0
    outer loop
      vertex -12.790000000000001 3.5540501351328833 -1.51
      vertex -12.770372499557821 3.682947691145789 -1.5
      vertex -12.770372499557821 3.682947691145789 -1.51
    endloop
  endfacet
  facet normal -0.9873912844543146 0.15829861459803982 0
    outer loop
      vertex -12.770372499557821 3.682947691145789 -1.51
      vertex -12.770372499557821 3.682947691145789 -1.5
      vertex -12.741315824252185 3.864189378098362 -1.51
    endloop
  endfacet
  facet normal -0.9873912844543146 0.15829861459803982 0
    outer loop
      vertex -12.770372499557821 3.682947691145789 -1.5
      vertex -12.741315824252185 3.864189378098362 -1.5
      vertex -12.741315824252185 3.864189378098362 -1.51
    endloop
  endfacet
  facet normal -0.9861145628764697 0.16606645923529845 0
    outer loop
      vertex -12.741315824252185 3.864189378098362 -1.51
      vertex -12.741315824252185 3.864189378098362 -1.5
      vertex -12.710865209922915 4.045007313140152 -1.51
    endloop
  endfacet
  facet normal -0.9861145628764697 0.16606645923529845 0
    outer loop
      vertex -12.741315824252185 3.864189378098362 -1.5
      vertex -12.710865209922915 4.045007313140152 -1.5
      vertex -12.710865209922915 4.045007313140152 -1.51
    endloop
  endfacet
  facet normal -0.984773797213064 0.1738406405952395 0
    outer loop
      vertex -12.710865209922915 4.045007313140152 -1.51
      vertex -12.710865209922915 4.045007313140152 -1.5
      vertex -12.67902399582301 4.225381667546985 -1.51
    endloop
  endfacet
  facet normal -0.984773797213064 0.1738406405952395 0
    outer loop
      vertex -12.710865209922915 4.045007313140152 -1.5
      vertex -12.67902399582301 4.225381667546985 -1.5
      vertex -12.67902399582301 4.225381667546985 -1.51
    endloop
  endfacet
  facet normal -0.983368530890875 0.1816213986663536 0
    outer loop
      vertex -12.67902399582301 4.225381667546985 -1.51
      vertex -12.67902399582301 4.225381667546985 -1.5
      vertex -12.645795673700423 4.4052926612382315 -1.51
    endloop
  endfacet
  facet normal -0.983368530890875 0.1816213986663536 0
    outer loop
      vertex -12.67902399582301 4.225381667546985 -1.5
      vertex -12.645795673700423 4.4052926612382315 -1.5
      vertex -12.645795673700423 4.4052926612382315 -1.51
    endloop
  endfacet
  facet normal -0.9818982858655866 0.18940896550644828 0
    outer loop
      vertex -12.645795673700423 4.4052926612382315 -1.51
      vertex -12.645795673700423 4.4052926612382315 -1.5
      vertex -12.611183887415116 4.5847205649460525 -1.51
    endloop
  endfacet
  facet normal -0.9818982858655866 0.18940896550644828 0
    outer loop
      vertex -12.645795673700423 4.4052926612382315 -1.5
      vertex -12.611183887415116 4.5847205649460525 -1.5
      vertex -12.611183887415116 4.5847205649460525 -1.51
    endloop
  endfacet
  facet normal -0.980362562542971 0.19720356478567796 0
    outer loop
      vertex -12.611183887415116 4.5847205649460525 -1.51
      vertex -12.611183887415116 4.5847205649460525 -1.5
      vertex -12.575192432539499 4.763645702378824 -1.51
    endloop
  endfacet
  facet normal -0.980362562542971 0.19720356478567796 0
    outer loop
      vertex -12.611183887415116 4.5847205649460525 -1.5
      vertex -12.575192432539499 4.763645702378824 -1.5
      vertex -12.575192432539499 4.763645702378824 -1.51
    endloop
  endfacet
  facet normal -0.9787608397005213 0.20500541131572708 0
    outer loop
      vertex -12.575192432539499 4.763645702378824 -1.51
      vertex -12.575192432539499 4.763645702378824 -1.5
      vertex -12.537825255942186 4.942048452378904 -1.51
    endloop
  endfacet
  facet normal -0.9787608397005213 0.20500541131572708 0
    outer loop
      vertex -12.575192432539499 4.763645702378824 -1.5
      vertex -12.537825255942186 4.942048452378904 -1.5
      vertex -12.537825255942186 4.942048452378904 -1.51
    endloop
  endfacet
  facet normal -0.9770925744101279 0.21281471056435186 0
    outer loop
      vertex -12.537825255942186 4.942048452378904 -1.51
      vertex -12.537825255942186 4.942048452378904 -1.5
      vertex -12.499086455355178 5.119909251074374 -1.51
    endloop
  endfacet
  facet normal -0.9770925744101279 0.21281471056435186 0
    outer loop
      vertex -12.537825255942186 4.942048452378904 -1.5
      vertex -12.499086455355178 5.119909251074374 -1.5
      vertex -12.499086455355178 5.119909251074374 -1.51
    endloop
  endfacet
  facet normal -0.9753572019623421 0.22063165815492364 0
    outer loop
      vertex -12.499086455355178 5.119909251074374 -1.51
      vertex -12.499086455355178 5.119909251074374 -1.5
      vertex -12.45898027892451 5.297208594024313 -1.51
    endloop
  endfacet
  facet normal -0.9753572019623421 0.22063165815492364 0
    outer loop
      vertex -12.499086455355178 5.119909251074374 -1.5
      vertex -12.45898027892451 5.297208594024313 -1.5
      vertex -12.45898027892451 5.297208594024313 -1.51
    endloop
  endfacet
  facet normal -0.9735541357929296 0.22845643935000415 0
    outer loop
      vertex -12.45898027892451 5.297208594024313 -1.51
      vertex -12.45898027892451 5.297208594024313 -1.5
      vertex -12.417511124744376 5.473927038357819 -1.51
    endloop
  endfacet
  facet normal -0.9735541357929296 0.22845643935000415 0
    outer loop
      vertex -12.45898027892451 5.297208594024313 -1.5
      vertex -12.417511124744376 5.473927038357819 -1.5
      vertex -12.417511124744376 5.473927038357819 -1.51
    endloop
  endfacet
  facet normal -0.971682767412356 0.2362892285184938 0
    outer loop
      vertex -12.417511124744376 5.473927038357819 -1.51
      vertex -12.417511124744376 5.473927038357819 -1.5
      vertex -12.411170825010513 5.5 -1.51
    endloop
  endfacet
  facet normal -0.971682767412356 0.2362892285184938 0
    outer loop
      vertex -12.417511124744376 5.473927038357819 -1.5
      vertex -12.411170825010513 5.5 -1.5
      vertex -12.411170825010513 5.5 -1.51
    endloop
  endfacet
  facet normal -0.9753572019623422 0.22063165815492364 0
    outer loop
      vertex -12.45898027892451 5.297208594024313 -1.396529581613235
      vertex -12.499086455355178 5.119909251074374 -1.3363703169672343
      vertex -12.499086455355178 5.119909251074374 0.13637031696723434
    endloop
  endfacet
  facet normal -0.9735541357929295 0.22845643935000415 0
    outer loop
      vertex -12.417511124744376 5.473927038357819 -1.458733312883437
      vertex -12.45898027892451 5.297208594024313 -1.396529581613235
      vertex -12.45898027892451 5.297208594024313 0.19652958161323508
    endloop
  endfacet
  facet normal -0.9716827674123562 0.2362892285184938 0
    outer loop
      vertex -12.411170825010513 5.5 -1.4682437624842302
      vertex -12.417511124744376 5.473927038357819 -1.458733312883437
      vertex -12.411170825010513 5.5 0.2682437624842302
    endloop
  endfacet
  facet normal -0.9886043971274922 0.1505368592079289 0
    outer loop
      vertex -12.790000000000001 3.5540501351328833 -0.8999999999999999
      vertex -12.790000000000001 3.5540501351328833 -0.30000000000000004
      vertex -12.770372499557821 3.682947691145789 -0.9294412506632694
    endloop
  endfacet
  facet normal -0.9873912844543147 0.15829861459803982 0
    outer loop
      vertex -12.741315824252185 3.864189378098362 -0.9730262636217235
      vertex -12.770372499557821 3.682947691145789 -0.9294412506632694
      vertex -12.770372499557821 3.682947691145789 -0.2705587493367305
    endloop
  endfacet
  facet normal -0.9861145628764698 0.16606645923529845 0
    outer loop
      vertex -12.741315824252185 3.864189378098362 -0.9730262636217235
      vertex -12.741315824252185 3.864189378098362 -0.22697373637827645
      vertex -12.710865209922915 4.045007313140152 -1.0187021851156288
    endloop
  endfacet
  facet normal -0.984773797213064 0.17384064059523952 0
    outer loop
      vertex -12.67902399582301 4.225381667546985 -1.0664640062654849
      vertex -12.710865209922915 4.045007313140152 -1.0187021851156288
      vertex -12.710865209922915 4.045007313140152 -0.18129781488437113
    endloop
  endfacet
  facet normal -0.983368530890875 0.18162139866635363 0
    outer loop
      vertex -12.67902399582301 4.225381667546985 -1.0664640062654849
      vertex -12.67902399582301 4.225381667546985 -0.13353599373451508
      vertex -12.645795673700423 4.4052926612382315 -1.1163064894493662
    endloop
  endfacet
  facet normal -0.9803625625429712 0.19720356478567796 0
    outer loop
      vertex -12.575192432539499 4.763645702378824 -1.2222113511907526
      vertex -12.611183887415116 4.5847205649460525 -1.1682241688773267
      vertex -12.611183887415116 4.5847205649460525 -0.03177583112267324
    endloop
  endfacet
  facet normal -0.9818982858655865 0.18940896550644826 0
    outer loop
      vertex -12.611183887415116 4.5847205649460525 -1.1682241688773267
      vertex -12.645795673700423 4.4052926612382315 -1.1163064894493662
      vertex -12.645795673700423 4.4052926612382315 -0.08369351055063379
    endloop
  endfacet
  facet normal -0.9886043971274922 0.1505368592079289 0
    outer loop
      vertex -12.770372499557821 3.682947691145789 -0.9294412506632694
      vertex -12.790000000000001 3.5540501351328833 -0.30000000000000004
      vertex -12.770372499557821 3.682947691145789 -0.2705587493367305
    endloop
  endfacet
  facet normal -0.9873912844543146 0.15829861459803982 0
    outer loop
      vertex -12.741315824252185 3.864189378098362 -0.9730262636217235
      vertex -12.770372499557821 3.682947691145789 -0.2705587493367305
      vertex -12.741315824252185 3.864189378098362 -0.22697373637827645
    endloop
  endfacet
  facet normal -0.9861145628764698 0.16606645923529842 0
    outer loop
      vertex -12.710865209922915 4.045007313140152 -1.0187021851156288
      vertex -12.741315824252185 3.864189378098362 -0.22697373637827645
      vertex -12.710865209922915 4.045007313140152 -0.18129781488437113
    endloop
  endfacet
  facet normal -0.9847737972130639 0.17384064059523946 0
    outer loop
      vertex -12.67902399582301 4.225381667546985 -1.0664640062654849
      vertex -12.710865209922915 4.045007313140152 -0.18129781488437113
      vertex -12.67902399582301 4.225381667546985 -0.13353599373451508
    endloop
  endfacet
  facet normal -0.9833685308908747 0.1816213986663536 0
    outer loop
      vertex -12.645795673700423 4.4052926612382315 -1.1163064894493662
      vertex -12.67902399582301 4.225381667546985 -0.13353599373451508
      vertex -12.645795673700423 4.4052926612382315 -0.08369351055063379
    endloop
  endfacet
  facet normal -0.9818982858655865 0.18940896550644828 0
    outer loop
      vertex -12.611183887415116 4.5847205649460525 -1.1682241688773267
      vertex -12.645795673700423 4.4052926612382315 -0.08369351055063379
      vertex -12.611183887415116 4.5847205649460525 -0.03177583112267324
    endloop
  endfacet
  facet normal -0.9787608397005212 0.20500541131572708 0
    outer loop
      vertex -12.537825255942186 4.942048452378904 -1.2782621160867214
      vertex -12.575192432539499 4.763645702378824 -1.2222113511907526
      vertex -12.575192432539499 4.763645702378824 0.02221135119075268
    endloop
  endfacet
  facet normal -0.9770925744101279 0.21281471056435186 0
    outer loop
      vertex -12.499086455355178 5.119909251074374 -1.3363703169672343
      vertex -12.537825255942186 4.942048452378904 -1.2782621160867214
      vertex -12.537825255942186 4.942048452378904 0.0782621160867214
    endloop
  endfacet
  facet normal -0.980362562542971 0.19720356478567796 0
    outer loop
      vertex -12.575192432539499 4.763645702378824 -1.2222113511907526
      vertex -12.611183887415116 4.5847205649460525 -0.03177583112267324
      vertex -12.575192432539499 4.763645702378824 0.02221135119075268
    endloop
  endfacet
  facet normal -0.9787608397005213 0.20500541131572708 0
    outer loop
      vertex -12.537825255942186 4.942048452378904 -1.2782621160867214
      vertex -12.575192432539499 4.763645702378824 0.02221135119075268
      vertex -12.537825255942186 4.942048452378904 0.0782621160867214
    endloop
  endfacet
  facet normal -0.9770925744101279 0.2128147105643519 0
    outer loop
      vertex -12.499086455355178 5.119909251074374 -1.3363703169672343
      vertex -12.537825255942186 4.942048452378904 0.0782621160867214
      vertex -12.499086455355178 5.119909251074374 0.13637031696723434
    endloop
  endfacet
  facet normal -0.9753572019623421 0.22063165815492364 0
    outer loop
      vertex -12.45898027892451 5.297208594024313 -1.396529581613235
      vertex -12.499086455355178 5.119909251074374 0.13637031696723434
      vertex -12.45898027892451 5.297208594024313 0.19652958161323508
    endloop
  endfacet
  facet normal -0.9735541357929295 0.22845643935000412 0
    outer loop
      vertex -12.417511124744376 5.473927038357819 -1.458733312883437
      vertex -12.45898027892451 5.297208594024313 0.19652958161323508
      vertex -12.417511124744376 5.473927038357819 0.25873331288343704
    endloop
  endfacet
  facet normal -0.971682767412356 0.23628922851849374 0
    outer loop
      vertex -12.417511124744376 5.473927038357819 -1.458733312883437
      vertex -12.417511124744376 5.473927038357819 0.25873331288343704
      vertex -12.411170825010513 5.5 0.2682437624842302
    endloop
  endfacet
  facet normal 0.971682767412356 -0.2362892285184938 0
    outer loop
      vertex 12.411170825010513 -5.5 -1.51
      vertex 12.417511124744376 -5.473927038357819 -1.5
      vertex 12.411170825010513 -5.5 -1.5
    endloop
  endfacet
  facet normal 0.971682767412356 -0.2362892285184938 0
    outer loop
      vertex 12.411170825010513 -5.5 -1.51
      vertex 12.417511124744376 -5.473927038357819 -1.51
      vertex 12.417511124744376 -5.473927038357819 -1.5
    endloop
  endfacet
  facet normal 0.9735541357929296 -0.22845643935000415 0
    outer loop
      vertex 12.417511124744376 -5.473927038357819 -1.51
      vertex 12.45898027892451 -5.297208594024313 -1.5
      vertex 12.417511124744376 -5.473927038357819 -1.5
    endloop
  endfacet
  facet normal 0.9735541357929296 -0.22845643935000415 0
    outer loop
      vertex 12.417511124744376 -5.473927038357819 -1.51
      vertex 12.45898027892451 -5.297208594024313 -1.51
      vertex 12.45898027892451 -5.297208594024313 -1.5
    endloop
  endfacet
  facet normal 0.9753572019623421 -0.22063165815492364 0
    outer loop
      vertex 12.45898027892451 -5.297208594024313 -1.51
      vertex 12.499086455355178 -5.119909251074374 -1.5
      vertex 12.45898027892451 -5.297208594024313 -1.5
    endloop
  endfacet
  facet normal 0.9753572019623421 -0.22063165815492364 0
    outer loop
      vertex 12.45898027892451 -5.297208594024313 -1.51
      vertex 12.499086455355178 -5.119909251074374 -1.51
      vertex 12.499086455355178 -5.119909251074374 -1.5
    endloop
  endfacet
  facet normal 0.9770925744101279 -0.21281471056435186 0
    outer loop
      vertex 12.499086455355178 -5.119909251074374 -1.51
      vertex 12.537825255942186 -4.942048452378904 -1.5
      vertex 12.499086455355178 -5.119909251074374 -1.5
    endloop
  endfacet
  facet normal 0.9770925744101279 -0.21281471056435186 0
    outer loop
      vertex 12.499086455355178 -5.119909251074374 -1.51
      vertex 12.537825255942186 -4.942048452378904 -1.51
      vertex 12.537825255942186 -4.942048452378904 -1.5
    endloop
  endfacet
  facet normal 0.9787608397005213 -0.20500541131572708 0
    outer loop
      vertex 12.537825255942186 -4.942048452378904 -1.51
      vertex 12.575192432539499 -4.763645702378824 -1.5
      vertex 12.537825255942186 -4.942048452378904 -1.5
    endloop
  endfacet
  facet normal 0.9787608397005213 -0.20500541131572708 0
    outer loop
      vertex 12.537825255942186 -4.942048452378904 -1.51
      vertex 12.575192432539499 -4.763645702378824 -1.51
      vertex 12.575192432539499 -4.763645702378824 -1.5
    endloop
  endfacet
  facet normal 0.980362562542971 -0.19720356478567796 0
    outer loop
      vertex 12.575192432539499 -4.763645702378824 -1.51
      vertex 12.611183887415116 -4.5847205649460525 -1.5
      vertex 12.575192432539499 -4.763645702378824 -1.5
    endloop
  endfacet
  facet normal 0.980362562542971 -0.19720356478567796 0
    outer loop
      vertex 12.575192432539499 -4.763645702378824 -1.51
      vertex 12.611183887415116 -4.5847205649460525 -1.51
      vertex 12.611183887415116 -4.5847205649460525 -1.5
    endloop
  endfacet
  facet normal 0.9818982858655866 -0.18940896550644828 0
    outer loop
      vertex 12.611183887415116 -4.5847205649460525 -1.51
      vertex 12.645795673700423 -4.4052926612382315 -1.5
      vertex 12.611183887415116 -4.5847205649460525 -1.5
    endloop
  endfacet
  facet normal 0.9818982858655866 -0.18940896550644828 0
    outer loop
      vertex 12.611183887415116 -4.5847205649460525 -1.51
      vertex 12.645795673700423 -4.4052926612382315 -1.51
      vertex 12.645795673700423 -4.4052926612382315 -1.5
    endloop
  endfacet
  facet normal 0.983368530890875 -0.1816213986663536 0
    outer loop
      vertex 12.645795673700423 -4.4052926612382315 -1.51
      vertex 12.67902399582301 -4.225381667546985 -1.5
      vertex 12.645795673700423 -4.4052926612382315 -1.5
    endloop
  endfacet
  facet normal 0.983368530890875 -0.1816213986663536 0
    outer loop
      vertex 12.645795673700423 -4.4052926612382315 -1.51
      vertex 12.67902399582301 -4.225381667546985 -1.51
      vertex 12.67902399582301 -4.225381667546985 -1.5
    endloop
  endfacet
  facet normal 0.984773797213064 -0.1738406405952395 0
    outer loop
      vertex 12.67902399582301 -4.225381667546985 -1.51
      vertex 12.710865209922915 -4.045007313140152 -1.5
      vertex 12.67902399582301 -4.225381667546985 -1.5
    endloop
  endfacet
  facet normal 0.984773797213064 -0.1738406405952395 0
    outer loop
      vertex 12.67902399582301 -4.225381667546985 -1.51
      vertex 12.710865209922915 -4.045007313140152 -1.51
      vertex 12.710865209922915 -4.045007313140152 -1.5
    endloop
  endfacet
  facet normal 0.9861145628764697 -0.16606645923529845 0
    outer loop
      vertex 12.710865209922915 -4.045007313140152 -1.51
      vertex 12.741315824252185 -3.864189378098362 -1.5
      vertex 12.710865209922915 -4.045007313140152 -1.5
    endloop
  endfacet
  facet normal 0.9861145628764697 -0.16606645923529845 0
    outer loop
      vertex 12.710865209922915 -4.045007313140152 -1.51
      vertex 12.741315824252185 -3.864189378098362 -1.51
      vertex 12.741315824252185 -3.864189378098362 -1.5
    endloop
  endfacet
  facet normal 0.9873912844543146 -0.15829861459803982 0
    outer loop
      vertex 12.741315824252185 -3.864189378098362 -1.51
      vertex 12.770372499557821 -3.682947691145789 -1.5
      vertex 12.741315824252185 -3.864189378098362 -1.5
    endloop
  endfacet
  facet normal 0.9873912844543146 -0.15829861459803982 0
    outer loop
      vertex 12.741315824252185 -3.864189378098362 -1.51
      vertex 12.770372499557821 -3.682947691145789 -1.51
      vertex 12.770372499557821 -3.682947691145789 -1.5
    endloop
  endfacet
  facet normal 0.9886043971274922 -0.15053685920792892 0
    outer loop
      vertex 12.770372499557821 -3.682947691145789 -1.51
      vertex 12.790000000000001 -3.5540501351328833 -1.51
      vertex 12.770372499557821 -3.682947691145789 -1.5
    endloop
  endfacet
  facet normal 0.9886043971274922 -0.15053685920792892 0
    outer loop
      vertex 12.770372499557821 -3.682947691145789 -1.5
      vertex 12.790000000000001 -3.5540501351328833 -1.51
      vertex 12.790000000000001 -3.5540501351328833 -1.5
    endloop
  endfacet
  facet normal 0.9716827674123562 -0.2362892285184938 0
    outer loop
      vertex 12.411170825010513 -5.5 -1.4682437624842302
      vertex 12.417511124744376 -5.473927038357819 -1.458733312883437
      vertex 12.411170825010513 -5.5 0.2682437624842302
    endloop
  endfacet
  facet normal 0.9735541357929295 -0.22845643935000415 0
    outer loop
      vertex 12.417511124744376 -5.473927038357819 -1.458733312883437
      vertex 12.45898027892451 -5.297208594024313 -1.396529581613235
      vertex 12.45898027892451 -5.297208594024313 0.19652958161323508
    endloop
  endfacet
  facet normal 0.9753572019623422 -0.22063165815492364 0
    outer loop
      vertex 12.45898027892451 -5.297208594024313 -1.396529581613235
      vertex 12.499086455355178 -5.119909251074374 -1.3363703169672343
      vertex 12.499086455355178 -5.119909251074374 0.13637031696723434
    endloop
  endfacet
  facet normal 0.9770925744101279 -0.21281471056435186 0
    outer loop
      vertex 12.499086455355178 -5.119909251074374 -1.3363703169672343
      vertex 12.537825255942186 -4.942048452378904 -1.2782621160867214
      vertex 12.537825255942186 -4.942048452378904 0.0782621160867214
    endloop
  endfacet
  facet normal 0.9787608397005212 -0.20500541131572708 0
    outer loop
      vertex 12.537825255942186 -4.942048452378904 -1.2782621160867214
      vertex 12.575192432539499 -4.763645702378824 -1.2222113511907526
      vertex 12.575192432539499 -4.763645702378824 0.02221135119075268
    endloop
  endfacet
  facet normal 0.9803625625429712 -0.19720356478567796 0
    outer loop
      vertex 12.575192432539499 -4.763645702378824 -1.2222113511907526
      vertex 12.611183887415116 -4.5847205649460525 -1.1682241688773267
      vertex 12.611183887415116 -4.5847205649460525 -0.03177583112267324
    endloop
  endfacet
  facet normal 0.9818982858655865 -0.18940896550644826 0
    outer loop
      vertex 12.611183887415116 -4.5847205649460525 -1.1682241688773267
      vertex 12.645795673700423 -4.4052926612382315 -1.1163064894493662
      vertex 12.645795673700423 -4.4052926612382315 -0.08369351055063379
    endloop
  endfacet
  facet normal 0.9833685308908747 -0.1816213986663536 0
    outer loop
      vertex 12.645795673700423 -4.4052926612382315 -1.1163064894493662
      vertex 12.67902399582301 -4.225381667546985 -1.0664640062654849
      vertex 12.67902399582301 -4.225381667546985 -0.13353599373451508
    endloop
  endfacet
  facet normal 0.984773797213064 -0.17384064059523952 0
    outer loop
      vertex 12.67902399582301 -4.225381667546985 -1.0664640062654849
      vertex 12.710865209922915 -4.045007313140152 -1.0187021851156288
      vertex 12.710865209922915 -4.045007313140152 -0.18129781488437113
    endloop
  endfacet
  facet normal 0.9861145628764698 -0.16606645923529845 0
    outer loop
      vertex 12.710865209922915 -4.045007313140152 -1.0187021851156288
      vertex 12.741315824252185 -3.864189378098362 -0.9730262636217235
      vertex 12.741315824252185 -3.864189378098362 -0.22697373637827645
    endloop
  endfacet
  facet normal 0.9873912844543147 -0.15829861459803982 0
    outer loop
      vertex 12.741315824252185 -3.864189378098362 -0.9730262636217235
      vertex 12.770372499557821 -3.682947691145789 -0.9294412506632694
      vertex 12.770372499557821 -3.682947691145789 -0.2705587493367305
    endloop
  endfacet
  facet normal 0.9886043971274922 -0.1505368592079289 0
    outer loop
      vertex 12.770372499557821 -3.682947691145789 -0.9294412506632694
      vertex 12.790000000000001 -3.5540501351328833 -0.8999999999999999
      vertex 12.790000000000001 -3.5540501351328833 -0.30000000000000004
    endloop
  endfacet
  facet normal 0.9818982858655865 -0.18940896550644828 0
    outer loop
      vertex 12.611183887415116 -4.5847205649460525 -1.1682241688773267
      vertex 12.645795673700423 -4.4052926612382315 -0.08369351055063379
      vertex 12.611183887415116 -4.5847205649460525 -0.03177583112267324
    endloop
  endfacet
  facet normal 0.9833685308908747 -0.1816213986663536 0
    outer loop
      vertex 12.645795673700423 -4.4052926612382315 -1.1163064894493662
      vertex 12.67902399582301 -4.225381667546985 -0.13353599373451508
      vertex 12.645795673700423 -4.4052926612382315 -0.08369351055063379
    endloop
  endfacet
  facet normal 0.9847737972130639 -0.17384064059523946 0
    outer loop
      vertex 12.67902399582301 -4.225381667546985 -1.0664640062654849
      vertex 12.710865209922915 -4.045007313140152 -0.18129781488437113
      vertex 12.67902399582301 -4.225381667546985 -0.13353599373451508
    endloop
  endfacet
  facet normal 0.9873912844543146 -0.15829861459803982 0
    outer loop
      vertex 12.741315824252185 -3.864189378098362 -0.9730262636217235
      vertex 12.770372499557821 -3.682947691145789 -0.2705587493367305
      vertex 12.741315824252185 -3.864189378098362 -0.22697373637827645
    endloop
  endfacet
  facet normal 0.9886043971274922 -0.1505368592079289 0
    outer loop
      vertex 12.770372499557821 -3.682947691145789 -0.9294412506632694
      vertex 12.790000000000001 -3.5540501351328833 -0.30000000000000004
      vertex 12.770372499557821 -3.682947691145789 -0.2705587493367305
    endloop
  endfacet
  facet normal 0.9861145628764698 -0.16606645923529842 0
    outer loop
      vertex 12.710865209922915 -4.045007313140152 -1.0187021851156288
      vertex 12.741315824252185 -3.864189378098362 -0.22697373637827645
      vertex 12.710865209922915 -4.045007313140152 -0.18129781488437113
    endloop
  endfacet
  facet normal 0.9735541357929295 -0.22845643935000412 0
    outer loop
      vertex 12.417511124744376 -5.473927038357819 -1.458733312883437
      vertex 12.45898027892451 -5.297208594024313 0.19652958161323508
      vertex 12.417511124744376 -5.473927038357819 0.25873331288343704
    endloop
  endfacet
  facet normal 0.9753572019623421 -0.22063165815492364 0
    outer loop
      vertex 12.45898027892451 -5.297208594024313 -1.396529581613235
      vertex 12.499086455355178 -5.119909251074374 0.13637031696723434
      vertex 12.45898027892451 -5.297208594024313 0.19652958161323508
    endloop
  endfacet
  facet normal 0.9770925744101279 -0.2128147105643519 0
    outer loop
      vertex 12.499086455355178 -5.119909251074374 -1.3363703169672343
      vertex 12.537825255942186 -4.942048452378904 0.0782621160867214
      vertex 12.499086455355178 -5.119909251074374 0.13637031696723434
    endloop
  endfacet
  facet normal 0.9787608397005213 -0.20500541131572708 0
    outer loop
      vertex 12.537825255942186 -4.942048452378904 -1.2782621160867214
      vertex 12.575192432539499 -4.763645702378824 0.02221135119075268
      vertex 12.537825255942186 -4.942048452378904 0.0782621160867214
    endloop
  endfacet
  facet normal 0.971682767412356 -0.23628922851849374 0
    outer loop
      vertex 12.417511124744376 -5.473927038357819 -1.458733312883437
      vertex 12.417511124744376 -5.473927038357819 0.25873331288343704
      vertex 12.411170825010513 -5.5 0.2682437624842302
    endloop
  endfacet
  facet normal 0.980362562542971 -0.19720356478567796 0
    outer loop
      vertex 12.575192432539499 -4.763645702378824 -1.2222113511907526
      vertex 12.611183887415116 -4.5847205649460525 -0.03177583112267324
      vertex 12.575192432539499 -4.763645702378824 0.02221135119075268
    endloop
  endfacet
  facet normal 0.9886043971274913 0.15053685920793447 0
    outer loop
      vertex 12.790000000000001 3.554050135132888 -1.51
      vertex 12.770372499557821 3.682947691145789 -1.5
      vertex 12.790000000000001 3.554050135132888 -1.5
    endloop
  endfacet
  facet normal 0.9886043971274913 0.15053685920793447 0
    outer loop
      vertex 12.790000000000001 3.554050135132888 -1.51
      vertex 12.770372499557821 3.682947691145789 -1.51
      vertex 12.770372499557821 3.682947691145789 -1.5
    endloop
  endfacet
  facet normal 0.9873912844543151 0.15829861459803646 0
    outer loop
      vertex 12.770372499557821 3.682947691145789 -1.51
      vertex 12.741315824252187 3.864189378098355 -1.5
      vertex 12.770372499557821 3.682947691145789 -1.5
    endloop
  endfacet
  facet normal 0.9873912844543151 0.15829861459803646 0
    outer loop
      vertex 12.770372499557821 3.682947691145789 -1.51
      vertex 12.741315824252187 3.864189378098355 -1.51
      vertex 12.741315824252187 3.864189378098355 -1.5
    endloop
  endfacet
  facet normal 0.9861145628764697 0.16606645923529834 0
    outer loop
      vertex 12.741315824252187 3.864189378098355 -1.51
      vertex 12.710865209922915 4.045007313140156 -1.5
      vertex 12.741315824252187 3.864189378098355 -1.5
    endloop
  endfacet
  facet normal 0.9861145628764697 0.16606645923529834 0
    outer loop
      vertex 12.741315824252187 3.864189378098355 -1.51
      vertex 12.710865209922915 4.045007313140156 -1.51
      vertex 12.710865209922915 4.045007313140156 -1.5
    endloop
  endfacet
  facet normal 0.9847737972130629 0.17384064059524526 0
    outer loop
      vertex 12.710865209922915 4.045007313140156 -1.51
      vertex 12.67902399582301 4.225381667546983 -1.51
      vertex 12.67902399582301 4.225381667546983 -1.5
    endloop
  endfacet
  facet normal 0.9847737972130629 0.17384064059524526 0
    outer loop
      vertex 12.710865209922915 4.045007313140156 -1.51
      vertex 12.67902399582301 4.225381667546983 -1.5
      vertex 12.710865209922915 4.045007313140156 -1.5
    endloop
  endfacet
  facet normal 0.9833685308908748 0.18162139866635346 0
    outer loop
      vertex 12.67902399582301 4.225381667546983 -1.51
      vertex 12.645795673700421 4.405292661238239 -1.5
      vertex 12.67902399582301 4.225381667546983 -1.5
    endloop
  endfacet
  facet normal 0.9833685308908748 0.18162139866635346 0
    outer loop
      vertex 12.67902399582301 4.225381667546983 -1.51
      vertex 12.645795673700421 4.405292661238239 -1.51
      vertex 12.645795673700421 4.405292661238239 -1.5
    endloop
  endfacet
  facet normal 0.9803625625429715 0.19720356478567616 0
    outer loop
      vertex 12.5751924325395 4.763645702378817 -1.51
      vertex 12.5751924325395 4.763645702378817 -1.5
      vertex 12.611183887415116 4.5847205649460525 -1.51
    endloop
  endfacet
  facet normal 0.9818982858655869 0.18940896550644612 0
    outer loop
      vertex 12.645795673700421 4.405292661238239 -1.51
      vertex 12.611183887415116 4.5847205649460525 -1.5
      vertex 12.645795673700421 4.405292661238239 -1.5
    endloop
  endfacet
  facet normal 0.9818982858655869 0.18940896550644612 0
    outer loop
      vertex 12.645795673700421 4.405292661238239 -1.51
      vertex 12.611183887415116 4.5847205649460525 -1.51
      vertex 12.611183887415116 4.5847205649460525 -1.5
    endloop
  endfacet
  facet normal 0.9803625625429715 0.19720356478567616 0
    outer loop
      vertex 12.5751924325395 4.763645702378817 -1.5
      vertex 12.611183887415116 4.5847205649460525 -1.5
      vertex 12.611183887415116 4.5847205649460525 -1.51
    endloop
  endfacet
  facet normal 0.9787608397005199 0.20500541131573402 0
    outer loop
      vertex 12.5751924325395 4.763645702378817 -1.51
      vertex 12.537825255942185 4.942048452378907 -1.5
      vertex 12.5751924325395 4.763645702378817 -1.5
    endloop
  endfacet
  facet normal 0.9787608397005199 0.20500541131573402 0
    outer loop
      vertex 12.5751924325395 4.763645702378817 -1.51
      vertex 12.537825255942185 4.942048452378907 -1.51
      vertex 12.537825255942185 4.942048452378907 -1.5
    endloop
  endfacet
  facet normal 0.9753572019623424 0.22063165815492242 0
    outer loop
      vertex 12.499086455355178 5.119909251074371 -1.51
      vertex 12.458980278924509 5.297208594024319 -1.5
      vertex 12.499086455355178 5.119909251074371 -1.5
    endloop
  endfacet
  facet normal 0.9770925744101283 0.21281471056434967 0
    outer loop
      vertex 12.537825255942185 4.942048452378907 -1.51
      vertex 12.499086455355178 5.119909251074371 -1.5
      vertex 12.537825255942185 4.942048452378907 -1.5
    endloop
  endfacet
  facet normal 0.9770925744101283 0.21281471056434967 0
    outer loop
      vertex 12.537825255942185 4.942048452378907 -1.51
      vertex 12.499086455355178 5.119909251074371 -1.51
      vertex 12.499086455355178 5.119909251074371 -1.5
    endloop
  endfacet
  facet normal 0.9753572019623424 0.22063165815492242 0
    outer loop
      vertex 12.499086455355178 5.119909251074371 -1.51
      vertex 12.458980278924509 5.297208594024319 -1.51
      vertex 12.458980278924509 5.297208594024319 -1.5
    endloop
  endfacet
  facet normal 0.9735541357929299 0.22845643935000248 0
    outer loop
      vertex 12.458980278924509 5.297208594024319 -1.51
      vertex 12.417511124744376 5.473927038357819 -1.5
      vertex 12.458980278924509 5.297208594024319 -1.5
    endloop
  endfacet
  facet normal 0.9735541357929299 0.22845643935000248 0
    outer loop
      vertex 12.458980278924509 5.297208594024319 -1.51
      vertex 12.417511124744376 5.473927038357819 -1.51
      vertex 12.417511124744376 5.473927038357819 -1.5
    endloop
  endfacet
  facet normal 0.971682767412356 0.2362892285184938 0
    outer loop
      vertex 12.417511124744376 5.473927038357819 -1.5
      vertex 12.411170825010513 5.5 -1.51
      vertex 12.411170825010513 5.5 -1.5
    endloop
  endfacet
  facet normal 0.971682767412356 0.2362892285184938 0
    outer loop
      vertex 12.417511124744376 5.473927038357819 -1.51
      vertex 12.411170825010513 5.5 -1.51
      vertex 12.417511124744376 5.473927038357819 -1.5
    endloop
  endfacet
  facet normal 0.971682767412356 0.23628922851849374 0
    outer loop
      vertex 12.411170825010513 5.5 -1.4682437624842302
      vertex 12.417511124744376 5.473927038357819 0.25873331288343704
      vertex 12.417511124744376 5.473927038357819 -1.458733312883437
    endloop
  endfacet
  facet normal 0.9735541357929298 0.22845643935000248 0
    outer loop
      vertex 12.417511124744376 5.473927038357819 -1.458733312883437
      vertex 12.417511124744376 5.473927038357819 0.25873331288343704
      vertex 12.458980278924509 5.297208594024319 -1.3965295816132377
    endloop
  endfacet
  facet normal 0.9886043971274914 0.15053685920793453 0
    outer loop
      vertex 12.790000000000001 3.554050135132888 -0.8999999999999999
      vertex 12.770372499557821 3.682947691145789 -0.9294412506632694
      vertex 12.770372499557821 3.682947691145789 -0.2705587493367305
    endloop
  endfacet
  facet normal 0.9861145628764697 0.16606645923529834 0
    outer loop
      vertex 12.741315824252187 3.864189378098355 -0.9730262636217208
      vertex 12.710865209922915 4.045007313140156 -1.0187021851156288
      vertex 12.710865209922915 4.045007313140156 -0.18129781488437113
    endloop
  endfacet
  facet normal 0.9873912844543151 0.15829861459803646 0
    outer loop
      vertex 12.741315824252187 3.864189378098355 -0.9730262636217208
      vertex 12.741315824252187 3.864189378098355 -0.2269737363782791
      vertex 12.770372499557821 3.682947691145789 -0.9294412506632694
    endloop
  endfacet
  facet normal 0.9833685308908747 0.18162139866635346 0
    outer loop
      vertex 12.67902399582301 4.225381667546983 -1.0664640062654849
      vertex 12.645795673700421 4.405292661238239 -1.1163064894493688
      vertex 12.645795673700421 4.405292661238239 -0.08369351055063112
    endloop
  endfacet
  facet normal 0.9803625625429715 0.19720356478567613 0
    outer loop
      vertex 12.5751924325395 4.763645702378817 -1.22221135119075
      vertex 12.5751924325395 4.763645702378817 0.022211351190750017
      vertex 12.611183887415116 4.5847205649460525 -1.1682241688773267
    endloop
  endfacet
  facet normal 0.981898285865587 0.18940896550644612 0
    outer loop
      vertex 12.611183887415116 4.5847205649460525 -1.1682241688773267
      vertex 12.611183887415116 4.5847205649460525 -0.03177583112267324
      vertex 12.645795673700421 4.405292661238239 -1.1163064894493688
    endloop
  endfacet
  facet normal 0.9847737972130629 0.1738406405952453 0
    outer loop
      vertex 12.67902399582301 4.225381667546983 -1.0664640062654849
      vertex 12.67902399582301 4.225381667546983 -0.13353599373451508
      vertex 12.710865209922915 4.045007313140156 -1.0187021851156288
    endloop
  endfacet
  facet normal 0.9886043971274914 0.15053685920793447 0
    outer loop
      vertex 12.790000000000001 3.554050135132888 -0.8999999999999999
      vertex 12.770372499557821 3.682947691145789 -0.2705587493367305
      vertex 12.790000000000001 3.554050135132888 -0.30000000000000004
    endloop
  endfacet
  facet normal 0.9873912844543151 0.15829861459803646 0
    outer loop
      vertex 12.770372499557821 3.682947691145789 -0.9294412506632694
      vertex 12.741315824252187 3.864189378098355 -0.2269737363782791
      vertex 12.770372499557821 3.682947691145789 -0.2705587493367305
    endloop
  endfacet
  facet normal 0.9861145628764697 0.1660664592352983 0
    outer loop
      vertex 12.741315824252187 3.864189378098355 -0.9730262636217208
      vertex 12.710865209922915 4.045007313140156 -0.18129781488437113
      vertex 12.741315824252187 3.864189378098355 -0.2269737363782791
    endloop
  endfacet
  facet normal 0.9847737972130629 0.1738406405952453 0
    outer loop
      vertex 12.710865209922915 4.045007313140156 -1.0187021851156288
      vertex 12.67902399582301 4.225381667546983 -0.13353599373451508
      vertex 12.710865209922915 4.045007313140156 -0.18129781488437113
    endloop
  endfacet
  facet normal 0.9833685308908748 0.18162139866635346 0
    outer loop
      vertex 12.67902399582301 4.225381667546983 -1.0664640062654849
      vertex 12.645795673700421 4.405292661238239 -0.08369351055063112
      vertex 12.67902399582301 4.225381667546983 -0.13353599373451508
    endloop
  endfacet
  facet normal 0.9787608397005199 0.20500541131573405 0
    outer loop
      vertex 12.537825255942185 4.942048452378907 -1.278262116086724
      vertex 12.537825255942185 4.942048452378907 0.07826211608672407
      vertex 12.5751924325395 4.763645702378817 -1.22221135119075
    endloop
  endfacet
  facet normal 0.9770925744101283 0.21281471056434964 0
    outer loop
      vertex 12.499086455355178 5.119909251074371 -1.3363703169672343
      vertex 12.499086455355178 5.119909251074371 0.13637031696723434
      vertex 12.537825255942185 4.942048452378907 -1.278262116086724
    endloop
  endfacet
  facet normal 0.9753572019623424 0.22063165815492244 0
    outer loop
      vertex 12.458980278924509 5.297208594024319 -1.3965295816132377
      vertex 12.458980278924509 5.297208594024319 0.19652958161323775
      vertex 12.499086455355178 5.119909251074371 -1.3363703169672343
    endloop
  endfacet
  facet normal 0.9818982858655869 0.18940896550644612 0
    outer loop
      vertex 12.645795673700421 4.405292661238239 -1.1163064894493688
      vertex 12.611183887415116 4.5847205649460525 -0.03177583112267324
      vertex 12.645795673700421 4.405292661238239 -0.08369351055063112
    endloop
  endfacet
  facet normal 0.9803625625429714 0.1972035647856761 0
    outer loop
      vertex 12.611183887415116 4.5847205649460525 -1.1682241688773267
      vertex 12.5751924325395 4.763645702378817 0.022211351190750017
      vertex 12.611183887415116 4.5847205649460525 -0.03177583112267324
    endloop
  endfacet
  facet normal 0.9787608397005199 0.20500541131573405 0
    outer loop
      vertex 12.5751924325395 4.763645702378817 -1.22221135119075
      vertex 12.537825255942185 4.942048452378907 0.07826211608672407
      vertex 12.5751924325395 4.763645702378817 0.022211351190750017
    endloop
  endfacet
  facet normal 0.9770925744101283 0.21281471056434964 0
    outer loop
      vertex 12.537825255942185 4.942048452378907 -1.278262116086724
      vertex 12.499086455355178 5.119909251074371 0.13637031696723434
      vertex 12.537825255942185 4.942048452378907 0.07826211608672407
    endloop
  endfacet
  facet normal 0.9753572019623424 0.22063165815492244 0
    outer loop
      vertex 12.499086455355178 5.119909251074371 -1.3363703169672343
      vertex 12.458980278924509 5.297208594024319 0.19652958161323775
      vertex 12.499086455355178 5.119909251074371 0.13637031696723434
    endloop
  endfacet
  facet normal 0.97355413579293 0.22845643935000254 0
    outer loop
      vertex 12.458980278924509 5.297208594024319 -1.3965295816132377
      vertex 12.417511124744376 5.473927038357819 0.25873331288343704
      vertex 12.458980278924509 5.297208594024319 0.19652958161323775
    endloop
  endfacet
  facet normal 0.9716827674123562 0.2362892285184938 0
    outer loop
      vertex 12.411170825010513 5.5 -1.4682437624842302
      vertex 12.411170825010513 5.5 0.2682437624842302
      vertex 12.417511124744376 5.473927038357819 0.25873331288343704
    endloop
  endfacet
  facet normal -0.2362892285184938 0.971682767412356 0
    outer loop
      vertex -5.5 12.411170825010513 -1.51
      vertex -5.5 12.411170825010513 -1.5
      vertex -5.473927038357819 12.417511124744376 -1.5
    endloop
  endfacet
  facet normal -0.2362892285184938 0.971682767412356 0
    outer loop
      vertex -5.5 12.411170825010513 -1.51
      vertex -5.473927038357819 12.417511124744376 -1.5
      vertex -5.473927038357819 12.417511124744376 -1.51
    endloop
  endfacet
  facet normal -0.22845643935000248 0.9735541357929299 0
    outer loop
      vertex -5.473927038357819 12.417511124744376 -1.51
      vertex -5.473927038357819 12.417511124744376 -1.5
      vertex -5.297208594024319 12.458980278924509 -1.51
    endloop
  endfacet
  facet normal -0.22845643935000248 0.9735541357929299 0
    outer loop
      vertex -5.473927038357819 12.417511124744376 -1.5
      vertex -5.297208594024319 12.458980278924509 -1.5
      vertex -5.297208594024319 12.458980278924509 -1.51
    endloop
  endfacet
  facet normal -0.22063165815492242 0.9753572019623424 0
    outer loop
      vertex -5.297208594024319 12.458980278924509 -1.51
      vertex -5.297208594024319 12.458980278924509 -1.5
      vertex -5.119909251074371 12.499086455355178 -1.51
    endloop
  endfacet
  facet normal -0.22063165815492242 0.9753572019623424 0
    outer loop
      vertex -5.297208594024319 12.458980278924509 -1.5
      vertex -5.119909251074371 12.499086455355178 -1.5
      vertex -5.119909251074371 12.499086455355178 -1.51
    endloop
  endfacet
  facet normal -0.21281471056434967 0.9770925744101283 0
    outer loop
      vertex -5.119909251074371 12.499086455355178 -1.51
      vertex -5.119909251074371 12.499086455355178 -1.5
      vertex -4.942048452378907 12.537825255942185 -1.51
    endloop
  endfacet
  facet normal -0.21281471056434967 0.9770925744101283 0
    outer loop
      vertex -5.119909251074371 12.499086455355178 -1.5
      vertex -4.942048452378907 12.537825255942185 -1.5
      vertex -4.942048452378907 12.537825255942185 -1.51
    endloop
  endfacet
  facet normal -0.20500541131573402 0.9787608397005199 0
    outer loop
      vertex -4.942048452378907 12.537825255942185 -1.51
      vertex -4.942048452378907 12.537825255942185 -1.5
      vertex -4.763645702378817 12.5751924325395 -1.51
    endloop
  endfacet
  facet normal -0.20500541131573402 0.9787608397005199 0
    outer loop
      vertex -4.942048452378907 12.537825255942185 -1.5
      vertex -4.763645702378817 12.5751924325395 -1.5
      vertex -4.763645702378817 12.5751924325395 -1.51
    endloop
  endfacet
  facet normal -0.19720356478567616 0.9803625625429715 0
    outer loop
      vertex -4.763645702378817 12.5751924325395 -1.51
      vertex -4.763645702378817 12.5751924325395 -1.5
      vertex -4.5847205649460525 12.611183887415116 -1.51
    endloop
  endfacet
  facet normal -0.19720356478567616 0.9803625625429715 0
    outer loop
      vertex -4.763645702378817 12.5751924325395 -1.5
      vertex -4.5847205649460525 12.611183887415116 -1.5
      vertex -4.5847205649460525 12.611183887415116 -1.51
    endloop
  endfacet
  facet normal -0.18940896550644612 0.9818982858655869 0
    outer loop
      vertex -4.5847205649460525 12.611183887415116 -1.51
      vertex -4.5847205649460525 12.611183887415116 -1.5
      vertex -4.405292661238239 12.645795673700421 -1.51
    endloop
  endfacet
  facet normal -0.18940896550644612 0.9818982858655869 0
    outer loop
      vertex -4.5847205649460525 12.611183887415116 -1.5
      vertex -4.405292661238239 12.645795673700421 -1.5
      vertex -4.405292661238239 12.645795673700421 -1.51
    endloop
  endfacet
  facet normal -0.18162139866635346 0.9833685308908748 0
    outer loop
      vertex -4.405292661238239 12.645795673700421 -1.51
      vertex -4.405292661238239 12.645795673700421 -1.5
      vertex -4.225381667546983 12.67902399582301 -1.51
    endloop
  endfacet
  facet normal -0.18162139866635346 0.9833685308908748 0
    outer loop
      vertex -4.405292661238239 12.645795673700421 -1.5
      vertex -4.225381667546983 12.67902399582301 -1.5
      vertex -4.225381667546983 12.67902399582301 -1.51
    endloop
  endfacet
  facet normal -0.17384064059524526 0.9847737972130629 0
    outer loop
      vertex -4.225381667546983 12.67902399582301 -1.51
      vertex -4.225381667546983 12.67902399582301 -1.5
      vertex -4.045007313140156 12.710865209922915 -1.51
    endloop
  endfacet
  facet normal -0.17384064059524526 0.9847737972130629 0
    outer loop
      vertex -4.225381667546983 12.67902399582301 -1.5
      vertex -4.045007313140156 12.710865209922915 -1.5
      vertex -4.045007313140156 12.710865209922915 -1.51
    endloop
  endfacet
  facet normal -0.16606645923529834 0.9861145628764697 0
    outer loop
      vertex -4.045007313140156 12.710865209922915 -1.51
      vertex -4.045007313140156 12.710865209922915 -1.5
      vertex -3.864189378098355 12.741315824252187 -1.51
    endloop
  endfacet
  facet normal -0.16606645923529834 0.9861145628764697 0
    outer loop
      vertex -4.045007313140156 12.710865209922915 -1.5
      vertex -3.864189378098355 12.741315824252187 -1.5
      vertex -3.864189378098355 12.741315824252187 -1.51
    endloop
  endfacet
  facet normal -0.15829861459803646 0.9873912844543151 0
    outer loop
      vertex -3.864189378098355 12.741315824252187 -1.51
      vertex -3.864189378098355 12.741315824252187 -1.5
      vertex -3.682947691145789 12.770372499557821 -1.51
    endloop
  endfacet
  facet normal -0.15829861459803646 0.9873912844543151 0
    outer loop
      vertex -3.864189378098355 12.741315824252187 -1.5
      vertex -3.682947691145789 12.770372499557821 -1.5
      vertex -3.682947691145789 12.770372499557821 -1.51
    endloop
  endfacet
  facet normal -0.15053685920793447 0.9886043971274913 0
    outer loop
      vertex -3.682947691145789 12.770372499557821 -1.51
      vertex -3.682947691145789 12.770372499557821 -1.5
      vertex -3.554050135132888 12.790000000000001 -1.51
    endloop
  endfacet
  facet normal -0.15053685920793447 0.9886043971274913 0
    outer loop
      vertex -3.682947691145789 12.770372499557821 -1.5
      vertex -3.554050135132888 12.790000000000001 -1.5
      vertex -3.554050135132888 12.790000000000001 -1.51
    endloop
  endfacet
  facet normal -0.23628922851849374 0.971682767412356 0
    outer loop
      vertex -5.5 12.411170825010513 -1.4682437624842302
      vertex -5.473927038357819 12.417511124744376 0.25873331288343704
      vertex -5.473927038357819 12.417511124744376 -1.458733312883437
    endloop
  endfacet
  facet normal -0.22845643935000248 0.9735541357929298 0
    outer loop
      vertex -5.473927038357819 12.417511124744376 -1.458733312883437
      vertex -5.473927038357819 12.417511124744376 0.25873331288343704
      vertex -5.297208594024319 12.458980278924509 -1.3965295816132377
    endloop
  endfacet
  facet normal -0.22063165815492244 0.9753572019623424 0
    outer loop
      vertex -5.297208594024319 12.458980278924509 -1.3965295816132377
      vertex -5.297208594024319 12.458980278924509 0.19652958161323775
      vertex -5.119909251074371 12.499086455355178 -1.3363703169672343
    endloop
  endfacet
  facet normal -0.21281471056434964 0.9770925744101283 0
    outer loop
      vertex -5.119909251074371 12.499086455355178 -1.3363703169672343
      vertex -5.119909251074371 12.499086455355178 0.13637031696723434
      vertex -4.942048452378907 12.537825255942185 -1.278262116086724
    endloop
  endfacet
  facet normal -0.20500541131573405 0.9787608397005199 0
    outer loop
      vertex -4.942048452378907 12.537825255942185 -1.278262116086724
      vertex -4.942048452378907 12.537825255942185 0.07826211608672407
      vertex -4.763645702378817 12.5751924325395 -1.22221135119075
    endloop
  endfacet
  facet normal -0.19720356478567613 0.9803625625429715 0
    outer loop
      vertex -4.763645702378817 12.5751924325395 -1.22221135119075
      vertex -4.763645702378817 12.5751924325395 0.022211351190750017
      vertex -4.5847205649460525 12.611183887415116 -1.1682241688773267
    endloop
  endfacet
  facet normal -0.18940896550644612 0.981898285865587 0
    outer loop
      vertex -4.5847205649460525 12.611183887415116 -1.1682241688773267
      vertex -4.5847205649460525 12.611183887415116 -0.03177583112267324
      vertex -4.405292661238239 12.645795673700421 -1.1163064894493688
    endloop
  endfacet
  facet normal -0.18162139866635346 0.9833685308908748 0
    outer loop
      vertex -4.405292661238239 12.645795673700421 -1.1163064894493688
      vertex -4.405292661238239 12.645795673700421 -0.08369351055063112
      vertex -4.225381667546983 12.67902399582301 -1.0664640062654849
    endloop
  endfacet
  facet normal -0.1738406405952453 0.9847737972130629 0
    outer loop
      vertex -4.225381667546983 12.67902399582301 -1.0664640062654849
      vertex -4.225381667546983 12.67902399582301 -0.13353599373451508
      vertex -4.045007313140156 12.710865209922915 -1.0187021851156288
    endloop
  endfacet
  facet normal -0.16606645923529834 0.9861145628764697 0
    outer loop
      vertex -4.045007313140156 12.710865209922915 -1.0187021851156288
      vertex -4.045007313140156 12.710865209922915 -0.18129781488437113
      vertex -3.864189378098355 12.741315824252187 -0.9730262636217208
    endloop
  endfacet
  facet normal -0.15829861459803646 0.9873912844543151 0
    outer loop
      vertex -3.864189378098355 12.741315824252187 -0.9730262636217208
      vertex -3.864189378098355 12.741315824252187 -0.2269737363782791
      vertex -3.682947691145789 12.770372499557821 -0.9294412506632694
    endloop
  endfacet
  facet normal -0.1505368592079345 0.9886043971274914 0
    outer loop
      vertex -3.682947691145789 12.770372499557821 -0.9294412506632694
      vertex -3.682947691145789 12.770372499557821 -0.2705587493367305
      vertex -3.554050135132888 12.790000000000001 -0.8999999999999999
    endloop
  endfacet
  facet normal -0.18162139866635346 0.9833685308908748 0
    outer loop
      vertex -4.225381667546983 12.67902399582301 -1.0664640062654849
      vertex -4.405292661238239 12.645795673700421 -0.08369351055063112
      vertex -4.225381667546983 12.67902399582301 -0.13353599373451508
    endloop
  endfacet
  facet normal -0.1738406405952453 0.9847737972130629 0
    outer loop
      vertex -4.045007313140156 12.710865209922915 -1.0187021851156288
      vertex -4.225381667546983 12.67902399582301 -0.13353599373451508
      vertex -4.045007313140156 12.710865209922915 -0.18129781488437113
    endloop
  endfacet
  facet normal -0.1660664592352983 0.9861145628764697 0
    outer loop
      vertex -3.864189378098355 12.741315824252187 -0.9730262636217208
      vertex -4.045007313140156 12.710865209922915 -0.18129781488437113
      vertex -3.864189378098355 12.741315824252187 -0.2269737363782791
    endloop
  endfacet
  facet normal -0.15829861459803646 0.9873912844543151 0
    outer loop
      vertex -3.682947691145789 12.770372499557821 -0.9294412506632694
      vertex -3.864189378098355 12.741315824252187 -0.2269737363782791
      vertex -3.682947691145789 12.770372499557821 -0.2705587493367305
    endloop
  endfacet
  facet normal -0.15053685920793447 0.9886043971274914 0
    outer loop
      vertex -3.554050135132888 12.790000000000001 -0.8999999999999999
      vertex -3.682947691145789 12.770372499557821 -0.2705587493367305
      vertex -3.554050135132888 12.790000000000001 -0.30000000000000004
    endloop
  endfacet
  facet normal -0.20500541131573405 0.9787608397005199 0
    outer loop
      vertex -4.763645702378817 12.5751924325395 -1.22221135119075
      vertex -4.942048452378907 12.537825255942185 0.07826211608672407
      vertex -4.763645702378817 12.5751924325395 0.022211351190750017
    endloop
  endfacet
  facet normal -0.21281471056434964 0.9770925744101283 0
    outer loop
      vertex -4.942048452378907 12.537825255942185 -1.278262116086724
      vertex -5.119909251074371 12.499086455355178 0.13637031696723434
      vertex -4.942048452378907 12.537825255942185 0.07826211608672407
    endloop
  endfacet
  facet normal -0.22063165815492244 0.9753572019623424 0
    outer loop
      vertex -5.119909251074371 12.499086455355178 -1.3363703169672343
      vertex -5.297208594024319 12.458980278924509 0.19652958161323775
      vertex -5.119909251074371 12.499086455355178 0.13637031696723434
    endloop
  endfacet
  facet normal -0.2362892285184938 0.9716827674123562 0
    outer loop
      vertex -5.5 12.411170825010513 -1.4682437624842302
      vertex -5.5 12.411170825010513 0.2682437624842302
      vertex -5.473927038357819 12.417511124744376 0.25873331288343704
    endloop
  endfacet
  facet normal -0.22845643935000254 0.97355413579293 0
    outer loop
      vertex -5.297208594024319 12.458980278924509 -1.3965295816132377
      vertex -5.473927038357819 12.417511124744376 0.25873331288343704
      vertex -5.297208594024319 12.458980278924509 0.19652958161323775
    endloop
  endfacet
  facet normal -0.1972035647856761 0.9803625625429714 0
    outer loop
      vertex -4.5847205649460525 12.611183887415116 -1.1682241688773267
      vertex -4.763645702378817 12.5751924325395 0.022211351190750017
      vertex -4.5847205649460525 12.611183887415116 -0.03177583112267324
    endloop
  endfacet
  facet normal -0.18940896550644612 0.9818982858655869 0
    outer loop
      vertex -4.405292661238239 12.645795673700421 -1.1163064894493688
      vertex -4.5847205649460525 12.611183887415116 -0.03177583112267324
      vertex -4.405292661238239 12.645795673700421 -0.08369351055063112
    endloop
  endfacet
  facet normal 0.15053685920792892 0.9886043971274922 0
    outer loop
      vertex 3.5540501351328833 12.790000000000001 -1.51
      vertex 3.5540501351328833 12.790000000000001 -1.5
      vertex 3.682947691145789 12.770372499557821 -1.5
    endloop
  endfacet
  facet normal 0.15053685920792892 0.9886043971274922 0
    outer loop
      vertex 3.5540501351328833 12.790000000000001 -1.51
      vertex 3.682947691145789 12.770372499557821 -1.5
      vertex 3.682947691145789 12.770372499557821 -1.51
    endloop
  endfacet
  facet normal 0.15829861459803982 0.9873912844543146 0
    outer loop
      vertex 3.682947691145789 12.770372499557821 -1.51
      vertex 3.682947691145789 12.770372499557821 -1.5
      vertex 3.864189378098362 12.741315824252185 -1.51
    endloop
  endfacet
  facet normal 0.15829861459803982 0.9873912844543146 0
    outer loop
      vertex 3.682947691145789 12.770372499557821 -1.5
      vertex 3.864189378098362 12.741315824252185 -1.5
      vertex 3.864189378098362 12.741315824252185 -1.51
    endloop
  endfacet
  facet normal 0.16606645923529845 0.9861145628764697 0
    outer loop
      vertex 3.864189378098362 12.741315824252185 -1.51
      vertex 3.864189378098362 12.741315824252185 -1.5
      vertex 4.045007313140152 12.710865209922915 -1.51
    endloop
  endfacet
  facet normal 0.16606645923529845 0.9861145628764697 0
    outer loop
      vertex 3.864189378098362 12.741315824252185 -1.5
      vertex 4.045007313140152 12.710865209922915 -1.5
      vertex 4.045007313140152 12.710865209922915 -1.51
    endloop
  endfacet
  facet normal 0.1738406405952395 0.984773797213064 0
    outer loop
      vertex 4.045007313140152 12.710865209922915 -1.5
      vertex 4.225381667546985 12.67902399582301 -1.5
      vertex 4.225381667546985 12.67902399582301 -1.51
    endloop
  endfacet
  facet normal 0.1738406405952395 0.984773797213064 0
    outer loop
      vertex 4.045007313140152 12.710865209922915 -1.51
      vertex 4.045007313140152 12.710865209922915 -1.5
      vertex 4.225381667546985 12.67902399582301 -1.51
    endloop
  endfacet
  facet normal 0.1816213986663536 0.983368530890875 0
    outer loop
      vertex 4.225381667546985 12.67902399582301 -1.51
      vertex 4.225381667546985 12.67902399582301 -1.5
      vertex 4.4052926612382315 12.645795673700423 -1.51
    endloop
  endfacet
  facet normal 0.1816213986663536 0.983368530890875 0
    outer loop
      vertex 4.225381667546985 12.67902399582301 -1.5
      vertex 4.4052926612382315 12.645795673700423 -1.5
      vertex 4.4052926612382315 12.645795673700423 -1.51
    endloop
  endfacet
  facet normal 0.18940896550644828 0.9818982858655866 0
    outer loop
      vertex 4.4052926612382315 12.645795673700423 -1.51
      vertex 4.4052926612382315 12.645795673700423 -1.5
      vertex 4.5847205649460525 12.611183887415116 -1.51
    endloop
  endfacet
  facet normal 0.18940896550644828 0.9818982858655866 0
    outer loop
      vertex 4.4052926612382315 12.645795673700423 -1.5
      vertex 4.5847205649460525 12.611183887415116 -1.5
      vertex 4.5847205649460525 12.611183887415116 -1.51
    endloop
  endfacet
  facet normal 0.19720356478567796 0.980362562542971 0
    outer loop
      vertex 4.5847205649460525 12.611183887415116 -1.5
      vertex 4.763645702378824 12.575192432539499 -1.5
      vertex 4.763645702378824 12.575192432539499 -1.51
    endloop
  endfacet
  facet normal 0.19720356478567796 0.980362562542971 0
    outer loop
      vertex 4.5847205649460525 12.611183887415116 -1.51
      vertex 4.5847205649460525 12.611183887415116 -1.5
      vertex 4.763645702378824 12.575192432539499 -1.51
    endloop
  endfacet
  facet normal 0.20500541131572708 0.9787608397005213 0
    outer loop
      vertex 4.763645702378824 12.575192432539499 -1.51
      vertex 4.763645702378824 12.575192432539499 -1.5
      vertex 4.942048452378904 12.537825255942186 -1.51
    endloop
  endfacet
  facet normal 0.20500541131572708 0.9787608397005213 0
    outer loop
      vertex 4.763645702378824 12.575192432539499 -1.5
      vertex 4.942048452378904 12.537825255942186 -1.5
      vertex 4.942048452378904 12.537825255942186 -1.51
    endloop
  endfacet
  facet normal 0.21281471056435186 0.9770925744101279 0
    outer loop
      vertex 4.942048452378904 12.537825255942186 -1.51
      vertex 4.942048452378904 12.537825255942186 -1.5
      vertex 5.119909251074374 12.499086455355178 -1.51
    endloop
  endfacet
  facet normal 0.21281471056435186 0.9770925744101279 0
    outer loop
      vertex 4.942048452378904 12.537825255942186 -1.5
      vertex 5.119909251074374 12.499086455355178 -1.5
      vertex 5.119909251074374 12.499086455355178 -1.51
    endloop
  endfacet
  facet normal 0.22063165815492364 0.9753572019623421 0
    outer loop
      vertex 5.119909251074374 12.499086455355178 -1.51
      vertex 5.119909251074374 12.499086455355178 -1.5
      vertex 5.297208594024313 12.45898027892451 -1.51
    endloop
  endfacet
  facet normal 0.22063165815492364 0.9753572019623421 0
    outer loop
      vertex 5.119909251074374 12.499086455355178 -1.5
      vertex 5.297208594024313 12.45898027892451 -1.5
      vertex 5.297208594024313 12.45898027892451 -1.51
    endloop
  endfacet
  facet normal 0.22845643935000415 0.9735541357929296 0
    outer loop
      vertex 5.297208594024313 12.45898027892451 -1.51
      vertex 5.297208594024313 12.45898027892451 -1.5
      vertex 5.473927038357819 12.417511124744376 -1.51
    endloop
  endfacet
  facet normal 0.22845643935000415 0.9735541357929296 0
    outer loop
      vertex 5.297208594024313 12.45898027892451 -1.5
      vertex 5.473927038357819 12.417511124744376 -1.5
      vertex 5.473927038357819 12.417511124744376 -1.51
    endloop
  endfacet
  facet normal 0.2362892285184938 0.971682767412356 0
    outer loop
      vertex 5.473927038357819 12.417511124744376 -1.5
      vertex 5.5 12.411170825010513 -1.5
      vertex 5.5 12.411170825010513 -1.51
    endloop
  endfacet
  facet normal 0.2362892285184938 0.971682767412356 0
    outer loop
      vertex 5.473927038357819 12.417511124744376 -1.51
      vertex 5.473927038357819 12.417511124744376 -1.5
      vertex 5.5 12.411170825010513 -1.51
    endloop
  endfacet
  facet normal 0.22063165815492364 0.9753572019623422 0
    outer loop
      vertex 5.297208594024313 12.45898027892451 -1.396529581613235
      vertex 5.119909251074374 12.499086455355178 -1.3363703169672343
      vertex 5.119909251074374 12.499086455355178 0.13637031696723434
    endloop
  endfacet
  facet normal 0.22845643935000415 0.9735541357929295 0
    outer loop
      vertex 5.473927038357819 12.417511124744376 -1.458733312883437
      vertex 5.297208594024313 12.45898027892451 -1.396529581613235
      vertex 5.297208594024313 12.45898027892451 0.19652958161323508
    endloop
  endfacet
  facet normal 0.2362892285184938 0.9716827674123562 0
    outer loop
      vertex 5.5 12.411170825010513 -1.4682437624842302
      vertex 5.473927038357819 12.417511124744376 -1.458733312883437
      vertex 5.5 12.411170825010513 0.2682437624842302
    endloop
  endfacet
  facet normal 0.1505368592079289 0.9886043971274922 0
    outer loop
      vertex 3.5540501351328833 12.790000000000001 -0.8999999999999999
      vertex 3.5540501351328833 12.790000000000001 -0.30000000000000004
      vertex 3.682947691145789 12.770372499557821 -0.9294412506632694
    endloop
  endfacet
  facet normal 0.15829861459803982 0.9873912844543147 0
    outer loop
      vertex 3.864189378098362 12.741315824252185 -0.9730262636217235
      vertex 3.682947691145789 12.770372499557821 -0.9294412506632694
      vertex 3.682947691145789 12.770372499557821 -0.2705587493367305
    endloop
  endfacet
  facet normal 0.16606645923529845 0.9861145628764698 0
    outer loop
      vertex 3.864189378098362 12.741315824252185 -0.9730262636217235
      vertex 3.864189378098362 12.741315824252185 -0.22697373637827645
      vertex 4.045007313140152 12.710865209922915 -1.0187021851156288
    endloop
  endfacet
  facet normal 0.17384064059523952 0.984773797213064 0
    outer loop
      vertex 4.225381667546985 12.67902399582301 -1.0664640062654849
      vertex 4.045007313140152 12.710865209922915 -1.0187021851156288
      vertex 4.045007313140152 12.710865209922915 -0.18129781488437113
    endloop
  endfacet
  facet normal 0.18162139866635363 0.983368530890875 0
    outer loop
      vertex 4.225381667546985 12.67902399582301 -1.0664640062654849
      vertex 4.225381667546985 12.67902399582301 -0.13353599373451508
      vertex 4.4052926612382315 12.645795673700423 -1.1163064894493662
    endloop
  endfacet
  facet normal 0.19720356478567796 0.9803625625429712 0
    outer loop
      vertex 4.763645702378824 12.575192432539499 -1.2222113511907526
      vertex 4.5847205649460525 12.611183887415116 -1.1682241688773267
      vertex 4.5847205649460525 12.611183887415116 -0.03177583112267324
    endloop
  endfacet
  facet normal 0.18940896550644826 0.9818982858655865 0
    outer loop
      vertex 4.5847205649460525 12.611183887415116 -1.1682241688773267
      vertex 4.4052926612382315 12.645795673700423 -1.1163064894493662
      vertex 4.4052926612382315 12.645795673700423 -0.08369351055063379
    endloop
  endfacet
  facet normal 0.1505368592079289 0.9886043971274922 0
    outer loop
      vertex 3.682947691145789 12.770372499557821 -0.9294412506632694
      vertex 3.5540501351328833 12.790000000000001 -0.30000000000000004
      vertex 3.682947691145789 12.770372499557821 -0.2705587493367305
    endloop
  endfacet
  facet normal 0.15829861459803982 0.9873912844543146 0
    outer loop
      vertex 3.864189378098362 12.741315824252185 -0.9730262636217235
      vertex 3.682947691145789 12.770372499557821 -0.2705587493367305
      vertex 3.864189378098362 12.741315824252185 -0.22697373637827645
    endloop
  endfacet
  facet normal 0.16606645923529842 0.9861145628764698 0
    outer loop
      vertex 4.045007313140152 12.710865209922915 -1.0187021851156288
      vertex 3.864189378098362 12.741315824252185 -0.22697373637827645
      vertex 4.045007313140152 12.710865209922915 -0.18129781488437113
    endloop
  endfacet
  facet normal 0.17384064059523946 0.9847737972130639 0
    outer loop
      vertex 4.225381667546985 12.67902399582301 -1.0664640062654849
      vertex 4.045007313140152 12.710865209922915 -0.18129781488437113
      vertex 4.225381667546985 12.67902399582301 -0.13353599373451508
    endloop
  endfacet
  facet normal 0.1816213986663536 0.9833685308908747 0
    outer loop
      vertex 4.4052926612382315 12.645795673700423 -1.1163064894493662
      vertex 4.225381667546985 12.67902399582301 -0.13353599373451508
      vertex 4.4052926612382315 12.645795673700423 -0.08369351055063379
    endloop
  endfacet
  facet normal 0.18940896550644828 0.9818982858655865 0
    outer loop
      vertex 4.5847205649460525 12.611183887415116 -1.1682241688773267
      vertex 4.4052926612382315 12.645795673700423 -0.08369351055063379
      vertex 4.5847205649460525 12.611183887415116 -0.03177583112267324
    endloop
  endfacet
  facet normal 0.20500541131572708 0.9787608397005212 0
    outer loop
      vertex 4.942048452378904 12.537825255942186 -1.2782621160867214
      vertex 4.763645702378824 12.575192432539499 -1.2222113511907526
      vertex 4.763645702378824 12.575192432539499 0.02221135119075268
    endloop
  endfacet
  facet normal 0.21281471056435186 0.9770925744101279 0
    outer loop
      vertex 5.119909251074374 12.499086455355178 -1.3363703169672343
      vertex 4.942048452378904 12.537825255942186 -1.2782621160867214
      vertex 4.942048452378904 12.537825255942186 0.0782621160867214
    endloop
  endfacet
  facet normal 0.19720356478567796 0.980362562542971 0
    outer loop
      vertex 4.763645702378824 12.575192432539499 -1.2222113511907526
      vertex 4.5847205649460525 12.611183887415116 -0.03177583112267324
      vertex 4.763645702378824 12.575192432539499 0.02221135119075268
    endloop
  endfacet
  facet normal 0.20500541131572708 0.9787608397005213 0
    outer loop
      vertex 4.942048452378904 12.537825255942186 -1.2782621160867214
      vertex 4.763645702378824 12.575192432539499 0.02221135119075268
      vertex 4.942048452378904 12.537825255942186 0.0782621160867214
    endloop
  endfacet
  facet normal 0.2128147105643519 0.9770925744101279 0
    outer loop
      vertex 5.119909251074374 12.499086455355178 -1.3363703169672343
      vertex 4.942048452378904 12.537825255942186 0.0782621160867214
      vertex 5.119909251074374 12.499086455355178 0.13637031696723434
    endloop
  endfacet
  facet normal 0.22063165815492364 0.9753572019623421 0
    outer loop
      vertex 5.297208594024313 12.45898027892451 -1.396529581613235
      vertex 5.119909251074374 12.499086455355178 0.13637031696723434
      vertex 5.297208594024313 12.45898027892451 0.19652958161323508
    endloop
  endfacet
  facet normal 0.22845643935000412 0.9735541357929295 0
    outer loop
      vertex 5.473927038357819 12.417511124744376 -1.458733312883437
      vertex 5.297208594024313 12.45898027892451 0.19652958161323508
      vertex 5.473927038357819 12.417511124744376 0.25873331288343704
    endloop
  endfacet
  facet normal 0.23628922851849374 0.971682767412356 0
    outer loop
      vertex 5.473927038357819 12.417511124744376 -1.458733312883437
      vertex 5.473927038357819 12.417511124744376 0.25873331288343704
      vertex 5.5 12.411170825010513 0.2682437624842302
    endloop
  endfacet
  facet normal 0.9995065603657317 -0.03141075907812524 0
    outer loop
      vertex -6.199408018528482 -11.381162844141206 -1.69
      vertex -6.199999997019768 -11.399999905167473 -1.6999999999993776
      vertex -6.199408018528482 -11.381162844141206 -1.6999999999993827
    endloop
  endfacet
  facet normal 0.995561964603076 -0.09410831331855736 0
    outer loop
      vertex -6.199408018528482 -11.381162844141206 -1.69
      vertex -6.199408018528482 -11.381162844141206 -1.6999999999993827
      vertex -6.197634410394452 -11.362400029931859 -1.6999999999993878
    endloop
  endfacet
  facet normal 0.7501110696304236 0.6613118653236927 0
    outer loop
      vertex -6.118690588226424 -11.605364131778607 -0.19999999999999996
      vertex -6.118690588226424 -11.605364131778607 -1.6999999999993276
      vertex -6.131153972832732 -11.591227196924615 -1.6999999999993307
    endloop
  endfacet
  facet normal 0.6613118653236367 0.7501110696304729 0
    outer loop
      vertex -6.1053641317786065 -11.618690588226423 -0.19999999999999996
      vertex -6.0912271969246 -11.631153972832742 -1.6999999999993225
      vertex -6.1053641317786065 -11.618690588226423 -1.699999999999325
    endloop
  endfacet
  facet normal 0.7071067811865004 0.7071067811865946 0
    outer loop
      vertex -6.118690588226424 -11.605364131778607 -0.19999999999999996
      vertex -6.1053641317786065 -11.618690588226423 -1.699999999999325
      vertex -6.118690588226424 -11.605364131778607 -1.6999999999993276
    endloop
  endfacet
  facet normal 0.5620833778521434 0.8270805742745532 0
    outer loop
      vertex -6.076335575687742 -11.642705098312485 -0.19999999999999996
      vertex -6.060748038493699 -11.653298377650605 -1.6999999999993187
      vertex -6.076335575687742 -11.642705098312485 -1.6999999999993205
    endloop
  endfacet
  facet normal 0.5090414157502925 0.8607420270039902 0
    outer loop
      vertex -6.060748038493699 -11.653298377650605 -0.19999999999999996
      vertex -6.044526102230507 -11.662892004013163 -1.6999999999993172
      vertex -6.060748038493699 -11.653298377650605 -1.6999999999993187
    endloop
  endfacet
  facet normal 0.6129070536530065 0.7901550123756672 0
    outer loop
      vertex -6.076335575687742 -11.642705098312485 -0.19999999999999996
      vertex -6.076335575687742 -11.642705098312485 -1.6999999999993205
      vertex -6.0912271969246 -11.631153972832742 -1.6999999999993225
    endloop
  endfacet
  facet normal 0.4539904997396137 0.8910065241883337 0
    outer loop
      vertex -6.027733787469522 -11.671448115739807 -0.19999999999999996
      vertex -6.027733787469522 -11.671448115739807 -1.6999999999993158
      vertex -6.044526102230507 -11.662892004013163 -1.6999999999993172
    endloop
  endfacet
  facet normal 0.39714789063478656 0.9177546256839786 0
    outer loop
      vertex -6.027733787469522 -11.671448115739807 -0.19999999999999996
      vertex -6.010437365805404 -11.678932945766476 -1.699999999999315
      vertex -6.027733787469522 -11.671448115739807 -1.6999999999993158
    endloop
  endfacet
  facet normal 0.33873792024523525 0.9408807689542457 0
    outer loop
      vertex -6.010437365805404 -11.678932945766476 -0.19999999999999996
      vertex -5.992705098312476 -11.685316954888549 -1.6999999999993145
      vertex -6.010437365805404 -11.678932945766476 -1.699999999999315
    endloop
  endfacet
  facet normal 0.9876883405951365 0.15643446504023806 0
    outer loop
      vertex -6.194686175218607 -11.456214394375717 -0.19999999999999996
      vertex -6.194686175218607 -11.456214394375717 -1.6999999999993627
      vertex -6.197634410394342 -11.437599970069298 -1.6999999999993676
    endloop
  endfacet
  facet normal 0.9955619646030763 0.09410831331855385 0
    outer loop
      vertex -6.199408018528482 -11.418837155858794 -0.19999999999999996
      vertex -6.197634410394342 -11.437599970069298 -1.6999999999993676
      vertex -6.199408018528482 -11.418837155858794 -1.6999999999993725
    endloop
  endfacet
  facet normal 0.9995065702948374 0.0314104431272662 0
    outer loop
      vertex -6.199999997019768 -11.399999905167473 -0.19999999999999996
      vertex -6.199408018528482 -11.418837155858794 -1.6999999999993725
      vertex -6.199999997019768 -11.399999905167473 -1.6999999999993776
    endloop
  endfacet
  facet normal 0.9995065603657316 -0.03141075907812524 0
    outer loop
      vertex -6.199408018528482 -11.381162844141206 -1.69
      vertex -6.199999997019768 -11.399999905167473 -0.19999999999999996
      vertex -6.199999997019768 -11.399999905167473 -1.6999999999993776
    endloop
  endfacet
  facet normal 0.995561964603076 -0.09410831331855725 1.881650698748719e-16
    outer loop
      vertex -6.199408018528482 -11.381162844141206 -1.69
      vertex -6.197634410394452 -11.362400029931859 -1.6999999999993878
      vertex -6.197634410394343 -11.36240002993071 -0.19999999999999996
    endloop
  endfacet
  facet normal 0.9876883405957425 -0.1564344650364123 0
    outer loop
      vertex -6.194686175218607 -11.343785605624284 -0.19999999999999996
      vertex -6.197634410394452 -11.362400029931859 -1.6999999999993878
      vertex -6.194686175218607 -11.343785605624284 -1.6999999999993929
    endloop
  endfacet
  facet normal 0.8270805742745557 0.5620833778521396 0
    outer loop
      vertex -6.153298377650605 -11.5607480384937 -0.19999999999999996
      vertex -6.142705098312479 -11.57633557568775 -1.699999999999334
      vertex -6.153298377650605 -11.5607480384937 -1.6999999999993374
    endloop
  endfacet
  facet normal 0.8607420270039684 0.5090414157503294 0
    outer loop
      vertex -6.153298377650605 -11.5607480384937 -0.19999999999999996
      vertex -6.153298377650605 -11.5607480384937 -1.6999999999993374
      vertex -6.1628920040131545 -11.544526102230522 -1.6999999999993411
    endloop
  endfacet
  facet normal 0.917754625683986 0.39714789063476935 0
    outer loop
      vertex -6.1789329457664754 -11.510437365805403 -0.19999999999999996
      vertex -6.171448115739806 -11.527733787469522 -1.6999999999993451
      vertex -6.1789329457664754 -11.510437365805403 -1.6999999999993494
    endloop
  endfacet
  facet normal 0.9408807689542235 0.33873792024529703 0
    outer loop
      vertex -6.1789329457664754 -11.510437365805403 -0.19999999999999996
      vertex -6.1789329457664754 -11.510437365805403 -1.6999999999993494
      vertex -6.185316954888544 -11.492705098312491 -1.6999999999993536
    endloop
  endfacet
  facet normal 0.8910065241883464 0.45399049973958894 0
    outer loop
      vertex -6.171448115739806 -11.527733787469522 -0.19999999999999996
      vertex -6.1628920040131545 -11.544526102230522 -1.6999999999993411
      vertex -6.171448115739806 -11.527733787469522 -1.6999999999993451
    endloop
  endfacet
  facet normal 0.7901550123756946 0.612907053652971 -9.611651028842984e-17
    outer loop
      vertex -6.131153972832737 -11.591227196924608 -0.19999999999999996
      vertex -6.131153972832732 -11.591227196924615 -1.6999999999993307
      vertex -6.142705098312479 -11.57633557568775 -1.699999999999334
    endloop
  endfacet
  facet normal 0.9602936856769307 0.2789911060392718 0
    outer loop
      vertex -6.19057494833859 -11.474606966149457 -0.19999999999999996
      vertex -6.185316954888544 -11.492705098312491 -1.6999999999993536
      vertex -6.19057494833859 -11.474606966149457 -1.699999999999358
    endloop
  endfacet
  facet normal 0.9759167619387528 0.21814324139651817 0
    outer loop
      vertex -6.194686175218607 -11.456214394375717 -0.19999999999999996
      vertex -6.19057494833859 -11.474606966149457 -1.699999999999358
      vertex -6.194686175218607 -11.456214394375717 -1.6999999999993627
    endloop
  endfacet
  facet normal 0.9759167619387528 -0.2181432413965182 0
    outer loop
      vertex -6.19057494833859 -11.325393033850544 -0.19999999999999996
      vertex -6.194686175218607 -11.343785605624284 -1.6999999999993929
      vertex -6.19057494833859 -11.325393033850544 -1.699999999999398
    endloop
  endfacet
  facet normal 0.9602936856769393 -0.27899110603924243 0
    outer loop
      vertex -6.185316954888546 -11.307294901687516 -0.19999999999999996
      vertex -6.19057494833859 -11.325393033850544 -1.699999999999398
      vertex -6.185316954888546 -11.307294901687516 -1.6999999999994033
    endloop
  endfacet
  facet normal 0.9408807689542217 -0.33873792024530197 0
    outer loop
      vertex -6.1789329457664754 -11.289562634194597 -0.19999999999999996
      vertex -6.185316954888546 -11.307294901687516 -1.6999999999994033
      vertex -6.1789329457664754 -11.289562634194597 -1.6999999999994084
    endloop
  endfacet
  facet normal 0.917754625683986 -0.3971478906347694 0
    outer loop
      vertex -6.171448115739806 -11.272266212530479 -0.19999999999999996
      vertex -6.1789329457664754 -11.289562634194597 -1.6999999999994084
      vertex -6.171448115739806 -11.272266212530479 -1.6999999999994135
    endloop
  endfacet
  facet normal 0.8910065241883625 -0.45399049973955724 0
    outer loop
      vertex -6.171448115739806 -11.272266212530479 -0.19999999999999996
      vertex -6.171448115739806 -11.272266212530479 -1.6999999999994135
      vertex -6.1628920040131625 -11.255473897769493 -1.6999999999994186
    endloop
  endfacet
  facet normal 0.8607420270039574 -0.5090414157503481 0
    outer loop
      vertex -6.1532983776506045 -11.239251961506302 -0.19999999999999996
      vertex -6.1628920040131625 -11.255473897769493 -1.6999999999994186
      vertex -6.1532983776506045 -11.239251961506302 -1.6999999999994235
    endloop
  endfacet
  facet normal 0.8270805742746102 -0.5620833778520595 0
    outer loop
      vertex -6.1532983776506045 -11.239251961506302 -0.19999999999999996
      vertex -6.1532983776506045 -11.239251961506302 -1.6999999999994235
      vertex -6.142705098312489 -11.223664424312263 -1.6999999999994284
    endloop
  endfacet
  facet normal 0.7901550123756593 -0.6129070536530166 -1.618454940201636e-16
    outer loop
      vertex -6.142705098312485 -11.223664424312258 -0.19999999999999996
      vertex -6.142705098312489 -11.223664424312263 -1.6999999999994284
      vertex -6.131153972832742 -11.2087728030754 -1.699999999999433
    endloop
  endfacet
  facet normal 0.7501110696304895 -0.661311865323618 1.286768284750783e-16
    outer loop
      vertex -6.131153972832737 -11.208772803075394 -0.19999999999999996
      vertex -6.131153972832742 -11.2087728030754 -1.699999999999433
      vertex -6.118690588226428 -11.194635868221399 -1.6999999999994377
    endloop
  endfacet
  facet normal 0.21814324139651767 0.975916761938753 0
    outer loop
      vertex -5.974606966149457 -11.69057494833859 -0.19999999999999996
      vertex -5.956214394375709 -11.694686175218608 -1.6999999999993143
      vertex -5.974606966149457 -11.69057494833859 -1.6999999999993143
    endloop
  endfacet
  facet normal 0.15643446504012656 0.9876883405951543 9.262781063069172e-16
    outer loop
      vertex -5.937599970069291 -11.697634410394343 -0.19999999999999996
      vertex -5.937599970069282 -11.697634410394343 -1.6999999999993147
      vertex -5.956214394375709 -11.694686175218608 -1.6999999999993143
    endloop
  endfacet
  facet normal 0.09410831331854244 0.9955619646030773 5.572331533596362e-16
    outer loop
      vertex -5.918837155858794 -11.699408018528482 -0.19999999999999996
      vertex -5.918837155858785 -11.699408018528482 -1.6999999999993154
      vertex -5.937599970069282 -11.697634410394343 -1.6999999999993147
    endloop
  endfacet
  facet normal 0.03141075906918121 0.9995065603660128 1.1259777430729758e-13
    outer loop
      vertex -5.900000094832527 -11.699999997019768 -0.19999999999999996
      vertex -5.90000009482715 -11.699999997019768 -1.6999999999993165
      vertex -5.918837155858785 -11.699408018528482 -1.6999999999993154
    endloop
  endfacet
  facet normal 0.2789911060392257 0.9602936856769441 0
    outer loop
      vertex -5.974606966149457 -11.69057494833859 -0.19999999999999996
      vertex -5.974606966149457 -11.69057494833859 -1.6999999999993143
      vertex -5.992705098312476 -11.685316954888549 -1.6999999999993145
    endloop
  endfacet
  facet normal 0.6613118653236835 -0.7501110696304316 0
    outer loop
      vertex -6.091227196924607 -11.168846027167264 -0.20999999999999996
      vertex -6.105364131778612 -11.181309411773583 -1.6999999999994422
      vertex -6.091227196924607 -11.168846027167264 -1.6999999999994464
    endloop
  endfacet
  facet normal 0.707106781186524 -0.7071067811865711 4.186913223159838e-16
    outer loop
      vertex -6.118690588226424 -11.194635868221393 -0.19999999999999996
      vertex -6.118690588226428 -11.194635868221399 -1.6999999999994377
      vertex -6.105364131778612 -11.181309411773583 -1.6999999999994422
    endloop
  endfacet
  facet normal 0.6129070536530197 -0.7901550123756569 0
    outer loop
      vertex -6.091227196924607 -11.168846027167264 -0.20999999999999996
      vertex -6.091227196924607 -11.168846027167264 -1.6999999999994464
      vertex -6.0763355756877475 -11.15729490168752 -1.6999999999994504
    endloop
  endfacet
  facet normal 0.5620833778521434 -0.8270805742745532 -3.800099199146162e-17
    outer loop
      vertex -6.076335575687742 -11.157294901687516 -0.19999999999999996
      vertex -6.0763355756877475 -11.15729490168752 -1.6999999999994504
      vertex -6.0607480384937045 -11.146701622349399 -1.6999999999994544
    endloop
  endfacet
  facet normal 0.5090414157503544 -0.8607420270039535 0
    outer loop
      vertex -6.044526102230515 -11.137107995986842 -0.20999999999999996
      vertex -6.0607480384937045 -11.146701622349399 -1.6999999999994544
      vertex -6.044526102230515 -11.137107995986842 -1.699999999999458
    endloop
  endfacet
  facet normal 0.4539904997395756 -0.8910065241883531 0
    outer loop
      vertex -6.044526102230515 -11.137107995986842 -0.20999999999999996
      vertex -6.044526102230515 -11.137107995986842 -1.699999999999458
      vertex -6.027733787469528 -11.128551884260197 -1.6999999999994613
    endloop
  endfacet
  facet normal 0.3971478906348079 -0.9177546256839695 0
    outer loop
      vertex -6.010437365805403 -11.121067054233524 -0.20999999999999996
      vertex -6.027733787469528 -11.128551884260197 -1.6999999999994613
      vertex -6.010437365805403 -11.121067054233524 -1.6999999999994644
    endloop
  endfacet
  facet normal 0.3387379202453238 -0.9408807689542139 0
    outer loop
      vertex -6.010437365805403 -11.121067054233524 -0.20999999999999996
      vertex -6.010437365805403 -11.121067054233524 -1.6999999999994644
      vertex -5.9927050983124905 -11.114683045111455 -1.6999999999994673
    endloop
  endfacet
  facet normal 0.21814324139652824 -0.9759167619387505 0
    outer loop
      vertex -5.956214394375718 -11.105313824781394 -0.20999999999999996
      vertex -5.974606966149457 -11.109425051661411 -1.69999999999947
      vertex -5.956214394375718 -11.105313824781394 -1.6999999999994722
    endloop
  endfacet
  facet normal 0.15643446504017755 -0.9876883405951461 0
    outer loop
      vertex -5.956214394375718 -11.105313824781394 -0.20999999999999996
      vertex -5.956214394375718 -11.105313824781394 -1.6999999999994722
      vertex -5.937599970069297 -11.10236558960566 -1.6999999999994742
    endloop
  endfacet
  facet normal 0.27899110603919747 -0.9602936856769523 0
    outer loop
      vertex -5.974606966149457 -11.109425051661411 -0.19999999999999996
      vertex -5.9927050983124905 -11.114683045111455 -1.6999999999994673
      vertex -5.974606966149457 -11.109425051661411 -1.69999999999947
    endloop
  endfacet
  facet normal 0.09410831331860497 -0.9955619646030716 0
    outer loop
      vertex -5.918837155858794 -11.100591981471519 -0.20999999999999996
      vertex -5.937599970069297 -11.10236558960566 -1.6999999999994742
      vertex -5.918837155858794 -11.100591981471519 -1.699999999999476
    endloop
  endfacet
  facet normal 0.03141075907813412 -0.9995065603657315 0
    outer loop
      vertex -5.918837155858794 -11.100591981471519 -0.20999999999999996
      vertex -5.918837155858794 -11.100591981471519 -1.699999999999476
      vertex -5.900000094832533 -11.100000002980233 -1.6999999999994773
    endloop
  endfacet
  facet normal 0 -1 0
    outer loop
      vertex -5.900000094832527 -11.100000002980233 -0.19999999999999996
      vertex -5.900000094832533 -11.100000002980233 -1.6999999999994773
      vertex 5.900000094832527 -11.100000002980233 -1.7
    endloop
  endfacet
  facet normal 0.7501110696304482 0.6613118653236647 -4.676724221557178e-16
    outer loop
      vertex -6.131153972832737 -11.591227196924608 -0.19999999999999996
      vertex -6.118690588226424 -11.605364131778607 -0.19999999999999996
      vertex -6.131153972832732 -11.591227196924615 -1.6999999999993307
    endloop
  endfacet
  facet normal 0.6613118653236647 0.7501110696304483 4.678958170362026e-16
    outer loop
      vertex -6.1053641317786065 -11.618690588226423 -0.19999999999999996
      vertex -6.091227196924607 -11.631153972832736 -0.19999999999999996
      vertex -6.0912271969246 -11.631153972832742 -1.6999999999993225
    endloop
  endfacet
  facet normal 0.7071067811865004 0.7071067811865946 0
    outer loop
      vertex -6.1053641317786065 -11.618690588226423 -0.19999999999999996
      vertex -6.1053641317786065 -11.618690588226423 -1.699999999999325
      vertex -6.118690588226424 -11.605364131778607 -0.19999999999999996
    endloop
  endfacet
  facet normal 0.5620833778521434 0.8270805742745532 0
    outer loop
      vertex -6.076335575687742 -11.642705098312485 -0.19999999999999996
      vertex -6.060748038493699 -11.653298377650605 -0.19999999999999996
      vertex -6.060748038493699 -11.653298377650605 -1.6999999999993187
    endloop
  endfacet
  facet normal 0.5090414157503387 0.860742027003963 6.740709523816424e-16
    outer loop
      vertex -6.044526102230515 -11.662892004013159 -0.19999999999999996
      vertex -6.044526102230507 -11.662892004013163 -1.6999999999993172
      vertex -6.060748038493699 -11.653298377650605 -0.19999999999999996
    endloop
  endfacet
  facet normal 0.6129070536530004 0.7901550123756719 9.611651028865083e-17
    outer loop
      vertex -6.091227196924607 -11.631153972832736 -0.19999999999999996
      vertex -6.076335575687742 -11.642705098312485 -0.19999999999999996
      vertex -6.0912271969246 -11.631153972832742 -1.6999999999993225
    endloop
  endfacet
  facet normal 0.4539904997395918 0.8910065241883449 3.096933379153403e-16
    outer loop
      vertex -6.027733787469522 -11.671448115739807 -0.19999999999999996
      vertex -6.044526102230507 -11.662892004013163 -1.6999999999993172
      vertex -6.044526102230515 -11.662892004013159 -0.19999999999999996
    endloop
  endfacet
  facet normal 0.3971478906347865 0.9177546256839786 0
    outer loop
      vertex -6.027733787469522 -11.671448115739807 -0.19999999999999996
      vertex -6.010437365805404 -11.678932945766476 -0.19999999999999996
      vertex -6.010437365805404 -11.678932945766476 -1.699999999999315
    endloop
  endfacet
  facet normal 0.338737920245287 0.9408807689542271 6.908174921609979e-16
    outer loop
      vertex -6.010437365805404 -11.678932945766476 -0.19999999999999996
      vertex -5.992705098312484 -11.685316954888547 -0.19999999999999996
      vertex -5.992705098312476 -11.685316954888549 -1.6999999999993145
    endloop
  endfacet
  facet normal 0.9876883405951384 0.15643446504022576 -1.5628487331331646e-16
    outer loop
      vertex -6.194686175218607 -11.456214394375717 -0.19999999999999996
      vertex -6.197634410394342 -11.437599970069298 -1.6999999999993676
      vertex -6.197634410394343 -11.437599970069291 -0.19999999999999996
    endloop
  endfacet
  facet normal 0.9955619646030773 0.09410831331854246 1.4370457893569723e-16
    outer loop
      vertex -6.197634410394343 -11.437599970069291 -0.19999999999999996
      vertex -6.197634410394342 -11.437599970069298 -1.6999999999993676
      vertex -6.199408018528482 -11.418837155858794 -0.19999999999999996
    endloop
  endfacet
  facet normal 0.9995065702948374 0.0314104431272662 0
    outer loop
      vertex -6.199408018528482 -11.418837155858794 -0.19999999999999996
      vertex -6.199408018528482 -11.418837155858794 -1.6999999999993725
      vertex -6.199999997019768 -11.399999905167473 -0.19999999999999996
    endloop
  endfacet
  facet normal 0.9876883405951384 -0.15643446504022576 4.8511251436332436e-14
    outer loop
      vertex -6.197634410394343 -11.36240002993071 -0.19999999999999996
      vertex -6.197634410394452 -11.362400029931859 -1.6999999999993878
      vertex -6.194686175218607 -11.343785605624284 -0.19999999999999996
    endloop
  endfacet
  facet normal 0.9995065603657316 -0.03141075907812524 0
    outer loop
      vertex -6.199408018528482 -11.381162844141206 -1.69
      vertex -6.199408018528482 -11.381162844141206 -0.19999999999999996
      vertex -6.199999997019768 -11.399999905167473 -0.19999999999999996
    endloop
  endfacet
  facet normal 0.9955619646030772 -0.09410831331854244 0
    outer loop
      vertex -6.199408018528482 -11.381162844141206 -1.69
      vertex -6.197634410394343 -11.36240002993071 -0.19999999999999996
      vertex -6.199408018528482 -11.381162844141206 -0.19999999999999996
    endloop
  endfacet
  facet normal 0.827080574274568 0.5620833778521215 2.7581872953339094e-16
    outer loop
      vertex -6.142705098312485 -11.576335575687743 -0.19999999999999996
      vertex -6.142705098312479 -11.57633557568775 -1.699999999999334
      vertex -6.153298377650605 -11.5607480384937 -0.19999999999999996
    endloop
  endfacet
  facet normal 0.860742027003963 0.5090414157503388 1.3700377662999964e-16
    outer loop
      vertex -6.162892004013159 -11.544526102230515 -0.19999999999999996
      vertex -6.153298377650605 -11.5607480384937 -0.19999999999999996
      vertex -6.1628920040131545 -11.544526102230522 -1.6999999999993411
    endloop
  endfacet
  facet normal 0.917754625683986 0.39714789063476935 0
    outer loop
      vertex -6.171448115739806 -11.527733787469522 -0.19999999999999996
      vertex -6.171448115739806 -11.527733787469522 -1.6999999999993451
      vertex -6.1789329457664754 -11.510437365805403 -0.19999999999999996
    endloop
  endfacet
  facet normal 0.9408807689542217 0.338737920245302 6.711620326338756e-17
    outer loop
      vertex -6.1789329457664754 -11.510437365805403 -0.19999999999999996
      vertex -6.185316954888544 -11.492705098312491 -1.6999999999993536
      vertex -6.185316954888546 -11.492705098312484 -0.19999999999999996
    endloop
  endfacet
  facet normal 0.891006524188364 0.4539904997395544 4.880306780151983e-16
    outer loop
      vertex -6.171448115739806 -11.527733787469522 -0.19999999999999996
      vertex -6.162892004013159 -11.544526102230515 -0.19999999999999996
      vertex -6.1628920040131545 -11.544526102230522 -1.6999999999993411
    endloop
  endfacet
  facet normal 0.7901550123756946 0.6129070536529709 -9.611651028842962e-17
    outer loop
      vertex -6.142705098312485 -11.576335575687743 -0.19999999999999996
      vertex -6.131153972832737 -11.591227196924608 -0.19999999999999996
      vertex -6.142705098312479 -11.57633557568775 -1.699999999999334
    endloop
  endfacet
  facet normal 0.9759167619387529 0.2181432413965182 0
    outer loop
      vertex -6.19057494833859 -11.474606966149457 -0.19999999999999996
      vertex -6.19057494833859 -11.474606966149457 -1.699999999999358
      vertex -6.194686175218607 -11.456214394375717 -0.19999999999999996
    endloop
  endfacet
  facet normal 0.9602936856769392 0.27899110603924243 3.8425689813287414e-16
    outer loop
      vertex -6.185316954888546 -11.492705098312484 -0.19999999999999996
      vertex -6.185316954888544 -11.492705098312491 -1.6999999999993536
      vertex -6.19057494833859 -11.474606966149457 -0.19999999999999996
    endloop
  endfacet
  facet normal 0.9759167619387528 -0.2181432413965182 0
    outer loop
      vertex -6.194686175218607 -11.343785605624284 -0.19999999999999996
      vertex -6.194686175218607 -11.343785605624284 -1.6999999999993929
      vertex -6.19057494833859 -11.325393033850544 -0.19999999999999996
    endloop
  endfacet
  facet normal 0.9602936856769393 -0.2789911060392424 0
    outer loop
      vertex -6.19057494833859 -11.325393033850544 -0.19999999999999996
      vertex -6.19057494833859 -11.325393033850544 -1.699999999999398
      vertex -6.185316954888546 -11.307294901687516 -0.19999999999999996
    endloop
  endfacet
  facet normal 0.9408807689542217 -0.33873792024530197 0
    outer loop
      vertex -6.1789329457664754 -11.289562634194597 -0.19999999999999996
      vertex -6.185316954888546 -11.307294901687516 -0.19999999999999996
      vertex -6.185316954888546 -11.307294901687516 -1.6999999999994033
    endloop
  endfacet
  facet normal 0.917754625683986 -0.39714789063476935 0
    outer loop
      vertex -6.1789329457664754 -11.289562634194597 -0.19999999999999996
      vertex -6.1789329457664754 -11.289562634194597 -1.6999999999994084
      vertex -6.171448115739806 -11.272266212530479 -0.19999999999999996
    endloop
  endfacet
  facet normal 0.891006524188364 -0.4539904997395544 4.026972195803e-17
    outer loop
      vertex -6.171448115739806 -11.272266212530479 -0.19999999999999996
      vertex -6.1628920040131625 -11.255473897769493 -1.6999999999994186
      vertex -6.162892004013159 -11.255473897769486 -0.19999999999999996
    endloop
  endfacet
  facet normal 0.8607420270039423 -0.5090414157503736 3.7265788557966077e-16
    outer loop
      vertex -6.162892004013159 -11.255473897769486 -0.19999999999999996
      vertex -6.1628920040131625 -11.255473897769493 -1.6999999999994186
      vertex -6.1532983776506045 -11.239251961506302 -0.19999999999999996
    endloop
  endfacet
  facet normal 0.8270805742745899 -0.5620833778520892 -4.515961676721844e-16
    outer loop
      vertex -6.1532983776506045 -11.239251961506302 -0.19999999999999996
      vertex -6.142705098312489 -11.223664424312263 -1.6999999999994284
      vertex -6.142705098312485 -11.223664424312258 -0.19999999999999996
    endloop
  endfacet
  facet normal 0.7901550123756592 -0.6129070536530166 -1.6203769073589561e-16
    outer loop
      vertex -6.142705098312485 -11.223664424312258 -0.19999999999999996
      vertex -6.131153972832742 -11.2087728030754 -1.699999999999433
      vertex -6.131153972832737 -11.208772803075394 -0.19999999999999996
    endloop
  endfacet
  facet normal 0.7501110696304895 -0.6613118653236179 1.2847958910418422e-16
    outer loop
      vertex -6.131153972832737 -11.208772803075394 -0.19999999999999996
      vertex -6.118690588226428 -11.194635868221399 -1.6999999999994377
      vertex -6.118690588226424 -11.194635868221393 -0.19999999999999996
    endloop
  endfacet
  facet normal 0.21814324139652824 0.9759167619387505 1.361500123343043e-16
    outer loop
      vertex -5.974606966149457 -11.69057494833859 -0.19999999999999996
      vertex -5.956214394375718 -11.694686175218607 -0.19999999999999996
      vertex -5.956214394375709 -11.694686175218608 -1.6999999999993143
    endloop
  endfacet
  facet normal 0.1564344650402185 0.9876883405951397 -2.4337985303444646e-16
    outer loop
      vertex -5.956214394375718 -11.694686175218607 -0.19999999999999996
      vertex -5.937599970069291 -11.697634410394343 -0.19999999999999996
      vertex -5.956214394375709 -11.694686175218608 -1.6999999999993143
    endloop
  endfacet
  facet normal 0.09410831331854247 0.9955619646030773 5.572331533596364e-16
    outer loop
      vertex -5.937599970069291 -11.697634410394343 -0.19999999999999996
      vertex -5.918837155858794 -11.699408018528482 -0.19999999999999996
      vertex -5.937599970069282 -11.697634410394343 -1.6999999999993147
    endloop
  endfacet
  facet normal 0.03141075907812376 0.9995065603657316 1.8598905573068038e-16
    outer loop
      vertex -5.918837155858794 -11.699408018528482 -0.19999999999999996
      vertex -5.900000094832527 -11.699999997019768 -0.19999999999999996
      vertex -5.918837155858785 -11.699408018528482 -1.6999999999993154
    endloop
  endfacet
  facet normal 0.27899110603919897 0.9602936856769518 3.4954710711045606e-16
    outer loop
      vertex -5.992705098312484 -11.685316954888547 -0.19999999999999996
      vertex -5.974606966149457 -11.69057494833859 -0.19999999999999996
      vertex -5.992705098312476 -11.685316954888549 -1.6999999999993145
    endloop
  endfacet
  facet normal 0.6613118653236647 -0.7501110696304483 3.175954508128473e-16
    outer loop
      vertex -6.1053641317786065 -11.181309411773578 -0.20999999999999996
      vertex -6.105364131778612 -11.181309411773583 -1.6999999999994422
      vertex -6.091227196924607 -11.168846027167264 -0.20999999999999996
    endloop
  endfacet
  facet normal 0.7071067811865004 -0.7071067811865946 3.3710541526548395e-28
    outer loop
      vertex -6.1053641317786065 -11.181309411773578 -0.20999999999999996
      vertex -6.118690588226424 -11.194635868221393 -0.19999999999999996
      vertex -6.105364131778612 -11.181309411773583 -1.6999999999994422
    endloop
  endfacet
  facet normal 0.6129070536530005 -0.7901550123756719 -3.068169292040282e-16
    outer loop
      vertex -6.091227196924607 -11.168846027167264 -0.20999999999999996
      vertex -6.0763355756877475 -11.15729490168752 -1.6999999999994504
      vertex -6.076335575687742 -11.157294901687516 -0.19999999999999996
    endloop
  endfacet
  facet normal 0.5620833778521434 -0.8270805742745533 -3.73933132467412e-17
    outer loop
      vertex -6.076335575687742 -11.157294901687516 -0.19999999999999996
      vertex -6.0607480384937045 -11.146701622349399 -1.6999999999994544
      vertex -6.060748038493699 -11.146701622349395 -0.19999999999999996
    endloop
  endfacet
  facet normal 0.5090414157503387 -0.8607420270039629 2.301682480248487e-16
    outer loop
      vertex -6.060748038493699 -11.146701622349395 -0.19999999999999996
      vertex -6.0607480384937045 -11.146701622349399 -1.6999999999994544
      vertex -6.044526102230515 -11.137107995986842 -0.19999999999999996
    endloop
  endfacet
  facet normal 0.5090414157503544 -0.8607420270039535 0
    outer loop
      vertex -6.044526102230515 -11.137107995986842 -0.20999999999999996
      vertex -6.044526102230515 -11.137107995986842 -0.19999999999999996
      vertex -6.0607480384937045 -11.146701622349399 -1.6999999999994544
    endloop
  endfacet
  facet normal 0.4539904997395756 -0.8910065241883532 0
    outer loop
      vertex -6.044526102230515 -11.137107995986842 -0.20999999999999996
      vertex -6.027733787469528 -11.128551884260197 -1.6999999999994613
      vertex -6.044526102230515 -11.137107995986842 -0.19999999999999996
    endloop
  endfacet
  facet normal 0.4539904997395918 -0.891006524188345 2.2819509109549196e-16
    outer loop
      vertex -6.044526102230515 -11.137107995986842 -0.19999999999999996
      vertex -6.027733787469528 -11.128551884260197 -1.6999999999994613
      vertex -6.027733787469522 -11.128551884260194 -0.19999999999999996
    endloop
  endfacet
  facet normal 0.39714789063476935 -0.9177546256839859 5.27568074141081e-16
    outer loop
      vertex -6.027733787469522 -11.128551884260194 -0.19999999999999996
      vertex -6.027733787469528 -11.128551884260197 -1.6999999999994613
      vertex -6.010437365805403 -11.121067054233524 -0.19999999999999996
    endloop
  endfacet
  facet normal 0.39714789063480793 -0.9177546256839694 0
    outer loop
      vertex -6.010437365805403 -11.121067054233524 -0.20999999999999996
      vertex -6.010437365805403 -11.121067054233524 -0.19999999999999996
      vertex -6.027733787469528 -11.128551884260197 -1.6999999999994613
    endloop
  endfacet
  facet normal 0.3387379202453237 -0.9408807689542138 0
    outer loop
      vertex -6.010437365805403 -11.121067054233524 -0.20999999999999996
      vertex -5.9927050983124905 -11.114683045111455 -1.6999999999994673
      vertex -6.010437365805403 -11.121067054233524 -0.19999999999999996
    endloop
  endfacet
  facet normal 0.338737920245302 -0.9408807689542217 -2.8955847693630726e-16
    outer loop
      vertex -6.010437365805403 -11.121067054233524 -0.19999999999999996
      vertex -5.9927050983124905 -11.114683045111455 -1.6999999999994673
      vertex -5.992705098312484 -11.114683045111454 -0.19999999999999996
    endloop
  endfacet
  facet normal 0.15643446504021852 -0.9876883405951397 5.248480660277476e-16
    outer loop
      vertex -5.956214394375718 -11.105313824781394 -0.20999999999999996
      vertex -5.937599970069297 -11.10236558960566 -1.6999999999994742
      vertex -5.937599970069291 -11.102365589605657 -0.20999999999999996
    endloop
  endfacet
  facet normal 0.09410831331854246 -0.9955619646030773 7.942137542567068e-16
    outer loop
      vertex -5.937599970069291 -11.102365589605657 -0.20999999999999996
      vertex -5.937599970069297 -11.10236558960566 -1.6999999999994742
      vertex -5.918837155858794 -11.100591981471519 -0.20999999999999996
    endloop
  endfacet
  facet normal 0.27899110603919897 -0.9602936856769518 -1.9155267547255346e-17
    outer loop
      vertex -5.992705098312484 -11.114683045111454 -0.19999999999999996
      vertex -5.9927050983124905 -11.114683045111455 -1.6999999999994673
      vertex -5.974606966149457 -11.109425051661411 -0.19999999999999996
    endloop
  endfacet
  facet normal 0.21814324139652827 -0.9759167619387507 0
    outer loop
      vertex -5.956214394375718 -11.105313824781394 -0.20999999999999996
      vertex -5.956214394375718 -11.105313824781394 -0.19999999999999996
      vertex -5.974606966149457 -11.109425051661411 -1.69999999999947
    endloop
  endfacet
  facet normal 0.21814324139652824 -0.9759167619387507 0
    outer loop
      vertex -5.974606966149457 -11.109425051661411 -0.19999999999999996
      vertex -5.974606966149457 -11.109425051661411 -1.69999999999947
      vertex -5.956214394375718 -11.105313824781394 -0.19999999999999996
    endloop
  endfacet
  facet normal 0.03141075907812383 -0.9995065603657317 -1.3015814944531915e-16
    outer loop
      vertex -5.918837155858794 -11.100591981471519 -0.20999999999999996
      vertex -5.900000094832533 -11.100000002980233 -1.6999999999994773
      vertex -5.900000094832527 -11.100000002980233 -0.19999999999999996
    endloop
  endfacet
  facet normal 0 0 -1
    outer loop
      vertex -6.1053641317786065 -11.618690588226423 -0.19999999999999996
      vertex -6.118690588226424 -11.605364131778607 -0.19999999999999996
      vertex -6.076335575687742 -11.642705098312485 -0.19999999999999996
    endloop
  endfacet
  facet normal 0 0 -1
    outer loop
      vertex -6.027733787469522 -11.671448115739807 -0.19999999999999996
      vertex -6.060748038493699 -11.653298377650605 -0.19999999999999996
      vertex -6.076335575687742 -11.642705098312485 -0.19999999999999996
    endloop
  endfacet
  facet normal 0 0 -1
    outer loop
      vertex -6.1053641317786065 -11.618690588226423 -0.19999999999999996
      vertex -6.076335575687742 -11.642705098312485 -0.19999999999999996
      vertex -6.091227196924607 -11.631153972832736 -0.19999999999999996
    endloop
  endfacet
  facet normal 0 0 -1
    outer loop
      vertex -6.027733787469522 -11.671448115739807 -0.19999999999999996
      vertex -6.076335575687742 -11.642705098312485 -0.19999999999999996
      vertex -6.118690588226424 -11.605364131778607 -0.19999999999999996
    endloop
  endfacet
  facet normal 0 0 -1
    outer loop
      vertex -6.027733787469522 -11.671448115739807 -0.19999999999999996
      vertex -6.044526102230515 -11.662892004013159 -0.19999999999999996
      vertex -6.060748038493699 -11.653298377650605 -0.19999999999999996
    endloop
  endfacet
  facet normal 0 0 -1
    outer loop
      vertex -6.027733787469522 -11.671448115739807 -0.19999999999999996
      vertex -5.974606966149457 -11.69057494833859 -0.19999999999999996
      vertex -6.010437365805404 -11.678932945766476 -0.19999999999999996
    endloop
  endfacet
  facet normal 0 0 -1
    outer loop
      vertex -6.027733787469522 -11.671448115739807 -0.19999999999999996
      vertex -6.118690588226424 -11.605364131778607 -0.19999999999999996
      vertex -5.900000094832527 -11.699999997019768 -0.19999999999999996
    endloop
  endfacet
  facet normal 0 0 -1
    outer loop
      vertex -6.194686175218607 -11.456214394375717 -0.19999999999999996
      vertex -6.197634410394343 -11.437599970069291 -0.19999999999999996
      vertex -6.199408018528482 -11.418837155858794 -0.19999999999999996
    endloop
  endfacet
  facet normal 0 0 -1
    outer loop
      vertex -6.194686175218607 -11.456214394375717 -0.19999999999999996
      vertex -6.199408018528482 -11.418837155858794 -0.19999999999999996
      vertex -6.199999997019768 -11.399999905167473 -0.19999999999999996
    endloop
  endfacet
  facet normal 0 0 -1
    outer loop
      vertex -6.199999997019768 -11.399999905167473 -0.19999999999999996
      vertex -6.199408018528482 -11.381162844141206 -0.19999999999999996
      vertex -6.197634410394343 -11.36240002993071 -0.19999999999999996
    endloop
  endfacet
  facet normal 0 0 -1
    outer loop
      vertex -6.199999997019768 -11.399999905167473 -0.19999999999999996
      vertex -6.197634410394343 -11.36240002993071 -0.19999999999999996
      vertex -6.19057494833859 -11.325393033850544 -0.19999999999999996
    endloop
  endfacet
  facet normal 0 0 -1
    outer loop
      vertex -6.171448115739806 -11.527733787469522 -0.19999999999999996
      vertex -6.153298377650605 -11.5607480384937 -0.19999999999999996
      vertex -6.162892004013159 -11.544526102230515 -0.19999999999999996
    endloop
  endfacet
  facet normal 0 0 -1
    outer loop
      vertex -6.153298377650605 -11.5607480384937 -0.19999999999999996
      vertex -6.1789329457664754 -11.510437365805403 -0.19999999999999996
      vertex -6.118690588226424 -11.605364131778607 -0.19999999999999996
    endloop
  endfacet
  facet normal 0 0 -1
    outer loop
      vertex -6.1789329457664754 -11.510437365805403 -0.19999999999999996
      vertex -6.185316954888546 -11.492705098312484 -0.19999999999999996
      vertex -6.19057494833859 -11.474606966149457 -0.19999999999999996
    endloop
  endfacet
  facet normal 0 0 -1
    outer loop
      vertex -6.171448115739806 -11.527733787469522 -0.19999999999999996
      vertex -6.1789329457664754 -11.510437365805403 -0.19999999999999996
      vertex -6.153298377650605 -11.5607480384937 -0.19999999999999996
    endloop
  endfacet
  facet normal 0 0 -1
    outer loop
      vertex -6.1789329457664754 -11.510437365805403 -0.19999999999999996
      vertex -6.199999997019768 -11.399999905167473 -0.19999999999999996
      vertex -6.118690588226424 -11.605364131778607 -0.19999999999999996
    endloop
  endfacet
  facet normal 0 0 -1
    outer loop
      vertex -6.142705098312485 -11.576335575687743 -0.19999999999999996
      vertex -6.153298377650605 -11.5607480384937 -0.19999999999999996
      vertex -6.131153972832737 -11.591227196924608 -0.19999999999999996
    endloop
  endfacet
  facet normal 0 0 -1
    outer loop
      vertex -6.153298377650605 -11.5607480384937 -0.19999999999999996
      vertex -6.118690588226424 -11.605364131778607 -0.19999999999999996
      vertex -6.131153972832737 -11.591227196924608 -0.19999999999999996
    endloop
  endfacet
  facet normal 0 0 -1
    outer loop
      vertex -6.1789329457664754 -11.510437365805403 -0.19999999999999996
      vertex -6.19057494833859 -11.474606966149457 -0.19999999999999996
      vertex -6.194686175218607 -11.456214394375717 -0.19999999999999996
    endloop
  endfacet
  facet normal 0 0 -1
    outer loop
      vertex -6.1789329457664754 -11.510437365805403 -0.19999999999999996
      vertex -6.194686175218607 -11.456214394375717 -0.19999999999999996
      vertex -6.199999997019768 -11.399999905167473 -0.19999999999999996
    endloop
  endfacet
  facet normal 0 0 -1
    outer loop
      vertex -6.118690588226424 -11.605364131778607 -0.19999999999999996
      vertex -6.199999997019768 -11.399999905167473 -0.19999999999999996
      vertex -5.900000094832527 -11.699999997019768 -0.19999999999999996
    endloop
  endfacet
  facet normal 0 0 -1
    outer loop
      vertex -5.900000094832527 -11.699999997019768 -0.19999999999999996
      vertex -6.199999997019768 -11.399999905167473 -0.19999999999999996
      vertex -5.900000094832527 -11.100000002980233 -0.19999999999999996
    endloop
  endfacet
  facet normal 0 0 -1
    outer loop
      vertex -6.197634410394343 -11.36240002993071 -0.19999999999999996
      vertex -6.194686175218607 -11.343785605624284 -0.19999999999999996
      vertex -6.19057494833859 -11.325393033850544 -0.19999999999999996
    endloop
  endfacet
  facet normal 0 0 -1
    outer loop
      vertex -6.199999997019768 -11.399999905167473 -0.19999999999999996
      vertex -6.19057494833859 -11.325393033850544 -0.19999999999999996
      vertex -6.171448115739806 -11.272266212530479 -0.19999999999999996
    endloop
  endfacet
  facet normal 0 0 -1
    outer loop
      vertex -6.19057494833859 -11.325393033850544 -0.19999999999999996
      vertex -6.185316954888546 -11.307294901687516 -0.19999999999999996
      vertex -6.171448115739806 -11.272266212530479 -0.19999999999999996
    endloop
  endfacet
  facet normal 0 0 -1
    outer loop
      vertex -6.1789329457664754 -11.289562634194597 -0.19999999999999996
      vertex -6.171448115739806 -11.272266212530479 -0.19999999999999996
      vertex -6.185316954888546 -11.307294901687516 -0.19999999999999996
    endloop
  endfacet
  facet normal 0 0 -1
    outer loop
      vertex -6.199999997019768 -11.399999905167473 -0.19999999999999996
      vertex -6.171448115739806 -11.272266212530479 -0.19999999999999996
      vertex -6.1053641317786065 -11.181309411773578 -0.19999999999999996
    endloop
  endfacet
  facet normal 0 0 -1
    outer loop
      vertex -6.171448115739806 -11.272266212530479 -0.19999999999999996
      vertex -6.1532983776506045 -11.239251961506302 -0.19999999999999996
      vertex -6.142705098312485 -11.223664424312258 -0.19999999999999996
    endloop
  endfacet
  facet normal 0 0 -1
    outer loop
      vertex -6.171448115739806 -11.272266212530479 -0.19999999999999996
      vertex -6.162892004013159 -11.255473897769486 -0.19999999999999996
      vertex -6.1532983776506045 -11.239251961506302 -0.19999999999999996
    endloop
  endfacet
  facet normal 0 0 -1
    outer loop
      vertex -6.171448115739806 -11.272266212530479 -0.19999999999999996
      vertex -6.142705098312485 -11.223664424312258 -0.19999999999999996
      vertex -6.1053641317786065 -11.181309411773578 -0.19999999999999996
    endloop
  endfacet
  facet normal 0 0 -1
    outer loop
      vertex -6.142705098312485 -11.223664424312258 -0.19999999999999996
      vertex -6.131153972832737 -11.208772803075394 -0.19999999999999996
      vertex -6.1053641317786065 -11.181309411773578 -0.19999999999999996
    endloop
  endfacet
  facet normal 0 0 -1
    outer loop
      vertex -6.131153972832737 -11.208772803075394 -0.19999999999999996
      vertex -6.118690588226424 -11.194635868221393 -0.19999999999999996
      vertex -6.1053641317786065 -11.181309411773578 -0.19999999999999996
    endloop
  endfacet
  facet normal 0 0 -1
    outer loop
      vertex -6.199999997019768 -11.399999905167473 -0.19999999999999996
      vertex -6.1053641317786065 -11.181309411773578 -0.19999999999999996
      vertex -5.900000094832527 -11.100000002980233 -0.19999999999999996
    endloop
  endfacet
  facet normal 0 0 -1
    outer loop
      vertex -5.974606966149457 -11.69057494833859 -0.19999999999999996
      vertex -5.937599970069291 -11.697634410394343 -0.19999999999999996
      vertex -5.956214394375718 -11.694686175218607 -0.19999999999999996
    endloop
  endfacet
  facet normal 0 0 -1
    outer loop
      vertex -5.974606966149457 -11.69057494833859 -0.19999999999999996
      vertex -5.900000094832527 -11.699999997019768 -0.19999999999999996
      vertex -5.937599970069291 -11.697634410394343 -0.19999999999999996
    endloop
  endfacet
  facet normal 0 0 -1
    outer loop
      vertex -5.937599970069291 -11.697634410394343 -0.19999999999999996
      vertex -5.900000094832527 -11.699999997019768 -0.19999999999999996
      vertex -5.918837155858794 -11.699408018528482 -0.19999999999999996
    endloop
  endfacet
  facet normal 0 0 -1
    outer loop
      vertex -6.010437365805404 -11.678932945766476 -0.19999999999999996
      vertex -5.974606966149457 -11.69057494833859 -0.19999999999999996
      vertex -5.992705098312484 -11.685316954888547 -0.19999999999999996
    endloop
  endfacet
  facet normal 0 0 -1
    outer loop
      vertex -6.027733787469522 -11.671448115739807 -0.19999999999999996
      vertex -5.900000094832527 -11.699999997019768 -0.19999999999999996
      vertex -5.974606966149457 -11.69057494833859 -0.19999999999999996
    endloop
  endfacet
  facet normal 0.6613118653236647 -0.7501110696304482 0
    outer loop
      vertex -6.1053641317786065 -11.181309411773578 -0.20999999999999996
      vertex -6.091227196924607 -11.168846027167264 -0.20999999999999996
      vertex -6.1053641317786065 -11.181309411773578 -0.19999999999999996
    endloop
  endfacet
  facet normal 0.7071067811865003 -0.7071067811865946 0
    outer loop
      vertex -6.1053641317786065 -11.181309411773578 -0.20999999999999996
      vertex -6.1053641317786065 -11.181309411773578 -0.19999999999999996
      vertex -6.118690588226424 -11.194635868221393 -0.19999999999999996
    endloop
  endfacet
  facet normal 0.6613118653236647 -0.7501110696304482 0
    outer loop
      vertex -6.091227196924607 -11.168846027167264 -0.20999999999999996
      vertex -6.091227196924607 -11.168846027167264 -0.19999999999999996
      vertex -6.1053641317786065 -11.181309411773578 -0.19999999999999996
    endloop
  endfacet
  facet normal 0 0 -1
    outer loop
      vertex -6.1053641317786065 -11.181309411773578 -0.19999999999999996
      vertex -6.091227196924607 -11.168846027167264 -0.19999999999999996
      vertex -6.076335575687742 -11.157294901687516 -0.19999999999999996
    endloop
  endfacet
  facet normal 0.6129070536530004 -0.7901550123756719 0
    outer loop
      vertex -6.091227196924607 -11.168846027167264 -0.20999999999999996
      vertex -6.076335575687742 -11.157294901687516 -0.19999999999999996
      vertex -6.091227196924607 -11.168846027167264 -0.19999999999999996
    endloop
  endfacet
  facet normal 0 0 -1
    outer loop
      vertex -6.1053641317786065 -11.181309411773578 -0.19999999999999996
      vertex -6.076335575687742 -11.157294901687516 -0.19999999999999996
      vertex -6.044526102230515 -11.137107995986842 -0.19999999999999996
    endloop
  endfacet
  facet normal 0 0 -1
    outer loop
      vertex -6.076335575687742 -11.157294901687516 -0.19999999999999996
      vertex -6.060748038493699 -11.146701622349395 -0.19999999999999996
      vertex -6.044526102230515 -11.137107995986842 -0.19999999999999996
    endloop
  endfacet
  facet normal 0 0 -1
    outer loop
      vertex -6.1053641317786065 -11.181309411773578 -0.19999999999999996
      vertex -6.044526102230515 -11.137107995986842 -0.19999999999999996
      vertex -6.010437365805403 -11.121067054233524 -0.19999999999999996
    endloop
  endfacet
  facet normal 0 0 -1
    outer loop
      vertex -6.044526102230515 -11.137107995986842 -0.19999999999999996
      vertex -6.027733787469522 -11.128551884260194 -0.19999999999999996
      vertex -6.010437365805403 -11.121067054233524 -0.19999999999999996
    endloop
  endfacet
  facet normal 0 0 -1
    outer loop
      vertex -6.1053641317786065 -11.181309411773578 -0.19999999999999996
      vertex -6.010437365805403 -11.121067054233524 -0.19999999999999996
      vertex -5.900000094832527 -11.100000002980233 -0.19999999999999996
    endloop
  endfacet
  facet normal 0.15643446504021852 -0.9876883405951397 0
    outer loop
      vertex -5.956214394375718 -11.105313824781394 -0.20999999999999996
      vertex -5.937599970069291 -11.102365589605657 -0.20999999999999996
      vertex -5.956214394375718 -11.105313824781394 -0.19999999999999996
    endloop
  endfacet
  facet normal 0 0 -1
    outer loop
      vertex -6.010437365805403 -11.121067054233524 -0.19999999999999996
      vertex -5.992705098312484 -11.114683045111454 -0.19999999999999996
      vertex -5.974606966149457 -11.109425051661411 -0.19999999999999996
    endloop
  endfacet
  facet normal 0 0 -1
    outer loop
      vertex -6.010437365805403 -11.121067054233524 -0.19999999999999996
      vertex -5.974606966149457 -11.109425051661411 -0.19999999999999996
      vertex -5.956214394375718 -11.105313824781394 -0.19999999999999996
    endloop
  endfacet
  facet normal 0 0 -1
    outer loop
      vertex -6.010437365805403 -11.121067054233524 -0.19999999999999996
      vertex -5.956214394375718 -11.105313824781394 -0.19999999999999996
      vertex -5.900000094832527 -11.100000002980233 -0.19999999999999996
    endloop
  endfacet
  facet normal 0.09410831331854246 -0.9955619646030772 0
    outer loop
      vertex -5.937599970069291 -11.102365589605657 -0.20999999999999996
      vertex -5.918837155858794 -11.100591981471519 -0.20999999999999996
      vertex -5.937599970069291 -11.102365589605657 -0.19999999999999996
    endloop
  endfacet
  facet normal 0.15643446504021852 -0.9876883405951397 0
    outer loop
      vertex -5.937599970069291 -11.102365589605657 -0.20999999999999996
      vertex -5.937599970069291 -11.102365589605657 -0.19999999999999996
      vertex -5.956214394375718 -11.105313824781394 -0.19999999999999996
    endloop
  endfacet
  facet normal 0.09410831331854246 -0.9955619646030772 0
    outer loop
      vertex -5.937599970069291 -11.102365589605657 -0.19999999999999996
      vertex -5.918837155858794 -11.100591981471519 -0.20999999999999996
      vertex -5.918837155858794 -11.100591981471519 -0.19999999999999996
    endloop
  endfacet
  facet normal 0 0 -1
    outer loop
      vertex -5.956214394375718 -11.105313824781394 -0.19999999999999996
      vertex -5.937599970069291 -11.102365589605657 -0.19999999999999996
      vertex -5.900000094832527 -11.100000002980233 -0.19999999999999996
    endloop
  endfacet
  facet normal 0.03141075907812376 -0.9995065603657317 0
    outer loop
      vertex -5.918837155858794 -11.100591981471519 -0.20999999999999996
      vertex -5.900000094832527 -11.100000002980233 -0.19999999999999996
      vertex -5.918837155858794 -11.100591981471519 -0.19999999999999996
    endloop
  endfacet
  facet normal 0 0 -1
    outer loop
      vertex -5.937599970069291 -11.102365589605657 -0.19999999999999996
      vertex -5.918837155858794 -11.100591981471519 -0.19999999999999996
      vertex -5.900000094832527 -11.100000002980233 -0.19999999999999996
    endloop
  endfacet
  facet normal 0 1 0
    outer loop
      vertex -5.900000094832527 -11.699999997019768 -0.19999999999999996
      vertex 5.900000094832527 -11.699999997019768 -0.19999999999999996
      vertex -5.90000009482715 -11.699999997019768 -1.6999999999993165
    endloop
  endfacet
  facet normal 0 0 -1
    outer loop
      vertex -5.900000094832527 -11.699999997019768 -0.19999999999999996
      vertex -5.900000094832527 -11.100000002980233 -0.19999999999999996
      vertex 6.199999997019768 -11.4 -0.19999999999999996
    endloop
  endfacet
  facet normal 0 1 0
    outer loop
      vertex 5.900000094832527 -11.699999997019768 -0.19999999999999996
      vertex 5.900000094832527 -11.699999997019768 -1.7
      vertex -5.90000009482715 -11.699999997019768 -1.6999999999993165
    endloop
  endfacet
  facet normal -0.6129070536530004 0.7901550123756719 0
    outer loop
      vertex 6.091227196924607 -11.631153972832736 -1.69
      vertex 6.091227196924607 -11.631153972832736 -1.7
      vertex 6.076335575687742 -11.642705098312485 -1.7
    endloop
  endfacet
  facet normal -0.6613118653236413 0.7501110696304688 0
    outer loop
      vertex 6.091227196924607 -11.631153972832736 -1.69
      vertex 6.105364131778607 -11.618690588226423 -1.7
      vertex 6.091227196924607 -11.631153972832736 -1.7
    endloop
  endfacet
  facet normal -0.03141075907812376 -0.9995065603657317 0
    outer loop
      vertex 5.918837155858794 -11.100591981471519 -1.69
      vertex 5.900000094832527 -11.100000002980233 -1.7
      vertex 5.918837155858794 -11.100591981471519 -1.7
    endloop
  endfacet
  facet normal -0.09410831331854246 -0.9955619646030772 0
    outer loop
      vertex 5.918837155858794 -11.100591981471519 -1.69
      vertex 5.918837155858794 -11.100591981471519 -1.7
      vertex 5.937599970069291 -11.102365589605657 -1.7
    endloop
  endfacet
  facet normal -0.15643446504021852 -0.9876883405951397 0
    outer loop
      vertex 5.937599970069291 -11.102365589605657 -1.69
      vertex 5.937599970069291 -11.102365589605657 -1.7
      vertex 5.956214394375718 -11.105313824781394 -1.7
    endloop
  endfacet
  facet normal -0.09410831331854246 -0.9955619646030772 0
    outer loop
      vertex 5.918837155858794 -11.100591981471519 -1.69
      vertex 5.937599970069291 -11.102365589605657 -1.7
      vertex 5.937599970069291 -11.102365589605657 -1.69
    endloop
  endfacet
  facet normal -0.03141075907812376 0.9995065603657317 0
    outer loop
      vertex 5.900000094832527 -11.699999997019768 -0.19999999999999996
      vertex 5.918837155858794 -11.699408018528482 -1.7
      vertex 5.900000094832527 -11.699999997019768 -1.7
    endloop
  endfacet
  facet normal -0.09410831331854246 0.9955619646030773 0
    outer loop
      vertex 5.937599970069291 -11.697634410394343 -0.19999999999999996
      vertex 5.937599970069291 -11.697634410394343 -1.7
      vertex 5.918837155858794 -11.699408018528482 -1.7
    endloop
  endfacet
  facet normal -0.15643446504021852 0.9876883405951397 0
    outer loop
      vertex 5.937599970069291 -11.697634410394343 -0.19999999999999996
      vertex 5.956214394375718 -11.694686175218607 -1.7
      vertex 5.937599970069291 -11.697634410394343 -1.7
    endloop
  endfacet
  facet normal -0.21814324139652821 0.9759167619387505 0
    outer loop
      vertex 5.974606966149457 -11.69057494833859 -0.19999999999999996
      vertex 5.974606966149457 -11.69057494833859 -1.7
      vertex 5.956214394375718 -11.694686175218607 -1.7
    endloop
  endfacet
  facet normal -0.27899110603919897 0.9602936856769518 0
    outer loop
      vertex 5.992705098312484 -11.685316954888547 -0.19999999999999996
      vertex 5.992705098312484 -11.685316954888547 -1.7
      vertex 5.974606966149457 -11.69057494833859 -1.7
    endloop
  endfacet
  facet normal -0.338737920245302 0.9408807689542217 0
    outer loop
      vertex 5.992705098312484 -11.685316954888547 -0.19999999999999996
      vertex 6.010437365805403 -11.678932945766476 -1.7
      vertex 5.992705098312484 -11.685316954888547 -1.7
    endloop
  endfacet
  facet normal -0.39714789063476935 0.917754625683986 0
    outer loop
      vertex 6.027733787469522 -11.671448115739807 -0.19999999999999996
      vertex 6.027733787469522 -11.671448115739807 -1.7
      vertex 6.010437365805403 -11.678932945766476 -1.7
    endloop
  endfacet
  facet normal -0.4539904997395918 0.8910065241883449 0
    outer loop
      vertex 6.027733787469522 -11.671448115739807 -0.19999999999999996
      vertex 6.044526102230515 -11.662892004013159 -1.7
      vertex 6.027733787469522 -11.671448115739807 -1.7
    endloop
  endfacet
  facet normal -0.5090414157503388 0.860742027003963 0
    outer loop
      vertex 6.044526102230515 -11.662892004013159 -0.19999999999999996
      vertex 6.060748038493699 -11.653298377650605 -1.7
      vertex 6.044526102230515 -11.662892004013159 -1.7
    endloop
  endfacet
  facet normal -0.5620833778521434 0.8270805742745532 0
    outer loop
      vertex 6.076335575687742 -11.642705098312485 -0.19999999999999996
      vertex 6.076335575687742 -11.642705098312485 -1.7
      vertex 6.060748038493699 -11.653298377650605 -1.7
    endloop
  endfacet
  facet normal -0.6129070536530004 0.7901550123756719 0
    outer loop
      vertex 6.091227196924607 -11.631153972832736 -1.69
      vertex 6.076335575687742 -11.642705098312485 -1.7
      vertex 6.076335575687742 -11.642705098312485 -0.19999999999999996
    endloop
  endfacet
  facet normal -0.6613118653236413 0.7501110696304688 0
    outer loop
      vertex 6.091227196924607 -11.631153972832736 -1.69
      vertex 6.105364131778607 -11.618690588226423 -0.19999999999999996
      vertex 6.105364131778607 -11.618690588226423 -1.7
    endloop
  endfacet
  facet normal -0.7071067811865239 0.7071067811865711 0
    outer loop
      vertex 6.118690588226424 -11.605364131778607 -0.19999999999999996
      vertex 6.118690588226424 -11.605364131778607 -1.7
      vertex 6.105364131778607 -11.618690588226423 -1.7
    endloop
  endfacet
  facet normal -0.7501110696304483 0.6613118653236647 0
    outer loop
      vertex 6.118690588226424 -11.605364131778607 -0.19999999999999996
      vertex 6.131153972832737 -11.591227196924608 -1.7
      vertex 6.118690588226424 -11.605364131778607 -1.7
    endloop
  endfacet
  facet normal -0.7901550123756946 0.6129070536529709 0
    outer loop
      vertex 6.142705098312485 -11.576335575687743 -0.19999999999999996
      vertex 6.142705098312485 -11.576335575687743 -1.7
      vertex 6.131153972832737 -11.591227196924608 -1.7
    endloop
  endfacet
  facet normal -0.8270805742745899 0.5620833778520892 0
    outer loop
      vertex 6.1532983776506045 -11.5607480384937 -0.19999999999999996
      vertex 6.1532983776506045 -11.5607480384937 -1.7
      vertex 6.142705098312485 -11.576335575687743 -1.7
    endloop
  endfacet
  facet normal -0.8607420270039423 0.5090414157503736 0
    outer loop
      vertex 6.1532983776506045 -11.5607480384937 -0.19999999999999996
      vertex 6.162892004013159 -11.544526102230515 -1.7
      vertex 6.1532983776506045 -11.5607480384937 -1.7
    endloop
  endfacet
  facet normal -0.891006524188364 0.4539904997395544 0
    outer loop
      vertex 6.171448115739806 -11.527733787469522 -0.19999999999999996
      vertex 6.171448115739806 -11.527733787469522 -1.7
      vertex 6.162892004013159 -11.544526102230515 -1.7
    endloop
  endfacet
  facet normal -0.917754625683986 0.39714789063476935 0
    outer loop
      vertex 6.1789329457664754 -11.510437365805403 -0.19999999999999996
      vertex 6.1789329457664754 -11.510437365805403 -1.7
      vertex 6.171448115739806 -11.527733787469522 -1.7
    endloop
  endfacet
  facet normal -0.9408807689542217 0.338737920245302 0
    outer loop
      vertex 6.1789329457664754 -11.510437365805403 -0.19999999999999996
      vertex 6.185316954888546 -11.492705098312484 -1.7
      vertex 6.1789329457664754 -11.510437365805403 -1.7
    endloop
  endfacet
  facet normal -0.9602936856769393 0.27899110603924243 0
    outer loop
      vertex 6.19057494833859 -11.474606966149457 -0.19999999999999996
      vertex 6.19057494833859 -11.474606966149457 -1.7
      vertex 6.185316954888546 -11.492705098312484 -1.7
    endloop
  endfacet
  facet normal -0.9759167619387529 0.21814324139651822 0
    outer loop
      vertex 6.194686175218607 -11.456214394375717 -0.19999999999999996
      vertex 6.194686175218607 -11.456214394375717 -1.7
      vertex 6.19057494833859 -11.474606966149457 -1.7
    endloop
  endfacet
  facet normal -0.9602936856769393 -0.27899110603924243 0
    outer loop
      vertex 6.19057494833859 -11.325393033850544 -0.19999999999999996
      vertex 6.185316954888546 -11.307294901687516 -1.7
      vertex 6.19057494833859 -11.325393033850544 -1.7
    endloop
  endfacet
  facet normal -0.9759167619387529 -0.21814324139651822 0
    outer loop
      vertex 6.194686175218607 -11.343785605624284 -0.19999999999999996
      vertex 6.19057494833859 -11.325393033850544 -1.7
      vertex 6.194686175218607 -11.343785605624284 -1.7
    endloop
  endfacet
  facet normal -0.9408807689542217 -0.338737920245302 0
    outer loop
      vertex 6.185316954888546 -11.307294901687516 -0.19999999999999996
      vertex 6.1789329457664754 -11.289562634194597 -1.7
      vertex 6.185316954888546 -11.307294901687516 -1.7
    endloop
  endfacet
  facet normal -0.7901550123756592 -0.6129070536530166 0
    outer loop
      vertex 6.131153972832737 -11.208772803075394 -0.19999999999999996
      vertex 6.131153972832737 -11.208772803075394 -1.7
      vertex 6.142705098312485 -11.223664424312258 -1.7
    endloop
  endfacet
  facet normal -0.7501110696304895 -0.661311865323618 0
    outer loop
      vertex 6.131153972832737 -11.208772803075394 -0.19999999999999996
      vertex 6.118690588226424 -11.194635868221393 -1.7
      vertex 6.131153972832737 -11.208772803075394 -1.7
    endloop
  endfacet
  facet normal -0.891006524188364 -0.4539904997395544 0
    outer loop
      vertex 6.162892004013159 -11.255473897769486 -0.19999999999999996
      vertex 6.162892004013159 -11.255473897769486 -1.7
      vertex 6.171448115739806 -11.272266212530479 -1.7
    endloop
  endfacet
  facet normal -0.8607420270039423 -0.5090414157503736 0
    outer loop
      vertex 6.162892004013159 -11.255473897769486 -0.19999999999999996
      vertex 6.1532983776506045 -11.239251961506302 -1.7
      vertex 6.162892004013159 -11.255473897769486 -1.7
    endloop
  endfacet
  facet normal -0.917754625683986 -0.39714789063476935 0
    outer loop
      vertex 6.1789329457664754 -11.289562634194597 -0.19999999999999996
      vertex 6.171448115739806 -11.272266212530479 -1.7
      vertex 6.1789329457664754 -11.289562634194597 -1.7
    endloop
  endfacet
  facet normal -0.8270805742745899 -0.5620833778520892 0
    outer loop
      vertex 6.142705098312485 -11.223664424312258 -0.19999999999999996
      vertex 6.142705098312485 -11.223664424312258 -1.7
      vertex 6.1532983776506045 -11.239251961506302 -1.7
    endloop
  endfacet
  facet normal -0.9876883405951384 0.1564344650402258 0
    outer loop
      vertex 6.194686175218607 -11.456214394375717 -0.19999999999999996
      vertex 6.197634410394343 -11.437599970069291 -1.7
      vertex 6.194686175218607 -11.456214394375717 -1.7
    endloop
  endfacet
  facet normal -0.9955619646030773 0.09410831331854246 0
    outer loop
      vertex 6.199408018528482 -11.418837155858794 -0.19999999999999996
      vertex 6.199408018528482 -11.418837155858794 -1.7
      vertex 6.197634410394343 -11.437599970069291 -1.7
    endloop
  endfacet
  facet normal -0.9995065702948374 0.031410443127266194 1.9858211433733312e-9
    outer loop
      vertex 6.199999997019768 -11.4 -0.19999999999999996
      vertex 6.199999997019768 -11.399999905167473 -1.7
      vertex 6.199408018528482 -11.418837155858794 -1.7
    endloop
  endfacet
  facet normal -0.9955619646030772 -0.09410831331854244 0
    outer loop
      vertex 6.197634410394343 -11.36240002993071 -0.20999999999999996
      vertex 6.197634410394343 -11.36240002993071 -1.7
      vertex 6.199408018528482 -11.381162844141206 -1.7
    endloop
  endfacet
  facet normal -0.9876883405951385 -0.1564344650402258 0
    outer loop
      vertex 6.197634410394343 -11.36240002993071 -0.20999999999999996
      vertex 6.194686175218607 -11.343785605624284 -1.7
      vertex 6.197634410394343 -11.36240002993071 -1.7
    endloop
  endfacet
  facet normal -0.9995065603657316 -0.03141075907812524 0
    outer loop
      vertex 6.199408018528482 -11.381162844141206 -0.19999999999999996
      vertex 6.199408018528482 -11.381162844141206 -1.7
      vertex 6.199999997019768 -11.399999905167473 -1.7
    endloop
  endfacet
  facet normal -0.03141075907812376 -0.9995065603657317 0
    outer loop
      vertex 5.918837155858794 -11.100591981471519 -1.69
      vertex 5.900000094832527 -11.100000002980233 -0.19999999999999996
      vertex 5.900000094832527 -11.100000002980233 -1.7
    endloop
  endfacet
  facet normal -0.15643446504021852 -0.9876883405951398 0
    outer loop
      vertex 5.937599970069291 -11.102365589605657 -1.69
      vertex 5.956214394375718 -11.105313824781394 -1.7
      vertex 5.937599970069291 -11.102365589605657 -0.19999999999999996
    endloop
  endfacet
  facet normal -0.21814324139652821 -0.9759167619387505 0
    outer loop
      vertex 5.974606966149457 -11.109425051661411 -0.19999999999999996
      vertex 5.956214394375718 -11.105313824781394 -1.7
      vertex 5.974606966149457 -11.109425051661411 -1.7
    endloop
  endfacet
  facet normal -0.27899110603919897 -0.9602936856769518 0
    outer loop
      vertex 5.992705098312484 -11.114683045111454 -0.19999999999999996
      vertex 5.974606966149457 -11.109425051661411 -1.7
      vertex 5.992705098312484 -11.114683045111454 -1.7
    endloop
  endfacet
  facet normal -0.09410831331854244 -0.9955619646030772 0
    outer loop
      vertex 5.918837155858794 -11.100591981471519 -1.69
      vertex 5.937599970069291 -11.102365589605657 -1.69
      vertex 5.918837155858794 -11.100591981471519 -0.19999999999999996
    endloop
  endfacet
  facet normal -0.338737920245302 -0.9408807689542217 0
    outer loop
      vertex 5.992705098312484 -11.114683045111454 -0.19999999999999996
      vertex 5.992705098312484 -11.114683045111454 -1.7
      vertex 6.010437365805403 -11.121067054233524 -1.7
    endloop
  endfacet
  facet normal -0.39714789063476935 -0.917754625683986 0
    outer loop
      vertex 6.027733787469522 -11.128551884260194 -0.19999999999999996
      vertex 6.010437365805403 -11.121067054233524 -1.7
      vertex 6.027733787469522 -11.128551884260194 -1.7
    endloop
  endfacet
  facet normal -0.4539904997395918 -0.8910065241883449 0
    outer loop
      vertex 6.044526102230515 -11.137107995986842 -0.19999999999999996
      vertex 6.027733787469522 -11.128551884260194 -1.7
      vertex 6.044526102230515 -11.137107995986842 -1.7
    endloop
  endfacet
  facet normal -0.6129070536530004 -0.7901550123756719 0
    outer loop
      vertex 6.091227196924607 -11.168846027167264 -0.19999999999999996
      vertex 6.076335575687742 -11.157294901687516 -1.7
      vertex 6.091227196924607 -11.168846027167264 -1.7
    endloop
  endfacet
  facet normal -0.5620833778521434 -0.8270805742745532 0
    outer loop
      vertex 6.076335575687742 -11.157294901687516 -0.19999999999999996
      vertex 6.060748038493699 -11.146701622349395 -1.7
      vertex 6.076335575687742 -11.157294901687516 -1.7
    endloop
  endfacet
  facet normal -0.5090414157503388 -0.860742027003963 0
    outer loop
      vertex 6.044526102230515 -11.137107995986842 -0.19999999999999996
      vertex 6.044526102230515 -11.137107995986842 -1.7
      vertex 6.060748038493699 -11.146701622349395 -1.7
    endloop
  endfacet
  facet normal -0.7071067811865004 -0.7071067811865946 0
    outer loop
      vertex 6.118690588226424 -11.194635868221393 -0.19999999999999996
      vertex 6.1053641317786065 -11.181309411773578 -1.7
      vertex 6.118690588226424 -11.194635868221393 -1.7
    endloop
  endfacet
  facet normal -0.6613118653236647 -0.7501110696304483 0
    outer loop
      vertex 6.1053641317786065 -11.181309411773578 -0.19999999999999996
      vertex 6.091227196924607 -11.168846027167264 -1.7
      vertex 6.1053641317786065 -11.181309411773578 -1.7
    endloop
  endfacet
  facet normal 0 -1 0
    outer loop
      vertex -5.900000094832527 -11.100000002980233 -0.19999999999999996
      vertex 5.900000094832527 -11.100000002980233 -1.7
      vertex 5.900000094832527 -11.100000002980233 -0.19999999999999996
    endloop
  endfacet
  facet normal 0 0 -1
    outer loop
      vertex -5.900000094832527 -11.699999997019768 -0.19999999999999996
      vertex 6.199999997019768 -11.4 -0.19999999999999996
      vertex 5.900000094832527 -11.699999997019768 -0.19999999999999996
    endloop
  endfacet
  facet normal 0 0 -1
    outer loop
      vertex -5.900000094832527 -11.100000002980233 -0.19999999999999996
      vertex 5.900000094832527 -11.100000002980233 -0.19999999999999996
      vertex 6.199999997019768 -11.4 -0.19999999999999996
    endloop
  endfacet
  facet normal -0.03141075907812376 0.9995065603657317 0
    outer loop
      vertex 5.900000094832527 -11.699999997019768 -0.19999999999999996
      vertex 5.918837155858794 -11.699408018528482 -0.19999999999999996
      vertex 5.918837155858794 -11.699408018528482 -1.7
    endloop
  endfacet
  facet normal -0.09410831331854246 0.9955619646030773 0
    outer loop
      vertex 5.918837155858794 -11.699408018528482 -0.19999999999999996
      vertex 5.937599970069291 -11.697634410394343 -0.19999999999999996
      vertex 5.918837155858794 -11.699408018528482 -1.7
    endloop
  endfacet
  facet normal -0.15643446504021852 0.9876883405951397 0
    outer loop
      vertex 5.937599970069291 -11.697634410394343 -0.19999999999999996
      vertex 5.956214394375718 -11.694686175218607 -0.19999999999999996
      vertex 5.956214394375718 -11.694686175218607 -1.7
    endloop
  endfacet
  facet normal -0.21814324139652821 0.9759167619387505 0
    outer loop
      vertex 5.956214394375718 -11.694686175218607 -0.19999999999999996
      vertex 5.974606966149457 -11.69057494833859 -0.19999999999999996
      vertex 5.956214394375718 -11.694686175218607 -1.7
    endloop
  endfacet
  facet normal -0.27899110603919897 0.9602936856769518 0
    outer loop
      vertex 5.974606966149457 -11.69057494833859 -0.19999999999999996
      vertex 5.992705098312484 -11.685316954888547 -0.19999999999999996
      vertex 5.974606966149457 -11.69057494833859 -1.7
    endloop
  endfacet
  facet normal -0.338737920245302 0.9408807689542217 0
    outer loop
      vertex 5.992705098312484 -11.685316954888547 -0.19999999999999996
      vertex 6.010437365805403 -11.678932945766476 -0.19999999999999996
      vertex 6.010437365805403 -11.678932945766476 -1.7
    endloop
  endfacet
  facet normal -0.39714789063476935 0.917754625683986 0
    outer loop
      vertex 6.010437365805403 -11.678932945766476 -0.19999999999999996
      vertex 6.027733787469522 -11.671448115739807 -0.19999999999999996
      vertex 6.010437365805403 -11.678932945766476 -1.7
    endloop
  endfacet
  facet normal -0.4539904997395918 0.8910065241883449 0
    outer loop
      vertex 6.027733787469522 -11.671448115739807 -0.19999999999999996
      vertex 6.044526102230515 -11.662892004013159 -0.19999999999999996
      vertex 6.044526102230515 -11.662892004013159 -1.7
    endloop
  endfacet
  facet normal -0.5090414157503388 0.860742027003963 0
    outer loop
      vertex 6.044526102230515 -11.662892004013159 -0.19999999999999996
      vertex 6.060748038493699 -11.653298377650605 -0.19999999999999996
      vertex 6.060748038493699 -11.653298377650605 -1.7
    endloop
  endfacet
  facet normal -0.5620833778521434 0.8270805742745532 0
    outer loop
      vertex 6.060748038493699 -11.653298377650605 -0.19999999999999996
      vertex 6.076335575687742 -11.642705098312485 -0.19999999999999996
      vertex 6.060748038493699 -11.653298377650605 -1.7
    endloop
  endfacet
  facet normal -0.6129070536530002 0.7901550123756719 0
    outer loop
      vertex 6.091227196924607 -11.631153972832736 -1.69
      vertex 6.076335575687742 -11.642705098312485 -0.19999999999999996
      vertex 6.091227196924607 -11.631153972832736 -0.19999999999999996
    endloop
  endfacet
  facet normal -0.7071067811865239 0.7071067811865711 0
    outer loop
      vertex 6.105364131778607 -11.618690588226423 -0.19999999999999996
      vertex 6.118690588226424 -11.605364131778607 -0.19999999999999996
      vertex 6.105364131778607 -11.618690588226423 -1.7
    endloop
  endfacet
  facet normal -0.7501110696304483 0.6613118653236647 0
    outer loop
      vertex 6.118690588226424 -11.605364131778607 -0.19999999999999996
      vertex 6.131153972832737 -11.591227196924608 -0.19999999999999996
      vertex 6.131153972832737 -11.591227196924608 -1.7
    endloop
  endfacet
  facet normal -0.6613118653236413 0.7501110696304688 0
    outer loop
      vertex 6.091227196924607 -11.631153972832736 -1.69
      vertex 6.091227196924607 -11.631153972832736 -0.19999999999999996
      vertex 6.105364131778607 -11.618690588226423 -0.19999999999999996
    endloop
  endfacet
  facet normal -0.7901550123756946 0.6129070536529709 0
    outer loop
      vertex 6.131153972832737 -11.591227196924608 -0.19999999999999996
      vertex 6.142705098312485 -11.576335575687743 -0.19999999999999996
      vertex 6.131153972832737 -11.591227196924608 -1.7
    endloop
  endfacet
  facet normal -0.8270805742745899 0.5620833778520892 0
    outer loop
      vertex 6.142705098312485 -11.576335575687743 -0.19999999999999996
      vertex 6.1532983776506045 -11.5607480384937 -0.19999999999999996
      vertex 6.142705098312485 -11.576335575687743 -1.7
    endloop
  endfacet
  facet normal -0.8607420270039423 0.5090414157503736 0
    outer loop
      vertex 6.162892004013159 -11.544526102230515 -0.19999999999999996
      vertex 6.162892004013159 -11.544526102230515 -1.7
      vertex 6.1532983776506045 -11.5607480384937 -0.19999999999999996
    endloop
  endfacet
  facet normal -0.891006524188364 0.4539904997395544 0
    outer loop
      vertex 6.162892004013159 -11.544526102230515 -0.19999999999999996
      vertex 6.171448115739806 -11.527733787469522 -0.19999999999999996
      vertex 6.162892004013159 -11.544526102230515 -1.7
    endloop
  endfacet
  facet normal -0.917754625683986 0.39714789063476935 0
    outer loop
      vertex 6.171448115739806 -11.527733787469522 -0.19999999999999996
      vertex 6.1789329457664754 -11.510437365805403 -0.19999999999999996
      vertex 6.171448115739806 -11.527733787469522 -1.7
    endloop
  endfacet
  facet normal -0.9408807689542217 0.338737920245302 0
    outer loop
      vertex 6.1789329457664754 -11.510437365805403 -0.19999999999999996
      vertex 6.185316954888546 -11.492705098312484 -0.19999999999999996
      vertex 6.185316954888546 -11.492705098312484 -1.7
    endloop
  endfacet
  facet normal -0.9602936856769393 0.27899110603924243 0
    outer loop
      vertex 6.185316954888546 -11.492705098312484 -0.19999999999999996
      vertex 6.19057494833859 -11.474606966149457 -0.19999999999999996
      vertex 6.185316954888546 -11.492705098312484 -1.7
    endloop
  endfacet
  facet normal -0.9759167619387529 0.21814324139651822 0
    outer loop
      vertex 6.19057494833859 -11.474606966149457 -0.19999999999999996
      vertex 6.194686175218607 -11.456214394375717 -0.19999999999999996
      vertex 6.19057494833859 -11.474606966149457 -1.7
    endloop
  endfacet
  facet normal -0.9759167619387529 -0.21814324139651822 0
    outer loop
      vertex 6.19057494833859 -11.325393033850544 -0.19999999999999996
      vertex 6.19057494833859 -11.325393033850544 -1.7
      vertex 6.194686175218607 -11.343785605624284 -0.19999999999999996
    endloop
  endfacet
  facet normal -0.9602936856769393 -0.27899110603924243 0
    outer loop
      vertex 6.19057494833859 -11.325393033850544 -0.19999999999999996
      vertex 6.185316954888546 -11.307294901687516 -0.19999999999999996
      vertex 6.185316954888546 -11.307294901687516 -1.7
    endloop
  endfacet
  facet normal -0.9408807689542217 -0.338737920245302 0
    outer loop
      vertex 6.1789329457664754 -11.289562634194597 -0.19999999999999996
      vertex 6.1789329457664754 -11.289562634194597 -1.7
      vertex 6.185316954888546 -11.307294901687516 -0.19999999999999996
    endloop
  endfacet
  facet normal -0.7901550123756592 -0.6129070536530166 0
    outer loop
      vertex 6.131153972832737 -11.208772803075394 -0.19999999999999996
      vertex 6.142705098312485 -11.223664424312258 -1.7
      vertex 6.142705098312485 -11.223664424312258 -0.19999999999999996
    endloop
  endfacet
  facet normal -0.7501110696304895 -0.661311865323618 0
    outer loop
      vertex 6.131153972832737 -11.208772803075394 -0.19999999999999996
      vertex 6.118690588226424 -11.194635868221393 -0.19999999999999996
      vertex 6.118690588226424 -11.194635868221393 -1.7
    endloop
  endfacet
  facet normal -0.891006524188364 -0.4539904997395544 0
    outer loop
      vertex 6.171448115739806 -11.272266212530479 -0.19999999999999996
      vertex 6.162892004013159 -11.255473897769486 -0.19999999999999996
      vertex 6.171448115739806 -11.272266212530479 -1.7
    endloop
  endfacet
  facet normal -0.8607420270039423 -0.5090414157503736 0
    outer loop
      vertex 6.162892004013159 -11.255473897769486 -0.19999999999999996
      vertex 6.1532983776506045 -11.239251961506302 -0.19999999999999996
      vertex 6.1532983776506045 -11.239251961506302 -1.7
    endloop
  endfacet
  facet normal -0.917754625683986 -0.39714789063476935 0
    outer loop
      vertex 6.1789329457664754 -11.289562634194597 -0.19999999999999996
      vertex 6.171448115739806 -11.272266212530479 -0.19999999999999996
      vertex 6.171448115739806 -11.272266212530479 -1.7
    endloop
  endfacet
  facet normal -0.8270805742745899 -0.5620833778520892 0
    outer loop
      vertex 6.1532983776506045 -11.239251961506302 -0.19999999999999996
      vertex 6.142705098312485 -11.223664424312258 -0.19999999999999996
      vertex 6.1532983776506045 -11.239251961506302 -1.7
    endloop
  endfacet
  facet normal -0.9876883405951384 0.1564344650402258 0
    outer loop
      vertex 6.194686175218607 -11.456214394375717 -0.19999999999999996
      vertex 6.197634410394343 -11.437599970069291 -0.19999999999999996
      vertex 6.197634410394343 -11.437599970069291 -1.7
    endloop
  endfacet
  facet normal -0.9955619646030773 0.09410831331854246 0
    outer loop
      vertex 6.197634410394343 -11.437599970069291 -0.19999999999999996
      vertex 6.199408018528482 -11.418837155858794 -0.19999999999999996
      vertex 6.197634410394343 -11.437599970069291 -1.7
    endloop
  endfacet
  facet normal -0.999506565330322 0.031410601101901595 0
    outer loop
      vertex 6.199408018528482 -11.418837155858794 -0.19999999999999996
      vertex 6.199999997019768 -11.4 -0.19999999999999996
      vertex 6.199408018528482 -11.418837155858794 -1.7
    endloop
  endfacet
  facet normal -0.999506565330322 -0.031410601101901595 -1.9858311307959796e-9
    outer loop
      vertex 6.199999997019768 -11.4 -0.19999999999999996
      vertex 6.199408018528482 -11.381162844141206 -0.19999999999999996
      vertex 6.199999997019768 -11.399999905167473 -1.7
    endloop
  endfacet
  facet normal -0.9955619646030773 -0.09410831331854246 0
    outer loop
      vertex 6.197634410394343 -11.36240002993071 -0.20999999999999996
      vertex 6.199408018528482 -11.381162844141206 -1.7
      vertex 6.199408018528482 -11.381162844141206 -0.19999999999999996
    endloop
  endfacet
  facet normal -0.9876883405951384 -0.1564344650402258 0
    outer loop
      vertex 6.197634410394343 -11.36240002993071 -0.20999999999999996
      vertex 6.194686175218607 -11.343785605624284 -0.19999999999999996
      vertex 6.194686175218607 -11.343785605624284 -1.7
    endloop
  endfacet
  facet normal -0.031410759078123754 -0.9995065603657317 0
    outer loop
      vertex 5.918837155858794 -11.100591981471519 -1.69
      vertex 5.918837155858794 -11.100591981471519 -0.19999999999999996
      vertex 5.900000094832527 -11.100000002980233 -0.19999999999999996
    endloop
  endfacet
  facet normal -0.09410831331854244 -0.9955619646030772 0
    outer loop
      vertex 5.937599970069291 -11.102365589605657 -1.69
      vertex 5.937599970069291 -11.102365589605657 -0.19999999999999996
      vertex 5.918837155858794 -11.100591981471519 -0.19999999999999996
    endloop
  endfacet
  facet normal -0.15643446504021852 -0.9876883405951397 0
    outer loop
      vertex 5.956214394375718 -11.105313824781394 -0.19999999999999996
      vertex 5.937599970069291 -11.102365589605657 -0.19999999999999996
      vertex 5.956214394375718 -11.105313824781394 -1.7
    endloop
  endfacet
  facet normal -0.21814324139652821 -0.9759167619387505 0
    outer loop
      vertex 5.956214394375718 -11.105313824781394 -0.19999999999999996
      vertex 5.956214394375718 -11.105313824781394 -1.7
      vertex 5.974606966149457 -11.109425051661411 -0.19999999999999996
    endloop
  endfacet
  facet normal -0.27899110603919897 -0.9602936856769518 0
    outer loop
      vertex 5.974606966149457 -11.109425051661411 -0.19999999999999996
      vertex 5.974606966149457 -11.109425051661411 -1.7
      vertex 5.992705098312484 -11.114683045111454 -0.19999999999999996
    endloop
  endfacet
  facet normal -0.338737920245302 -0.9408807689542217 0
    outer loop
      vertex 5.992705098312484 -11.114683045111454 -0.19999999999999996
      vertex 6.010437365805403 -11.121067054233524 -1.7
      vertex 6.010437365805403 -11.121067054233524 -0.19999999999999996
    endloop
  endfacet
  facet normal -0.39714789063476935 -0.917754625683986 0
    outer loop
      vertex 6.010437365805403 -11.121067054233524 -0.19999999999999996
      vertex 6.010437365805403 -11.121067054233524 -1.7
      vertex 6.027733787469522 -11.128551884260194 -0.19999999999999996
    endloop
  endfacet
  facet normal -0.4539904997395918 -0.8910065241883449 0
    outer loop
      vertex 6.027733787469522 -11.128551884260194 -0.19999999999999996
      vertex 6.027733787469522 -11.128551884260194 -1.7
      vertex 6.044526102230515 -11.137107995986842 -0.19999999999999996
    endloop
  endfacet
  facet normal -0.5090414157503388 -0.860742027003963 0
    outer loop
      vertex 6.044526102230515 -11.137107995986842 -0.19999999999999996
      vertex 6.060748038493699 -11.146701622349395 -1.7
      vertex 6.060748038493699 -11.146701622349395 -0.19999999999999996
    endloop
  endfacet
  facet normal -0.5620833778521434 -0.8270805742745532 0
    outer loop
      vertex 6.076335575687742 -11.157294901687516 -0.19999999999999996
      vertex 6.060748038493699 -11.146701622349395 -0.19999999999999996
      vertex 6.060748038493699 -11.146701622349395 -1.7
    endloop
  endfacet
  facet normal -0.6129070536530004 -0.7901550123756719 0
    outer loop
      vertex 6.076335575687742 -11.157294901687516 -0.19999999999999996
      vertex 6.076335575687742 -11.157294901687516 -1.7
      vertex 6.091227196924607 -11.168846027167264 -0.19999999999999996
    endloop
  endfacet
  facet normal -0.7071067811865004 -0.7071067811865946 0
    outer loop
      vertex 6.1053641317786065 -11.181309411773578 -0.19999999999999996
      vertex 6.1053641317786065 -11.181309411773578 -1.7
      vertex 6.118690588226424 -11.194635868221393 -0.19999999999999996
    endloop
  endfacet
  facet normal -0.6613118653236647 -0.7501110696304483 0
    outer loop
      vertex 6.1053641317786065 -11.181309411773578 -0.19999999999999996
      vertex 6.091227196924607 -11.168846027167264 -0.19999999999999996
      vertex 6.091227196924607 -11.168846027167264 -1.7
    endloop
  endfacet
  facet normal 0 0 -1
    outer loop
      vertex 5.900000094832527 -11.699999997019768 -0.19999999999999996
      vertex 5.937599970069291 -11.697634410394343 -0.19999999999999996
      vertex 5.918837155858794 -11.699408018528482 -0.19999999999999996
    endloop
  endfacet
  facet normal 0 0 -1
    outer loop
      vertex 5.900000094832527 -11.699999997019768 -0.19999999999999996
      vertex 5.974606966149457 -11.69057494833859 -0.19999999999999996
      vertex 5.937599970069291 -11.697634410394343 -0.19999999999999996
    endloop
  endfacet
  facet normal 0 0 -1
    outer loop
      vertex 5.937599970069291 -11.697634410394343 -0.19999999999999996
      vertex 5.974606966149457 -11.69057494833859 -0.19999999999999996
      vertex 5.956214394375718 -11.694686175218607 -0.19999999999999996
    endloop
  endfacet
  facet normal 0 0 -1
    outer loop
      vertex 5.900000094832527 -11.699999997019768 -0.19999999999999996
      vertex 6.027733787469522 -11.671448115739807 -0.19999999999999996
      vertex 5.974606966149457 -11.69057494833859 -0.19999999999999996
    endloop
  endfacet
  facet normal 0 0 -1
    outer loop
      vertex 5.974606966149457 -11.69057494833859 -0.19999999999999996
      vertex 6.027733787469522 -11.671448115739807 -0.19999999999999996
      vertex 5.992705098312484 -11.685316954888547 -0.19999999999999996
    endloop
  endfacet
  facet normal 0 0 -1
    outer loop
      vertex 5.992705098312484 -11.685316954888547 -0.19999999999999996
      vertex 6.027733787469522 -11.671448115739807 -0.19999999999999996
      vertex 6.010437365805403 -11.678932945766476 -0.19999999999999996
    endloop
  endfacet
  facet normal 0 0 -1
    outer loop
      vertex 5.900000094832527 -11.699999997019768 -0.19999999999999996
      vertex 6.118690588226424 -11.605364131778607 -0.19999999999999996
      vertex 6.027733787469522 -11.671448115739807 -0.19999999999999996
    endloop
  endfacet
  facet normal 0 0 -1
    outer loop
      vertex 6.027733787469522 -11.671448115739807 -0.19999999999999996
      vertex 6.076335575687742 -11.642705098312485 -0.19999999999999996
      vertex 6.044526102230515 -11.662892004013159 -0.19999999999999996
    endloop
  endfacet
  facet normal 0 0 -1
    outer loop
      vertex 6.044526102230515 -11.662892004013159 -0.19999999999999996
      vertex 6.076335575687742 -11.642705098312485 -0.19999999999999996
      vertex 6.060748038493699 -11.653298377650605 -0.19999999999999996
    endloop
  endfacet
  facet normal 0 0 -1
    outer loop
      vertex 6.027733787469522 -11.671448115739807 -0.19999999999999996
      vertex 6.118690588226424 -11.605364131778607 -0.19999999999999996
      vertex 6.076335575687742 -11.642705098312485 -0.19999999999999996
    endloop
  endfacet
  facet normal 0 0 -1
    outer loop
      vertex 6.076335575687742 -11.642705098312485 -0.19999999999999996
      vertex 6.105364131778607 -11.618690588226423 -0.19999999999999996
      vertex 6.091227196924607 -11.631153972832736 -0.19999999999999996
    endloop
  endfacet
  facet normal 0 0 -1
    outer loop
      vertex 6.076335575687742 -11.642705098312485 -0.19999999999999996
      vertex 6.118690588226424 -11.605364131778607 -0.19999999999999996
      vertex 6.105364131778607 -11.618690588226423 -0.19999999999999996
    endloop
  endfacet
  facet normal 0 0 -1
    outer loop
      vertex 6.118690588226424 -11.605364131778607 -0.19999999999999996
      vertex 6.142705098312485 -11.576335575687743 -0.19999999999999996
      vertex 6.131153972832737 -11.591227196924608 -0.19999999999999996
    endloop
  endfacet
  facet normal 0 0 -1
    outer loop
      vertex 5.900000094832527 -11.699999997019768 -0.19999999999999996
      vertex 6.199999997019768 -11.4 -0.19999999999999996
      vertex 6.118690588226424 -11.605364131778607 -0.19999999999999996
    endloop
  endfacet
  facet normal 0 0 -1
    outer loop
      vertex 6.118690588226424 -11.605364131778607 -0.19999999999999996
      vertex 6.1532983776506045 -11.5607480384937 -0.19999999999999996
      vertex 6.142705098312485 -11.576335575687743 -0.19999999999999996
    endloop
  endfacet
  facet normal 0 0 -1
    outer loop
      vertex 6.162892004013159 -11.544526102230515 -0.19999999999999996
      vertex 6.1532983776506045 -11.5607480384937 -0.19999999999999996
      vertex 6.171448115739806 -11.527733787469522 -0.19999999999999996
    endloop
  endfacet
  facet normal 0 0 -1
    outer loop
      vertex 6.118690588226424 -11.605364131778607 -0.19999999999999996
      vertex 6.1789329457664754 -11.510437365805403 -0.19999999999999996
      vertex 6.1532983776506045 -11.5607480384937 -0.19999999999999996
    endloop
  endfacet
  facet normal 0 0 -1
    outer loop
      vertex 6.1532983776506045 -11.5607480384937 -0.19999999999999996
      vertex 6.1789329457664754 -11.510437365805403 -0.19999999999999996
      vertex 6.171448115739806 -11.527733787469522 -0.19999999999999996
    endloop
  endfacet
  facet normal 0 0 -1
    outer loop
      vertex 6.118690588226424 -11.605364131778607 -0.19999999999999996
      vertex 6.199999997019768 -11.4 -0.19999999999999996
      vertex 6.1789329457664754 -11.510437365805403 -0.19999999999999996
    endloop
  endfacet
  facet normal 0 0 -1
    outer loop
      vertex 6.1789329457664754 -11.510437365805403 -0.19999999999999996
      vertex 6.19057494833859 -11.474606966149457 -0.19999999999999996
      vertex 6.185316954888546 -11.492705098312484 -0.19999999999999996
    endloop
  endfacet
  facet normal 0 0 -1
    outer loop
      vertex 6.1789329457664754 -11.510437365805403 -0.19999999999999996
      vertex 6.194686175218607 -11.456214394375717 -0.19999999999999996
      vertex 6.19057494833859 -11.474606966149457 -0.19999999999999996
    endloop
  endfacet
  facet normal 0 0 -1
    outer loop
      vertex 6.1789329457664754 -11.510437365805403 -0.19999999999999996
      vertex 6.199999997019768 -11.4 -0.19999999999999996
      vertex 6.194686175218607 -11.456214394375717 -0.19999999999999996
    endloop
  endfacet
  facet normal 0 0 -1
    outer loop
      vertex 5.900000094832527 -11.100000002980233 -0.19999999999999996
      vertex 6.118690588226424 -11.194635868221393 -0.19999999999999996
      vertex 6.199999997019768 -11.4 -0.19999999999999996
    endloop
  endfacet
  facet normal 0 0 -1
    outer loop
      vertex 6.199999997019768 -11.4 -0.19999999999999996
      vertex 6.1789329457664754 -11.289562634194597 -0.19999999999999996
      vertex 6.194686175218607 -11.343785605624284 -0.19999999999999996
    endloop
  endfacet
  facet normal 0 0 -1
    outer loop
      vertex 6.118690588226424 -11.194635868221393 -0.19999999999999996
      vertex 6.1789329457664754 -11.289562634194597 -0.19999999999999996
      vertex 6.199999997019768 -11.4 -0.19999999999999996
    endloop
  endfacet
  facet normal 0 0 -1
    outer loop
      vertex 6.19057494833859 -11.325393033850544 -0.19999999999999996
      vertex 6.194686175218607 -11.343785605624284 -0.19999999999999996
      vertex 6.1789329457664754 -11.289562634194597 -0.19999999999999996
    endloop
  endfacet
  facet normal 0 0 -1
    outer loop
      vertex 6.19057494833859 -11.325393033850544 -0.19999999999999996
      vertex 6.1789329457664754 -11.289562634194597 -0.19999999999999996
      vertex 6.185316954888546 -11.307294901687516 -0.19999999999999996
    endloop
  endfacet
  facet normal 0 0 -1
    outer loop
      vertex 6.131153972832737 -11.208772803075394 -0.19999999999999996
      vertex 6.142705098312485 -11.223664424312258 -0.19999999999999996
      vertex 6.1532983776506045 -11.239251961506302 -0.19999999999999996
    endloop
  endfacet
  facet normal 0 0 -1
    outer loop
      vertex 6.131153972832737 -11.208772803075394 -0.19999999999999996
      vertex 6.1532983776506045 -11.239251961506302 -0.19999999999999996
      vertex 6.118690588226424 -11.194635868221393 -0.19999999999999996
    endloop
  endfacet
  facet normal 0 0 -1
    outer loop
      vertex 6.1789329457664754 -11.289562634194597 -0.19999999999999996
      vertex 6.1532983776506045 -11.239251961506302 -0.19999999999999996
      vertex 6.162892004013159 -11.255473897769486 -0.19999999999999996
    endloop
  endfacet
  facet normal 0 0 -1
    outer loop
      vertex 6.1789329457664754 -11.289562634194597 -0.19999999999999996
      vertex 6.162892004013159 -11.255473897769486 -0.19999999999999996
      vertex 6.171448115739806 -11.272266212530479 -0.19999999999999996
    endloop
  endfacet
  facet normal 0 0 -1
    outer loop
      vertex 6.118690588226424 -11.194635868221393 -0.19999999999999996
      vertex 6.1532983776506045 -11.239251961506302 -0.19999999999999996
      vertex 6.1789329457664754 -11.289562634194597 -0.19999999999999996
    endloop
  endfacet
  facet normal 0 0 -1
    outer loop
      vertex 6.194686175218607 -11.456214394375717 -0.19999999999999996
      vertex 6.199408018528482 -11.418837155858794 -0.19999999999999996
      vertex 6.197634410394343 -11.437599970069291 -0.19999999999999996
    endloop
  endfacet
  facet normal 0 0 -1
    outer loop
      vertex 6.194686175218607 -11.456214394375717 -0.19999999999999996
      vertex 6.199999997019768 -11.4 -0.19999999999999996
      vertex 6.199408018528482 -11.418837155858794 -0.19999999999999996
    endloop
  endfacet
  facet normal -0.9955619646030772 -0.09410831331854246 0
    outer loop
      vertex 6.197634410394343 -11.36240002993071 -0.20999999999999996
      vertex 6.199408018528482 -11.381162844141206 -0.19999999999999996
      vertex 6.197634410394343 -11.36240002993071 -0.19999999999999996
    endloop
  endfacet
  facet normal 0 0 -1
    outer loop
      vertex 6.199999997019768 -11.4 -0.19999999999999996
      vertex 6.194686175218607 -11.343785605624284 -0.19999999999999996
      vertex 6.199408018528482 -11.381162844141206 -0.19999999999999996
    endloop
  endfacet
  facet normal -0.9876883405951385 -0.1564344650402258 0
    outer loop
      vertex 6.197634410394343 -11.36240002993071 -0.20999999999999996
      vertex 6.197634410394343 -11.36240002993071 -0.19999999999999996
      vertex 6.194686175218607 -11.343785605624284 -0.19999999999999996
    endloop
  endfacet
  facet normal 0 0 -1
    outer loop
      vertex 6.199408018528482 -11.381162844141206 -0.19999999999999996
      vertex 6.194686175218607 -11.343785605624284 -0.19999999999999996
      vertex 6.197634410394343 -11.36240002993071 -0.19999999999999996
    endloop
  endfacet
  facet normal 0 0 -1
    outer loop
      vertex 5.900000094832527 -11.100000002980233 -0.19999999999999996
      vertex 5.918837155858794 -11.100591981471519 -0.19999999999999996
      vertex 5.937599970069291 -11.102365589605657 -0.19999999999999996
    endloop
  endfacet
  facet normal 0 0 -1
    outer loop
      vertex 5.900000094832527 -11.100000002980233 -0.19999999999999996
      vertex 5.937599970069291 -11.102365589605657 -0.19999999999999996
      vertex 5.974606966149457 -11.109425051661411 -0.19999999999999996
    endloop
  endfacet
  facet normal 0 0 -1
    outer loop
      vertex 5.956214394375718 -11.105313824781394 -0.19999999999999996
      vertex 5.974606966149457 -11.109425051661411 -0.19999999999999996
      vertex 5.937599970069291 -11.102365589605657 -0.19999999999999996
    endloop
  endfacet
  facet normal 0 0 -1
    outer loop
      vertex 5.900000094832527 -11.100000002980233 -0.19999999999999996
      vertex 5.974606966149457 -11.109425051661411 -0.19999999999999996
      vertex 6.027733787469522 -11.128551884260194 -0.19999999999999996
    endloop
  endfacet
  facet normal 0 0 -1
    outer loop
      vertex 5.974606966149457 -11.109425051661411 -0.19999999999999996
      vertex 5.992705098312484 -11.114683045111454 -0.19999999999999996
      vertex 6.027733787469522 -11.128551884260194 -0.19999999999999996
    endloop
  endfacet
  facet normal 0 0 -1
    outer loop
      vertex 5.992705098312484 -11.114683045111454 -0.19999999999999996
      vertex 6.010437365805403 -11.121067054233524 -0.19999999999999996
      vertex 6.027733787469522 -11.128551884260194 -0.19999999999999996
    endloop
  endfacet
  facet normal 0 0 -1
    outer loop
      vertex 5.900000094832527 -11.100000002980233 -0.19999999999999996
      vertex 6.027733787469522 -11.128551884260194 -0.19999999999999996
      vertex 6.118690588226424 -11.194635868221393 -0.19999999999999996
    endloop
  endfacet
  facet normal 0 0 -1
    outer loop
      vertex 6.076335575687742 -11.157294901687516 -0.19999999999999996
      vertex 6.044526102230515 -11.137107995986842 -0.19999999999999996
      vertex 6.060748038493699 -11.146701622349395 -0.19999999999999996
    endloop
  endfacet
  facet normal 0 0 -1
    outer loop
      vertex 6.027733787469522 -11.128551884260194 -0.19999999999999996
      vertex 6.076335575687742 -11.157294901687516 -0.19999999999999996
      vertex 6.118690588226424 -11.194635868221393 -0.19999999999999996
    endloop
  endfacet
  facet normal 0 0 -1
    outer loop
      vertex 6.027733787469522 -11.128551884260194 -0.19999999999999996
      vertex 6.044526102230515 -11.137107995986842 -0.19999999999999996
      vertex 6.076335575687742 -11.157294901687516 -0.19999999999999996
    endloop
  endfacet
  facet normal 0 0 -1
    outer loop
      vertex 6.1053641317786065 -11.181309411773578 -0.19999999999999996
      vertex 6.118690588226424 -11.194635868221393 -0.19999999999999996
      vertex 6.091227196924607 -11.168846027167264 -0.19999999999999996
    endloop
  endfacet
  facet normal 0 0 -1
    outer loop
      vertex 6.076335575687742 -11.157294901687516 -0.19999999999999996
      vertex 6.091227196924607 -11.168846027167264 -0.19999999999999996
      vertex 6.118690588226424 -11.194635868221393 -0.19999999999999996
    endloop
  endfacet
  facet normal 0.7501110696304688 0.6613118653236413 0
    outer loop
      vertex -11.631153972832736 -6.091227196924607 -1.69
      vertex -11.618690588226423 -6.105364131778607 -1.7
      vertex -11.631153972832736 -6.091227196924607 -1.7
    endloop
  endfacet
  facet normal 0.7901550123756719 0.6129070536530004 0
    outer loop
      vertex -11.631153972832736 -6.091227196924607 -1.69
      vertex -11.631153972832736 -6.091227196924607 -1.7
      vertex -11.642705098312485 -6.076335575687742 -1.7
    endloop
  endfacet
  facet normal -0.9876883405951397 0.15643446504021852 0
    outer loop
      vertex -11.102365589605657 -5.937599970069291 -1.69
      vertex -11.102365589605657 -5.937599970069291 -1.7
      vertex -11.105313824781394 -5.956214394375718 -1.7
    endloop
  endfacet
  facet normal -0.9955619646030772 0.09410831331854246 0
    outer loop
      vertex -11.100591981471519 -5.918837155858794 -1.69
      vertex -11.100591981471519 -5.918837155858794 -1.7
      vertex -11.102365589605657 -5.937599970069291 -1.7
    endloop
  endfacet
  facet normal -0.9995065603657317 0.03141075907812376 0
    outer loop
      vertex -11.100591981471519 -5.918837155858794 -1.69
      vertex -11.100000002980233 -5.900000094832527 -1.7
      vertex -11.100591981471519 -5.918837155858794 -1.7
    endloop
  endfacet
  facet normal -0.9955619646030772 0.09410831331854246 0
    outer loop
      vertex -11.102365589605657 -5.937599970069291 -1.69
      vertex -11.100591981471519 -5.918837155858794 -1.69
      vertex -11.102365589605657 -5.937599970069291 -1.7
    endloop
  endfacet
  facet normal 0.7501110696304688 0.6613118653236413 0
    outer loop
      vertex -11.631153972832736 -6.091227196924607 -1.69
      vertex -11.618690588226423 -6.105364131778607 -0.19999999999999996
      vertex -11.618690588226423 -6.105364131778607 -1.7
    endloop
  endfacet
  facet normal 0.6613118653236647 0.7501110696304483 0
    outer loop
      vertex -11.605364131778607 -6.118690588226424 -0.19999999999999996
      vertex -11.591227196924608 -6.131153972832737 -1.7
      vertex -11.605364131778607 -6.118690588226424 -1.7
    endloop
  endfacet
  facet normal 0.7071067811865711 0.7071067811865239 0
    outer loop
      vertex -11.605364131778607 -6.118690588226424 -0.19999999999999996
      vertex -11.605364131778607 -6.118690588226424 -1.7
      vertex -11.618690588226423 -6.105364131778607 -1.7
    endloop
  endfacet
  facet normal 0.8270805742745532 0.5620833778521434 0
    outer loop
      vertex -11.642705098312485 -6.076335575687742 -0.19999999999999996
      vertex -11.642705098312485 -6.076335575687742 -1.7
      vertex -11.653298377650605 -6.060748038493699 -1.7
    endloop
  endfacet
  facet normal 0.860742027003963 0.5090414157503388 0
    outer loop
      vertex -11.662892004013159 -6.044526102230515 -0.19999999999999996
      vertex -11.653298377650605 -6.060748038493699 -1.7
      vertex -11.662892004013159 -6.044526102230515 -1.7
    endloop
  endfacet
  facet normal 0.8910065241883449 0.4539904997395918 0
    outer loop
      vertex -11.671448115739807 -6.027733787469522 -0.19999999999999996
      vertex -11.662892004013159 -6.044526102230515 -1.7
      vertex -11.671448115739807 -6.027733787469522 -1.7
    endloop
  endfacet
  facet normal 0.917754625683986 0.39714789063476935 0
    outer loop
      vertex -11.671448115739807 -6.027733787469522 -0.19999999999999996
      vertex -11.671448115739807 -6.027733787469522 -1.7
      vertex -11.678932945766476 -6.010437365805403 -1.7
    endloop
  endfacet
  facet normal 0.9408807689542217 0.338737920245302 0
    outer loop
      vertex -11.685316954888547 -5.992705098312484 -0.19999999999999996
      vertex -11.678932945766476 -6.010437365805403 -1.7
      vertex -11.685316954888547 -5.992705098312484 -1.7
    endloop
  endfacet
  facet normal 0.7901550123756719 0.6129070536530004 0
    outer loop
      vertex -11.631153972832736 -6.091227196924607 -1.69
      vertex -11.642705098312485 -6.076335575687742 -1.7
      vertex -11.642705098312485 -6.076335575687742 -0.19999999999999996
    endloop
  endfacet
  facet normal 0.9759167619387505 0.21814324139652821 0
    outer loop
      vertex -11.69057494833859 -5.974606966149457 -0.19999999999999996
      vertex -11.69057494833859 -5.974606966149457 -1.7
      vertex -11.694686175218607 -5.956214394375718 -1.7
    endloop
  endfacet
  facet normal 0.9876883405951397 0.15643446504021852 0
    outer loop
      vertex -11.697634410394343 -5.937599970069291 -0.19999999999999996
      vertex -11.694686175218607 -5.956214394375718 -1.7
      vertex -11.697634410394343 -5.937599970069291 -1.7
    endloop
  endfacet
  facet normal 0.9955619646030773 0.09410831331854246 0
    outer loop
      vertex -11.697634410394343 -5.937599970069291 -0.19999999999999996
      vertex -11.697634410394343 -5.937599970069291 -1.7
      vertex -11.699408018528482 -5.918837155858794 -1.7
    endloop
  endfacet
  facet normal 0.9995065603657317 0.03141075907812376 0
    outer loop
      vertex -11.699999997019768 -5.900000094832527 -0.19999999999999996
      vertex -11.699408018528482 -5.918837155858794 -1.7
      vertex -11.699999997019768 -5.900000094832527 -1.7
    endloop
  endfacet
  facet normal 0.9602936856769518 0.27899110603919897 0
    outer loop
      vertex -11.685316954888547 -5.992705098312484 -0.19999999999999996
      vertex -11.685316954888547 -5.992705098312484 -1.7
      vertex -11.69057494833859 -5.974606966149457 -1.7
    endloop
  endfacet
  facet normal 0.1564344650402258 0.9876883405951384 0
    outer loop
      vertex -11.456214394375717 -6.194686175218607 -0.19999999999999996
      vertex -11.437599970069291 -6.197634410394343 -1.7
      vertex -11.456214394375717 -6.194686175218607 -1.7
    endloop
  endfacet
  facet normal 0.09410831331854246 0.9955619646030773 0
    outer loop
      vertex -11.418837155858794 -6.199408018528482 -0.19999999999999996
      vertex -11.418837155858794 -6.199408018528482 -1.7
      vertex -11.437599970069291 -6.197634410394343 -1.7
    endloop
  endfacet
  facet normal 0.031410443127266194 0.9995065702948374 1.9858211433733312e-9
    outer loop
      vertex -11.4 -6.199999997019768 -0.19999999999999996
      vertex -11.399999905167473 -6.199999997019768 -1.7
      vertex -11.418837155858794 -6.199408018528482 -1.7
    endloop
  endfacet
  facet normal 0.5620833778520892 0.8270805742745899 0
    outer loop
      vertex -11.5607480384937 -6.1532983776506045 -0.19999999999999996
      vertex -11.5607480384937 -6.1532983776506045 -1.7
      vertex -11.576335575687743 -6.142705098312485 -1.7
    endloop
  endfacet
  facet normal 0.5090414157503736 0.8607420270039423 0
    outer loop
      vertex -11.5607480384937 -6.1532983776506045 -0.19999999999999996
      vertex -11.544526102230515 -6.162892004013159 -1.7
      vertex -11.5607480384937 -6.1532983776506045 -1.7
    endloop
  endfacet
  facet normal 0.6129070536529709 0.7901550123756946 0
    outer loop
      vertex -11.576335575687743 -6.142705098312485 -0.19999999999999996
      vertex -11.576335575687743 -6.142705098312485 -1.7
      vertex -11.591227196924608 -6.131153972832737 -1.7
    endloop
  endfacet
  facet normal 0.39714789063476935 0.917754625683986 0
    outer loop
      vertex -11.510437365805403 -6.1789329457664754 -0.19999999999999996
      vertex -11.510437365805403 -6.1789329457664754 -1.7
      vertex -11.527733787469522 -6.171448115739806 -1.7
    endloop
  endfacet
  facet normal 0.4539904997395544 0.891006524188364 0
    outer loop
      vertex -11.527733787469522 -6.171448115739806 -0.19999999999999996
      vertex -11.527733787469522 -6.171448115739806 -1.7
      vertex -11.544526102230515 -6.162892004013159 -1.7
    endloop
  endfacet
  facet normal 0.338737920245302 0.9408807689542217 0
    outer loop
      vertex -11.510437365805403 -6.1789329457664754 -0.19999999999999996
      vertex -11.492705098312484 -6.185316954888546 -1.7
      vertex -11.510437365805403 -6.1789329457664754 -1.7
    endloop
  endfacet
  facet normal 0.27899110603924243 0.9602936856769393 0
    outer loop
      vertex -11.474606966149457 -6.19057494833859 -0.19999999999999996
      vertex -11.474606966149457 -6.19057494833859 -1.7
      vertex -11.492705098312484 -6.185316954888546 -1.7
    endloop
  endfacet
  facet normal 0.21814324139651822 0.9759167619387529 0
    outer loop
      vertex -11.456214394375717 -6.194686175218607 -0.19999999999999996
      vertex -11.456214394375717 -6.194686175218607 -1.7
      vertex -11.474606966149457 -6.19057494833859 -1.7
    endloop
  endfacet
  facet normal -0.09410831331854244 0.9955619646030772 0
    outer loop
      vertex -11.36240002993071 -6.197634410394343 -0.20999999999999996
      vertex -11.36240002993071 -6.197634410394343 -1.7
      vertex -11.381162844141206 -6.199408018528482 -1.7
    endloop
  endfacet
  facet normal -0.1564344650402258 0.9876883405951385 0
    outer loop
      vertex -11.36240002993071 -6.197634410394343 -0.20999999999999996
      vertex -11.343785605624284 -6.194686175218607 -1.7
      vertex -11.36240002993071 -6.197634410394343 -1.7
    endloop
  endfacet
  facet normal -0.03141075907812524 0.9995065603657316 0
    outer loop
      vertex -11.381162844141206 -6.199408018528482 -0.19999999999999996
      vertex -11.381162844141206 -6.199408018528482 -1.7
      vertex -11.399999905167473 -6.199999997019768 -1.7
    endloop
  endfacet
  facet normal -0.21814324139651822 0.9759167619387529 0
    outer loop
      vertex -11.343785605624284 -6.194686175218607 -0.19999999999999996
      vertex -11.325393033850544 -6.19057494833859 -1.7
      vertex -11.343785605624284 -6.194686175218607 -1.7
    endloop
  endfacet
  facet normal -0.27899110603924243 0.9602936856769393 0
    outer loop
      vertex -11.325393033850544 -6.19057494833859 -0.19999999999999996
      vertex -11.307294901687516 -6.185316954888546 -1.7
      vertex -11.325393033850544 -6.19057494833859 -1.7
    endloop
  endfacet
  facet normal -0.338737920245302 0.9408807689542217 0
    outer loop
      vertex -11.307294901687516 -6.185316954888546 -0.19999999999999996
      vertex -11.289562634194597 -6.1789329457664754 -1.7
      vertex -11.307294901687516 -6.185316954888546 -1.7
    endloop
  endfacet
  facet normal -0.39714789063476935 0.917754625683986 0
    outer loop
      vertex -11.289562634194597 -6.1789329457664754 -0.19999999999999996
      vertex -11.272266212530479 -6.171448115739806 -1.7
      vertex -11.289562634194597 -6.1789329457664754 -1.7
    endloop
  endfacet
  facet normal -0.4539904997395544 0.891006524188364 0
    outer loop
      vertex -11.255473897769486 -6.162892004013159 -0.19999999999999996
      vertex -11.255473897769486 -6.162892004013159 -1.7
      vertex -11.272266212530479 -6.171448115739806 -1.7
    endloop
  endfacet
  facet normal -0.5090414157503736 0.8607420270039423 0
    outer loop
      vertex -11.255473897769486 -6.162892004013159 -0.19999999999999996
      vertex -11.239251961506302 -6.1532983776506045 -1.7
      vertex -11.255473897769486 -6.162892004013159 -1.7
    endloop
  endfacet
  facet normal -0.5620833778520892 0.8270805742745899 0
    outer loop
      vertex -11.223664424312258 -6.142705098312485 -0.19999999999999996
      vertex -11.223664424312258 -6.142705098312485 -1.7
      vertex -11.239251961506302 -6.1532983776506045 -1.7
    endloop
  endfacet
  facet normal -0.6129070536530166 0.7901550123756592 0
    outer loop
      vertex -11.208772803075394 -6.131153972832737 -0.19999999999999996
      vertex -11.208772803075394 -6.131153972832737 -1.7
      vertex -11.223664424312258 -6.142705098312485 -1.7
    endloop
  endfacet
  facet normal -0.661311865323618 0.7501110696304895 0
    outer loop
      vertex -11.208772803075394 -6.131153972832737 -0.19999999999999996
      vertex -11.194635868221393 -6.118690588226424 -1.7
      vertex -11.208772803075394 -6.131153972832737 -1.7
    endloop
  endfacet
  facet normal -0.7071067811865946 0.7071067811865004 0
    outer loop
      vertex -11.194635868221393 -6.118690588226424 -0.19999999999999996
      vertex -11.181309411773578 -6.1053641317786065 -1.7
      vertex -11.194635868221393 -6.118690588226424 -1.7
    endloop
  endfacet
  facet normal -0.7501110696304483 0.6613118653236647 0
    outer loop
      vertex -11.181309411773578 -6.1053641317786065 -0.19999999999999996
      vertex -11.168846027167264 -6.091227196924607 -1.7
      vertex -11.181309411773578 -6.1053641317786065 -1.7
    endloop
  endfacet
  facet normal -0.7901550123756719 0.6129070536530004 0
    outer loop
      vertex -11.168846027167264 -6.091227196924607 -0.19999999999999996
      vertex -11.157294901687516 -6.076335575687742 -1.7
      vertex -11.168846027167264 -6.091227196924607 -1.7
    endloop
  endfacet
  facet normal -0.8270805742745532 0.5620833778521434 0
    outer loop
      vertex -11.157294901687516 -6.076335575687742 -0.19999999999999996
      vertex -11.146701622349395 -6.060748038493699 -1.7
      vertex -11.157294901687516 -6.076335575687742 -1.7
    endloop
  endfacet
  facet normal -0.860742027003963 0.5090414157503388 0
    outer loop
      vertex -11.137107995986842 -6.044526102230515 -0.19999999999999996
      vertex -11.137107995986842 -6.044526102230515 -1.7
      vertex -11.146701622349395 -6.060748038493699 -1.7
    endloop
  endfacet
  facet normal -0.8910065241883449 0.4539904997395918 0
    outer loop
      vertex -11.137107995986842 -6.044526102230515 -0.19999999999999996
      vertex -11.128551884260194 -6.027733787469522 -1.7
      vertex -11.137107995986842 -6.044526102230515 -1.7
    endloop
  endfacet
  facet normal -0.917754625683986 0.39714789063476935 0
    outer loop
      vertex -11.128551884260194 -6.027733787469522 -0.19999999999999996
      vertex -11.121067054233524 -6.010437365805403 -1.7
      vertex -11.128551884260194 -6.027733787469522 -1.7
    endloop
  endfacet
  facet normal -0.9408807689542217 0.338737920245302 0
    outer loop
      vertex -11.114683045111454 -5.992705098312484 -0.19999999999999996
      vertex -11.114683045111454 -5.992705098312484 -1.7
      vertex -11.121067054233524 -6.010437365805403 -1.7
    endloop
  endfacet
  facet normal -0.9602936856769518 0.27899110603919897 0
    outer loop
      vertex -11.114683045111454 -5.992705098312484 -0.19999999999999996
      vertex -11.109425051661411 -5.974606966149457 -1.7
      vertex -11.114683045111454 -5.992705098312484 -1.7
    endloop
  endfacet
  facet normal -0.9759167619387505 0.21814324139652821 0
    outer loop
      vertex -11.109425051661411 -5.974606966149457 -0.19999999999999996
      vertex -11.105313824781394 -5.956214394375718 -1.7
      vertex -11.109425051661411 -5.974606966149457 -1.7
    endloop
  endfacet
  facet normal -0.9876883405951398 0.15643446504021852 0
    outer loop
      vertex -11.102365589605657 -5.937599970069291 -1.69
      vertex -11.105313824781394 -5.956214394375718 -1.7
      vertex -11.102365589605657 -5.937599970069291 -0.19999999999999996
    endloop
  endfacet
  facet normal -0.9995065603657317 0.03141075907812376 0
    outer loop
      vertex -11.100591981471519 -5.918837155858794 -1.69
      vertex -11.100000002980233 -5.900000094832527 -0.19999999999999996
      vertex -11.100000002980233 -5.900000094832527 -1.7
    endloop
  endfacet
  facet normal -0.9955619646030772 0.09410831331854244 0
    outer loop
      vertex -11.102365589605657 -5.937599970069291 -1.69
      vertex -11.100591981471519 -5.918837155858794 -0.19999999999999996
      vertex -11.100591981471519 -5.918837155858794 -1.69
    endloop
  endfacet
  facet normal 1 0 0
    outer loop
      vertex -11.699999997019768 -5.900000094832527 -0.19999999999999996
      vertex -11.699999997019768 -5.900000094832527 -1.7
      vertex -11.699999997019768 5.90000009482715 -1.6999999999993165
    endloop
  endfacet
  facet normal 0.6613118653236647 0.7501110696304483 0
    outer loop
      vertex -11.591227196924608 -6.131153972832737 -0.19999999999999996
      vertex -11.591227196924608 -6.131153972832737 -1.7
      vertex -11.605364131778607 -6.118690588226424 -0.19999999999999996
    endloop
  endfacet
  facet normal 0.7071067811865711 0.7071067811865239 0
    outer loop
      vertex -11.618690588226423 -6.105364131778607 -0.19999999999999996
      vertex -11.605364131778607 -6.118690588226424 -0.19999999999999996
      vertex -11.618690588226423 -6.105364131778607 -1.7
    endloop
  endfacet
  facet normal 0.7501110696304688 0.6613118653236413 0
    outer loop
      vertex -11.631153972832736 -6.091227196924607 -1.69
      vertex -11.631153972832736 -6.091227196924607 -0.19999999999999996
      vertex -11.618690588226423 -6.105364131778607 -0.19999999999999996
    endloop
  endfacet
  facet normal 0.8270805742745532 0.5620833778521434 0
    outer loop
      vertex -11.642705098312485 -6.076335575687742 -0.19999999999999996
      vertex -11.653298377650605 -6.060748038493699 -1.7
      vertex -11.653298377650605 -6.060748038493699 -0.19999999999999996
    endloop
  endfacet
  facet normal 0.860742027003963 0.5090414157503388 0
    outer loop
      vertex -11.662892004013159 -6.044526102230515 -0.19999999999999996
      vertex -11.653298377650605 -6.060748038493699 -0.19999999999999996
      vertex -11.653298377650605 -6.060748038493699 -1.7
    endloop
  endfacet
  facet normal 0.917754625683986 0.39714789063476935 0
    outer loop
      vertex -11.671448115739807 -6.027733787469522 -0.19999999999999996
      vertex -11.678932945766476 -6.010437365805403 -1.7
      vertex -11.678932945766476 -6.010437365805403 -0.19999999999999996
    endloop
  endfacet
  facet normal 0.9408807689542217 0.338737920245302 0
    outer loop
      vertex -11.678932945766476 -6.010437365805403 -0.19999999999999996
      vertex -11.678932945766476 -6.010437365805403 -1.7
      vertex -11.685316954888547 -5.992705098312484 -0.19999999999999996
    endloop
  endfacet
  facet normal 0.8910065241883449 0.4539904997395918 0
    outer loop
      vertex -11.671448115739807 -6.027733787469522 -0.19999999999999996
      vertex -11.662892004013159 -6.044526102230515 -0.19999999999999996
      vertex -11.662892004013159 -6.044526102230515 -1.7
    endloop
  endfacet
  facet normal 0.7901550123756719 0.6129070536530002 0
    outer loop
      vertex -11.631153972832736 -6.091227196924607 -1.69
      vertex -11.642705098312485 -6.076335575687742 -0.19999999999999996
      vertex -11.631153972832736 -6.091227196924607 -0.19999999999999996
    endloop
  endfacet
  facet normal 0.9759167619387505 0.21814324139652821 0
    outer loop
      vertex -11.694686175218607 -5.956214394375718 -0.19999999999999996
      vertex -11.69057494833859 -5.974606966149457 -0.19999999999999996
      vertex -11.694686175218607 -5.956214394375718 -1.7
    endloop
  endfacet
  facet normal 0.9876883405951397 0.15643446504021852 0
    outer loop
      vertex -11.694686175218607 -5.956214394375718 -0.19999999999999996
      vertex -11.694686175218607 -5.956214394375718 -1.7
      vertex -11.697634410394343 -5.937599970069291 -0.19999999999999996
    endloop
  endfacet
  facet normal 0.9955619646030773 0.09410831331854246 0
    outer loop
      vertex -11.697634410394343 -5.937599970069291 -0.19999999999999996
      vertex -11.699408018528482 -5.918837155858794 -1.7
      vertex -11.699408018528482 -5.918837155858794 -0.19999999999999996
    endloop
  endfacet
  facet normal 0.9995065603657317 0.03141075907812376 0
    outer loop
      vertex -11.699408018528482 -5.918837155858794 -0.19999999999999996
      vertex -11.699408018528482 -5.918837155858794 -1.7
      vertex -11.699999997019768 -5.900000094832527 -0.19999999999999996
    endloop
  endfacet
  facet normal 0.9602936856769518 0.27899110603919897 0
    outer loop
      vertex -11.685316954888547 -5.992705098312484 -0.19999999999999996
      vertex -11.69057494833859 -5.974606966149457 -1.7
      vertex -11.69057494833859 -5.974606966149457 -0.19999999999999996
    endloop
  endfacet
  facet normal 0.1564344650402258 0.9876883405951384 0
    outer loop
      vertex -11.456214394375717 -6.194686175218607 -0.19999999999999996
      vertex -11.437599970069291 -6.197634410394343 -0.19999999999999996
      vertex -11.437599970069291 -6.197634410394343 -1.7
    endloop
  endfacet
  facet normal 0.09410831331854246 0.9955619646030773 0
    outer loop
      vertex -11.437599970069291 -6.197634410394343 -0.19999999999999996
      vertex -11.418837155858794 -6.199408018528482 -0.19999999999999996
      vertex -11.437599970069291 -6.197634410394343 -1.7
    endloop
  endfacet
  facet normal 0.031410601101901595 0.999506565330322 0
    outer loop
      vertex -11.418837155858794 -6.199408018528482 -0.19999999999999996
      vertex -11.4 -6.199999997019768 -0.19999999999999996
      vertex -11.418837155858794 -6.199408018528482 -1.7
    endloop
  endfacet
  facet normal -0.031410601101901595 0.999506565330322 -1.9858311307959796e-9
    outer loop
      vertex -11.4 -6.199999997019768 -0.19999999999999996
      vertex -11.381162844141206 -6.199408018528482 -0.19999999999999996
      vertex -11.399999905167473 -6.199999997019768 -1.7
    endloop
  endfacet
  facet normal 0.5620833778520892 0.8270805742745899 0
    outer loop
      vertex -11.576335575687743 -6.142705098312485 -0.19999999999999996
      vertex -11.5607480384937 -6.1532983776506045 -0.19999999999999996
      vertex -11.576335575687743 -6.142705098312485 -1.7
    endloop
  endfacet
  facet normal 0.5090414157503736 0.8607420270039423 0
    outer loop
      vertex -11.544526102230515 -6.162892004013159 -0.19999999999999996
      vertex -11.544526102230515 -6.162892004013159 -1.7
      vertex -11.5607480384937 -6.1532983776506045 -0.19999999999999996
    endloop
  endfacet
  facet normal 0.6129070536529709 0.7901550123756946 0
    outer loop
      vertex -11.576335575687743 -6.142705098312485 -0.19999999999999996
      vertex -11.591227196924608 -6.131153972832737 -1.7
      vertex -11.591227196924608 -6.131153972832737 -0.19999999999999996
    endloop
  endfacet
  facet normal 0.39714789063476935 0.917754625683986 0
    outer loop
      vertex -11.527733787469522 -6.171448115739806 -0.19999999999999996
      vertex -11.510437365805403 -6.1789329457664754 -0.19999999999999996
      vertex -11.527733787469522 -6.171448115739806 -1.7
    endloop
  endfacet
  facet normal 0.4539904997395544 0.891006524188364 0
    outer loop
      vertex -11.544526102230515 -6.162892004013159 -0.19999999999999996
      vertex -11.527733787469522 -6.171448115739806 -0.19999999999999996
      vertex -11.544526102230515 -6.162892004013159 -1.7
    endloop
  endfacet
  facet normal 0.338737920245302 0.9408807689542217 0
    outer loop
      vertex -11.510437365805403 -6.1789329457664754 -0.19999999999999996
      vertex -11.492705098312484 -6.185316954888546 -0.19999999999999996
      vertex -11.492705098312484 -6.185316954888546 -1.7
    endloop
  endfacet
  facet normal 0.21814324139651822 0.9759167619387529 0
    outer loop
      vertex -11.474606966149457 -6.19057494833859 -0.19999999999999996
      vertex -11.456214394375717 -6.194686175218607 -0.19999999999999996
      vertex -11.474606966149457 -6.19057494833859 -1.7
    endloop
  endfacet
  facet normal 0.27899110603924243 0.9602936856769393 0
    outer loop
      vertex -11.492705098312484 -6.185316954888546 -0.19999999999999996
      vertex -11.474606966149457 -6.19057494833859 -0.19999999999999996
      vertex -11.492705098312484 -6.185316954888546 -1.7
    endloop
  endfacet
  facet normal -0.09410831331854246 0.9955619646030773 0
    outer loop
      vertex -11.36240002993071 -6.197634410394343 -0.20999999999999996
      vertex -11.381162844141206 -6.199408018528482 -1.7
      vertex -11.381162844141206 -6.199408018528482 -0.19999999999999996
    endloop
  endfacet
  facet normal -0.1564344650402258 0.9876883405951384 0
    outer loop
      vertex -11.36240002993071 -6.197634410394343 -0.20999999999999996
      vertex -11.343785605624284 -6.194686175218607 -0.19999999999999996
      vertex -11.343785605624284 -6.194686175218607 -1.7
    endloop
  endfacet
  facet normal -0.21814324139651822 0.9759167619387529 0
    outer loop
      vertex -11.343785605624284 -6.194686175218607 -0.19999999999999996
      vertex -11.325393033850544 -6.19057494833859 -0.19999999999999996
      vertex -11.325393033850544 -6.19057494833859 -1.7
    endloop
  endfacet
  facet normal -0.27899110603924243 0.9602936856769393 0
    outer loop
      vertex -11.325393033850544 -6.19057494833859 -0.19999999999999996
      vertex -11.307294901687516 -6.185316954888546 -0.19999999999999996
      vertex -11.307294901687516 -6.185316954888546 -1.7
    endloop
  endfacet
  facet normal -0.338737920245302 0.9408807689542217 0
    outer loop
      vertex -11.289562634194597 -6.1789329457664754 -0.19999999999999996
      vertex -11.289562634194597 -6.1789329457664754 -1.7
      vertex -11.307294901687516 -6.185316954888546 -0.19999999999999996
    endloop
  endfacet
  facet normal -0.39714789063476935 0.917754625683986 0
    outer loop
      vertex -11.289562634194597 -6.1789329457664754 -0.19999999999999996
      vertex -11.272266212530479 -6.171448115739806 -0.19999999999999996
      vertex -11.272266212530479 -6.171448115739806 -1.7
    endloop
  endfacet
  facet normal -0.4539904997395544 0.891006524188364 0
    outer loop
      vertex -11.272266212530479 -6.171448115739806 -0.19999999999999996
      vertex -11.255473897769486 -6.162892004013159 -0.19999999999999996
      vertex -11.272266212530479 -6.171448115739806 -1.7
    endloop
  endfacet
  facet normal -0.5090414157503736 0.8607420270039423 0
    outer loop
      vertex -11.255473897769486 -6.162892004013159 -0.19999999999999996
      vertex -11.239251961506302 -6.1532983776506045 -0.19999999999999996
      vertex -11.239251961506302 -6.1532983776506045 -1.7
    endloop
  endfacet
  facet normal -0.5620833778520892 0.8270805742745899 0
    outer loop
      vertex -11.239251961506302 -6.1532983776506045 -0.19999999999999996
      vertex -11.223664424312258 -6.142705098312485 -0.19999999999999996
      vertex -11.239251961506302 -6.1532983776506045 -1.7
    endloop
  endfacet
  facet normal -0.6129070536530166 0.7901550123756592 0
    outer loop
      vertex -11.223664424312258 -6.142705098312485 -0.19999999999999996
      vertex -11.208772803075394 -6.131153972832737 -0.19999999999999996
      vertex -11.223664424312258 -6.142705098312485 -1.7
    endloop
  endfacet
  facet normal -0.661311865323618 0.7501110696304895 0
    outer loop
      vertex -11.208772803075394 -6.131153972832737 -0.19999999999999996
      vertex -11.194635868221393 -6.118690588226424 -0.19999999999999996
      vertex -11.194635868221393 -6.118690588226424 -1.7
    endloop
  endfacet
  facet normal -0.7071067811865946 0.7071067811865004 0
    outer loop
      vertex -11.194635868221393 -6.118690588226424 -0.19999999999999996
      vertex -11.181309411773578 -6.1053641317786065 -0.19999999999999996
      vertex -11.181309411773578 -6.1053641317786065 -1.7
    endloop
  endfacet
  facet normal -0.7501110696304483 0.6613118653236647 0
    outer loop
      vertex -11.181309411773578 -6.1053641317786065 -0.19999999999999996
      vertex -11.168846027167264 -6.091227196924607 -0.19999999999999996
      vertex -11.168846027167264 -6.091227196924607 -1.7
    endloop
  endfacet
  facet normal -0.7901550123756719 0.6129070536530004 0
    outer loop
      vertex -11.168846027167264 -6.091227196924607 -0.19999999999999996
      vertex -11.157294901687516 -6.076335575687742 -0.19999999999999996
      vertex -11.157294901687516 -6.076335575687742 -1.7
    endloop
  endfacet
  facet normal -0.8270805742745532 0.5620833778521434 0
    outer loop
      vertex -11.157294901687516 -6.076335575687742 -0.19999999999999996
      vertex -11.146701622349395 -6.060748038493699 -0.19999999999999996
      vertex -11.146701622349395 -6.060748038493699 -1.7
    endloop
  endfacet
  facet normal -0.860742027003963 0.5090414157503388 0
    outer loop
      vertex -11.146701622349395 -6.060748038493699 -0.19999999999999996
      vertex -11.137107995986842 -6.044526102230515 -0.19999999999999996
      vertex -11.146701622349395 -6.060748038493699 -1.7
    endloop
  endfacet
  facet normal -0.8910065241883449 0.4539904997395918 0
    outer loop
      vertex -11.137107995986842 -6.044526102230515 -0.19999999999999996
      vertex -11.128551884260194 -6.027733787469522 -0.19999999999999996
      vertex -11.128551884260194 -6.027733787469522 -1.7
    endloop
  endfacet
  facet normal -0.917754625683986 0.39714789063476935 0
    outer loop
      vertex -11.128551884260194 -6.027733787469522 -0.19999999999999996
      vertex -11.121067054233524 -6.010437365805403 -0.19999999999999996
      vertex -11.121067054233524 -6.010437365805403 -1.7
    endloop
  endfacet
  facet normal -0.9408807689542217 0.338737920245302 0
    outer loop
      vertex -11.121067054233524 -6.010437365805403 -0.19999999999999996
      vertex -11.114683045111454 -5.992705098312484 -0.19999999999999996
      vertex -11.121067054233524 -6.010437365805403 -1.7
    endloop
  endfacet
  facet normal -0.9602936856769518 0.27899110603919897 0
    outer loop
      vertex -11.114683045111454 -5.992705098312484 -0.19999999999999996
      vertex -11.109425051661411 -5.974606966149457 -0.19999999999999996
      vertex -11.109425051661411 -5.974606966149457 -1.7
    endloop
  endfacet
  facet normal -0.9759167619387505 0.21814324139652821 0
    outer loop
      vertex -11.109425051661411 -5.974606966149457 -0.19999999999999996
      vertex -11.105313824781394 -5.956214394375718 -0.19999999999999996
      vertex -11.105313824781394 -5.956214394375718 -1.7
    endloop
  endfacet
  facet normal -0.9876883405951397 0.15643446504021852 0
    outer loop
      vertex -11.105313824781394 -5.956214394375718 -0.19999999999999996
      vertex -11.102365589605657 -5.937599970069291 -0.19999999999999996
      vertex -11.105313824781394 -5.956214394375718 -1.7
    endloop
  endfacet
  facet normal -0.9955619646030772 0.09410831331854244 0
    outer loop
      vertex -11.102365589605657 -5.937599970069291 -1.69
      vertex -11.102365589605657 -5.937599970069291 -0.19999999999999996
      vertex -11.100591981471519 -5.918837155858794 -0.19999999999999996
    endloop
  endfacet
  facet normal -0.9995065603657317 0.031410759078123754 0
    outer loop
      vertex -11.100591981471519 -5.918837155858794 -1.69
      vertex -11.100591981471519 -5.918837155858794 -0.19999999999999996
      vertex -11.100000002980233 -5.900000094832527 -0.19999999999999996
    endloop
  endfacet
  facet normal 0 0 -1
    outer loop
      vertex -11.618690588226423 -6.105364131778607 -0.19999999999999996
      vertex -11.642705098312485 -6.076335575687742 -0.19999999999999996
      vertex -11.605364131778607 -6.118690588226424 -0.19999999999999996
    endloop
  endfacet
  facet normal 0 0 -1
    outer loop
      vertex -11.576335575687743 -6.142705098312485 -0.19999999999999996
      vertex -11.591227196924608 -6.131153972832737 -0.19999999999999996
      vertex -11.605364131778607 -6.118690588226424 -0.19999999999999996
    endloop
  endfacet
  facet normal 0 0 -1
    outer loop
      vertex -11.671448115739807 -6.027733787469522 -0.19999999999999996
      vertex -11.642705098312485 -6.076335575687742 -0.19999999999999996
      vertex -11.662892004013159 -6.044526102230515 -0.19999999999999996
    endloop
  endfacet
  facet normal 0 0 -1
    outer loop
      vertex -11.642705098312485 -6.076335575687742 -0.19999999999999996
      vertex -11.653298377650605 -6.060748038493699 -0.19999999999999996
      vertex -11.662892004013159 -6.044526102230515 -0.19999999999999996
    endloop
  endfacet
  facet normal 0 0 -1
    outer loop
      vertex -11.671448115739807 -6.027733787469522 -0.19999999999999996
      vertex -11.678932945766476 -6.010437365805403 -0.19999999999999996
      vertex -11.685316954888547 -5.992705098312484 -0.19999999999999996
    endloop
  endfacet
  facet normal 0 0 -1
    outer loop
      vertex -11.671448115739807 -6.027733787469522 -0.19999999999999996
      vertex -11.685316954888547 -5.992705098312484 -0.19999999999999996
      vertex -11.69057494833859 -5.974606966149457 -0.19999999999999996
    endloop
  endfacet
  facet normal 0 0 -1
    outer loop
      vertex -11.671448115739807 -6.027733787469522 -0.19999999999999996
      vertex -11.699999997019768 -5.900000094832527 -0.19999999999999996
      vertex -11.605364131778607 -6.118690588226424 -0.19999999999999996
    endloop
  endfacet
  facet normal 0 0 -1
    outer loop
      vertex -11.618690588226423 -6.105364131778607 -0.19999999999999996
      vertex -11.631153972832736 -6.091227196924607 -0.19999999999999996
      vertex -11.642705098312485 -6.076335575687742 -0.19999999999999996
    endloop
  endfacet
  facet normal 0 0 -1
    outer loop
      vertex -11.671448115739807 -6.027733787469522 -0.19999999999999996
      vertex -11.605364131778607 -6.118690588226424 -0.19999999999999996
      vertex -11.642705098312485 -6.076335575687742 -0.19999999999999996
    endloop
  endfacet
  facet normal 0 0 -1
    outer loop
      vertex -11.694686175218607 -5.956214394375718 -0.19999999999999996
      vertex -11.697634410394343 -5.937599970069291 -0.19999999999999996
      vertex -11.69057494833859 -5.974606966149457 -0.19999999999999996
    endloop
  endfacet
  facet normal 0 0 -1
    outer loop
      vertex -11.697634410394343 -5.937599970069291 -0.19999999999999996
      vertex -11.699999997019768 -5.900000094832527 -0.19999999999999996
      vertex -11.69057494833859 -5.974606966149457 -0.19999999999999996
    endloop
  endfacet
  facet normal 0 0 -1
    outer loop
      vertex -11.697634410394343 -5.937599970069291 -0.19999999999999996
      vertex -11.699408018528482 -5.918837155858794 -0.19999999999999996
      vertex -11.699999997019768 -5.900000094832527 -0.19999999999999996
    endloop
  endfacet
  facet normal 0 0 -1
    outer loop
      vertex -11.671448115739807 -6.027733787469522 -0.19999999999999996
      vertex -11.69057494833859 -5.974606966149457 -0.19999999999999996
      vertex -11.699999997019768 -5.900000094832527 -0.19999999999999996
    endloop
  endfacet
  facet normal 0 0 -1
    outer loop
      vertex -11.456214394375717 -6.194686175218607 -0.19999999999999996
      vertex -11.418837155858794 -6.199408018528482 -0.19999999999999996
      vertex -11.437599970069291 -6.197634410394343 -0.19999999999999996
    endloop
  endfacet
  facet normal 0 0 -1
    outer loop
      vertex -11.456214394375717 -6.194686175218607 -0.19999999999999996
      vertex -11.4 -6.199999997019768 -0.19999999999999996
      vertex -11.418837155858794 -6.199408018528482 -0.19999999999999996
    endloop
  endfacet
  facet normal 0 0 -1
    outer loop
      vertex -11.544526102230515 -6.162892004013159 -0.19999999999999996
      vertex -11.5607480384937 -6.1532983776506045 -0.19999999999999996
      vertex -11.527733787469522 -6.171448115739806 -0.19999999999999996
    endloop
  endfacet
  facet normal 0 0 -1
    outer loop
      vertex -11.5607480384937 -6.1532983776506045 -0.19999999999999996
      vertex -11.605364131778607 -6.118690588226424 -0.19999999999999996
      vertex -11.510437365805403 -6.1789329457664754 -0.19999999999999996
    endloop
  endfacet
  facet normal 0 0 -1
    outer loop
      vertex -11.576335575687743 -6.142705098312485 -0.19999999999999996
      vertex -11.605364131778607 -6.118690588226424 -0.19999999999999996
      vertex -11.5607480384937 -6.1532983776506045 -0.19999999999999996
    endloop
  endfacet
  facet normal 0 0 -1
    outer loop
      vertex -11.5607480384937 -6.1532983776506045 -0.19999999999999996
      vertex -11.510437365805403 -6.1789329457664754 -0.19999999999999996
      vertex -11.527733787469522 -6.171448115739806 -0.19999999999999996
    endloop
  endfacet
  facet normal 0 0 -1
    outer loop
      vertex -11.510437365805403 -6.1789329457664754 -0.19999999999999996
      vertex -11.474606966149457 -6.19057494833859 -0.19999999999999996
      vertex -11.492705098312484 -6.185316954888546 -0.19999999999999996
    endloop
  endfacet
  facet normal 0 0 -1
    outer loop
      vertex -11.510437365805403 -6.1789329457664754 -0.19999999999999996
      vertex -11.605364131778607 -6.118690588226424 -0.19999999999999996
      vertex -11.4 -6.199999997019768 -0.19999999999999996
    endloop
  endfacet
  facet normal 0 0 -1
    outer loop
      vertex -11.699999997019768 -5.900000094832527 -0.19999999999999996
      vertex -11.4 -6.199999997019768 -0.19999999999999996
      vertex -11.605364131778607 -6.118690588226424 -0.19999999999999996
    endloop
  endfacet
  facet normal 0 0 -1
    outer loop
      vertex -11.510437365805403 -6.1789329457664754 -0.19999999999999996
      vertex -11.456214394375717 -6.194686175218607 -0.19999999999999996
      vertex -11.474606966149457 -6.19057494833859 -0.19999999999999996
    endloop
  endfacet
  facet normal 0 0 -1
    outer loop
      vertex -11.510437365805403 -6.1789329457664754 -0.19999999999999996
      vertex -11.4 -6.199999997019768 -0.19999999999999996
      vertex -11.456214394375717 -6.194686175218607 -0.19999999999999996
    endloop
  endfacet
  facet normal -0.09410831331854246 0.9955619646030772 0
    outer loop
      vertex -11.36240002993071 -6.197634410394343 -0.20999999999999996
      vertex -11.381162844141206 -6.199408018528482 -0.19999999999999996
      vertex -11.36240002993071 -6.197634410394343 -0.19999999999999996
    endloop
  endfacet
  facet normal 0 0 -1
    outer loop
      vertex -11.4 -6.199999997019768 -0.19999999999999996
      vertex -11.343785605624284 -6.194686175218607 -0.19999999999999996
      vertex -11.381162844141206 -6.199408018528482 -0.19999999999999996
    endloop
  endfacet
  facet normal -0.1564344650402258 0.9876883405951385 0
    outer loop
      vertex -11.36240002993071 -6.197634410394343 -0.20999999999999996
      vertex -11.36240002993071 -6.197634410394343 -0.19999999999999996
      vertex -11.343785605624284 -6.194686175218607 -0.19999999999999996
    endloop
  endfacet
  facet normal 0 0 -1
    outer loop
      vertex -11.381162844141206 -6.199408018528482 -0.19999999999999996
      vertex -11.343785605624284 -6.194686175218607 -0.19999999999999996
      vertex -11.36240002993071 -6.197634410394343 -0.19999999999999996
    endloop
  endfacet
  facet normal 0 0 -1
    outer loop
      vertex -11.4 -6.199999997019768 -0.19999999999999996
      vertex -11.289562634194597 -6.1789329457664754 -0.19999999999999996
      vertex -11.343785605624284 -6.194686175218607 -0.19999999999999996
    endloop
  endfacet
  facet normal 0 0 -1
    outer loop
      vertex -11.343785605624284 -6.194686175218607 -0.19999999999999996
      vertex -11.289562634194597 -6.1789329457664754 -0.19999999999999996
      vertex -11.325393033850544 -6.19057494833859 -0.19999999999999996
    endloop
  endfacet
  facet normal 0 0 -1
    outer loop
      vertex -11.325393033850544 -6.19057494833859 -0.19999999999999996
      vertex -11.289562634194597 -6.1789329457664754 -0.19999999999999996
      vertex -11.307294901687516 -6.185316954888546 -0.19999999999999996
    endloop
  endfacet
  facet normal 0 0 -1
    outer loop
      vertex -11.4 -6.199999997019768 -0.19999999999999996
      vertex -11.194635868221393 -6.118690588226424 -0.19999999999999996
      vertex -11.289562634194597 -6.1789329457664754 -0.19999999999999996
    endloop
  endfacet
  facet normal 0 0 -1
    outer loop
      vertex -11.289562634194597 -6.1789329457664754 -0.19999999999999996
      vertex -11.255473897769486 -6.162892004013159 -0.19999999999999996
      vertex -11.272266212530479 -6.171448115739806 -0.19999999999999996
    endloop
  endfacet
  facet normal 0 0 -1
    outer loop
      vertex -11.289562634194597 -6.1789329457664754 -0.19999999999999996
      vertex -11.239251961506302 -6.1532983776506045 -0.19999999999999996
      vertex -11.255473897769486 -6.162892004013159 -0.19999999999999996
    endloop
  endfacet
  facet normal 0 0 -1
    outer loop
      vertex -11.289562634194597 -6.1789329457664754 -0.19999999999999996
      vertex -11.194635868221393 -6.118690588226424 -0.19999999999999996
      vertex -11.239251961506302 -6.1532983776506045 -0.19999999999999996
    endloop
  endfacet
  facet normal 0 0 -1
    outer loop
      vertex -11.239251961506302 -6.1532983776506045 -0.19999999999999996
      vertex -11.208772803075394 -6.131153972832737 -0.19999999999999996
      vertex -11.223664424312258 -6.142705098312485 -0.19999999999999996
    endloop
  endfacet
  facet normal 0 0 -1
    outer loop
      vertex -11.239251961506302 -6.1532983776506045 -0.19999999999999996
      vertex -11.194635868221393 -6.118690588226424 -0.19999999999999996
      vertex -11.208772803075394 -6.131153972832737 -0.19999999999999996
    endloop
  endfacet
  facet normal 0 0 -1
    outer loop
      vertex -11.4 -6.199999997019768 -0.19999999999999996
      vertex -11.100000002980233 -5.900000094832527 -0.19999999999999996
      vertex -11.194635868221393 -6.118690588226424 -0.19999999999999996
    endloop
  endfacet
  facet normal 0 0 -1
    outer loop
      vertex -11.194635868221393 -6.118690588226424 -0.19999999999999996
      vertex -11.168846027167264 -6.091227196924607 -0.19999999999999996
      vertex -11.181309411773578 -6.1053641317786065 -0.19999999999999996
    endloop
  endfacet
  facet normal 0 0 -1
    outer loop
      vertex -11.194635868221393 -6.118690588226424 -0.19999999999999996
      vertex -11.157294901687516 -6.076335575687742 -0.19999999999999996
      vertex -11.168846027167264 -6.091227196924607 -0.19999999999999996
    endloop
  endfacet
  facet normal 0 0 -1
    outer loop
      vertex -11.194635868221393 -6.118690588226424 -0.19999999999999996
      vertex -11.128551884260194 -6.027733787469522 -0.19999999999999996
      vertex -11.157294901687516 -6.076335575687742 -0.19999999999999996
    endloop
  endfacet
  facet normal 0 0 -1
    outer loop
      vertex -11.157294901687516 -6.076335575687742 -0.19999999999999996
      vertex -11.137107995986842 -6.044526102230515 -0.19999999999999996
      vertex -11.146701622349395 -6.060748038493699 -0.19999999999999996
    endloop
  endfacet
  facet normal 0 0 -1
    outer loop
      vertex -11.157294901687516 -6.076335575687742 -0.19999999999999996
      vertex -11.128551884260194 -6.027733787469522 -0.19999999999999996
      vertex -11.137107995986842 -6.044526102230515 -0.19999999999999996
    endloop
  endfacet
  facet normal 0 0 -1
    outer loop
      vertex -11.194635868221393 -6.118690588226424 -0.19999999999999996
      vertex -11.100000002980233 -5.900000094832527 -0.19999999999999996
      vertex -11.128551884260194 -6.027733787469522 -0.19999999999999996
    endloop
  endfacet
  facet normal 0 0 -1
    outer loop
      vertex -11.128551884260194 -6.027733787469522 -0.19999999999999996
      vertex -11.114683045111454 -5.992705098312484 -0.19999999999999996
      vertex -11.121067054233524 -6.010437365805403 -0.19999999999999996
    endloop
  endfacet
  facet normal 0 0 -1
    outer loop
      vertex -11.128551884260194 -6.027733787469522 -0.19999999999999996
      vertex -11.109425051661411 -5.974606966149457 -0.19999999999999996
      vertex -11.114683045111454 -5.992705098312484 -0.19999999999999996
    endloop
  endfacet
  facet normal 0 0 -1
    outer loop
      vertex -11.128551884260194 -6.027733787469522 -0.19999999999999996
      vertex -11.100000002980233 -5.900000094832527 -0.19999999999999996
      vertex -11.109425051661411 -5.974606966149457 -0.19999999999999996
    endloop
  endfacet
  facet normal 0 0 -1
    outer loop
      vertex -11.109425051661411 -5.974606966149457 -0.19999999999999996
      vertex -11.102365589605657 -5.937599970069291 -0.19999999999999996
      vertex -11.105313824781394 -5.956214394375718 -0.19999999999999996
    endloop
  endfacet
  facet normal 0 0 -1
    outer loop
      vertex -11.109425051661411 -5.974606966149457 -0.19999999999999996
      vertex -11.100000002980233 -5.900000094832527 -0.19999999999999996
      vertex -11.102365589605657 -5.937599970069291 -0.19999999999999996
    endloop
  endfacet
  facet normal 0 0 -1
    outer loop
      vertex -11.102365589605657 -5.937599970069291 -0.19999999999999996
      vertex -11.100000002980233 -5.900000094832527 -0.19999999999999996
      vertex -11.100591981471519 -5.918837155858794 -0.19999999999999996
    endloop
  endfacet
  facet normal -1 0 0
    outer loop
      vertex -11.100000002980233 -5.900000094832527 -0.19999999999999996
      vertex -11.100000002980233 5.900000094832527 -0.19999999999999996
      vertex -11.100000002980233 -5.900000094832527 -1.7
    endloop
  endfacet
  facet normal 0 0 -1
    outer loop
      vertex -11.699999997019768 -5.900000094832527 -0.19999999999999996
      vertex -11.699999997019768 5.900000094832527 -0.19999999999999996
      vertex -11.4 -6.199999997019768 -0.19999999999999996
    endloop
  endfacet
  facet normal 0 0 -1
    outer loop
      vertex -11.4 -6.199999997019768 -0.19999999999999996
      vertex -11.100000002980233 5.900000094832527 -0.19999999999999996
      vertex -11.100000002980233 -5.900000094832527 -0.19999999999999996
    endloop
  endfacet
  facet normal -1 0 0
    outer loop
      vertex -11.100000002980233 5.900000094832527 -0.19999999999999996
      vertex -11.100000002980233 5.900000094832533 -1.6999999999994773
      vertex -11.100000002980233 -5.900000094832527 -1.7
    endloop
  endfacet
  facet normal -0.03141075907812524 -0.9995065603657317 0
    outer loop
      vertex -11.381162844141206 6.199408018528482 -1.69
      vertex -11.399999905167473 6.199999997019768 -1.6999999999993776
      vertex -11.381162844141206 6.199408018528482 -1.6999999999993827
    endloop
  endfacet
  facet normal -0.09410831331855736 -0.995561964603076 0
    outer loop
      vertex -11.381162844141206 6.199408018528482 -1.69
      vertex -11.381162844141206 6.199408018528482 -1.6999999999993827
      vertex -11.362400029931859 6.197634410394452 -1.6999999999993878
    endloop
  endfacet
  facet normal 0.9995065603660128 -0.03141075906918121 1.1259777430729758e-13
    outer loop
      vertex -11.699999997019768 5.900000094832527 -0.19999999999999996
      vertex -11.699999997019768 5.90000009482715 -1.6999999999993165
      vertex -11.699408018528482 5.918837155858785 -1.6999999999993154
    endloop
  endfacet
  facet normal 0.9955619646030773 -0.09410831331854244 5.572331533596362e-16
    outer loop
      vertex -11.699408018528482 5.918837155858794 -0.19999999999999996
      vertex -11.699408018528482 5.918837155858785 -1.6999999999993154
      vertex -11.697634410394343 5.937599970069282 -1.6999999999993147
    endloop
  endfacet
  facet normal 0.9876883405951543 -0.15643446504012656 9.262781063069172e-16
    outer loop
      vertex -11.697634410394343 5.937599970069291 -0.19999999999999996
      vertex -11.697634410394343 5.937599970069282 -1.6999999999993147
      vertex -11.694686175218608 5.956214394375709 -1.6999999999993143
    endloop
  endfacet
  facet normal 0.975916761938753 -0.21814324139651767 0
    outer loop
      vertex -11.69057494833859 5.974606966149457 -0.19999999999999996
      vertex -11.694686175218608 5.956214394375709 -1.6999999999993143
      vertex -11.69057494833859 5.974606966149457 -1.6999999999993143
    endloop
  endfacet
  facet normal 0.9602936856769441 -0.2789911060392257 0
    outer loop
      vertex -11.69057494833859 5.974606966149457 -0.19999999999999996
      vertex -11.69057494833859 5.974606966149457 -1.6999999999993143
      vertex -11.685316954888549 5.992705098312476 -1.6999999999993145
    endloop
  endfacet
  facet normal 0.9408807689542457 -0.33873792024523525 0
    outer loop
      vertex -11.678932945766476 6.010437365805404 -0.19999999999999996
      vertex -11.685316954888549 5.992705098312476 -1.6999999999993145
      vertex -11.678932945766476 6.010437365805404 -1.699999999999315
    endloop
  endfacet
  facet normal 0.9177546256839786 -0.39714789063478656 0
    outer loop
      vertex -11.671448115739807 6.027733787469522 -0.19999999999999996
      vertex -11.678932945766476 6.010437365805404 -1.699999999999315
      vertex -11.671448115739807 6.027733787469522 -1.6999999999993158
    endloop
  endfacet
  facet normal 0.8910065241883337 -0.4539904997396137 0
    outer loop
      vertex -11.671448115739807 6.027733787469522 -0.19999999999999996
      vertex -11.671448115739807 6.027733787469522 -1.6999999999993158
      vertex -11.662892004013163 6.044526102230507 -1.6999999999993172
    endloop
  endfacet
  facet normal 0.8607420270039902 -0.5090414157502925 0
    outer loop
      vertex -11.653298377650605 6.060748038493699 -0.19999999999999996
      vertex -11.662892004013163 6.044526102230507 -1.6999999999993172
      vertex -11.653298377650605 6.060748038493699 -1.6999999999993187
    endloop
  endfacet
  facet normal 0.8270805742745532 -0.5620833778521434 0
    outer loop
      vertex -11.642705098312485 6.076335575687742 -0.19999999999999996
      vertex -11.653298377650605 6.060748038493699 -1.6999999999993187
      vertex -11.642705098312485 6.076335575687742 -1.6999999999993205
    endloop
  endfacet
  facet normal 0.7901550123756672 -0.6129070536530065 0
    outer loop
      vertex -11.642705098312485 6.076335575687742 -0.19999999999999996
      vertex -11.642705098312485 6.076335575687742 -1.6999999999993205
      vertex -11.631153972832742 6.0912271969246 -1.6999999999993225
    endloop
  endfacet
  facet normal 0.7501110696304729 -0.6613118653236367 0
    outer loop
      vertex -11.618690588226423 6.1053641317786065 -0.19999999999999996
      vertex -11.631153972832742 6.0912271969246 -1.6999999999993225
      vertex -11.618690588226423 6.1053641317786065 -1.699999999999325
    endloop
  endfacet
  facet normal 0.7071067811865946 -0.7071067811865004 0
    outer loop
      vertex -11.605364131778607 6.118690588226424 -0.19999999999999996
      vertex -11.618690588226423 6.1053641317786065 -1.699999999999325
      vertex -11.605364131778607 6.118690588226424 -1.6999999999993276
    endloop
  endfacet
  facet normal 0.6613118653236927 -0.7501110696304236 0
    outer loop
      vertex -11.605364131778607 6.118690588226424 -0.19999999999999996
      vertex -11.605364131778607 6.118690588226424 -1.6999999999993276
      vertex -11.591227196924615 6.131153972832732 -1.6999999999993307
    endloop
  endfacet
  facet normal 0.612907053652971 -0.7901550123756946 -9.611651028842984e-17
    outer loop
      vertex -11.591227196924608 6.131153972832737 -0.19999999999999996
      vertex -11.591227196924615 6.131153972832732 -1.6999999999993307
      vertex -11.57633557568775 6.142705098312479 -1.699999999999334
    endloop
  endfacet
  facet normal 0.5620833778521396 -0.8270805742745557 0
    outer loop
      vertex -11.5607480384937 6.153298377650605 -0.19999999999999996
      vertex -11.57633557568775 6.142705098312479 -1.699999999999334
      vertex -11.5607480384937 6.153298377650605 -1.6999999999993374
    endloop
  endfacet
  facet normal 0.5090414157503294 -0.8607420270039684 0
    outer loop
      vertex -11.5607480384937 6.153298377650605 -0.19999999999999996
      vertex -11.5607480384937 6.153298377650605 -1.6999999999993374
      vertex -11.544526102230522 6.1628920040131545 -1.6999999999993411
    endloop
  endfacet
  facet normal 0.45399049973958894 -0.8910065241883464 0
    outer loop
      vertex -11.527733787469522 6.171448115739806 -0.19999999999999996
      vertex -11.544526102230522 6.1628920040131545 -1.6999999999993411
      vertex -11.527733787469522 6.171448115739806 -1.6999999999993451
    endloop
  endfacet
  facet normal 0.39714789063476935 -0.917754625683986 0
    outer loop
      vertex -11.510437365805403 6.1789329457664754 -0.19999999999999996
      vertex -11.527733787469522 6.171448115739806 -1.6999999999993451
      vertex -11.510437365805403 6.1789329457664754 -1.6999999999993494
    endloop
  endfacet
  facet normal 0.33873792024529703 -0.9408807689542235 0
    outer loop
      vertex -11.510437365805403 6.1789329457664754 -0.19999999999999996
      vertex -11.510437365805403 6.1789329457664754 -1.6999999999993494
      vertex -11.492705098312491 6.185316954888544 -1.6999999999993536
    endloop
  endfacet
  facet normal 0.2789911060392718 -0.9602936856769307 0
    outer loop
      vertex -11.474606966149457 6.19057494833859 -0.19999999999999996
      vertex -11.492705098312491 6.185316954888544 -1.6999999999993536
      vertex -11.474606966149457 6.19057494833859 -1.699999999999358
    endloop
  endfacet
  facet normal 0.21814324139651817 -0.9759167619387528 0
    outer loop
      vertex -11.456214394375717 6.194686175218607 -0.19999999999999996
      vertex -11.474606966149457 6.19057494833859 -1.699999999999358
      vertex -11.456214394375717 6.194686175218607 -1.6999999999993627
    endloop
  endfacet
  facet normal 0.15643446504023806 -0.9876883405951365 0
    outer loop
      vertex -11.456214394375717 6.194686175218607 -0.19999999999999996
      vertex -11.456214394375717 6.194686175218607 -1.6999999999993627
      vertex -11.437599970069298 6.197634410394342 -1.6999999999993676
    endloop
  endfacet
  facet normal 0.09410831331855385 -0.9955619646030763 0
    outer loop
      vertex -11.418837155858794 6.199408018528482 -0.19999999999999996
      vertex -11.437599970069298 6.197634410394342 -1.6999999999993676
      vertex -11.418837155858794 6.199408018528482 -1.6999999999993725
    endloop
  endfacet
  facet normal 0.0314104431272662 -0.9995065702948374 0
    outer loop
      vertex -11.399999905167473 6.199999997019768 -0.19999999999999996
      vertex -11.418837155858794 6.199408018528482 -1.6999999999993725
      vertex -11.399999905167473 6.199999997019768 -1.6999999999993776
    endloop
  endfacet
  facet normal -0.03141075907812524 -0.9995065603657316 0
    outer loop
      vertex -11.381162844141206 6.199408018528482 -1.69
      vertex -11.399999905167473 6.199999997019768 -0.19999999999999996
      vertex -11.399999905167473 6.199999997019768 -1.6999999999993776
    endloop
  endfacet
  facet normal -0.2181432413965182 -0.9759167619387528 0
    outer loop
      vertex -11.325393033850544 6.19057494833859 -0.19999999999999996
      vertex -11.343785605624284 6.194686175218607 -1.6999999999993929
      vertex -11.325393033850544 6.19057494833859 -1.699999999999398
    endloop
  endfacet
  facet normal -0.27899110603924243 -0.9602936856769393 0
    outer loop
      vertex -11.307294901687516 6.185316954888546 -0.19999999999999996
      vertex -11.325393033850544 6.19057494833859 -1.699999999999398
      vertex -11.307294901687516 6.185316954888546 -1.6999999999994033
    endloop
  endfacet
  facet normal -0.33873792024530197 -0.9408807689542217 0
    outer loop
      vertex -11.289562634194597 6.1789329457664754 -0.19999999999999996
      vertex -11.307294901687516 6.185316954888546 -1.6999999999994033
      vertex -11.289562634194597 6.1789329457664754 -1.6999999999994084
    endloop
  endfacet
  facet normal -0.45399049973955724 -0.8910065241883625 0
    outer loop
      vertex -11.272266212530479 6.171448115739806 -0.19999999999999996
      vertex -11.272266212530479 6.171448115739806 -1.6999999999994135
      vertex -11.255473897769493 6.1628920040131625 -1.6999999999994186
    endloop
  endfacet
  facet normal -0.3971478906347694 -0.917754625683986 0
    outer loop
      vertex -11.272266212530479 6.171448115739806 -0.19999999999999996
      vertex -11.289562634194597 6.1789329457664754 -1.6999999999994084
      vertex -11.272266212530479 6.171448115739806 -1.6999999999994135
    endloop
  endfacet
  facet normal -0.5090414157503481 -0.8607420270039574 0
    outer loop
      vertex -11.239251961506302 6.1532983776506045 -0.19999999999999996
      vertex -11.255473897769493 6.1628920040131625 -1.6999999999994186
      vertex -11.239251961506302 6.1532983776506045 -1.6999999999994235
    endloop
  endfacet
  facet normal -0.6129070536530166 -0.7901550123756593 -1.618454940201636e-16
    outer loop
      vertex -11.223664424312258 6.142705098312485 -0.19999999999999996
      vertex -11.223664424312263 6.142705098312489 -1.6999999999994284
      vertex -11.2087728030754 6.131153972832742 -1.699999999999433
    endloop
  endfacet
  facet normal -0.661311865323618 -0.7501110696304895 1.286768284750783e-16
    outer loop
      vertex -11.208772803075394 6.131153972832737 -0.19999999999999996
      vertex -11.2087728030754 6.131153972832742 -1.699999999999433
      vertex -11.194635868221399 6.118690588226428 -1.6999999999994377
    endloop
  endfacet
  facet normal -0.5620833778520595 -0.8270805742746102 0
    outer loop
      vertex -11.239251961506302 6.1532983776506045 -0.19999999999999996
      vertex -11.239251961506302 6.1532983776506045 -1.6999999999994235
      vertex -11.223664424312263 6.142705098312489 -1.6999999999994284
    endloop
  endfacet
  facet normal -0.09410831331855725 -0.995561964603076 1.881650698748719e-16
    outer loop
      vertex -11.381162844141206 6.199408018528482 -1.69
      vertex -11.362400029931859 6.197634410394452 -1.6999999999993878
      vertex -11.36240002993071 6.197634410394343 -0.19999999999999996
    endloop
  endfacet
  facet normal -0.1564344650364123 -0.9876883405957425 0
    outer loop
      vertex -11.343785605624284 6.194686175218607 -0.19999999999999996
      vertex -11.362400029931859 6.197634410394452 -1.6999999999993878
      vertex -11.343785605624284 6.194686175218607 -1.6999999999993929
    endloop
  endfacet
  facet normal -0.9995065603657315 -0.03141075907813412 0
    outer loop
      vertex -11.100591981471519 5.918837155858794 -0.20999999999999996
      vertex -11.100591981471519 5.918837155858794 -1.699999999999476
      vertex -11.100000002980233 5.900000094832533 -1.6999999999994773
    endloop
  endfacet
  facet normal -0.9955619646030716 -0.09410831331860497 0
    outer loop
      vertex -11.100591981471519 5.918837155858794 -0.20999999999999996
      vertex -11.10236558960566 5.937599970069297 -1.6999999999994742
      vertex -11.100591981471519 5.918837155858794 -1.699999999999476
    endloop
  endfacet
  facet normal -0.9876883405951461 -0.15643446504017755 0
    outer loop
      vertex -11.105313824781394 5.956214394375718 -0.20999999999999996
      vertex -11.105313824781394 5.956214394375718 -1.6999999999994722
      vertex -11.10236558960566 5.937599970069297 -1.6999999999994742
    endloop
  endfacet
  facet normal -0.9759167619387505 -0.21814324139652824 0
    outer loop
      vertex -11.105313824781394 5.956214394375718 -0.20999999999999996
      vertex -11.109425051661411 5.974606966149457 -1.69999999999947
      vertex -11.105313824781394 5.956214394375718 -1.6999999999994722
    endloop
  endfacet
  facet normal -0.9602936856769523 -0.27899110603919747 0
    outer loop
      vertex -11.109425051661411 5.974606966149457 -0.19999999999999996
      vertex -11.114683045111455 5.9927050983124905 -1.6999999999994673
      vertex -11.109425051661411 5.974606966149457 -1.69999999999947
    endloop
  endfacet
  facet normal -0.7901550123756569 -0.6129070536530197 0
    outer loop
      vertex -11.168846027167264 6.091227196924607 -0.20999999999999996
      vertex -11.168846027167264 6.091227196924607 -1.6999999999994464
      vertex -11.15729490168752 6.0763355756877475 -1.6999999999994504
    endloop
  endfacet
  facet normal -0.8270805742745532 -0.5620833778521434 -3.800099199146162e-17
    outer loop
      vertex -11.157294901687516 6.076335575687742 -0.19999999999999996
      vertex -11.15729490168752 6.0763355756877475 -1.6999999999994504
      vertex -11.146701622349399 6.0607480384937045 -1.6999999999994544
    endloop
  endfacet
  facet normal -0.9408807689542139 -0.3387379202453238 0
    outer loop
      vertex -11.121067054233524 6.010437365805403 -0.20999999999999996
      vertex -11.121067054233524 6.010437365805403 -1.6999999999994644
      vertex -11.114683045111455 5.9927050983124905 -1.6999999999994673
    endloop
  endfacet
  facet normal -0.9177546256839695 -0.3971478906348079 0
    outer loop
      vertex -11.121067054233524 6.010437365805403 -0.20999999999999996
      vertex -11.128551884260197 6.027733787469528 -1.6999999999994613
      vertex -11.121067054233524 6.010437365805403 -1.6999999999994644
    endloop
  endfacet
  facet normal -0.8910065241883531 -0.4539904997395756 0
    outer loop
      vertex -11.137107995986842 6.044526102230515 -0.20999999999999996
      vertex -11.137107995986842 6.044526102230515 -1.699999999999458
      vertex -11.128551884260197 6.027733787469528 -1.6999999999994613
    endloop
  endfacet
  facet normal -0.8607420270039535 -0.5090414157503544 0
    outer loop
      vertex -11.137107995986842 6.044526102230515 -0.20999999999999996
      vertex -11.146701622349399 6.0607480384937045 -1.6999999999994544
      vertex -11.137107995986842 6.044526102230515 -1.699999999999458
    endloop
  endfacet
  facet normal -0.7501110696304316 -0.6613118653236835 0
    outer loop
      vertex -11.168846027167264 6.091227196924607 -0.20999999999999996
      vertex -11.181309411773583 6.105364131778612 -1.6999999999994422
      vertex -11.168846027167264 6.091227196924607 -1.6999999999994464
    endloop
  endfacet
  facet normal -0.7071067811865711 -0.707106781186524 4.186913223159838e-16
    outer loop
      vertex -11.194635868221393 6.118690588226424 -0.19999999999999996
      vertex -11.194635868221399 6.118690588226428 -1.6999999999994377
      vertex -11.181309411773583 6.105364131778612 -1.6999999999994422
    endloop
  endfacet
  facet normal 1 0 0
    outer loop
      vertex -11.699999997019768 -5.900000094832527 -0.19999999999999996
      vertex -11.699999997019768 5.90000009482715 -1.6999999999993165
      vertex -11.699999997019768 5.900000094832527 -0.19999999999999996
    endloop
  endfacet
  facet normal 0 0 -1
    outer loop
      vertex -11.4 -6.199999997019768 -0.19999999999999996
      vertex -11.699999997019768 5.900000094832527 -0.19999999999999996
      vertex -11.100000002980233 5.900000094832527 -0.19999999999999996
    endloop
  endfacet
  facet normal 0.9995065603657316 -0.03141075907812376 1.8594877427664274e-16
    outer loop
      vertex -11.699999997019768 5.900000094832527 -0.19999999999999996
      vertex -11.699408018528482 5.918837155858785 -1.6999999999993154
      vertex -11.699408018528482 5.918837155858794 -0.19999999999999996
    endloop
  endfacet
  facet normal 0.9955619646030773 -0.09410831331854247 5.573041878120765e-16
    outer loop
      vertex -11.699408018528482 5.918837155858794 -0.19999999999999996
      vertex -11.697634410394343 5.937599970069282 -1.6999999999993147
      vertex -11.697634410394343 5.937599970069291 -0.19999999999999996
    endloop
  endfacet
  facet normal 0.9876883405951397 -0.1564344650402185 -2.435359375557175e-16
    outer loop
      vertex -11.697634410394343 5.937599970069291 -0.19999999999999996
      vertex -11.694686175218608 5.956214394375709 -1.6999999999993143
      vertex -11.694686175218607 5.956214394375718 -0.19999999999999996
    endloop
  endfacet
  facet normal 0.9759167619387505 -0.21814324139652824 1.359498529087743e-16
    outer loop
      vertex -11.694686175218607 5.956214394375718 -0.19999999999999996
      vertex -11.694686175218608 5.956214394375709 -1.6999999999993143
      vertex -11.69057494833859 5.974606966149457 -0.19999999999999996
    endloop
  endfacet
  facet normal 0.9602936856769518 -0.27899110603919897 3.494836584215157e-16
    outer loop
      vertex -11.69057494833859 5.974606966149457 -0.19999999999999996
      vertex -11.685316954888549 5.992705098312476 -1.6999999999993145
      vertex -11.685316954888547 5.992705098312484 -0.19999999999999996
    endloop
  endfacet
  facet normal 0.9408807689542271 -0.338737920245287 6.909316048481067e-16
    outer loop
      vertex -11.685316954888547 5.992705098312484 -0.19999999999999996
      vertex -11.685316954888549 5.992705098312476 -1.6999999999993145
      vertex -11.678932945766476 6.010437365805404 -0.19999999999999996
    endloop
  endfacet
  facet normal 0.9177546256839786 -0.3971478906347865 0
    outer loop
      vertex -11.678932945766476 6.010437365805404 -0.19999999999999996
      vertex -11.678932945766476 6.010437365805404 -1.699999999999315
      vertex -11.671448115739807 6.027733787469522 -0.19999999999999996
    endloop
  endfacet
  facet normal 0.8910065241883449 -0.4539904997395918 3.096933379153403e-16
    outer loop
      vertex -11.671448115739807 6.027733787469522 -0.19999999999999996
      vertex -11.662892004013163 6.044526102230507 -1.6999999999993172
      vertex -11.662892004013159 6.044526102230515 -0.19999999999999996
    endloop
  endfacet
  facet normal 0.860742027003963 -0.5090414157503387 6.740709523816424e-16
    outer loop
      vertex -11.662892004013159 6.044526102230515 -0.19999999999999996
      vertex -11.662892004013163 6.044526102230507 -1.6999999999993172
      vertex -11.653298377650605 6.060748038493699 -0.19999999999999996
    endloop
  endfacet
  facet normal 0.8270805742745532 -0.5620833778521434 0
    outer loop
      vertex -11.653298377650605 6.060748038493699 -0.19999999999999996
      vertex -11.653298377650605 6.060748038493699 -1.6999999999993187
      vertex -11.642705098312485 6.076335575687742 -0.19999999999999996
    endloop
  endfacet
  facet normal 0.7901550123756719 -0.6129070536530004 9.683909328002942e-17
    outer loop
      vertex -11.642705098312485 6.076335575687742 -0.19999999999999996
      vertex -11.631153972832742 6.0912271969246 -1.6999999999993225
      vertex -11.631153972832736 6.091227196924607 -0.19999999999999996
    endloop
  endfacet
  facet normal 0.7501110696304483 -0.6613118653236647 4.676724221557204e-16
    outer loop
      vertex -11.631153972832736 6.091227196924607 -0.19999999999999996
      vertex -11.631153972832742 6.0912271969246 -1.6999999999993225
      vertex -11.618690588226423 6.1053641317786065 -0.19999999999999996
    endloop
  endfacet
  facet normal 0.7071067811865946 -0.7071067811865004 0
    outer loop
      vertex -11.618690588226423 6.1053641317786065 -0.19999999999999996
      vertex -11.618690588226423 6.1053641317786065 -1.699999999999325
      vertex -11.605364131778607 6.118690588226424 -0.19999999999999996
    endloop
  endfacet
  facet normal 0.6613118653236647 -0.7501110696304482 -4.669370141324373e-16
    outer loop
      vertex -11.605364131778607 6.118690588226424 -0.19999999999999996
      vertex -11.591227196924615 6.131153972832732 -1.6999999999993307
      vertex -11.591227196924608 6.131153972832737 -0.19999999999999996
    endloop
  endfacet
  facet normal 0.6129070536529709 -0.7901550123756946 -9.588029037626878e-17
    outer loop
      vertex -11.591227196924608 6.131153972832737 -0.19999999999999996
      vertex -11.57633557568775 6.142705098312479 -1.699999999999334
      vertex -11.576335575687743 6.142705098312485 -0.19999999999999996
    endloop
  endfacet
  facet normal 0.5620833778521215 -0.827080574274568 2.7581872953339094e-16
    outer loop
      vertex -11.576335575687743 6.142705098312485 -0.19999999999999996
      vertex -11.57633557568775 6.142705098312479 -1.699999999999334
      vertex -11.5607480384937 6.153298377650605 -0.19999999999999996
    endloop
  endfacet
  facet normal 0.5090414157503388 -0.860742027003963 1.3700377662999964e-16
    outer loop
      vertex -11.544526102230515 6.162892004013159 -0.19999999999999996
      vertex -11.5607480384937 6.153298377650605 -0.19999999999999996
      vertex -11.544526102230522 6.1628920040131545 -1.6999999999993411
    endloop
  endfacet
  facet normal 0.4539904997395544 -0.891006524188364 4.873782106937024e-16
    outer loop
      vertex -11.544526102230515 6.162892004013159 -0.19999999999999996
      vertex -11.544526102230522 6.1628920040131545 -1.6999999999993411
      vertex -11.527733787469522 6.171448115739806 -0.19999999999999996
    endloop
  endfacet
  facet normal 0.39714789063476935 -0.917754625683986 0
    outer loop
      vertex -11.527733787469522 6.171448115739806 -0.19999999999999996
      vertex -11.527733787469522 6.171448115739806 -1.6999999999993451
      vertex -11.510437365805403 6.1789329457664754 -0.19999999999999996
    endloop
  endfacet
  facet normal 0.338737920245302 -0.9408807689542217 6.711620326338756e-17
    outer loop
      vertex -11.510437365805403 6.1789329457664754 -0.19999999999999996
      vertex -11.492705098312491 6.185316954888544 -1.6999999999993536
      vertex -11.492705098312484 6.185316954888546 -0.19999999999999996
    endloop
  endfacet
  facet normal 0.27899110603924243 -0.9602936856769392 3.8425689813287414e-16
    outer loop
      vertex -11.492705098312484 6.185316954888546 -0.19999999999999996
      vertex -11.492705098312491 6.185316954888544 -1.6999999999993536
      vertex -11.474606966149457 6.19057494833859 -0.19999999999999996
    endloop
  endfacet
  facet normal 0.2181432413965182 -0.9759167619387529 0
    outer loop
      vertex -11.474606966149457 6.19057494833859 -0.19999999999999996
      vertex -11.474606966149457 6.19057494833859 -1.699999999999358
      vertex -11.456214394375717 6.194686175218607 -0.19999999999999996
    endloop
  endfacet
  facet normal 0.15643446504022576 -0.9876883405951384 -1.5628487331331646e-16
    outer loop
      vertex -11.456214394375717 6.194686175218607 -0.19999999999999996
      vertex -11.437599970069298 6.197634410394342 -1.6999999999993676
      vertex -11.437599970069291 6.197634410394343 -0.19999999999999996
    endloop
  endfacet
  facet normal 0.09410831331854246 -0.9955619646030773 1.4370457893569723e-16
    outer loop
      vertex -11.437599970069291 6.197634410394343 -0.19999999999999996
      vertex -11.437599970069298 6.197634410394342 -1.6999999999993676
      vertex -11.418837155858794 6.199408018528482 -0.19999999999999996
    endloop
  endfacet
  facet normal 0.0314104431272662 -0.9995065702948374 0
    outer loop
      vertex -11.418837155858794 6.199408018528482 -0.19999999999999996
      vertex -11.418837155858794 6.199408018528482 -1.6999999999993725
      vertex -11.399999905167473 6.199999997019768 -0.19999999999999996
    endloop
  endfacet
  facet normal -0.2789911060392424 -0.9602936856769393 0
    outer loop
      vertex -11.325393033850544 6.19057494833859 -0.19999999999999996
      vertex -11.325393033850544 6.19057494833859 -1.699999999999398
      vertex -11.307294901687516 6.185316954888546 -0.19999999999999996
    endloop
  endfacet
  facet normal -0.2181432413965182 -0.9759167619387528 0
    outer loop
      vertex -11.325393033850544 6.19057494833859 -0.19999999999999996
      vertex -11.343785605624284 6.194686175218607 -0.19999999999999996
      vertex -11.343785605624284 6.194686175218607 -1.6999999999993929
    endloop
  endfacet
  facet normal -0.33873792024530197 -0.9408807689542217 0
    outer loop
      vertex -11.289562634194597 6.1789329457664754 -0.19999999999999996
      vertex -11.307294901687516 6.185316954888546 -0.19999999999999996
      vertex -11.307294901687516 6.185316954888546 -1.6999999999994033
    endloop
  endfacet
  facet normal -0.39714789063476935 -0.917754625683986 0
    outer loop
      vertex -11.289562634194597 6.1789329457664754 -0.19999999999999996
      vertex -11.289562634194597 6.1789329457664754 -1.6999999999994084
      vertex -11.272266212530479 6.171448115739806 -0.19999999999999996
    endloop
  endfacet
  facet normal -0.4539904997395544 -0.891006524188364 4.026972195803e-17
    outer loop
      vertex -11.272266212530479 6.171448115739806 -0.19999999999999996
      vertex -11.255473897769493 6.1628920040131625 -1.6999999999994186
      vertex -11.255473897769486 6.162892004013159 -0.19999999999999996
    endloop
  endfacet
  facet normal -0.5090414157503736 -0.8607420270039423 3.7265788557966077e-16
    outer loop
      vertex -11.255473897769486 6.162892004013159 -0.19999999999999996
      vertex -11.255473897769493 6.1628920040131625 -1.6999999999994186
      vertex -11.239251961506302 6.1532983776506045 -0.19999999999999996
    endloop
  endfacet
  facet normal -0.6129070536530166 -0.7901550123756592 -1.6184549402016307e-16
    outer loop
      vertex -11.208772803075394 6.131153972832737 -0.19999999999999996
      vertex -11.223664424312258 6.142705098312485 -0.19999999999999996
      vertex -11.2087728030754 6.131153972832742 -1.699999999999433
    endloop
  endfacet
  facet normal -0.6613118653236179 -0.7501110696304895 1.2847958910418422e-16
    outer loop
      vertex -11.208772803075394 6.131153972832737 -0.19999999999999996
      vertex -11.194635868221399 6.118690588226428 -1.6999999999994377
      vertex -11.194635868221393 6.118690588226424 -0.19999999999999996
    endloop
  endfacet
  facet normal -0.5620833778520892 -0.8270805742745899 -4.515961676721844e-16
    outer loop
      vertex -11.239251961506302 6.1532983776506045 -0.19999999999999996
      vertex -11.223664424312263 6.142705098312489 -1.6999999999994284
      vertex -11.223664424312258 6.142705098312485 -0.19999999999999996
    endloop
  endfacet
  facet normal -0.15643446504022576 -0.9876883405951384 4.8511251436332436e-14
    outer loop
      vertex -11.36240002993071 6.197634410394343 -0.19999999999999996
      vertex -11.362400029931859 6.197634410394452 -1.6999999999993878
      vertex -11.343785605624284 6.194686175218607 -0.19999999999999996
    endloop
  endfacet
  facet normal -0.03141075907812524 -0.9995065603657316 0
    outer loop
      vertex -11.381162844141206 6.199408018528482 -1.69
      vertex -11.381162844141206 6.199408018528482 -0.19999999999999996
      vertex -11.399999905167473 6.199999997019768 -0.19999999999999996
    endloop
  endfacet
  facet normal -0.09410831331854244 -0.9955619646030772 0
    outer loop
      vertex -11.381162844141206 6.199408018528482 -1.69
      vertex -11.36240002993071 6.197634410394343 -0.19999999999999996
      vertex -11.381162844141206 6.199408018528482 -0.19999999999999996
    endloop
  endfacet
  facet normal -0.9955619646030773 -0.09410831331854246 7.9414941852753965e-16
    outer loop
      vertex -11.100591981471519 5.918837155858794 -0.20999999999999996
      vertex -11.102365589605657 5.937599970069291 -0.20999999999999996
      vertex -11.10236558960566 5.937599970069297 -1.6999999999994742
    endloop
  endfacet
  facet normal -0.9876883405951397 -0.15643446504021852 5.248480660277476e-16
    outer loop
      vertex -11.105313824781394 5.956214394375718 -0.20999999999999996
      vertex -11.10236558960566 5.937599970069297 -1.6999999999994742
      vertex -11.102365589605657 5.937599970069291 -0.20999999999999996
    endloop
  endfacet
  facet normal -0.9995065603657317 -0.03141075907812383 -1.3015814944531915e-16
    outer loop
      vertex -11.100591981471519 5.918837155858794 -0.20999999999999996
      vertex -11.100000002980233 5.900000094832533 -1.6999999999994773
      vertex -11.100000002980233 5.900000094832527 -0.19999999999999996
    endloop
  endfacet
  facet normal -0.9759167619387507 -0.21814324139652827 0
    outer loop
      vertex -11.105313824781394 5.956214394375718 -0.20999999999999996
      vertex -11.105313824781394 5.956214394375718 -0.19999999999999996
      vertex -11.109425051661411 5.974606966149457 -1.69999999999947
    endloop
  endfacet
  facet normal -0.9759167619387507 -0.21814324139652824 0
    outer loop
      vertex -11.105313824781394 5.956214394375718 -0.19999999999999996
      vertex -11.109425051661411 5.974606966149457 -0.19999999999999996
      vertex -11.109425051661411 5.974606966149457 -1.69999999999947
    endloop
  endfacet
  facet normal -0.9602936856769518 -0.27899110603919897 -1.917605807525268e-17
    outer loop
      vertex -11.109425051661411 5.974606966149457 -0.19999999999999996
      vertex -11.114683045111454 5.992705098312484 -0.19999999999999996
      vertex -11.114683045111455 5.9927050983124905 -1.6999999999994673
    endloop
  endfacet
  facet normal -0.8607420270039629 -0.5090414157503387 2.301126969030355e-16
    outer loop
      vertex -11.137107995986842 6.044526102230515 -0.19999999999999996
      vertex -11.146701622349395 6.060748038493699 -0.19999999999999996
      vertex -11.146701622349399 6.0607480384937045 -1.6999999999994544
    endloop
  endfacet
  facet normal -0.8270805742745533 -0.5620833778521434 -3.73933132467412e-17
    outer loop
      vertex -11.157294901687516 6.076335575687742 -0.19999999999999996
      vertex -11.146701622349399 6.0607480384937045 -1.6999999999994544
      vertex -11.146701622349395 6.060748038493699 -0.19999999999999996
    endloop
  endfacet
  facet normal -0.7901550123756719 -0.6129070536530005 -3.068169292040282e-16
    outer loop
      vertex -11.168846027167264 6.091227196924607 -0.20999999999999996
      vertex -11.15729490168752 6.0763355756877475 -1.6999999999994504
      vertex -11.157294901687516 6.076335575687742 -0.19999999999999996
    endloop
  endfacet
  facet normal -0.9408807689542138 -0.3387379202453237 0
    outer loop
      vertex -11.121067054233524 6.010437365805403 -0.20999999999999996
      vertex -11.114683045111455 5.9927050983124905 -1.6999999999994673
      vertex -11.121067054233524 6.010437365805403 -0.19999999999999996
    endloop
  endfacet
  facet normal -0.9177546256839694 -0.39714789063480793 0
    outer loop
      vertex -11.121067054233524 6.010437365805403 -0.20999999999999996
      vertex -11.121067054233524 6.010437365805403 -0.19999999999999996
      vertex -11.128551884260197 6.027733787469528 -1.6999999999994613
    endloop
  endfacet
  facet normal -0.9408807689542217 -0.338737920245302 -2.8978532392000783e-16
    outer loop
      vertex -11.114683045111454 5.992705098312484 -0.19999999999999996
      vertex -11.121067054233524 6.010437365805403 -0.19999999999999996
      vertex -11.114683045111455 5.9927050983124905 -1.6999999999994673
    endloop
  endfacet
  facet normal -0.8910065241883532 -0.4539904997395756 0
    outer loop
      vertex -11.137107995986842 6.044526102230515 -0.20999999999999996
      vertex -11.128551884260197 6.027733787469528 -1.6999999999994613
      vertex -11.137107995986842 6.044526102230515 -0.19999999999999996
    endloop
  endfacet
  facet normal -0.891006524188345 -0.4539904997395918 2.2861274270765346e-16
    outer loop
      vertex -11.128551884260194 6.027733787469522 -0.19999999999999996
      vertex -11.137107995986842 6.044526102230515 -0.19999999999999996
      vertex -11.128551884260197 6.027733787469528 -1.6999999999994613
    endloop
  endfacet
  facet normal -0.9177546256839859 -0.39714789063476935 5.273415970694269e-16
    outer loop
      vertex -11.121067054233524 6.010437365805403 -0.19999999999999996
      vertex -11.128551884260194 6.027733787469522 -0.19999999999999996
      vertex -11.128551884260197 6.027733787469528 -1.6999999999994613
    endloop
  endfacet
  facet normal -0.8607420270039535 -0.5090414157503544 0
    outer loop
      vertex -11.137107995986842 6.044526102230515 -0.20999999999999996
      vertex -11.137107995986842 6.044526102230515 -0.19999999999999996
      vertex -11.146701622349399 6.0607480384937045 -1.6999999999994544
    endloop
  endfacet
  facet normal -0.7501110696304483 -0.6613118653236647 3.175954508128473e-16
    outer loop
      vertex -11.181309411773578 6.1053641317786065 -0.20999999999999996
      vertex -11.181309411773583 6.105364131778612 -1.6999999999994422
      vertex -11.168846027167264 6.091227196924607 -0.20999999999999996
    endloop
  endfacet
  facet normal -0.7071067811865946 -0.7071067811865004 3.3710541526548395e-28
    outer loop
      vertex -11.181309411773578 6.1053641317786065 -0.20999999999999996
      vertex -11.194635868221393 6.118690588226424 -0.19999999999999996
      vertex -11.181309411773583 6.105364131778612 -1.6999999999994422
    endloop
  endfacet
  facet normal 0 0 -1
    outer loop
      vertex -11.699999997019768 5.900000094832527 -0.19999999999999996
      vertex -11.699408018528482 5.918837155858794 -0.19999999999999996
      vertex -11.697634410394343 5.937599970069291 -0.19999999999999996
    endloop
  endfacet
  facet normal 0 0 -1
    outer loop
      vertex -11.699999997019768 5.900000094832527 -0.19999999999999996
      vertex -11.697634410394343 5.937599970069291 -0.19999999999999996
      vertex -11.69057494833859 5.974606966149457 -0.19999999999999996
    endloop
  endfacet
  facet normal 0 0 -1
    outer loop
      vertex -11.697634410394343 5.937599970069291 -0.19999999999999996
      vertex -11.694686175218607 5.956214394375718 -0.19999999999999996
      vertex -11.69057494833859 5.974606966149457 -0.19999999999999996
    endloop
  endfacet
  facet normal 0 0 -1
    outer loop
      vertex -11.699999997019768 5.900000094832527 -0.19999999999999996
      vertex -11.69057494833859 5.974606966149457 -0.19999999999999996
      vertex -11.671448115739807 6.027733787469522 -0.19999999999999996
    endloop
  endfacet
  facet normal 0 0 -1
    outer loop
      vertex -11.69057494833859 5.974606966149457 -0.19999999999999996
      vertex -11.685316954888547 5.992705098312484 -0.19999999999999996
      vertex -11.678932945766476 6.010437365805404 -0.19999999999999996
    endloop
  endfacet
  facet normal 0 0 -1
    outer loop
      vertex -11.69057494833859 5.974606966149457 -0.19999999999999996
      vertex -11.678932945766476 6.010437365805404 -0.19999999999999996
      vertex -11.671448115739807 6.027733787469522 -0.19999999999999996
    endloop
  endfacet
  facet normal 0 0 -1
    outer loop
      vertex -11.699999997019768 5.900000094832527 -0.19999999999999996
      vertex -11.671448115739807 6.027733787469522 -0.19999999999999996
      vertex -11.605364131778607 6.118690588226424 -0.19999999999999996
    endloop
  endfacet
  facet normal 0 0 -1
    outer loop
      vertex -11.671448115739807 6.027733787469522 -0.19999999999999996
      vertex -11.662892004013159 6.044526102230515 -0.19999999999999996
      vertex -11.653298377650605 6.060748038493699 -0.19999999999999996
    endloop
  endfacet
  facet normal 0 0 -1
    outer loop
      vertex -11.671448115739807 6.027733787469522 -0.19999999999999996
      vertex -11.653298377650605 6.060748038493699 -0.19999999999999996
      vertex -11.642705098312485 6.076335575687742 -0.19999999999999996
    endloop
  endfacet
  facet normal 0 0 -1
    outer loop
      vertex -11.671448115739807 6.027733787469522 -0.19999999999999996
      vertex -11.642705098312485 6.076335575687742 -0.19999999999999996
      vertex -11.605364131778607 6.118690588226424 -0.19999999999999996
    endloop
  endfacet
  facet normal 0 0 -1
    outer loop
      vertex -11.642705098312485 6.076335575687742 -0.19999999999999996
      vertex -11.631153972832736 6.091227196924607 -0.19999999999999996
      vertex -11.618690588226423 6.1053641317786065 -0.19999999999999996
    endloop
  endfacet
  facet normal 0 0 -1
    outer loop
      vertex -11.642705098312485 6.076335575687742 -0.19999999999999996
      vertex -11.618690588226423 6.1053641317786065 -0.19999999999999996
      vertex -11.605364131778607 6.118690588226424 -0.19999999999999996
    endloop
  endfacet
  facet normal 0 0 -1
    outer loop
      vertex -11.699999997019768 5.900000094832527 -0.19999999999999996
      vertex -11.605364131778607 6.118690588226424 -0.19999999999999996
      vertex -11.399999905167473 6.199999997019768 -0.19999999999999996
    endloop
  endfacet
  facet normal 0 0 -1
    outer loop
      vertex -11.605364131778607 6.118690588226424 -0.19999999999999996
      vertex -11.591227196924608 6.131153972832737 -0.19999999999999996
      vertex -11.5607480384937 6.153298377650605 -0.19999999999999996
    endloop
  endfacet
  facet normal 0 0 -1
    outer loop
      vertex -11.591227196924608 6.131153972832737 -0.19999999999999996
      vertex -11.576335575687743 6.142705098312485 -0.19999999999999996
      vertex -11.5607480384937 6.153298377650605 -0.19999999999999996
    endloop
  endfacet
  facet normal 0 0 -1
    outer loop
      vertex -11.544526102230515 6.162892004013159 -0.19999999999999996
      vertex -11.527733787469522 6.171448115739806 -0.19999999999999996
      vertex -11.5607480384937 6.153298377650605 -0.19999999999999996
    endloop
  endfacet
  facet normal 0 0 -1
    outer loop
      vertex -11.605364131778607 6.118690588226424 -0.19999999999999996
      vertex -11.5607480384937 6.153298377650605 -0.19999999999999996
      vertex -11.510437365805403 6.1789329457664754 -0.19999999999999996
    endloop
  endfacet
  facet normal 0 0 -1
    outer loop
      vertex -11.5607480384937 6.153298377650605 -0.19999999999999996
      vertex -11.527733787469522 6.171448115739806 -0.19999999999999996
      vertex -11.510437365805403 6.1789329457664754 -0.19999999999999996
    endloop
  endfacet
  facet normal 0 0 -1
    outer loop
      vertex -11.605364131778607 6.118690588226424 -0.19999999999999996
      vertex -11.510437365805403 6.1789329457664754 -0.19999999999999996
      vertex -11.399999905167473 6.199999997019768 -0.19999999999999996
    endloop
  endfacet
  facet normal 0 0 -1
    outer loop
      vertex -11.510437365805403 6.1789329457664754 -0.19999999999999996
      vertex -11.492705098312484 6.185316954888546 -0.19999999999999996
      vertex -11.474606966149457 6.19057494833859 -0.19999999999999996
    endloop
  endfacet
  facet normal 0 0 -1
    outer loop
      vertex -11.699999997019768 5.900000094832527 -0.19999999999999996
      vertex -11.399999905167473 6.199999997019768 -0.19999999999999996
      vertex -11.100000002980233 5.900000094832527 -0.19999999999999996
    endloop
  endfacet
  facet normal 0 0 -1
    outer loop
      vertex -11.510437365805403 6.1789329457664754 -0.19999999999999996
      vertex -11.474606966149457 6.19057494833859 -0.19999999999999996
      vertex -11.456214394375717 6.194686175218607 -0.19999999999999996
    endloop
  endfacet
  facet normal 0 0 -1
    outer loop
      vertex -11.510437365805403 6.1789329457664754 -0.19999999999999996
      vertex -11.456214394375717 6.194686175218607 -0.19999999999999996
      vertex -11.399999905167473 6.199999997019768 -0.19999999999999996
    endloop
  endfacet
  facet normal 0 0 -1
    outer loop
      vertex -11.456214394375717 6.194686175218607 -0.19999999999999996
      vertex -11.437599970069291 6.197634410394343 -0.19999999999999996
      vertex -11.418837155858794 6.199408018528482 -0.19999999999999996
    endloop
  endfacet
  facet normal 0 0 -1
    outer loop
      vertex -11.456214394375717 6.194686175218607 -0.19999999999999996
      vertex -11.418837155858794 6.199408018528482 -0.19999999999999996
      vertex -11.399999905167473 6.199999997019768 -0.19999999999999996
    endloop
  endfacet
  facet normal 0 0 -1
    outer loop
      vertex -11.36240002993071 6.197634410394343 -0.19999999999999996
      vertex -11.343785605624284 6.194686175218607 -0.19999999999999996
      vertex -11.325393033850544 6.19057494833859 -0.19999999999999996
    endloop
  endfacet
  facet normal 0 0 -1
    outer loop
      vertex -11.399999905167473 6.199999997019768 -0.19999999999999996
      vertex -11.325393033850544 6.19057494833859 -0.19999999999999996
      vertex -11.272266212530479 6.171448115739806 -0.19999999999999996
    endloop
  endfacet
  facet normal 0 0 -1
    outer loop
      vertex -11.325393033850544 6.19057494833859 -0.19999999999999996
      vertex -11.307294901687516 6.185316954888546 -0.19999999999999996
      vertex -11.272266212530479 6.171448115739806 -0.19999999999999996
    endloop
  endfacet
  facet normal 0 0 -1
    outer loop
      vertex -11.100000002980233 5.900000094832527 -0.19999999999999996
      vertex -11.399999905167473 6.199999997019768 -0.19999999999999996
      vertex -11.181309411773578 6.1053641317786065 -0.19999999999999996
    endloop
  endfacet
  facet normal 0 0 -1
    outer loop
      vertex -11.181309411773578 6.1053641317786065 -0.19999999999999996
      vertex -11.399999905167473 6.199999997019768 -0.19999999999999996
      vertex -11.272266212530479 6.171448115739806 -0.19999999999999996
    endloop
  endfacet
  facet normal 0 0 -1
    outer loop
      vertex -11.289562634194597 6.1789329457664754 -0.19999999999999996
      vertex -11.272266212530479 6.171448115739806 -0.19999999999999996
      vertex -11.307294901687516 6.185316954888546 -0.19999999999999996
    endloop
  endfacet
  facet normal 0 0 -1
    outer loop
      vertex -11.272266212530479 6.171448115739806 -0.19999999999999996
      vertex -11.239251961506302 6.1532983776506045 -0.19999999999999996
      vertex -11.223664424312258 6.142705098312485 -0.19999999999999996
    endloop
  endfacet
  facet normal 0 0 -1
    outer loop
      vertex -11.272266212530479 6.171448115739806 -0.19999999999999996
      vertex -11.255473897769486 6.162892004013159 -0.19999999999999996
      vertex -11.239251961506302 6.1532983776506045 -0.19999999999999996
    endloop
  endfacet
  facet normal 0 0 -1
    outer loop
      vertex -11.181309411773578 6.1053641317786065 -0.19999999999999996
      vertex -11.272266212530479 6.171448115739806 -0.19999999999999996
      vertex -11.223664424312258 6.142705098312485 -0.19999999999999996
    endloop
  endfacet
  facet normal 0 0 -1
    outer loop
      vertex -11.208772803075394 6.131153972832737 -0.19999999999999996
      vertex -11.194635868221393 6.118690588226424 -0.19999999999999996
      vertex -11.181309411773578 6.1053641317786065 -0.19999999999999996
    endloop
  endfacet
  facet normal 0 0 -1
    outer loop
      vertex -11.208772803075394 6.131153972832737 -0.19999999999999996
      vertex -11.181309411773578 6.1053641317786065 -0.19999999999999996
      vertex -11.223664424312258 6.142705098312485 -0.19999999999999996
    endloop
  endfacet
  facet normal 0 0 -1
    outer loop
      vertex -11.399999905167473 6.199999997019768 -0.19999999999999996
      vertex -11.381162844141206 6.199408018528482 -0.19999999999999996
      vertex -11.36240002993071 6.197634410394343 -0.19999999999999996
    endloop
  endfacet
  facet normal 0 0 -1
    outer loop
      vertex -11.399999905167473 6.199999997019768 -0.19999999999999996
      vertex -11.36240002993071 6.197634410394343 -0.19999999999999996
      vertex -11.325393033850544 6.19057494833859 -0.19999999999999996
    endloop
  endfacet
  facet normal -0.9955619646030772 -0.09410831331854246 0
    outer loop
      vertex -11.100591981471519 5.918837155858794 -0.20999999999999996
      vertex -11.102365589605657 5.937599970069291 -0.19999999999999996
      vertex -11.102365589605657 5.937599970069291 -0.20999999999999996
    endloop
  endfacet
  facet normal -0.9995065603657317 -0.03141075907812376 0
    outer loop
      vertex -11.100591981471519 5.918837155858794 -0.20999999999999996
      vertex -11.100000002980233 5.900000094832527 -0.19999999999999996
      vertex -11.100591981471519 5.918837155858794 -0.19999999999999996
    endloop
  endfacet
  facet normal 0 0 -1
    outer loop
      vertex -11.100000002980233 5.900000094832527 -0.19999999999999996
      vertex -11.102365589605657 5.937599970069291 -0.19999999999999996
      vertex -11.100591981471519 5.918837155858794 -0.19999999999999996
    endloop
  endfacet
  facet normal -0.9955619646030772 -0.09410831331854246 0
    outer loop
      vertex -11.100591981471519 5.918837155858794 -0.20999999999999996
      vertex -11.100591981471519 5.918837155858794 -0.19999999999999996
      vertex -11.102365589605657 5.937599970069291 -0.19999999999999996
    endloop
  endfacet
  facet normal -0.9876883405951397 -0.15643446504021852 0
    outer loop
      vertex -11.102365589605657 5.937599970069291 -0.20999999999999996
      vertex -11.102365589605657 5.937599970069291 -0.19999999999999996
      vertex -11.105313824781394 5.956214394375718 -0.19999999999999996
    endloop
  endfacet
  facet normal 0 0 -1
    outer loop
      vertex -11.100000002980233 5.900000094832527 -0.19999999999999996
      vertex -11.105313824781394 5.956214394375718 -0.19999999999999996
      vertex -11.102365589605657 5.937599970069291 -0.19999999999999996
    endloop
  endfacet
  facet normal -0.9876883405951397 -0.15643446504021852 0
    outer loop
      vertex -11.105313824781394 5.956214394375718 -0.20999999999999996
      vertex -11.102365589605657 5.937599970069291 -0.20999999999999996
      vertex -11.105313824781394 5.956214394375718 -0.19999999999999996
    endloop
  endfacet
  facet normal 0 0 -1
    outer loop
      vertex -11.100000002980233 5.900000094832527 -0.19999999999999996
      vertex -11.121067054233524 6.010437365805403 -0.19999999999999996
      vertex -11.105313824781394 5.956214394375718 -0.19999999999999996
    endloop
  endfacet
  facet normal 0 0 -1
    outer loop
      vertex -11.105313824781394 5.956214394375718 -0.19999999999999996
      vertex -11.121067054233524 6.010437365805403 -0.19999999999999996
      vertex -11.109425051661411 5.974606966149457 -0.19999999999999996
    endloop
  endfacet
  facet normal 0 0 -1
    outer loop
      vertex -11.109425051661411 5.974606966149457 -0.19999999999999996
      vertex -11.121067054233524 6.010437365805403 -0.19999999999999996
      vertex -11.114683045111454 5.992705098312484 -0.19999999999999996
    endloop
  endfacet
  facet normal 0 0 -1
    outer loop
      vertex -11.157294901687516 6.076335575687742 -0.19999999999999996
      vertex -11.181309411773578 6.1053641317786065 -0.19999999999999996
      vertex -11.168846027167264 6.091227196924607 -0.19999999999999996
    endloop
  endfacet
  facet normal 0 0 -1
    outer loop
      vertex -11.181309411773578 6.1053641317786065 -0.19999999999999996
      vertex -11.137107995986842 6.044526102230515 -0.19999999999999996
      vertex -11.121067054233524 6.010437365805403 -0.19999999999999996
    endloop
  endfacet
  facet normal 0 0 -1
    outer loop
      vertex -11.157294901687516 6.076335575687742 -0.19999999999999996
      vertex -11.146701622349395 6.060748038493699 -0.19999999999999996
      vertex -11.137107995986842 6.044526102230515 -0.19999999999999996
    endloop
  endfacet
  facet normal -0.7901550123756719 -0.6129070536530004 0
    outer loop
      vertex -11.168846027167264 6.091227196924607 -0.20999999999999996
      vertex -11.157294901687516 6.076335575687742 -0.19999999999999996
      vertex -11.168846027167264 6.091227196924607 -0.19999999999999996
    endloop
  endfacet
  facet normal 0 0 -1
    outer loop
      vertex -11.157294901687516 6.076335575687742 -0.19999999999999996
      vertex -11.137107995986842 6.044526102230515 -0.19999999999999996
      vertex -11.181309411773578 6.1053641317786065 -0.19999999999999996
    endloop
  endfacet
  facet normal 0 0 -1
    outer loop
      vertex -11.100000002980233 5.900000094832527 -0.19999999999999996
      vertex -11.181309411773578 6.1053641317786065 -0.19999999999999996
      vertex -11.121067054233524 6.010437365805403 -0.19999999999999996
    endloop
  endfacet
  facet normal 0 0 -1
    outer loop
      vertex -11.121067054233524 6.010437365805403 -0.19999999999999996
      vertex -11.137107995986842 6.044526102230515 -0.19999999999999996
      vertex -11.128551884260194 6.027733787469522 -0.19999999999999996
    endloop
  endfacet
  facet normal -0.7501110696304482 -0.6613118653236647 0
    outer loop
      vertex -11.181309411773578 6.1053641317786065 -0.20999999999999996
      vertex -11.168846027167264 6.091227196924607 -0.20999999999999996
      vertex -11.181309411773578 6.1053641317786065 -0.19999999999999996
    endloop
  endfacet
  facet normal -0.7071067811865946 -0.7071067811865003 0
    outer loop
      vertex -11.181309411773578 6.1053641317786065 -0.20999999999999996
      vertex -11.181309411773578 6.1053641317786065 -0.19999999999999996
      vertex -11.194635868221393 6.118690588226424 -0.19999999999999996
    endloop
  endfacet
  facet normal -0.7501110696304482 -0.6613118653236647 0
    outer loop
      vertex -11.168846027167264 6.091227196924607 -0.20999999999999996
      vertex -11.168846027167264 6.091227196924607 -0.19999999999999996
      vertex -11.181309411773578 6.1053641317786065 -0.19999999999999996
    endloop
  endfacet
  facet normal 0.09410831331855736 0.995561964603076 0
    outer loop
      vertex 11.381162844141206 -6.199408018528482 -1.69
      vertex 11.381162844141206 -6.199408018528482 -1.6999999999993827
      vertex 11.362400029931859 -6.197634410394452 -1.6999999999993878
    endloop
  endfacet
  facet normal 0.03141075907812524 0.9995065603657317 0
    outer loop
      vertex 11.381162844141206 -6.199408018528482 -1.69
      vertex 11.399999905167473 -6.199999997019768 -1.6999999999993776
      vertex 11.381162844141206 -6.199408018528482 -1.6999999999993827
    endloop
  endfacet
  facet normal 0.7501110696304316 0.6613118653236835 0
    outer loop
      vertex 11.168846027167264 -6.091227196924607 -0.20999999999999996
      vertex 11.181309411773583 -6.105364131778612 -1.6999999999994422
      vertex 11.168846027167264 -6.091227196924607 -1.6999999999994464
    endloop
  endfacet
  facet normal 0.7071067811865711 0.707106781186524 4.186913223159838e-16
    outer loop
      vertex 11.194635868221393 -6.118690588226424 -0.19999999999999996
      vertex 11.194635868221399 -6.118690588226428 -1.6999999999994377
      vertex 11.181309411773583 -6.105364131778612 -1.6999999999994422
    endloop
  endfacet
  facet normal 0.8607420270039535 0.5090414157503544 0
    outer loop
      vertex 11.137107995986842 -6.044526102230515 -0.20999999999999996
      vertex 11.146701622349399 -6.0607480384937045 -1.6999999999994544
      vertex 11.137107995986842 -6.044526102230515 -1.699999999999458
    endloop
  endfacet
  facet normal 0.8910065241883531 0.4539904997395756 0
    outer loop
      vertex 11.137107995986842 -6.044526102230515 -0.20999999999999996
      vertex 11.137107995986842 -6.044526102230515 -1.699999999999458
      vertex 11.128551884260197 -6.027733787469528 -1.6999999999994613
    endloop
  endfacet
  facet normal 0.9177546256839695 0.3971478906348079 0
    outer loop
      vertex 11.121067054233524 -6.010437365805403 -0.20999999999999996
      vertex 11.128551884260197 -6.027733787469528 -1.6999999999994613
      vertex 11.121067054233524 -6.010437365805403 -1.6999999999994644
    endloop
  endfacet
  facet normal 0.9408807689542139 0.3387379202453238 0
    outer loop
      vertex 11.121067054233524 -6.010437365805403 -0.20999999999999996
      vertex 11.121067054233524 -6.010437365805403 -1.6999999999994644
      vertex 11.114683045111455 -5.9927050983124905 -1.6999999999994673
    endloop
  endfacet
  facet normal 0.7901550123756569 0.6129070536530197 0
    outer loop
      vertex 11.168846027167264 -6.091227196924607 -0.20999999999999996
      vertex 11.168846027167264 -6.091227196924607 -1.6999999999994464
      vertex 11.15729490168752 -6.0763355756877475 -1.6999999999994504
    endloop
  endfacet
  facet normal 0.8270805742745532 0.5620833778521434 -3.800099199146162e-17
    outer loop
      vertex 11.157294901687516 -6.076335575687742 -0.19999999999999996
      vertex 11.15729490168752 -6.0763355756877475 -1.6999999999994504
      vertex 11.146701622349399 -6.0607480384937045 -1.6999999999994544
    endloop
  endfacet
  facet normal 0.9759167619387505 0.21814324139652824 0
    outer loop
      vertex 11.105313824781394 -5.956214394375718 -0.20999999999999996
      vertex 11.109425051661411 -5.974606966149457 -1.69999999999947
      vertex 11.105313824781394 -5.956214394375718 -1.6999999999994722
    endloop
  endfacet
  facet normal 0.9876883405951461 0.15643446504017755 0
    outer loop
      vertex 11.105313824781394 -5.956214394375718 -0.20999999999999996
      vertex 11.105313824781394 -5.956214394375718 -1.6999999999994722
      vertex 11.10236558960566 -5.937599970069297 -1.6999999999994742
    endloop
  endfacet
  facet normal 0.9602936856769523 0.27899110603919747 0
    outer loop
      vertex 11.109425051661411 -5.974606966149457 -0.19999999999999996
      vertex 11.114683045111455 -5.9927050983124905 -1.6999999999994673
      vertex 11.109425051661411 -5.974606966149457 -1.69999999999947
    endloop
  endfacet
  facet normal 0.9955619646030716 0.09410831331860497 0
    outer loop
      vertex 11.100591981471519 -5.918837155858794 -0.20999999999999996
      vertex 11.10236558960566 -5.937599970069297 -1.6999999999994742
      vertex 11.100591981471519 -5.918837155858794 -1.699999999999476
    endloop
  endfacet
  facet normal 0.9995065603657315 0.03141075907813412 0
    outer loop
      vertex 11.100591981471519 -5.918837155858794 -0.20999999999999996
      vertex 11.100591981471519 -5.918837155858794 -1.699999999999476
      vertex 11.100000002980233 -5.900000094832533 -1.6999999999994773
    endloop
  endfacet
  facet normal 0.1564344650364123 0.9876883405957425 0
    outer loop
      vertex 11.343785605624284 -6.194686175218607 -0.19999999999999996
      vertex 11.362400029931859 -6.197634410394452 -1.6999999999993878
      vertex 11.343785605624284 -6.194686175218607 -1.6999999999993929
    endloop
  endfacet
  facet normal 0.09410831331855725 0.995561964603076 1.881650698748719e-16
    outer loop
      vertex 11.381162844141206 -6.199408018528482 -1.69
      vertex 11.362400029931859 -6.197634410394452 -1.6999999999993878
      vertex 11.36240002993071 -6.197634410394343 -0.19999999999999996
    endloop
  endfacet
  facet normal 0.5620833778520595 0.8270805742746102 0
    outer loop
      vertex 11.239251961506302 -6.1532983776506045 -0.19999999999999996
      vertex 11.239251961506302 -6.1532983776506045 -1.6999999999994235
      vertex 11.223664424312263 -6.142705098312489 -1.6999999999994284
    endloop
  endfacet
  facet normal 0.661311865323618 0.7501110696304895 1.286768284750783e-16
    outer loop
      vertex 11.208772803075394 -6.131153972832737 -0.19999999999999996
      vertex 11.2087728030754 -6.131153972832742 -1.699999999999433
      vertex 11.194635868221399 -6.118690588226428 -1.6999999999994377
    endloop
  endfacet
  facet normal 0.6129070536530166 0.7901550123756593 -1.618454940201636e-16
    outer loop
      vertex 11.223664424312258 -6.142705098312485 -0.19999999999999996
      vertex 11.223664424312263 -6.142705098312489 -1.6999999999994284
      vertex 11.2087728030754 -6.131153972832742 -1.699999999999433
    endloop
  endfacet
  facet normal 0.5090414157503481 0.8607420270039574 0
    outer loop
      vertex 11.239251961506302 -6.1532983776506045 -0.19999999999999996
      vertex 11.255473897769493 -6.1628920040131625 -1.6999999999994186
      vertex 11.239251961506302 -6.1532983776506045 -1.6999999999994235
    endloop
  endfacet
  facet normal 0.3971478906347694 0.917754625683986 0
    outer loop
      vertex 11.272266212530479 -6.171448115739806 -0.19999999999999996
      vertex 11.289562634194597 -6.1789329457664754 -1.6999999999994084
      vertex 11.272266212530479 -6.171448115739806 -1.6999999999994135
    endloop
  endfacet
  facet normal 0.45399049973955724 0.8910065241883625 0
    outer loop
      vertex 11.272266212530479 -6.171448115739806 -0.19999999999999996
      vertex 11.272266212530479 -6.171448115739806 -1.6999999999994135
      vertex 11.255473897769493 -6.1628920040131625 -1.6999999999994186
    endloop
  endfacet
  facet normal 0.33873792024530197 0.9408807689542217 0
    outer loop
      vertex 11.289562634194597 -6.1789329457664754 -0.19999999999999996
      vertex 11.307294901687516 -6.185316954888546 -1.6999999999994033
      vertex 11.289562634194597 -6.1789329457664754 -1.6999999999994084
    endloop
  endfacet
  facet normal 0.27899110603924243 0.9602936856769393 0
    outer loop
      vertex 11.307294901687516 -6.185316954888546 -0.19999999999999996
      vertex 11.325393033850544 -6.19057494833859 -1.699999999999398
      vertex 11.307294901687516 -6.185316954888546 -1.6999999999994033
    endloop
  endfacet
  facet normal 0.2181432413965182 0.9759167619387528 0
    outer loop
      vertex 11.325393033850544 -6.19057494833859 -0.19999999999999996
      vertex 11.343785605624284 -6.194686175218607 -1.6999999999993929
      vertex 11.325393033850544 -6.19057494833859 -1.699999999999398
    endloop
  endfacet
  facet normal -0.0314104431272662 0.9995065702948374 0
    outer loop
      vertex 11.399999905167473 -6.199999997019768 -0.19999999999999996
      vertex 11.418837155858794 -6.199408018528482 -1.6999999999993725
      vertex 11.399999905167473 -6.199999997019768 -1.6999999999993776
    endloop
  endfacet
  facet normal 0.03141075907812524 0.9995065603657316 0
    outer loop
      vertex 11.381162844141206 -6.199408018528482 -1.69
      vertex 11.399999905167473 -6.199999997019768 -0.19999999999999996
      vertex 11.399999905167473 -6.199999997019768 -1.6999999999993776
    endloop
  endfacet
  facet normal -0.09410831331855385 0.9955619646030763 0
    outer loop
      vertex 11.418837155858794 -6.199408018528482 -0.19999999999999996
      vertex 11.437599970069298 -6.197634410394342 -1.6999999999993676
      vertex 11.418837155858794 -6.199408018528482 -1.6999999999993725
    endloop
  endfacet
  facet normal -0.15643446504023806 0.9876883405951365 0
    outer loop
      vertex 11.456214394375717 -6.194686175218607 -0.19999999999999996
      vertex 11.456214394375717 -6.194686175218607 -1.6999999999993627
      vertex 11.437599970069298 -6.197634410394342 -1.6999999999993676
    endloop
  endfacet
  facet normal -0.21814324139651817 0.9759167619387528 0
    outer loop
      vertex 11.456214394375717 -6.194686175218607 -0.19999999999999996
      vertex 11.474606966149457 -6.19057494833859 -1.699999999999358
      vertex 11.456214394375717 -6.194686175218607 -1.6999999999993627
    endloop
  endfacet
  facet normal -0.2789911060392718 0.9602936856769307 0
    outer loop
      vertex 11.474606966149457 -6.19057494833859 -0.19999999999999996
      vertex 11.492705098312491 -6.185316954888544 -1.6999999999993536
      vertex 11.474606966149457 -6.19057494833859 -1.699999999999358
    endloop
  endfacet
  facet normal -0.33873792024529703 0.9408807689542235 0
    outer loop
      vertex 11.510437365805403 -6.1789329457664754 -0.19999999999999996
      vertex 11.510437365805403 -6.1789329457664754 -1.6999999999993494
      vertex 11.492705098312491 -6.185316954888544 -1.6999999999993536
    endloop
  endfacet
  facet normal -0.39714789063476935 0.917754625683986 0
    outer loop
      vertex 11.510437365805403 -6.1789329457664754 -0.19999999999999996
      vertex 11.527733787469522 -6.171448115739806 -1.6999999999993451
      vertex 11.510437365805403 -6.1789329457664754 -1.6999999999993494
    endloop
  endfacet
  facet normal -0.45399049973958894 0.8910065241883464 0
    outer loop
      vertex 11.527733787469522 -6.171448115739806 -0.19999999999999996
      vertex 11.544526102230522 -6.1628920040131545 -1.6999999999993411
      vertex 11.527733787469522 -6.171448115739806 -1.6999999999993451
    endloop
  endfacet
  facet normal -0.5090414157503294 0.8607420270039684 0
    outer loop
      vertex 11.5607480384937 -6.153298377650605 -0.19999999999999996
      vertex 11.5607480384937 -6.153298377650605 -1.6999999999993374
      vertex 11.544526102230522 -6.1628920040131545 -1.6999999999993411
    endloop
  endfacet
  facet normal -0.5620833778521396 0.8270805742745557 0
    outer loop
      vertex 11.5607480384937 -6.153298377650605 -0.19999999999999996
      vertex 11.57633557568775 -6.142705098312479 -1.699999999999334
      vertex 11.5607480384937 -6.153298377650605 -1.6999999999993374
    endloop
  endfacet
  facet normal -0.612907053652971 0.7901550123756946 -9.611651028842984e-17
    outer loop
      vertex 11.591227196924608 -6.131153972832737 -0.19999999999999996
      vertex 11.591227196924615 -6.131153972832732 -1.6999999999993307
      vertex 11.57633557568775 -6.142705098312479 -1.699999999999334
    endloop
  endfacet
  facet normal -0.6613118653236927 0.7501110696304236 0
    outer loop
      vertex 11.605364131778607 -6.118690588226424 -0.19999999999999996
      vertex 11.605364131778607 -6.118690588226424 -1.6999999999993276
      vertex 11.591227196924615 -6.131153972832732 -1.6999999999993307
    endloop
  endfacet
  facet normal -0.7071067811865946 0.7071067811865004 0
    outer loop
      vertex 11.605364131778607 -6.118690588226424 -0.19999999999999996
      vertex 11.618690588226423 -6.1053641317786065 -1.699999999999325
      vertex 11.605364131778607 -6.118690588226424 -1.6999999999993276
    endloop
  endfacet
  facet normal -0.7501110696304729 0.6613118653236367 0
    outer loop
      vertex 11.618690588226423 -6.1053641317786065 -0.19999999999999996
      vertex 11.631153972832742 -6.0912271969246 -1.6999999999993225
      vertex 11.618690588226423 -6.1053641317786065 -1.699999999999325
    endloop
  endfacet
  facet normal -0.7901550123756672 0.6129070536530065 0
    outer loop
      vertex 11.642705098312485 -6.076335575687742 -0.19999999999999996
      vertex 11.642705098312485 -6.076335575687742 -1.6999999999993205
      vertex 11.631153972832742 -6.0912271969246 -1.6999999999993225
    endloop
  endfacet
  facet normal -0.8270805742745532 0.5620833778521434 0
    outer loop
      vertex 11.642705098312485 -6.076335575687742 -0.19999999999999996
      vertex 11.653298377650605 -6.060748038493699 -1.6999999999993187
      vertex 11.642705098312485 -6.076335575687742 -1.6999999999993205
    endloop
  endfacet
  facet normal -0.8607420270039902 0.5090414157502925 0
    outer loop
      vertex 11.653298377650605 -6.060748038493699 -0.19999999999999996
      vertex 11.662892004013163 -6.044526102230507 -1.6999999999993172
      vertex 11.653298377650605 -6.060748038493699 -1.6999999999993187
    endloop
  endfacet
  facet normal -0.8910065241883337 0.4539904997396137 0
    outer loop
      vertex 11.671448115739807 -6.027733787469522 -0.19999999999999996
      vertex 11.671448115739807 -6.027733787469522 -1.6999999999993158
      vertex 11.662892004013163 -6.044526102230507 -1.6999999999993172
    endloop
  endfacet
  facet normal -0.9177546256839786 0.39714789063478656 0
    outer loop
      vertex 11.671448115739807 -6.027733787469522 -0.19999999999999996
      vertex 11.678932945766476 -6.010437365805404 -1.699999999999315
      vertex 11.671448115739807 -6.027733787469522 -1.6999999999993158
    endloop
  endfacet
  facet normal -0.9408807689542457 0.33873792024523525 0
    outer loop
      vertex 11.678932945766476 -6.010437365805404 -0.19999999999999996
      vertex 11.685316954888549 -5.992705098312476 -1.6999999999993145
      vertex 11.678932945766476 -6.010437365805404 -1.699999999999315
    endloop
  endfacet
  facet normal -0.9602936856769441 0.2789911060392257 0
    outer loop
      vertex 11.69057494833859 -5.974606966149457 -0.19999999999999996
      vertex 11.69057494833859 -5.974606966149457 -1.6999999999993143
      vertex 11.685316954888549 -5.992705098312476 -1.6999999999993145
    endloop
  endfacet
  facet normal -0.975916761938753 0.21814324139651767 0
    outer loop
      vertex 11.69057494833859 -5.974606966149457 -0.19999999999999996
      vertex 11.694686175218608 -5.956214394375709 -1.6999999999993143
      vertex 11.69057494833859 -5.974606966149457 -1.6999999999993143
    endloop
  endfacet
  facet normal -0.9876883405951543 0.15643446504012656 9.262781063069172e-16
    outer loop
      vertex 11.697634410394343 -5.937599970069291 -0.19999999999999996
      vertex 11.697634410394343 -5.937599970069282 -1.6999999999993147
      vertex 11.694686175218608 -5.956214394375709 -1.6999999999993143
    endloop
  endfacet
  facet normal -0.9955619646030773 0.09410831331854244 5.572331533596362e-16
    outer loop
      vertex 11.699408018528482 -5.918837155858794 -0.19999999999999996
      vertex 11.699408018528482 -5.918837155858785 -1.6999999999993154
      vertex 11.697634410394343 -5.937599970069282 -1.6999999999993147
    endloop
  endfacet
  facet normal -0.9995065603660128 0.03141075906918121 1.1259777430729758e-13
    outer loop
      vertex 11.699999997019768 -5.900000094832527 -0.19999999999999996
      vertex 11.699999997019768 -5.90000009482715 -1.6999999999993165
      vertex 11.699408018528482 -5.918837155858785 -1.6999999999993154
    endloop
  endfacet
  facet normal 1 0 0
    outer loop
      vertex 11.100000002980233 -5.900000094832527 -0.19999999999999996
      vertex 11.100000002980233 -5.900000094832533 -1.6999999999994773
      vertex 11.100000002980233 5.900000094832527 -1.7
    endloop
  endfacet
  facet normal 0.7501110696304483 0.6613118653236647 3.1756324362876567e-16
    outer loop
      vertex 11.168846027167264 -6.091227196924607 -0.20999999999999996
      vertex 11.181309411773578 -6.1053641317786065 -0.20999999999999996
      vertex 11.181309411773583 -6.105364131778612 -1.6999999999994422
    endloop
  endfacet
  facet normal 0.7071067811865946 0.7071067811865004 3.3710541526548395e-28
    outer loop
      vertex 11.181309411773578 -6.1053641317786065 -0.20999999999999996
      vertex 11.194635868221393 -6.118690588226424 -0.19999999999999996
      vertex 11.181309411773583 -6.105364131778612 -1.6999999999994422
    endloop
  endfacet
  facet normal 0.8607420270039535 0.5090414157503544 0
    outer loop
      vertex 11.137107995986842 -6.044526102230515 -0.20999999999999996
      vertex 11.137107995986842 -6.044526102230515 -0.19999999999999996
      vertex 11.146701622349399 -6.0607480384937045 -1.6999999999994544
    endloop
  endfacet
  facet normal 0.8910065241883532 0.4539904997395756 0
    outer loop
      vertex 11.137107995986842 -6.044526102230515 -0.20999999999999996
      vertex 11.128551884260197 -6.027733787469528 -1.6999999999994613
      vertex 11.137107995986842 -6.044526102230515 -0.19999999999999996
    endloop
  endfacet
  facet normal 0.9177546256839859 0.39714789063476935 5.27568074141081e-16
    outer loop
      vertex 11.128551884260194 -6.027733787469522 -0.19999999999999996
      vertex 11.128551884260197 -6.027733787469528 -1.6999999999994613
      vertex 11.121067054233524 -6.010437365805403 -0.19999999999999996
    endloop
  endfacet
  facet normal 0.891006524188345 0.4539904997395918 2.2819509109549196e-16
    outer loop
      vertex 11.137107995986842 -6.044526102230515 -0.19999999999999996
      vertex 11.128551884260197 -6.027733787469528 -1.6999999999994613
      vertex 11.128551884260194 -6.027733787469522 -0.19999999999999996
    endloop
  endfacet
  facet normal 0.9177546256839694 0.39714789063480793 0
    outer loop
      vertex 11.121067054233524 -6.010437365805403 -0.20999999999999996
      vertex 11.121067054233524 -6.010437365805403 -0.19999999999999996
      vertex 11.128551884260197 -6.027733787469528 -1.6999999999994613
    endloop
  endfacet
  facet normal 0.9408807689542138 0.3387379202453237 0
    outer loop
      vertex 11.121067054233524 -6.010437365805403 -0.20999999999999996
      vertex 11.114683045111455 -5.9927050983124905 -1.6999999999994673
      vertex 11.121067054233524 -6.010437365805403 -0.19999999999999996
    endloop
  endfacet
  facet normal 0.9408807689542217 0.338737920245302 -2.8955847693630726e-16
    outer loop
      vertex 11.121067054233524 -6.010437365805403 -0.19999999999999996
      vertex 11.114683045111455 -5.9927050983124905 -1.6999999999994673
      vertex 11.114683045111454 -5.992705098312484 -0.19999999999999996
    endloop
  endfacet
  facet normal 0.7901550123756719 0.6129070536530005 -3.068169292040282e-16
    outer loop
      vertex 11.168846027167264 -6.091227196924607 -0.20999999999999996
      vertex 11.15729490168752 -6.0763355756877475 -1.6999999999994504
      vertex 11.157294901687516 -6.076335575687742 -0.19999999999999996
    endloop
  endfacet
  facet normal 0.8270805742745533 0.5620833778521434 -3.800099199146152e-17
    outer loop
      vertex 11.146701622349395 -6.060748038493699 -0.19999999999999996
      vertex 11.157294901687516 -6.076335575687742 -0.19999999999999996
      vertex 11.146701622349399 -6.0607480384937045 -1.6999999999994544
    endloop
  endfacet
  facet normal 0.8607420270039629 0.5090414157503387 2.301682480248487e-16
    outer loop
      vertex 11.146701622349395 -6.060748038493699 -0.19999999999999996
      vertex 11.146701622349399 -6.0607480384937045 -1.6999999999994544
      vertex 11.137107995986842 -6.044526102230515 -0.19999999999999996
    endloop
  endfacet
  facet normal 0.9876883405951397 0.15643446504021852 5.247616962348631e-16
    outer loop
      vertex 11.102365589605657 -5.937599970069291 -0.20999999999999996
      vertex 11.105313824781394 -5.956214394375718 -0.20999999999999996
      vertex 11.10236558960566 -5.937599970069297 -1.6999999999994742
    endloop
  endfacet
  facet normal 0.9955619646030773 0.09410831331854246 7.942137542567068e-16
    outer loop
      vertex 11.102365589605657 -5.937599970069291 -0.20999999999999996
      vertex 11.10236558960566 -5.937599970069297 -1.6999999999994742
      vertex 11.100591981471519 -5.918837155858794 -0.20999999999999996
    endloop
  endfacet
  facet normal 0.9602936856769518 0.27899110603919897 -1.9155267547255346e-17
    outer loop
      vertex 11.114683045111454 -5.992705098312484 -0.19999999999999996
      vertex 11.114683045111455 -5.9927050983124905 -1.6999999999994673
      vertex 11.109425051661411 -5.974606966149457 -0.19999999999999996
    endloop
  endfacet
  facet normal 0.9759167619387507 0.21814324139652827 0
    outer loop
      vertex 11.105313824781394 -5.956214394375718 -0.20999999999999996
      vertex 11.105313824781394 -5.956214394375718 -0.19999999999999996
      vertex 11.109425051661411 -5.974606966149457 -1.69999999999947
    endloop
  endfacet
  facet normal 0.9759167619387507 0.21814324139652824 0
    outer loop
      vertex 11.109425051661411 -5.974606966149457 -0.19999999999999996
      vertex 11.109425051661411 -5.974606966149457 -1.69999999999947
      vertex 11.105313824781394 -5.956214394375718 -0.19999999999999996
    endloop
  endfacet
  facet normal 0.9995065603657317 0.03141075907812383 -1.3015814944531915e-16
    outer loop
      vertex 11.100591981471519 -5.918837155858794 -0.20999999999999996
      vertex 11.100000002980233 -5.900000094832533 -1.6999999999994773
      vertex 11.100000002980233 -5.900000094832527 -0.19999999999999996
    endloop
  endfacet
  facet normal 0.15643446504022576 0.9876883405951384 4.851111231732391e-14
    outer loop
      vertex 11.343785605624284 -6.194686175218607 -0.19999999999999996
      vertex 11.36240002993071 -6.197634410394343 -0.19999999999999996
      vertex 11.362400029931859 -6.197634410394452 -1.6999999999993878
    endloop
  endfacet
  facet normal 0.09410831331854244 0.9955619646030772 0
    outer loop
      vertex 11.381162844141206 -6.199408018528482 -1.69
      vertex 11.36240002993071 -6.197634410394343 -0.19999999999999996
      vertex 11.381162844141206 -6.199408018528482 -0.19999999999999996
    endloop
  endfacet
  facet normal 0.03141075907812524 0.9995065603657316 0
    outer loop
      vertex 11.381162844141206 -6.199408018528482 -1.69
      vertex 11.381162844141206 -6.199408018528482 -0.19999999999999996
      vertex 11.399999905167473 -6.199999997019768 -0.19999999999999996
    endloop
  endfacet
  facet normal 0.5620833778520892 0.8270805742745899 -4.517290862915889e-16
    outer loop
      vertex 11.223664424312258 -6.142705098312485 -0.19999999999999996
      vertex 11.239251961506302 -6.1532983776506045 -0.19999999999999996
      vertex 11.223664424312263 -6.142705098312489 -1.6999999999994284
    endloop
  endfacet
  facet normal 0.6613118653236179 0.7501110696304895 1.2867682847507791e-16
    outer loop
      vertex 11.194635868221393 -6.118690588226424 -0.19999999999999996
      vertex 11.208772803075394 -6.131153972832737 -0.19999999999999996
      vertex 11.194635868221399 -6.118690588226428 -1.6999999999994377
    endloop
  endfacet
  facet normal 0.6129070536530166 0.7901550123756592 -1.6203769073589561e-16
    outer loop
      vertex 11.223664424312258 -6.142705098312485 -0.19999999999999996
      vertex 11.2087728030754 -6.131153972832742 -1.699999999999433
      vertex 11.208772803075394 -6.131153972832737 -0.19999999999999996
    endloop
  endfacet
  facet normal 0.5090414157503736 0.8607420270039423 3.7201552665990736e-16
    outer loop
      vertex 11.239251961506302 -6.1532983776506045 -0.19999999999999996
      vertex 11.255473897769486 -6.162892004013159 -0.19999999999999996
      vertex 11.255473897769493 -6.1628920040131625 -1.6999999999994186
    endloop
  endfacet
  facet normal 0.4539904997395544 0.891006524188364 4.020363370394235e-17
    outer loop
      vertex 11.255473897769486 -6.162892004013159 -0.19999999999999996
      vertex 11.272266212530479 -6.171448115739806 -0.19999999999999996
      vertex 11.255473897769493 -6.1628920040131625 -1.6999999999994186
    endloop
  endfacet
  facet normal 0.39714789063476935 0.917754625683986 0
    outer loop
      vertex 11.272266212530479 -6.171448115739806 -0.19999999999999996
      vertex 11.289562634194597 -6.1789329457664754 -0.19999999999999996
      vertex 11.289562634194597 -6.1789329457664754 -1.6999999999994084
    endloop
  endfacet
  facet normal 0.33873792024530197 0.9408807689542217 0
    outer loop
      vertex 11.289562634194597 -6.1789329457664754 -0.19999999999999996
      vertex 11.307294901687516 -6.185316954888546 -0.19999999999999996
      vertex 11.307294901687516 -6.185316954888546 -1.6999999999994033
    endloop
  endfacet
  facet normal 0.2181432413965182 0.9759167619387528 0
    outer loop
      vertex 11.343785605624284 -6.194686175218607 -0.19999999999999996
      vertex 11.343785605624284 -6.194686175218607 -1.6999999999993929
      vertex 11.325393033850544 -6.19057494833859 -0.19999999999999996
    endloop
  endfacet
  facet normal 0.2789911060392424 0.9602936856769393 0
    outer loop
      vertex 11.307294901687516 -6.185316954888546 -0.19999999999999996
      vertex 11.325393033850544 -6.19057494833859 -0.19999999999999996
      vertex 11.325393033850544 -6.19057494833859 -1.699999999999398
    endloop
  endfacet
  facet normal -0.0314104431272662 0.9995065702948374 0
    outer loop
      vertex 11.399999905167473 -6.199999997019768 -0.19999999999999996
      vertex 11.418837155858794 -6.199408018528482 -0.19999999999999996
      vertex 11.418837155858794 -6.199408018528482 -1.6999999999993725
    endloop
  endfacet
  facet normal -0.09410831331854246 0.9955619646030773 1.4382043556440174e-16
    outer loop
      vertex 11.418837155858794 -6.199408018528482 -0.19999999999999996
      vertex 11.437599970069291 -6.197634410394343 -0.19999999999999996
      vertex 11.437599970069298 -6.197634410394342 -1.6999999999993676
    endloop
  endfacet
  facet normal -0.15643446504022576 0.9876883405951384 -1.5619350537504495e-16
    outer loop
      vertex 11.437599970069291 -6.197634410394343 -0.19999999999999996
      vertex 11.456214394375717 -6.194686175218607 -0.19999999999999996
      vertex 11.437599970069298 -6.197634410394342 -1.6999999999993676
    endloop
  endfacet
  facet normal -0.2181432413965182 0.9759167619387529 0
    outer loop
      vertex 11.456214394375717 -6.194686175218607 -0.19999999999999996
      vertex 11.474606966149457 -6.19057494833859 -0.19999999999999996
      vertex 11.474606966149457 -6.19057494833859 -1.699999999999358
    endloop
  endfacet
  facet normal -0.27899110603924243 0.9602936856769392 3.84000562956959e-16
    outer loop
      vertex 11.474606966149457 -6.19057494833859 -0.19999999999999996
      vertex 11.492705098312484 -6.185316954888546 -0.19999999999999996
      vertex 11.492705098312491 -6.185316954888544 -1.6999999999993536
    endloop
  endfacet
  facet normal -0.338737920245302 0.9408807689542217 6.675486528013709e-17
    outer loop
      vertex 11.492705098312484 -6.185316954888546 -0.19999999999999996
      vertex 11.510437365805403 -6.1789329457664754 -0.19999999999999996
      vertex 11.492705098312491 -6.185316954888544 -1.6999999999993536
    endloop
  endfacet
  facet normal -0.39714789063476935 0.917754625683986 0
    outer loop
      vertex 11.510437365805403 -6.1789329457664754 -0.19999999999999996
      vertex 11.527733787469522 -6.171448115739806 -0.19999999999999996
      vertex 11.527733787469522 -6.171448115739806 -1.6999999999993451
    endloop
  endfacet
  facet normal -0.4539904997395544 0.891006524188364 4.880306780151983e-16
    outer loop
      vertex 11.527733787469522 -6.171448115739806 -0.19999999999999996
      vertex 11.544526102230515 -6.162892004013159 -0.19999999999999996
      vertex 11.544526102230522 -6.1628920040131545 -1.6999999999993411
    endloop
  endfacet
  facet normal -0.5090414157503388 0.860742027003963 1.3700377662999964e-16
    outer loop
      vertex 11.544526102230515 -6.162892004013159 -0.19999999999999996
      vertex 11.5607480384937 -6.153298377650605 -0.19999999999999996
      vertex 11.544526102230522 -6.1628920040131545 -1.6999999999993411
    endloop
  endfacet
  facet normal -0.5620833778521215 0.827080574274568 2.751764333798761e-16
    outer loop
      vertex 11.5607480384937 -6.153298377650605 -0.19999999999999996
      vertex 11.576335575687743 -6.142705098312485 -0.19999999999999996
      vertex 11.57633557568775 -6.142705098312479 -1.699999999999334
    endloop
  endfacet
  facet normal -0.6129070536529709 0.7901550123756946 -9.611651028842962e-17
    outer loop
      vertex 11.576335575687743 -6.142705098312485 -0.19999999999999996
      vertex 11.591227196924608 -6.131153972832737 -0.19999999999999996
      vertex 11.57633557568775 -6.142705098312479 -1.699999999999334
    endloop
  endfacet
  facet normal -0.6613118653236647 0.7501110696304482 -4.676724221557178e-16
    outer loop
      vertex 11.591227196924608 -6.131153972832737 -0.19999999999999996
      vertex 11.605364131778607 -6.118690588226424 -0.19999999999999996
      vertex 11.591227196924615 -6.131153972832732 -1.6999999999993307
    endloop
  endfacet
  facet normal -0.7071067811865946 0.7071067811865004 0
    outer loop
      vertex 11.605364131778607 -6.118690588226424 -0.19999999999999996
      vertex 11.618690588226423 -6.1053641317786065 -0.19999999999999996
      vertex 11.618690588226423 -6.1053641317786065 -1.699999999999325
    endloop
  endfacet
  facet normal -0.7501110696304483 0.6613118653236647 4.678958170362026e-16
    outer loop
      vertex 11.618690588226423 -6.1053641317786065 -0.19999999999999996
      vertex 11.631153972832736 -6.091227196924607 -0.19999999999999996
      vertex 11.631153972832742 -6.0912271969246 -1.6999999999993225
    endloop
  endfacet
  facet normal -0.7901550123756719 0.6129070536530004 9.611651028865083e-17
    outer loop
      vertex 11.631153972832736 -6.091227196924607 -0.19999999999999996
      vertex 11.642705098312485 -6.076335575687742 -0.19999999999999996
      vertex 11.631153972832742 -6.0912271969246 -1.6999999999993225
    endloop
  endfacet
  facet normal -0.8270805742745532 0.5620833778521434 0
    outer loop
      vertex 11.642705098312485 -6.076335575687742 -0.19999999999999996
      vertex 11.653298377650605 -6.060748038493699 -0.19999999999999996
      vertex 11.653298377650605 -6.060748038493699 -1.6999999999993187
    endloop
  endfacet
  facet normal -0.860742027003963 0.5090414157503387 6.740384413452031e-16
    outer loop
      vertex 11.653298377650605 -6.060748038493699 -0.19999999999999996
      vertex 11.662892004013159 -6.044526102230515 -0.19999999999999996
      vertex 11.662892004013163 -6.044526102230507 -1.6999999999993172
    endloop
  endfacet
  facet normal -0.8910065241883449 0.4539904997395918 3.090200101160103e-16
    outer loop
      vertex 11.662892004013159 -6.044526102230515 -0.19999999999999996
      vertex 11.671448115739807 -6.027733787469522 -0.19999999999999996
      vertex 11.662892004013163 -6.044526102230507 -1.6999999999993172
    endloop
  endfacet
  facet normal -0.9177546256839786 0.3971478906347865 0
    outer loop
      vertex 11.671448115739807 -6.027733787469522 -0.19999999999999996
      vertex 11.678932945766476 -6.010437365805404 -0.19999999999999996
      vertex 11.678932945766476 -6.010437365805404 -1.699999999999315
    endloop
  endfacet
  facet normal -0.9408807689542271 0.338737920245287 6.908174921609979e-16
    outer loop
      vertex 11.678932945766476 -6.010437365805404 -0.19999999999999996
      vertex 11.685316954888547 -5.992705098312484 -0.19999999999999996
      vertex 11.685316954888549 -5.992705098312476 -1.6999999999993145
    endloop
  endfacet
  facet normal -0.9602936856769518 0.27899110603919897 3.4954710711045606e-16
    outer loop
      vertex 11.685316954888547 -5.992705098312484 -0.19999999999999996
      vertex 11.69057494833859 -5.974606966149457 -0.19999999999999996
      vertex 11.685316954888549 -5.992705098312476 -1.6999999999993145
    endloop
  endfacet
  facet normal -0.9759167619387505 0.21814324139652824 1.361500123343043e-16
    outer loop
      vertex 11.69057494833859 -5.974606966149457 -0.19999999999999996
      vertex 11.694686175218607 -5.956214394375718 -0.19999999999999996
      vertex 11.694686175218608 -5.956214394375709 -1.6999999999993143
    endloop
  endfacet
  facet normal -0.9876883405951397 0.1564344650402185 -2.4337985303444646e-16
    outer loop
      vertex 11.694686175218607 -5.956214394375718 -0.19999999999999996
      vertex 11.697634410394343 -5.937599970069291 -0.19999999999999996
      vertex 11.694686175218608 -5.956214394375709 -1.6999999999993143
    endloop
  endfacet
  facet normal -0.9955619646030773 0.09410831331854247 5.572331533596364e-16
    outer loop
      vertex 11.697634410394343 -5.937599970069291 -0.19999999999999996
      vertex 11.699408018528482 -5.918837155858794 -0.19999999999999996
      vertex 11.697634410394343 -5.937599970069282 -1.6999999999993147
    endloop
  endfacet
  facet normal -0.9995065603657316 0.03141075907812376 1.8598905573068038e-16
    outer loop
      vertex 11.699408018528482 -5.918837155858794 -0.19999999999999996
      vertex 11.699999997019768 -5.900000094832527 -0.19999999999999996
      vertex 11.699408018528482 -5.918837155858785 -1.6999999999993154
    endloop
  endfacet
  facet normal 0.7501110696304482 0.6613118653236647 0
    outer loop
      vertex 11.168846027167264 -6.091227196924607 -0.20999999999999996
      vertex 11.181309411773578 -6.1053641317786065 -0.19999999999999996
      vertex 11.181309411773578 -6.1053641317786065 -0.20999999999999996
    endloop
  endfacet
  facet normal 0.7501110696304482 0.6613118653236647 0
    outer loop
      vertex 11.168846027167264 -6.091227196924607 -0.20999999999999996
      vertex 11.168846027167264 -6.091227196924607 -0.19999999999999996
      vertex 11.181309411773578 -6.1053641317786065 -0.19999999999999996
    endloop
  endfacet
  facet normal 0.7071067811865946 0.7071067811865003 0
    outer loop
      vertex 11.181309411773578 -6.1053641317786065 -0.20999999999999996
      vertex 11.181309411773578 -6.1053641317786065 -0.19999999999999996
      vertex 11.194635868221393 -6.118690588226424 -0.19999999999999996
    endloop
  endfacet
  facet normal 0 0 -1
    outer loop
      vertex 11.137107995986842 -6.044526102230515 -0.19999999999999996
      vertex 11.128551884260194 -6.027733787469522 -0.19999999999999996
      vertex 11.121067054233524 -6.010437365805403 -0.19999999999999996
    endloop
  endfacet
  facet normal 0 0 -1
    outer loop
      vertex 11.121067054233524 -6.010437365805403 -0.19999999999999996
      vertex 11.100000002980233 -5.900000094832527 -0.19999999999999996
      vertex 11.181309411773578 -6.1053641317786065 -0.19999999999999996
    endloop
  endfacet
  facet normal 0.7901550123756719 0.6129070536530004 0
    outer loop
      vertex 11.168846027167264 -6.091227196924607 -0.20999999999999996
      vertex 11.157294901687516 -6.076335575687742 -0.19999999999999996
      vertex 11.168846027167264 -6.091227196924607 -0.19999999999999996
    endloop
  endfacet
  facet normal 0 0 -1
    outer loop
      vertex 11.137107995986842 -6.044526102230515 -0.19999999999999996
      vertex 11.181309411773578 -6.1053641317786065 -0.19999999999999996
      vertex 11.157294901687516 -6.076335575687742 -0.19999999999999996
    endloop
  endfacet
  facet normal 0 0 -1
    outer loop
      vertex 11.146701622349395 -6.060748038493699 -0.19999999999999996
      vertex 11.137107995986842 -6.044526102230515 -0.19999999999999996
      vertex 11.157294901687516 -6.076335575687742 -0.19999999999999996
    endloop
  endfacet
  facet normal 0 0 -1
    outer loop
      vertex 11.137107995986842 -6.044526102230515 -0.19999999999999996
      vertex 11.121067054233524 -6.010437365805403 -0.19999999999999996
      vertex 11.181309411773578 -6.1053641317786065 -0.19999999999999996
    endloop
  endfacet
  facet normal 0 0 -1
    outer loop
      vertex 11.168846027167264 -6.091227196924607 -0.19999999999999996
      vertex 11.157294901687516 -6.076335575687742 -0.19999999999999996
      vertex 11.181309411773578 -6.1053641317786065 -0.19999999999999996
    endloop
  endfacet
  facet normal 0.9876883405951397 0.15643446504021852 0
    outer loop
      vertex 11.102365589605657 -5.937599970069291 -0.20999999999999996
      vertex 11.105313824781394 -5.956214394375718 -0.19999999999999996
      vertex 11.105313824781394 -5.956214394375718 -0.20999999999999996
    endloop
  endfacet
  facet normal 0 0 -1
    outer loop
      vertex 11.121067054233524 -6.010437365805403 -0.19999999999999996
      vertex 11.114683045111454 -5.992705098312484 -0.19999999999999996
      vertex 11.109425051661411 -5.974606966149457 -0.19999999999999996
    endloop
  endfacet
  facet normal 0 0 -1
    outer loop
      vertex 11.121067054233524 -6.010437365805403 -0.19999999999999996
      vertex 11.109425051661411 -5.974606966149457 -0.19999999999999996
      vertex 11.105313824781394 -5.956214394375718 -0.19999999999999996
    endloop
  endfacet
  facet normal 0 0 -1
    outer loop
      vertex 11.121067054233524 -6.010437365805403 -0.19999999999999996
      vertex 11.105313824781394 -5.956214394375718 -0.19999999999999996
      vertex 11.100000002980233 -5.900000094832527 -0.19999999999999996
    endloop
  endfacet
  facet normal 0.9955619646030772 0.09410831331854246 0
    outer loop
      vertex 11.102365589605657 -5.937599970069291 -0.20999999999999996
      vertex 11.100591981471519 -5.918837155858794 -0.20999999999999996
      vertex 11.102365589605657 -5.937599970069291 -0.19999999999999996
    endloop
  endfacet
  facet normal 0.9876883405951397 0.15643446504021852 0
    outer loop
      vertex 11.102365589605657 -5.937599970069291 -0.20999999999999996
      vertex 11.102365589605657 -5.937599970069291 -0.19999999999999996
      vertex 11.105313824781394 -5.956214394375718 -0.19999999999999996
    endloop
  endfacet
  facet normal 0.9955619646030772 0.09410831331854246 0
    outer loop
      vertex 11.102365589605657 -5.937599970069291 -0.19999999999999996
      vertex 11.100591981471519 -5.918837155858794 -0.20999999999999996
      vertex 11.100591981471519 -5.918837155858794 -0.19999999999999996
    endloop
  endfacet
  facet normal 0 0 -1
    outer loop
      vertex 11.102365589605657 -5.937599970069291 -0.19999999999999996
      vertex 11.100000002980233 -5.900000094832527 -0.19999999999999996
      vertex 11.105313824781394 -5.956214394375718 -0.19999999999999996
    endloop
  endfacet
  facet normal 0.9995065603657317 0.03141075907812376 0
    outer loop
      vertex 11.100591981471519 -5.918837155858794 -0.20999999999999996
      vertex 11.100000002980233 -5.900000094832527 -0.19999999999999996
      vertex 11.100591981471519 -5.918837155858794 -0.19999999999999996
    endloop
  endfacet
  facet normal 0 0 -1
    outer loop
      vertex 11.102365589605657 -5.937599970069291 -0.19999999999999996
      vertex 11.100591981471519 -5.918837155858794 -0.19999999999999996
      vertex 11.100000002980233 -5.900000094832527 -0.19999999999999996
    endloop
  endfacet
  facet normal 0 0 -1
    outer loop
      vertex 11.325393033850544 -6.19057494833859 -0.19999999999999996
      vertex 11.399999905167473 -6.199999997019768 -0.19999999999999996
      vertex 11.36240002993071 -6.197634410394343 -0.19999999999999996
    endloop
  endfacet
  facet normal 0 0 -1
    outer loop
      vertex 11.36240002993071 -6.197634410394343 -0.19999999999999996
      vertex 11.399999905167473 -6.199999997019768 -0.19999999999999996
      vertex 11.381162844141206 -6.199408018528482 -0.19999999999999996
    endloop
  endfacet
  facet normal 0 0 -1
    outer loop
      vertex 11.223664424312258 -6.142705098312485 -0.19999999999999996
      vertex 11.208772803075394 -6.131153972832737 -0.19999999999999996
      vertex 11.181309411773578 -6.1053641317786065 -0.19999999999999996
    endloop
  endfacet
  facet normal 0 0 -1
    outer loop
      vertex 11.194635868221393 -6.118690588226424 -0.19999999999999996
      vertex 11.181309411773578 -6.1053641317786065 -0.19999999999999996
      vertex 11.208772803075394 -6.131153972832737 -0.19999999999999996
    endloop
  endfacet
  facet normal 0 0 -1
    outer loop
      vertex 11.223664424312258 -6.142705098312485 -0.19999999999999996
      vertex 11.181309411773578 -6.1053641317786065 -0.19999999999999996
      vertex 11.272266212530479 -6.171448115739806 -0.19999999999999996
    endloop
  endfacet
  facet normal 0 0 -1
    outer loop
      vertex 11.223664424312258 -6.142705098312485 -0.19999999999999996
      vertex 11.272266212530479 -6.171448115739806 -0.19999999999999996
      vertex 11.239251961506302 -6.1532983776506045 -0.19999999999999996
    endloop
  endfacet
  facet normal 0 0 -1
    outer loop
      vertex 11.239251961506302 -6.1532983776506045 -0.19999999999999996
      vertex 11.272266212530479 -6.171448115739806 -0.19999999999999996
      vertex 11.255473897769486 -6.162892004013159 -0.19999999999999996
    endloop
  endfacet
  facet normal 0 0 -1
    outer loop
      vertex 11.272266212530479 -6.171448115739806 -0.19999999999999996
      vertex 11.307294901687516 -6.185316954888546 -0.19999999999999996
      vertex 11.289562634194597 -6.1789329457664754 -0.19999999999999996
    endloop
  endfacet
  facet normal 0 0 -1
    outer loop
      vertex 11.272266212530479 -6.171448115739806 -0.19999999999999996
      vertex 11.181309411773578 -6.1053641317786065 -0.19999999999999996
      vertex 11.399999905167473 -6.199999997019768 -0.19999999999999996
    endloop
  endfacet
  facet normal 0 0 -1
    outer loop
      vertex 11.399999905167473 -6.199999997019768 -0.19999999999999996
      vertex 11.181309411773578 -6.1053641317786065 -0.19999999999999996
      vertex 11.100000002980233 -5.900000094832527 -0.19999999999999996
    endloop
  endfacet
  facet normal 0 0 -1
    outer loop
      vertex 11.272266212530479 -6.171448115739806 -0.19999999999999996
      vertex 11.325393033850544 -6.19057494833859 -0.19999999999999996
      vertex 11.307294901687516 -6.185316954888546 -0.19999999999999996
    endloop
  endfacet
  facet normal 0 0 -1
    outer loop
      vertex 11.272266212530479 -6.171448115739806 -0.19999999999999996
      vertex 11.399999905167473 -6.199999997019768 -0.19999999999999996
      vertex 11.325393033850544 -6.19057494833859 -0.19999999999999996
    endloop
  endfacet
  facet normal 0 0 -1
    outer loop
      vertex 11.343785605624284 -6.194686175218607 -0.19999999999999996
      vertex 11.325393033850544 -6.19057494833859 -0.19999999999999996
      vertex 11.36240002993071 -6.197634410394343 -0.19999999999999996
    endloop
  endfacet
  facet normal 0 0 -1
    outer loop
      vertex 11.399999905167473 -6.199999997019768 -0.19999999999999996
      vertex 11.456214394375717 -6.194686175218607 -0.19999999999999996
      vertex 11.418837155858794 -6.199408018528482 -0.19999999999999996
    endloop
  endfacet
  facet normal 0 0 -1
    outer loop
      vertex 11.418837155858794 -6.199408018528482 -0.19999999999999996
      vertex 11.456214394375717 -6.194686175218607 -0.19999999999999996
      vertex 11.437599970069291 -6.197634410394343 -0.19999999999999996
    endloop
  endfacet
  facet normal 0 0 -1
    outer loop
      vertex 11.399999905167473 -6.199999997019768 -0.19999999999999996
      vertex 11.510437365805403 -6.1789329457664754 -0.19999999999999996
      vertex 11.456214394375717 -6.194686175218607 -0.19999999999999996
    endloop
  endfacet
  facet normal 0 0 -1
    outer loop
      vertex 11.456214394375717 -6.194686175218607 -0.19999999999999996
      vertex 11.510437365805403 -6.1789329457664754 -0.19999999999999996
      vertex 11.474606966149457 -6.19057494833859 -0.19999999999999996
    endloop
  endfacet
  facet normal 0 0 -1
    outer loop
      vertex 11.399999905167473 -6.199999997019768 -0.19999999999999996
      vertex 11.100000002980233 -5.900000094832527 -0.19999999999999996
      vertex 11.699999997019768 -5.900000094832527 -0.19999999999999996
    endloop
  endfacet
  facet normal 0 0 -1
    outer loop
      vertex 11.474606966149457 -6.19057494833859 -0.19999999999999996
      vertex 11.510437365805403 -6.1789329457664754 -0.19999999999999996
      vertex 11.492705098312484 -6.185316954888546 -0.19999999999999996
    endloop
  endfacet
  facet normal 0 0 -1
    outer loop
      vertex 11.399999905167473 -6.199999997019768 -0.19999999999999996
      vertex 11.605364131778607 -6.118690588226424 -0.19999999999999996
      vertex 11.510437365805403 -6.1789329457664754 -0.19999999999999996
    endloop
  endfacet
  facet normal 0 0 -1
    outer loop
      vertex 11.510437365805403 -6.1789329457664754 -0.19999999999999996
      vertex 11.5607480384937 -6.153298377650605 -0.19999999999999996
      vertex 11.527733787469522 -6.171448115739806 -0.19999999999999996
    endloop
  endfacet
  facet normal 0 0 -1
    outer loop
      vertex 11.527733787469522 -6.171448115739806 -0.19999999999999996
      vertex 11.5607480384937 -6.153298377650605 -0.19999999999999996
      vertex 11.544526102230515 -6.162892004013159 -0.19999999999999996
    endloop
  endfacet
  facet normal 0 0 -1
    outer loop
      vertex 11.510437365805403 -6.1789329457664754 -0.19999999999999996
      vertex 11.605364131778607 -6.118690588226424 -0.19999999999999996
      vertex 11.5607480384937 -6.153298377650605 -0.19999999999999996
    endloop
  endfacet
  facet normal 0 0 -1
    outer loop
      vertex 11.5607480384937 -6.153298377650605 -0.19999999999999996
      vertex 11.591227196924608 -6.131153972832737 -0.19999999999999996
      vertex 11.576335575687743 -6.142705098312485 -0.19999999999999996
    endloop
  endfacet
  facet normal 0 0 -1
    outer loop
      vertex 11.5607480384937 -6.153298377650605 -0.19999999999999996
      vertex 11.605364131778607 -6.118690588226424 -0.19999999999999996
      vertex 11.591227196924608 -6.131153972832737 -0.19999999999999996
    endloop
  endfacet
  facet normal 0 0 -1
    outer loop
      vertex 11.399999905167473 -6.199999997019768 -0.19999999999999996
      vertex 11.699999997019768 -5.900000094832527 -0.19999999999999996
      vertex 11.605364131778607 -6.118690588226424 -0.19999999999999996
    endloop
  endfacet
  facet normal 0 0 -1
    outer loop
      vertex 11.605364131778607 -6.118690588226424 -0.19999999999999996
      vertex 11.642705098312485 -6.076335575687742 -0.19999999999999996
      vertex 11.618690588226423 -6.1053641317786065 -0.19999999999999996
    endloop
  endfacet
  facet normal 0 0 -1
    outer loop
      vertex 11.618690588226423 -6.1053641317786065 -0.19999999999999996
      vertex 11.642705098312485 -6.076335575687742 -0.19999999999999996
      vertex 11.631153972832736 -6.091227196924607 -0.19999999999999996
    endloop
  endfacet
  facet normal 0 0 -1
    outer loop
      vertex 11.605364131778607 -6.118690588226424 -0.19999999999999996
      vertex 11.671448115739807 -6.027733787469522 -0.19999999999999996
      vertex 11.642705098312485 -6.076335575687742 -0.19999999999999996
    endloop
  endfacet
  facet normal 0 0 -1
    outer loop
      vertex 11.642705098312485 -6.076335575687742 -0.19999999999999996
      vertex 11.671448115739807 -6.027733787469522 -0.19999999999999996
      vertex 11.653298377650605 -6.060748038493699 -0.19999999999999996
    endloop
  endfacet
  facet normal 0 0 -1
    outer loop
      vertex 11.653298377650605 -6.060748038493699 -0.19999999999999996
      vertex 11.671448115739807 -6.027733787469522 -0.19999999999999996
      vertex 11.662892004013159 -6.044526102230515 -0.19999999999999996
    endloop
  endfacet
  facet normal 0 0 -1
    outer loop
      vertex 11.605364131778607 -6.118690588226424 -0.19999999999999996
      vertex 11.699999997019768 -5.900000094832527 -0.19999999999999996
      vertex 11.671448115739807 -6.027733787469522 -0.19999999999999996
    endloop
  endfacet
  facet normal 0 0 -1
    outer loop
      vertex 11.671448115739807 -6.027733787469522 -0.19999999999999996
      vertex 11.69057494833859 -5.974606966149457 -0.19999999999999996
      vertex 11.678932945766476 -6.010437365805404 -0.19999999999999996
    endloop
  endfacet
  facet normal 0 0 -1
    outer loop
      vertex 11.678932945766476 -6.010437365805404 -0.19999999999999996
      vertex 11.69057494833859 -5.974606966149457 -0.19999999999999996
      vertex 11.685316954888547 -5.992705098312484 -0.19999999999999996
    endloop
  endfacet
  facet normal 0 0 -1
    outer loop
      vertex 11.671448115739807 -6.027733787469522 -0.19999999999999996
      vertex 11.699999997019768 -5.900000094832527 -0.19999999999999996
      vertex 11.69057494833859 -5.974606966149457 -0.19999999999999996
    endloop
  endfacet
  facet normal 0 0 -1
    outer loop
      vertex 11.69057494833859 -5.974606966149457 -0.19999999999999996
      vertex 11.697634410394343 -5.937599970069291 -0.19999999999999996
      vertex 11.694686175218607 -5.956214394375718 -0.19999999999999996
    endloop
  endfacet
  facet normal 0 0 -1
    outer loop
      vertex 11.69057494833859 -5.974606966149457 -0.19999999999999996
      vertex 11.699999997019768 -5.900000094832527 -0.19999999999999996
      vertex 11.697634410394343 -5.937599970069291 -0.19999999999999996
    endloop
  endfacet
  facet normal 0 0 -1
    outer loop
      vertex 11.697634410394343 -5.937599970069291 -0.19999999999999996
      vertex 11.699999997019768 -5.900000094832527 -0.19999999999999996
      vertex 11.699408018528482 -5.918837155858794 -0.19999999999999996
    endloop
  endfacet
  facet normal -1 0 0
    outer loop
      vertex 11.699999997019768 -5.900000094832527 -0.19999999999999996
      vertex 11.699999997019768 5.900000094832527 -0.19999999999999996
      vertex 11.699999997019768 -5.90000009482715 -1.6999999999993165
    endloop
  endfacet
  facet normal 0 0 -1
    outer loop
      vertex 11.100000002980233 -5.900000094832527 -0.19999999999999996
      vertex 11.4 6.199999997019768 -0.19999999999999996
      vertex 11.699999997019768 -5.900000094832527 -0.19999999999999996
    endloop
  endfacet
  facet normal -1 0 0
    outer loop
      vertex 11.699999997019768 5.900000094832527 -0.19999999999999996
      vertex 11.699999997019768 5.900000094832527 -1.7
      vertex 11.699999997019768 -5.90000009482715 -1.6999999999993165
    endloop
  endfacet
  facet normal 0.9995065603657317 -0.03141075907812376 0
    outer loop
      vertex 11.100591981471519 5.918837155858794 -1.69
      vertex 11.100000002980233 5.900000094832527 -1.7
      vertex 11.100591981471519 5.918837155858794 -1.7
    endloop
  endfacet
  facet normal 0.9955619646030772 -0.09410831331854246 0
    outer loop
      vertex 11.100591981471519 5.918837155858794 -1.69
      vertex 11.100591981471519 5.918837155858794 -1.7
      vertex 11.102365589605657 5.937599970069291 -1.7
    endloop
  endfacet
  facet normal 0.9876883405951397 -0.15643446504021852 0
    outer loop
      vertex 11.102365589605657 5.937599970069291 -1.69
      vertex 11.102365589605657 5.937599970069291 -1.7
      vertex 11.105313824781394 5.956214394375718 -1.7
    endloop
  endfacet
  facet normal 0.9955619646030772 -0.09410831331854246 0
    outer loop
      vertex 11.100591981471519 5.918837155858794 -1.69
      vertex 11.102365589605657 5.937599970069291 -1.7
      vertex 11.102365589605657 5.937599970069291 -1.69
    endloop
  endfacet
  facet normal -0.7901550123756719 -0.6129070536530004 0
    outer loop
      vertex 11.631153972832736 6.091227196924607 -1.69
      vertex 11.631153972832736 6.091227196924607 -1.7
      vertex 11.642705098312485 6.076335575687742 -1.7
    endloop
  endfacet
  facet normal -0.7501110696304688 -0.6613118653236413 0
    outer loop
      vertex 11.631153972832736 6.091227196924607 -1.69
      vertex 11.618690588226423 6.105364131778607 -1.7
      vertex 11.631153972832736 6.091227196924607 -1.7
    endloop
  endfacet
  facet normal 0.9995065603657317 -0.03141075907812376 0
    outer loop
      vertex 11.100591981471519 5.918837155858794 -1.69
      vertex 11.100000002980233 5.900000094832527 -0.19999999999999996
      vertex 11.100000002980233 5.900000094832527 -1.7
    endloop
  endfacet
  facet normal 0.9876883405951398 -0.15643446504021852 0
    outer loop
      vertex 11.102365589605657 5.937599970069291 -1.69
      vertex 11.105313824781394 5.956214394375718 -1.7
      vertex 11.102365589605657 5.937599970069291 -0.19999999999999996
    endloop
  endfacet
  facet normal 0.9759167619387505 -0.21814324139652821 0
    outer loop
      vertex 11.109425051661411 5.974606966149457 -0.19999999999999996
      vertex 11.105313824781394 5.956214394375718 -1.7
      vertex 11.109425051661411 5.974606966149457 -1.7
    endloop
  endfacet
  facet normal 0.9602936856769518 -0.27899110603919897 0
    outer loop
      vertex 11.114683045111454 5.992705098312484 -0.19999999999999996
      vertex 11.109425051661411 5.974606966149457 -1.7
      vertex 11.114683045111454 5.992705098312484 -1.7
    endloop
  endfacet
  facet normal 0.9955619646030772 -0.09410831331854244 0
    outer loop
      vertex 11.100591981471519 5.918837155858794 -1.69
      vertex 11.102365589605657 5.937599970069291 -1.69
      vertex 11.100591981471519 5.918837155858794 -0.19999999999999996
    endloop
  endfacet
  facet normal 0.9408807689542217 -0.338737920245302 0
    outer loop
      vertex 11.114683045111454 5.992705098312484 -0.19999999999999996
      vertex 11.114683045111454 5.992705098312484 -1.7
      vertex 11.121067054233524 6.010437365805403 -1.7
    endloop
  endfacet
  facet normal 0.917754625683986 -0.39714789063476935 0
    outer loop
      vertex 11.128551884260194 6.027733787469522 -0.19999999999999996
      vertex 11.121067054233524 6.010437365805403 -1.7
      vertex 11.128551884260194 6.027733787469522 -1.7
    endloop
  endfacet
  facet normal 0.8910065241883449 -0.4539904997395918 0
    outer loop
      vertex 11.137107995986842 6.044526102230515 -0.19999999999999996
      vertex 11.128551884260194 6.027733787469522 -1.7
      vertex 11.137107995986842 6.044526102230515 -1.7
    endloop
  endfacet
  facet normal 0.860742027003963 -0.5090414157503388 0
    outer loop
      vertex 11.137107995986842 6.044526102230515 -0.19999999999999996
      vertex 11.137107995986842 6.044526102230515 -1.7
      vertex 11.146701622349395 6.060748038493699 -1.7
    endloop
  endfacet
  facet normal 0.8270805742745532 -0.5620833778521434 0
    outer loop
      vertex 11.157294901687516 6.076335575687742 -0.19999999999999996
      vertex 11.146701622349395 6.060748038493699 -1.7
      vertex 11.157294901687516 6.076335575687742 -1.7
    endloop
  endfacet
  facet normal 0.7901550123756719 -0.6129070536530004 0
    outer loop
      vertex 11.168846027167264 6.091227196924607 -0.19999999999999996
      vertex 11.157294901687516 6.076335575687742 -1.7
      vertex 11.168846027167264 6.091227196924607 -1.7
    endloop
  endfacet
  facet normal 0.7501110696304483 -0.6613118653236647 0
    outer loop
      vertex 11.181309411773578 6.1053641317786065 -0.19999999999999996
      vertex 11.168846027167264 6.091227196924607 -1.7
      vertex 11.181309411773578 6.1053641317786065 -1.7
    endloop
  endfacet
  facet normal 0.7071067811865946 -0.7071067811865004 0
    outer loop
      vertex 11.194635868221393 6.118690588226424 -0.19999999999999996
      vertex 11.181309411773578 6.1053641317786065 -1.7
      vertex 11.194635868221393 6.118690588226424 -1.7
    endloop
  endfacet
  facet normal 0.661311865323618 -0.7501110696304895 0
    outer loop
      vertex 11.208772803075394 6.131153972832737 -0.19999999999999996
      vertex 11.194635868221393 6.118690588226424 -1.7
      vertex 11.208772803075394 6.131153972832737 -1.7
    endloop
  endfacet
  facet normal 0.6129070536530166 -0.7901550123756592 0
    outer loop
      vertex 11.208772803075394 6.131153972832737 -0.19999999999999996
      vertex 11.208772803075394 6.131153972832737 -1.7
      vertex 11.223664424312258 6.142705098312485 -1.7
    endloop
  endfacet
  facet normal 0.5620833778520892 -0.8270805742745899 0
    outer loop
      vertex 11.223664424312258 6.142705098312485 -0.19999999999999996
      vertex 11.223664424312258 6.142705098312485 -1.7
      vertex 11.239251961506302 6.1532983776506045 -1.7
    endloop
  endfacet
  facet normal 0.5090414157503736 -0.8607420270039423 0
    outer loop
      vertex 11.255473897769486 6.162892004013159 -0.19999999999999996
      vertex 11.239251961506302 6.1532983776506045 -1.7
      vertex 11.255473897769486 6.162892004013159 -1.7
    endloop
  endfacet
  facet normal 0.4539904997395544 -0.891006524188364 0
    outer loop
      vertex 11.255473897769486 6.162892004013159 -0.19999999999999996
      vertex 11.255473897769486 6.162892004013159 -1.7
      vertex 11.272266212530479 6.171448115739806 -1.7
    endloop
  endfacet
  facet normal 0.39714789063476935 -0.917754625683986 0
    outer loop
      vertex 11.289562634194597 6.1789329457664754 -0.19999999999999996
      vertex 11.272266212530479 6.171448115739806 -1.7
      vertex 11.289562634194597 6.1789329457664754 -1.7
    endloop
  endfacet
  facet normal 0.338737920245302 -0.9408807689542217 0
    outer loop
      vertex 11.307294901687516 6.185316954888546 -0.19999999999999996
      vertex 11.289562634194597 6.1789329457664754 -1.7
      vertex 11.307294901687516 6.185316954888546 -1.7
    endloop
  endfacet
  facet normal 0.27899110603924243 -0.9602936856769393 0
    outer loop
      vertex 11.325393033850544 6.19057494833859 -0.19999999999999996
      vertex 11.307294901687516 6.185316954888546 -1.7
      vertex 11.325393033850544 6.19057494833859 -1.7
    endloop
  endfacet
  facet normal 0.21814324139651822 -0.9759167619387529 0
    outer loop
      vertex 11.343785605624284 6.194686175218607 -0.19999999999999996
      vertex 11.325393033850544 6.19057494833859 -1.7
      vertex 11.343785605624284 6.194686175218607 -1.7
    endloop
  endfacet
  facet normal 0.1564344650402258 -0.9876883405951385 0
    outer loop
      vertex 11.36240002993071 6.197634410394343 -0.20999999999999996
      vertex 11.343785605624284 6.194686175218607 -1.7
      vertex 11.36240002993071 6.197634410394343 -1.7
    endloop
  endfacet
  facet normal 0.09410831331854244 -0.9955619646030772 0
    outer loop
      vertex 11.36240002993071 6.197634410394343 -0.20999999999999996
      vertex 11.36240002993071 6.197634410394343 -1.7
      vertex 11.381162844141206 6.199408018528482 -1.7
    endloop
  endfacet
  facet normal 0.03141075907812524 -0.9995065603657316 0
    outer loop
      vertex 11.381162844141206 6.199408018528482 -0.19999999999999996
      vertex 11.381162844141206 6.199408018528482 -1.7
      vertex 11.399999905167473 6.199999997019768 -1.7
    endloop
  endfacet
  facet normal -0.21814324139651822 -0.9759167619387529 0
    outer loop
      vertex 11.456214394375717 6.194686175218607 -0.19999999999999996
      vertex 11.456214394375717 6.194686175218607 -1.7
      vertex 11.474606966149457 6.19057494833859 -1.7
    endloop
  endfacet
  facet normal -0.27899110603924243 -0.9602936856769393 0
    outer loop
      vertex 11.474606966149457 6.19057494833859 -0.19999999999999996
      vertex 11.474606966149457 6.19057494833859 -1.7
      vertex 11.492705098312484 6.185316954888546 -1.7
    endloop
  endfacet
  facet normal -0.338737920245302 -0.9408807689542217 0
    outer loop
      vertex 11.510437365805403 6.1789329457664754 -0.19999999999999996
      vertex 11.492705098312484 6.185316954888546 -1.7
      vertex 11.510437365805403 6.1789329457664754 -1.7
    endloop
  endfacet
  facet normal -0.4539904997395544 -0.891006524188364 0
    outer loop
      vertex 11.527733787469522 6.171448115739806 -0.19999999999999996
      vertex 11.527733787469522 6.171448115739806 -1.7
      vertex 11.544526102230515 6.162892004013159 -1.7
    endloop
  endfacet
  facet normal -0.39714789063476935 -0.917754625683986 0
    outer loop
      vertex 11.510437365805403 6.1789329457664754 -0.19999999999999996
      vertex 11.510437365805403 6.1789329457664754 -1.7
      vertex 11.527733787469522 6.171448115739806 -1.7
    endloop
  endfacet
  facet normal -0.6129070536529709 -0.7901550123756946 0
    outer loop
      vertex 11.576335575687743 6.142705098312485 -0.19999999999999996
      vertex 11.576335575687743 6.142705098312485 -1.7
      vertex 11.591227196924608 6.131153972832737 -1.7
    endloop
  endfacet
  facet normal -0.5090414157503736 -0.8607420270039423 0
    outer loop
      vertex 11.5607480384937 6.1532983776506045 -0.19999999999999996
      vertex 11.544526102230515 6.162892004013159 -1.7
      vertex 11.5607480384937 6.1532983776506045 -1.7
    endloop
  endfacet
  facet normal -0.5620833778520892 -0.8270805742745899 0
    outer loop
      vertex 11.5607480384937 6.1532983776506045 -0.19999999999999996
      vertex 11.5607480384937 6.1532983776506045 -1.7
      vertex 11.576335575687743 6.142705098312485 -1.7
    endloop
  endfacet
  facet normal -0.031410443127266194 -0.9995065702948374 1.9858211433733312e-9
    outer loop
      vertex 11.4 6.199999997019768 -0.19999999999999996
      vertex 11.399999905167473 6.199999997019768 -1.7
      vertex 11.418837155858794 6.199408018528482 -1.7
    endloop
  endfacet
  facet normal -0.09410831331854246 -0.9955619646030773 0
    outer loop
      vertex 11.418837155858794 6.199408018528482 -0.19999999999999996
      vertex 11.418837155858794 6.199408018528482 -1.7
      vertex 11.437599970069291 6.197634410394343 -1.7
    endloop
  endfacet
  facet normal -0.1564344650402258 -0.9876883405951384 0
    outer loop
      vertex 11.456214394375717 6.194686175218607 -0.19999999999999996
      vertex 11.437599970069291 6.197634410394343 -1.7
      vertex 11.456214394375717 6.194686175218607 -1.7
    endloop
  endfacet
  facet normal -0.9602936856769518 -0.27899110603919897 0
    outer loop
      vertex 11.685316954888547 5.992705098312484 -0.19999999999999996
      vertex 11.685316954888547 5.992705098312484 -1.7
      vertex 11.69057494833859 5.974606966149457 -1.7
    endloop
  endfacet
  facet normal -0.9995065603657317 -0.03141075907812376 0
    outer loop
      vertex 11.699999997019768 5.900000094832527 -0.19999999999999996
      vertex 11.699408018528482 5.918837155858794 -1.7
      vertex 11.699999997019768 5.900000094832527 -1.7
    endloop
  endfacet
  facet normal -0.9955619646030773 -0.09410831331854246 0
    outer loop
      vertex 11.697634410394343 5.937599970069291 -0.19999999999999996
      vertex 11.697634410394343 5.937599970069291 -1.7
      vertex 11.699408018528482 5.918837155858794 -1.7
    endloop
  endfacet
  facet normal -0.9876883405951397 -0.15643446504021852 0
    outer loop
      vertex 11.697634410394343 5.937599970069291 -0.19999999999999996
      vertex 11.694686175218607 5.956214394375718 -1.7
      vertex 11.697634410394343 5.937599970069291 -1.7
    endloop
  endfacet
  facet normal -0.9759167619387505 -0.21814324139652821 0
    outer loop
      vertex 11.69057494833859 5.974606966149457 -0.19999999999999996
      vertex 11.69057494833859 5.974606966149457 -1.7
      vertex 11.694686175218607 5.956214394375718 -1.7
    endloop
  endfacet
  facet normal -0.7901550123756719 -0.6129070536530004 0
    outer loop
      vertex 11.631153972832736 6.091227196924607 -1.69
      vertex 11.642705098312485 6.076335575687742 -1.7
      vertex 11.642705098312485 6.076335575687742 -0.19999999999999996
    endloop
  endfacet
  facet normal -0.9408807689542217 -0.338737920245302 0
    outer loop
      vertex 11.685316954888547 5.992705098312484 -0.19999999999999996
      vertex 11.678932945766476 6.010437365805403 -1.7
      vertex 11.685316954888547 5.992705098312484 -1.7
    endloop
  endfacet
  facet normal -0.917754625683986 -0.39714789063476935 0
    outer loop
      vertex 11.671448115739807 6.027733787469522 -0.19999999999999996
      vertex 11.671448115739807 6.027733787469522 -1.7
      vertex 11.678932945766476 6.010437365805403 -1.7
    endloop
  endfacet
  facet normal -0.8910065241883449 -0.4539904997395918 0
    outer loop
      vertex 11.671448115739807 6.027733787469522 -0.19999999999999996
      vertex 11.662892004013159 6.044526102230515 -1.7
      vertex 11.671448115739807 6.027733787469522 -1.7
    endloop
  endfacet
  facet normal -0.860742027003963 -0.5090414157503388 0
    outer loop
      vertex 11.662892004013159 6.044526102230515 -0.19999999999999996
      vertex 11.653298377650605 6.060748038493699 -1.7
      vertex 11.662892004013159 6.044526102230515 -1.7
    endloop
  endfacet
  facet normal -0.8270805742745532 -0.5620833778521434 0
    outer loop
      vertex 11.642705098312485 6.076335575687742 -0.19999999999999996
      vertex 11.642705098312485 6.076335575687742 -1.7
      vertex 11.653298377650605 6.060748038493699 -1.7
    endloop
  endfacet
  facet normal -0.7071067811865711 -0.7071067811865239 0
    outer loop
      vertex 11.605364131778607 6.118690588226424 -0.19999999999999996
      vertex 11.605364131778607 6.118690588226424 -1.7
      vertex 11.618690588226423 6.105364131778607 -1.7
    endloop
  endfacet
  facet normal -0.6613118653236647 -0.7501110696304483 0
    outer loop
      vertex 11.605364131778607 6.118690588226424 -0.19999999999999996
      vertex 11.591227196924608 6.131153972832737 -1.7
      vertex 11.605364131778607 6.118690588226424 -1.7
    endloop
  endfacet
  facet normal -0.7501110696304688 -0.6613118653236413 0
    outer loop
      vertex 11.631153972832736 6.091227196924607 -1.69
      vertex 11.618690588226423 6.105364131778607 -0.19999999999999996
      vertex 11.618690588226423 6.105364131778607 -1.7
    endloop
  endfacet
  facet normal 1 0 0
    outer loop
      vertex 11.100000002980233 -5.900000094832527 -0.19999999999999996
      vertex 11.100000002980233 5.900000094832527 -1.7
      vertex 11.100000002980233 5.900000094832527 -0.19999999999999996
    endloop
  endfacet
  facet normal 0 0 -1
    outer loop
      vertex 11.100000002980233 -5.900000094832527 -0.19999999999999996
      vertex 11.100000002980233 5.900000094832527 -0.19999999999999996
      vertex 11.4 6.199999997019768 -0.19999999999999996
    endloop
  endfacet
  facet normal 0 0 -1
    outer loop
      vertex 11.699999997019768 -5.900000094832527 -0.19999999999999996
      vertex 11.4 6.199999997019768 -0.19999999999999996
      vertex 11.699999997019768 5.900000094832527 -0.19999999999999996
    endloop
  endfacet
  facet normal 0.9995065603657317 -0.031410759078123754 0
    outer loop
      vertex 11.100591981471519 5.918837155858794 -1.69
      vertex 11.100591981471519 5.918837155858794 -0.19999999999999996
      vertex 11.100000002980233 5.900000094832527 -0.19999999999999996
    endloop
  endfacet
  facet normal 0.9955619646030772 -0.09410831331854244 0
    outer loop
      vertex 11.102365589605657 5.937599970069291 -1.69
      vertex 11.102365589605657 5.937599970069291 -0.19999999999999996
      vertex 11.100591981471519 5.918837155858794 -0.19999999999999996
    endloop
  endfacet
  facet normal 0.9876883405951397 -0.15643446504021852 0
    outer loop
      vertex 11.102365589605657 5.937599970069291 -0.19999999999999996
      vertex 11.105313824781394 5.956214394375718 -1.7
      vertex 11.105313824781394 5.956214394375718 -0.19999999999999996
    endloop
  endfacet
  facet normal 0.9759167619387505 -0.21814324139652821 0
    outer loop
      vertex 11.105313824781394 5.956214394375718 -0.19999999999999996
      vertex 11.105313824781394 5.956214394375718 -1.7
      vertex 11.109425051661411 5.974606966149457 -0.19999999999999996
    endloop
  endfacet
  facet normal 0.9602936856769518 -0.27899110603919897 0
    outer loop
      vertex 11.109425051661411 5.974606966149457 -0.19999999999999996
      vertex 11.109425051661411 5.974606966149457 -1.7
      vertex 11.114683045111454 5.992705098312484 -0.19999999999999996
    endloop
  endfacet
  facet normal 0.9408807689542217 -0.338737920245302 0
    outer loop
      vertex 11.114683045111454 5.992705098312484 -0.19999999999999996
      vertex 11.121067054233524 6.010437365805403 -1.7
      vertex 11.121067054233524 6.010437365805403 -0.19999999999999996
    endloop
  endfacet
  facet normal 0.917754625683986 -0.39714789063476935 0
    outer loop
      vertex 11.121067054233524 6.010437365805403 -0.19999999999999996
      vertex 11.121067054233524 6.010437365805403 -1.7
      vertex 11.128551884260194 6.027733787469522 -0.19999999999999996
    endloop
  endfacet
  facet normal 0.8910065241883449 -0.4539904997395918 0
    outer loop
      vertex 11.128551884260194 6.027733787469522 -0.19999999999999996
      vertex 11.128551884260194 6.027733787469522 -1.7
      vertex 11.137107995986842 6.044526102230515 -0.19999999999999996
    endloop
  endfacet
  facet normal 0.860742027003963 -0.5090414157503388 0
    outer loop
      vertex 11.137107995986842 6.044526102230515 -0.19999999999999996
      vertex 11.146701622349395 6.060748038493699 -1.7
      vertex 11.146701622349395 6.060748038493699 -0.19999999999999996
    endloop
  endfacet
  facet normal 0.8270805742745532 -0.5620833778521434 0
    outer loop
      vertex 11.146701622349395 6.060748038493699 -0.19999999999999996
      vertex 11.146701622349395 6.060748038493699 -1.7
      vertex 11.157294901687516 6.076335575687742 -0.19999999999999996
    endloop
  endfacet
  facet normal 0.7901550123756719 -0.6129070536530004 0
    outer loop
      vertex 11.157294901687516 6.076335575687742 -0.19999999999999996
      vertex 11.157294901687516 6.076335575687742 -1.7
      vertex 11.168846027167264 6.091227196924607 -0.19999999999999996
    endloop
  endfacet
  facet normal 0.7501110696304483 -0.6613118653236647 0
    outer loop
      vertex 11.168846027167264 6.091227196924607 -0.19999999999999996
      vertex 11.168846027167264 6.091227196924607 -1.7
      vertex 11.181309411773578 6.1053641317786065 -0.19999999999999996
    endloop
  endfacet
  facet normal 0.7071067811865946 -0.7071067811865004 0
    outer loop
      vertex 11.181309411773578 6.1053641317786065 -0.19999999999999996
      vertex 11.181309411773578 6.1053641317786065 -1.7
      vertex 11.194635868221393 6.118690588226424 -0.19999999999999996
    endloop
  endfacet
  facet normal 0.661311865323618 -0.7501110696304895 0
    outer loop
      vertex 11.194635868221393 6.118690588226424 -0.19999999999999996
      vertex 11.194635868221393 6.118690588226424 -1.7
      vertex 11.208772803075394 6.131153972832737 -0.19999999999999996
    endloop
  endfacet
  facet normal 0.6129070536530166 -0.7901550123756592 0
    outer loop
      vertex 11.208772803075394 6.131153972832737 -0.19999999999999996
      vertex 11.223664424312258 6.142705098312485 -1.7
      vertex 11.223664424312258 6.142705098312485 -0.19999999999999996
    endloop
  endfacet
  facet normal 0.5620833778520892 -0.8270805742745899 0
    outer loop
      vertex 11.223664424312258 6.142705098312485 -0.19999999999999996
      vertex 11.239251961506302 6.1532983776506045 -1.7
      vertex 11.239251961506302 6.1532983776506045 -0.19999999999999996
    endloop
  endfacet
  facet normal 0.5090414157503736 -0.8607420270039423 0
    outer loop
      vertex 11.239251961506302 6.1532983776506045 -0.19999999999999996
      vertex 11.239251961506302 6.1532983776506045 -1.7
      vertex 11.255473897769486 6.162892004013159 -0.19999999999999996
    endloop
  endfacet
  facet normal 0.4539904997395544 -0.891006524188364 0
    outer loop
      vertex 11.255473897769486 6.162892004013159 -0.19999999999999996
      vertex 11.272266212530479 6.171448115739806 -1.7
      vertex 11.272266212530479 6.171448115739806 -0.19999999999999996
    endloop
  endfacet
  facet normal 0.39714789063476935 -0.917754625683986 0
    outer loop
      vertex 11.272266212530479 6.171448115739806 -0.19999999999999996
      vertex 11.272266212530479 6.171448115739806 -1.7
      vertex 11.289562634194597 6.1789329457664754 -0.19999999999999996
    endloop
  endfacet
  facet normal 0.338737920245302 -0.9408807689542217 0
    outer loop
      vertex 11.289562634194597 6.1789329457664754 -0.19999999999999996
      vertex 11.289562634194597 6.1789329457664754 -1.7
      vertex 11.307294901687516 6.185316954888546 -0.19999999999999996
    endloop
  endfacet
  facet normal 0.27899110603924243 -0.9602936856769393 0
    outer loop
      vertex 11.307294901687516 6.185316954888546 -0.19999999999999996
      vertex 11.307294901687516 6.185316954888546 -1.7
      vertex 11.325393033850544 6.19057494833859 -0.19999999999999996
    endloop
  endfacet
  facet normal 0.21814324139651822 -0.9759167619387529 0
    outer loop
      vertex 11.325393033850544 6.19057494833859 -0.19999999999999996
      vertex 11.325393033850544 6.19057494833859 -1.7
      vertex 11.343785605624284 6.194686175218607 -0.19999999999999996
    endloop
  endfacet
  facet normal 0.1564344650402258 -0.9876883405951384 0
    outer loop
      vertex 11.343785605624284 6.194686175218607 -0.19999999999999996
      vertex 11.343785605624284 6.194686175218607 -1.7
      vertex 11.36240002993071 6.197634410394343 -0.20999999999999996
    endloop
  endfacet
  facet normal 0.09410831331854246 -0.9955619646030773 0
    outer loop
      vertex 11.36240002993071 6.197634410394343 -0.20999999999999996
      vertex 11.381162844141206 6.199408018528482 -1.7
      vertex 11.381162844141206 6.199408018528482 -0.19999999999999996
    endloop
  endfacet
  facet normal -0.27899110603924243 -0.9602936856769393 0
    outer loop
      vertex 11.474606966149457 6.19057494833859 -0.19999999999999996
      vertex 11.492705098312484 6.185316954888546 -1.7
      vertex 11.492705098312484 6.185316954888546 -0.19999999999999996
    endloop
  endfacet
  facet normal -0.21814324139651822 -0.9759167619387529 0
    outer loop
      vertex 11.456214394375717 6.194686175218607 -0.19999999999999996
      vertex 11.474606966149457 6.19057494833859 -1.7
      vertex 11.474606966149457 6.19057494833859 -0.19999999999999996
    endloop
  endfacet
  facet normal -0.338737920245302 -0.9408807689542217 0
    outer loop
      vertex 11.492705098312484 6.185316954888546 -0.19999999999999996
      vertex 11.492705098312484 6.185316954888546 -1.7
      vertex 11.510437365805403 6.1789329457664754 -0.19999999999999996
    endloop
  endfacet
  facet normal -0.4539904997395544 -0.891006524188364 0
    outer loop
      vertex 11.527733787469522 6.171448115739806 -0.19999999999999996
      vertex 11.544526102230515 6.162892004013159 -1.7
      vertex 11.544526102230515 6.162892004013159 -0.19999999999999996
    endloop
  endfacet
  facet normal -0.39714789063476935 -0.917754625683986 0
    outer loop
      vertex 11.510437365805403 6.1789329457664754 -0.19999999999999996
      vertex 11.527733787469522 6.171448115739806 -1.7
      vertex 11.527733787469522 6.171448115739806 -0.19999999999999996
    endloop
  endfacet
  facet normal -0.6129070536529709 -0.7901550123756946 0
    outer loop
      vertex 11.591227196924608 6.131153972832737 -0.19999999999999996
      vertex 11.576335575687743 6.142705098312485 -0.19999999999999996
      vertex 11.591227196924608 6.131153972832737 -1.7
    endloop
  endfacet
  facet normal -0.5090414157503736 -0.8607420270039423 0
    outer loop
      vertex 11.544526102230515 6.162892004013159 -0.19999999999999996
      vertex 11.544526102230515 6.162892004013159 -1.7
      vertex 11.5607480384937 6.1532983776506045 -0.19999999999999996
    endloop
  endfacet
  facet normal -0.5620833778520892 -0.8270805742745899 0
    outer loop
      vertex 11.5607480384937 6.1532983776506045 -0.19999999999999996
      vertex 11.576335575687743 6.142705098312485 -1.7
      vertex 11.576335575687743 6.142705098312485 -0.19999999999999996
    endloop
  endfacet
  facet normal 0.031410601101901595 -0.999506565330322 -1.985831130771975e-9
    outer loop
      vertex 11.381162844141206 6.199408018528482 -0.19999999999999996
      vertex 11.399999905167473 6.199999997019768 -1.7
      vertex 11.4 6.199999997019768 -0.19999999999999996
    endloop
  endfacet
  facet normal -0.031410601101901595 -0.999506565330322 0
    outer loop
      vertex 11.4 6.199999997019768 -0.19999999999999996
      vertex 11.418837155858794 6.199408018528482 -1.7
      vertex 11.418837155858794 6.199408018528482 -0.19999999999999996
    endloop
  endfacet
  facet normal -0.09410831331854246 -0.9955619646030773 0
    outer loop
      vertex 11.418837155858794 6.199408018528482 -0.19999999999999996
      vertex 11.437599970069291 6.197634410394343 -1.7
      vertex 11.437599970069291 6.197634410394343 -0.19999999999999996
    endloop
  endfacet
  facet normal -0.1564344650402258 -0.9876883405951384 0
    outer loop
      vertex 11.437599970069291 6.197634410394343 -0.19999999999999996
      vertex 11.437599970069291 6.197634410394343 -1.7
      vertex 11.456214394375717 6.194686175218607 -0.19999999999999996
    endloop
  endfacet
  facet normal -0.9602936856769518 -0.27899110603919897 0
    outer loop
      vertex 11.69057494833859 5.974606966149457 -0.19999999999999996
      vertex 11.685316954888547 5.992705098312484 -0.19999999999999996
      vertex 11.69057494833859 5.974606966149457 -1.7
    endloop
  endfacet
  facet normal -0.9995065603657317 -0.03141075907812376 0
    outer loop
      vertex 11.699999997019768 5.900000094832527 -0.19999999999999996
      vertex 11.699408018528482 5.918837155858794 -0.19999999999999996
      vertex 11.699408018528482 5.918837155858794 -1.7
    endloop
  endfacet
  facet normal -0.9955619646030773 -0.09410831331854246 0
    outer loop
      vertex 11.699408018528482 5.918837155858794 -0.19999999999999996
      vertex 11.697634410394343 5.937599970069291 -0.19999999999999996
      vertex 11.699408018528482 5.918837155858794 -1.7
    endloop
  endfacet
  facet normal -0.9876883405951397 -0.15643446504021852 0
    outer loop
      vertex 11.697634410394343 5.937599970069291 -0.19999999999999996
      vertex 11.694686175218607 5.956214394375718 -0.19999999999999996
      vertex 11.694686175218607 5.956214394375718 -1.7
    endloop
  endfacet
  facet normal -0.9759167619387505 -0.21814324139652821 0
    outer loop
      vertex 11.69057494833859 5.974606966149457 -0.19999999999999996
      vertex 11.694686175218607 5.956214394375718 -1.7
      vertex 11.694686175218607 5.956214394375718 -0.19999999999999996
    endloop
  endfacet
  facet normal -0.7901550123756719 -0.6129070536530002 0
    outer loop
      vertex 11.631153972832736 6.091227196924607 -1.69
      vertex 11.642705098312485 6.076335575687742 -0.19999999999999996
      vertex 11.631153972832736 6.091227196924607 -0.19999999999999996
    endloop
  endfacet
  facet normal -0.8910065241883449 -0.4539904997395918 0
    outer loop
      vertex 11.662892004013159 6.044526102230515 -0.19999999999999996
      vertex 11.662892004013159 6.044526102230515 -1.7
      vertex 11.671448115739807 6.027733787469522 -0.19999999999999996
    endloop
  endfacet
  facet normal -0.9408807689542217 -0.338737920245302 0
    outer loop
      vertex 11.685316954888547 5.992705098312484 -0.19999999999999996
      vertex 11.678932945766476 6.010437365805403 -0.19999999999999996
      vertex 11.678932945766476 6.010437365805403 -1.7
    endloop
  endfacet
  facet normal -0.917754625683986 -0.39714789063476935 0
    outer loop
      vertex 11.678932945766476 6.010437365805403 -0.19999999999999996
      vertex 11.671448115739807 6.027733787469522 -0.19999999999999996
      vertex 11.678932945766476 6.010437365805403 -1.7
    endloop
  endfacet
  facet normal -0.860742027003963 -0.5090414157503388 0
    outer loop
      vertex 11.653298377650605 6.060748038493699 -0.19999999999999996
      vertex 11.653298377650605 6.060748038493699 -1.7
      vertex 11.662892004013159 6.044526102230515 -0.19999999999999996
    endloop
  endfacet
  facet normal -0.8270805742745532 -0.5620833778521434 0
    outer loop
      vertex 11.653298377650605 6.060748038493699 -0.19999999999999996
      vertex 11.642705098312485 6.076335575687742 -0.19999999999999996
      vertex 11.653298377650605 6.060748038493699 -1.7
    endloop
  endfacet
  facet normal -0.7071067811865711 -0.7071067811865239 0
    outer loop
      vertex 11.605364131778607 6.118690588226424 -0.19999999999999996
      vertex 11.618690588226423 6.105364131778607 -1.7
      vertex 11.618690588226423 6.105364131778607 -0.19999999999999996
    endloop
  endfacet
  facet normal -0.6613118653236647 -0.7501110696304483 0
    outer loop
      vertex 11.605364131778607 6.118690588226424 -0.19999999999999996
      vertex 11.591227196924608 6.131153972832737 -0.19999999999999996
      vertex 11.591227196924608 6.131153972832737 -1.7
    endloop
  endfacet
  facet normal -0.7501110696304688 -0.6613118653236413 0
    outer loop
      vertex 11.631153972832736 6.091227196924607 -1.69
      vertex 11.631153972832736 6.091227196924607 -0.19999999999999996
      vertex 11.618690588226423 6.105364131778607 -0.19999999999999996
    endloop
  endfacet
  facet normal 0 0 -1
    outer loop
      vertex 11.100000002980233 5.900000094832527 -0.19999999999999996
      vertex 11.100591981471519 5.918837155858794 -0.19999999999999996
      vertex 11.102365589605657 5.937599970069291 -0.19999999999999996
    endloop
  endfacet
  facet normal 0 0 -1
    outer loop
      vertex 11.100000002980233 5.900000094832527 -0.19999999999999996
      vertex 11.102365589605657 5.937599970069291 -0.19999999999999996
      vertex 11.109425051661411 5.974606966149457 -0.19999999999999996
    endloop
  endfacet
  facet normal 0 0 -1
    outer loop
      vertex 11.102365589605657 5.937599970069291 -0.19999999999999996
      vertex 11.105313824781394 5.956214394375718 -0.19999999999999996
      vertex 11.109425051661411 5.974606966149457 -0.19999999999999996
    endloop
  endfacet
  facet normal 0 0 -1
    outer loop
      vertex 11.100000002980233 5.900000094832527 -0.19999999999999996
      vertex 11.109425051661411 5.974606966149457 -0.19999999999999996
      vertex 11.128551884260194 6.027733787469522 -0.19999999999999996
    endloop
  endfacet
  facet normal 0 0 -1
    outer loop
      vertex 11.109425051661411 5.974606966149457 -0.19999999999999996
      vertex 11.114683045111454 5.992705098312484 -0.19999999999999996
      vertex 11.128551884260194 6.027733787469522 -0.19999999999999996
    endloop
  endfacet
  facet normal 0 0 -1
    outer loop
      vertex 11.114683045111454 5.992705098312484 -0.19999999999999996
      vertex 11.121067054233524 6.010437365805403 -0.19999999999999996
      vertex 11.128551884260194 6.027733787469522 -0.19999999999999996
    endloop
  endfacet
  facet normal 0 0 -1
    outer loop
      vertex 11.100000002980233 5.900000094832527 -0.19999999999999996
      vertex 11.128551884260194 6.027733787469522 -0.19999999999999996
      vertex 11.194635868221393 6.118690588226424 -0.19999999999999996
    endloop
  endfacet
  facet normal 0 0 -1
    outer loop
      vertex 11.128551884260194 6.027733787469522 -0.19999999999999996
      vertex 11.137107995986842 6.044526102230515 -0.19999999999999996
      vertex 11.157294901687516 6.076335575687742 -0.19999999999999996
    endloop
  endfacet
  facet normal 0 0 -1
    outer loop
      vertex 11.137107995986842 6.044526102230515 -0.19999999999999996
      vertex 11.146701622349395 6.060748038493699 -0.19999999999999996
      vertex 11.157294901687516 6.076335575687742 -0.19999999999999996
    endloop
  endfacet
  facet normal 0 0 -1
    outer loop
      vertex 11.128551884260194 6.027733787469522 -0.19999999999999996
      vertex 11.157294901687516 6.076335575687742 -0.19999999999999996
      vertex 11.194635868221393 6.118690588226424 -0.19999999999999996
    endloop
  endfacet
  facet normal 0 0 -1
    outer loop
      vertex 11.157294901687516 6.076335575687742 -0.19999999999999996
      vertex 11.168846027167264 6.091227196924607 -0.19999999999999996
      vertex 11.194635868221393 6.118690588226424 -0.19999999999999996
    endloop
  endfacet
  facet normal 0 0 -1
    outer loop
      vertex 11.168846027167264 6.091227196924607 -0.19999999999999996
      vertex 11.181309411773578 6.1053641317786065 -0.19999999999999996
      vertex 11.194635868221393 6.118690588226424 -0.19999999999999996
    endloop
  endfacet
  facet normal 0 0 -1
    outer loop
      vertex 11.100000002980233 5.900000094832527 -0.19999999999999996
      vertex 11.194635868221393 6.118690588226424 -0.19999999999999996
      vertex 11.4 6.199999997019768 -0.19999999999999996
    endloop
  endfacet
  facet normal 0 0 -1
    outer loop
      vertex 11.194635868221393 6.118690588226424 -0.19999999999999996
      vertex 11.208772803075394 6.131153972832737 -0.19999999999999996
      vertex 11.239251961506302 6.1532983776506045 -0.19999999999999996
    endloop
  endfacet
  facet normal 0 0 -1
    outer loop
      vertex 11.208772803075394 6.131153972832737 -0.19999999999999996
      vertex 11.223664424312258 6.142705098312485 -0.19999999999999996
      vertex 11.239251961506302 6.1532983776506045 -0.19999999999999996
    endloop
  endfacet
  facet normal 0 0 -1
    outer loop
      vertex 11.194635868221393 6.118690588226424 -0.19999999999999996
      vertex 11.239251961506302 6.1532983776506045 -0.19999999999999996
      vertex 11.289562634194597 6.1789329457664754 -0.19999999999999996
    endloop
  endfacet
  facet normal 0 0 -1
    outer loop
      vertex 11.239251961506302 6.1532983776506045 -0.19999999999999996
      vertex 11.255473897769486 6.162892004013159 -0.19999999999999996
      vertex 11.289562634194597 6.1789329457664754 -0.19999999999999996
    endloop
  endfacet
  facet normal 0 0 -1
    outer loop
      vertex 11.255473897769486 6.162892004013159 -0.19999999999999996
      vertex 11.272266212530479 6.171448115739806 -0.19999999999999996
      vertex 11.289562634194597 6.1789329457664754 -0.19999999999999996
    endloop
  endfacet
  facet normal 0 0 -1
    outer loop
      vertex 11.194635868221393 6.118690588226424 -0.19999999999999996
      vertex 11.289562634194597 6.1789329457664754 -0.19999999999999996
      vertex 11.4 6.199999997019768 -0.19999999999999996
    endloop
  endfacet
  facet normal 0 0 -1
    outer loop
      vertex 11.289562634194597 6.1789329457664754 -0.19999999999999996
      vertex 11.307294901687516 6.185316954888546 -0.19999999999999996
      vertex 11.325393033850544 6.19057494833859 -0.19999999999999996
    endloop
  endfacet
  facet normal 0 0 -1
    outer loop
      vertex 11.289562634194597 6.1789329457664754 -0.19999999999999996
      vertex 11.325393033850544 6.19057494833859 -0.19999999999999996
      vertex 11.343785605624284 6.194686175218607 -0.19999999999999996
    endloop
  endfacet
  facet normal 0 0 -1
    outer loop
      vertex 11.289562634194597 6.1789329457664754 -0.19999999999999996
      vertex 11.343785605624284 6.194686175218607 -0.19999999999999996
      vertex 11.4 6.199999997019768 -0.19999999999999996
    endloop
  endfacet
  facet normal 0.1564344650402258 -0.9876883405951385 0
    outer loop
      vertex 11.343785605624284 6.194686175218607 -0.19999999999999996
      vertex 11.36240002993071 6.197634410394343 -0.20999999999999996
      vertex 11.36240002993071 6.197634410394343 -0.19999999999999996
    endloop
  endfacet
  facet normal 0 0 -1
    outer loop
      vertex 11.343785605624284 6.194686175218607 -0.19999999999999996
      vertex 11.36240002993071 6.197634410394343 -0.19999999999999996
      vertex 11.381162844141206 6.199408018528482 -0.19999999999999996
    endloop
  endfacet
  facet normal 0.09410831331854246 -0.9955619646030772 0
    outer loop
      vertex 11.36240002993071 6.197634410394343 -0.20999999999999996
      vertex 11.381162844141206 6.199408018528482 -0.19999999999999996
      vertex 11.36240002993071 6.197634410394343 -0.19999999999999996
    endloop
  endfacet
  facet normal 0 0 -1
    outer loop
      vertex 11.343785605624284 6.194686175218607 -0.19999999999999996
      vertex 11.381162844141206 6.199408018528482 -0.19999999999999996
      vertex 11.4 6.199999997019768 -0.19999999999999996
    endloop
  endfacet
  facet normal 0 0 -1
    outer loop
      vertex 11.4 6.199999997019768 -0.19999999999999996
      vertex 11.456214394375717 6.194686175218607 -0.19999999999999996
      vertex 11.510437365805403 6.1789329457664754 -0.19999999999999996
    endloop
  endfacet
  facet normal 0 0 -1
    outer loop
      vertex 11.456214394375717 6.194686175218607 -0.19999999999999996
      vertex 11.474606966149457 6.19057494833859 -0.19999999999999996
      vertex 11.510437365805403 6.1789329457664754 -0.19999999999999996
    endloop
  endfacet
  facet normal 0 0 -1
    outer loop
      vertex 11.4 6.199999997019768 -0.19999999999999996
      vertex 11.605364131778607 6.118690588226424 -0.19999999999999996
      vertex 11.699999997019768 5.900000094832527 -0.19999999999999996
    endloop
  endfacet
  facet normal 0 0 -1
    outer loop
      vertex 11.4 6.199999997019768 -0.19999999999999996
      vertex 11.510437365805403 6.1789329457664754 -0.19999999999999996
      vertex 11.605364131778607 6.118690588226424 -0.19999999999999996
    endloop
  endfacet
  facet normal 0 0 -1
    outer loop
      vertex 11.474606966149457 6.19057494833859 -0.19999999999999996
      vertex 11.492705098312484 6.185316954888546 -0.19999999999999996
      vertex 11.510437365805403 6.1789329457664754 -0.19999999999999996
    endloop
  endfacet
  facet normal 0 0 -1
    outer loop
      vertex 11.510437365805403 6.1789329457664754 -0.19999999999999996
      vertex 11.527733787469522 6.171448115739806 -0.19999999999999996
      vertex 11.5607480384937 6.1532983776506045 -0.19999999999999996
    endloop
  endfacet
  facet normal 0 0 -1
    outer loop
      vertex 11.605364131778607 6.118690588226424 -0.19999999999999996
      vertex 11.5607480384937 6.1532983776506045 -0.19999999999999996
      vertex 11.576335575687743 6.142705098312485 -0.19999999999999996
    endloop
  endfacet
  facet normal 0 0 -1
    outer loop
      vertex 11.527733787469522 6.171448115739806 -0.19999999999999996
      vertex 11.544526102230515 6.162892004013159 -0.19999999999999996
      vertex 11.5607480384937 6.1532983776506045 -0.19999999999999996
    endloop
  endfacet
  facet normal 0 0 -1
    outer loop
      vertex 11.605364131778607 6.118690588226424 -0.19999999999999996
      vertex 11.510437365805403 6.1789329457664754 -0.19999999999999996
      vertex 11.5607480384937 6.1532983776506045 -0.19999999999999996
    endloop
  endfacet
  facet normal 0 0 -1
    outer loop
      vertex 11.4 6.199999997019768 -0.19999999999999996
      vertex 11.418837155858794 6.199408018528482 -0.19999999999999996
      vertex 11.456214394375717 6.194686175218607 -0.19999999999999996
    endloop
  endfacet
  facet normal 0 0 -1
    outer loop
      vertex 11.418837155858794 6.199408018528482 -0.19999999999999996
      vertex 11.437599970069291 6.197634410394343 -0.19999999999999996
      vertex 11.456214394375717 6.194686175218607 -0.19999999999999996
    endloop
  endfacet
  facet normal 0 0 -1
    outer loop
      vertex 11.699999997019768 5.900000094832527 -0.19999999999999996
      vertex 11.671448115739807 6.027733787469522 -0.19999999999999996
      vertex 11.69057494833859 5.974606966149457 -0.19999999999999996
    endloop
  endfacet
  facet normal 0 0 -1
    outer loop
      vertex 11.699999997019768 5.900000094832527 -0.19999999999999996
      vertex 11.697634410394343 5.937599970069291 -0.19999999999999996
      vertex 11.699408018528482 5.918837155858794 -0.19999999999999996
    endloop
  endfacet
  facet normal 0 0 -1
    outer loop
      vertex 11.699999997019768 5.900000094832527 -0.19999999999999996
      vertex 11.69057494833859 5.974606966149457 -0.19999999999999996
      vertex 11.697634410394343 5.937599970069291 -0.19999999999999996
    endloop
  endfacet
  facet normal 0 0 -1
    outer loop
      vertex 11.69057494833859 5.974606966149457 -0.19999999999999996
      vertex 11.694686175218607 5.956214394375718 -0.19999999999999996
      vertex 11.697634410394343 5.937599970069291 -0.19999999999999996
    endloop
  endfacet
  facet normal 0 0 -1
    outer loop
      vertex 11.605364131778607 6.118690588226424 -0.19999999999999996
      vertex 11.642705098312485 6.076335575687742 -0.19999999999999996
      vertex 11.671448115739807 6.027733787469522 -0.19999999999999996
    endloop
  endfacet
  facet normal 0 0 -1
    outer loop
      vertex 11.642705098312485 6.076335575687742 -0.19999999999999996
      vertex 11.618690588226423 6.105364131778607 -0.19999999999999996
      vertex 11.631153972832736 6.091227196924607 -0.19999999999999996
    endloop
  endfacet
  facet normal 0 0 -1
    outer loop
      vertex 11.605364131778607 6.118690588226424 -0.19999999999999996
      vertex 11.671448115739807 6.027733787469522 -0.19999999999999996
      vertex 11.699999997019768 5.900000094832527 -0.19999999999999996
    endloop
  endfacet
  facet normal 0 0 -1
    outer loop
      vertex 11.69057494833859 5.974606966149457 -0.19999999999999996
      vertex 11.671448115739807 6.027733787469522 -0.19999999999999996
      vertex 11.685316954888547 5.992705098312484 -0.19999999999999996
    endloop
  endfacet
  facet normal 0 0 -1
    outer loop
      vertex 11.685316954888547 5.992705098312484 -0.19999999999999996
      vertex 11.671448115739807 6.027733787469522 -0.19999999999999996
      vertex 11.678932945766476 6.010437365805403 -0.19999999999999996
    endloop
  endfacet
  facet normal 0 0 -1
    outer loop
      vertex 11.653298377650605 6.060748038493699 -0.19999999999999996
      vertex 11.662892004013159 6.044526102230515 -0.19999999999999996
      vertex 11.642705098312485 6.076335575687742 -0.19999999999999996
    endloop
  endfacet
  facet normal 0 0 -1
    outer loop
      vertex 11.662892004013159 6.044526102230515 -0.19999999999999996
      vertex 11.671448115739807 6.027733787469522 -0.19999999999999996
      vertex 11.642705098312485 6.076335575687742 -0.19999999999999996
    endloop
  endfacet
  facet normal 0 0 -1
    outer loop
      vertex 11.605364131778607 6.118690588226424 -0.19999999999999996
      vertex 11.576335575687743 6.142705098312485 -0.19999999999999996
      vertex 11.591227196924608 6.131153972832737 -0.19999999999999996
    endloop
  endfacet
  facet normal 0 0 -1
    outer loop
      vertex 11.605364131778607 6.118690588226424 -0.19999999999999996
      vertex 11.618690588226423 6.105364131778607 -0.19999999999999996
      vertex 11.642705098312485 6.076335575687742 -0.19999999999999996
    endloop
  endfacet
  facet normal 0.15643446504021852 0.9876883405951397 0
    outer loop
      vertex -5.937599970069291 11.102365589605657 -1.69
      vertex -5.937599970069291 11.102365589605657 -1.7
      vertex -5.956214394375718 11.105313824781394 -1.7
    endloop
  endfacet
  facet normal 0.09410831331854246 0.9955619646030772 0
    outer loop
      vertex -5.918837155858794 11.100591981471519 -1.69
      vertex -5.918837155858794 11.100591981471519 -1.7
      vertex -5.937599970069291 11.102365589605657 -1.7
    endloop
  endfacet
  facet normal 0.03141075907812376 0.9995065603657317 0
    outer loop
      vertex -5.918837155858794 11.100591981471519 -1.69
      vertex -5.900000094832527 11.100000002980233 -1.7
      vertex -5.918837155858794 11.100591981471519 -1.7
    endloop
  endfacet
  facet normal 0.09410831331854246 0.9955619646030772 0
    outer loop
      vertex -5.937599970069291 11.102365589605657 -1.69
      vertex -5.918837155858794 11.100591981471519 -1.69
      vertex -5.937599970069291 11.102365589605657 -1.7
    endloop
  endfacet
  facet normal 0.6613118653236413 -0.7501110696304688 0
    outer loop
      vertex -6.091227196924607 11.631153972832736 -1.69
      vertex -6.105364131778607 11.618690588226423 -1.7
      vertex -6.091227196924607 11.631153972832736 -1.7
    endloop
  endfacet
  facet normal 0.6129070536530004 -0.7901550123756719 0
    outer loop
      vertex -6.091227196924607 11.631153972832736 -1.69
      vertex -6.091227196924607 11.631153972832736 -1.7
      vertex -6.076335575687742 11.642705098312485 -1.7
    endloop
  endfacet
  facet normal 0.6613118653236647 0.7501110696304483 0
    outer loop
      vertex -6.1053641317786065 11.181309411773578 -0.19999999999999996
      vertex -6.091227196924607 11.168846027167264 -1.7
      vertex -6.1053641317786065 11.181309411773578 -1.7
    endloop
  endfacet
  facet normal 0.7071067811865004 0.7071067811865946 0
    outer loop
      vertex -6.118690588226424 11.194635868221393 -0.19999999999999996
      vertex -6.1053641317786065 11.181309411773578 -1.7
      vertex -6.118690588226424 11.194635868221393 -1.7
    endloop
  endfacet
  facet normal 0.5090414157503388 0.860742027003963 0
    outer loop
      vertex -6.044526102230515 11.137107995986842 -0.19999999999999996
      vertex -6.044526102230515 11.137107995986842 -1.7
      vertex -6.060748038493699 11.146701622349395 -1.7
    endloop
  endfacet
  facet normal 0.5620833778521434 0.8270805742745532 0
    outer loop
      vertex -6.076335575687742 11.157294901687516 -0.19999999999999996
      vertex -6.060748038493699 11.146701622349395 -1.7
      vertex -6.076335575687742 11.157294901687516 -1.7
    endloop
  endfacet
  facet normal 0.6129070536530004 0.7901550123756719 0
    outer loop
      vertex -6.091227196924607 11.168846027167264 -0.19999999999999996
      vertex -6.076335575687742 11.157294901687516 -1.7
      vertex -6.091227196924607 11.168846027167264 -1.7
    endloop
  endfacet
  facet normal 0.4539904997395918 0.8910065241883449 0
    outer loop
      vertex -6.044526102230515 11.137107995986842 -0.19999999999999996
      vertex -6.027733787469522 11.128551884260194 -1.7
      vertex -6.044526102230515 11.137107995986842 -1.7
    endloop
  endfacet
  facet normal 0.39714789063476935 0.917754625683986 0
    outer loop
      vertex -6.027733787469522 11.128551884260194 -0.19999999999999996
      vertex -6.010437365805403 11.121067054233524 -1.7
      vertex -6.027733787469522 11.128551884260194 -1.7
    endloop
  endfacet
  facet normal 0.338737920245302 0.9408807689542217 0
    outer loop
      vertex -5.992705098312484 11.114683045111454 -0.19999999999999996
      vertex -5.992705098312484 11.114683045111454 -1.7
      vertex -6.010437365805403 11.121067054233524 -1.7
    endloop
  endfacet
  facet normal 0.27899110603919897 0.9602936856769518 0
    outer loop
      vertex -5.992705098312484 11.114683045111454 -0.19999999999999996
      vertex -5.974606966149457 11.109425051661411 -1.7
      vertex -5.992705098312484 11.114683045111454 -1.7
    endloop
  endfacet
  facet normal 0.21814324139652821 0.9759167619387505 0
    outer loop
      vertex -5.974606966149457 11.109425051661411 -0.19999999999999996
      vertex -5.956214394375718 11.105313824781394 -1.7
      vertex -5.974606966149457 11.109425051661411 -1.7
    endloop
  endfacet
  facet normal 0.15643446504021852 0.9876883405951398 0
    outer loop
      vertex -5.937599970069291 11.102365589605657 -1.69
      vertex -5.956214394375718 11.105313824781394 -1.7
      vertex -5.937599970069291 11.102365589605657 -0.19999999999999996
    endloop
  endfacet
  facet normal 0.03141075907812376 0.9995065603657317 0
    outer loop
      vertex -5.918837155858794 11.100591981471519 -1.69
      vertex -5.900000094832527 11.100000002980233 -0.19999999999999996
      vertex -5.900000094832527 11.100000002980233 -1.7
    endloop
  endfacet
  facet normal 0.09410831331854244 0.9955619646030772 0
    outer loop
      vertex -5.937599970069291 11.102365589605657 -1.69
      vertex -5.918837155858794 11.100591981471519 -0.19999999999999996
      vertex -5.918837155858794 11.100591981471519 -1.69
    endloop
  endfacet
  facet normal 0.9876883405951385 0.1564344650402258 0
    outer loop
      vertex -6.197634410394343 11.36240002993071 -0.20999999999999996
      vertex -6.194686175218607 11.343785605624284 -1.7
      vertex -6.197634410394343 11.36240002993071 -1.7
    endloop
  endfacet
  facet normal 0.9955619646030772 0.09410831331854244 0
    outer loop
      vertex -6.197634410394343 11.36240002993071 -0.20999999999999996
      vertex -6.197634410394343 11.36240002993071 -1.7
      vertex -6.199408018528482 11.381162844141206 -1.7
    endloop
  endfacet
  facet normal 0.9995065603657316 0.03141075907812524 0
    outer loop
      vertex -6.199408018528482 11.381162844141206 -0.19999999999999996
      vertex -6.199408018528482 11.381162844141206 -1.7
      vertex -6.199999997019768 11.399999905167473 -1.7
    endloop
  endfacet
  facet normal 0.9995065702948374 -0.031410443127266194 1.9858211433733312e-9
    outer loop
      vertex -6.199999997019768 11.4 -0.19999999999999996
      vertex -6.199999997019768 11.399999905167473 -1.7
      vertex -6.199408018528482 11.418837155858794 -1.7
    endloop
  endfacet
  facet normal 0.9955619646030773 -0.09410831331854246 0
    outer loop
      vertex -6.199408018528482 11.418837155858794 -0.19999999999999996
      vertex -6.199408018528482 11.418837155858794 -1.7
      vertex -6.197634410394343 11.437599970069291 -1.7
    endloop
  endfacet
  facet normal 0.9876883405951384 -0.1564344650402258 0
    outer loop
      vertex -6.194686175218607 11.456214394375717 -0.19999999999999996
      vertex -6.197634410394343 11.437599970069291 -1.7
      vertex -6.194686175218607 11.456214394375717 -1.7
    endloop
  endfacet
  facet normal 0.8270805742745899 0.5620833778520892 0
    outer loop
      vertex -6.142705098312485 11.223664424312258 -0.19999999999999996
      vertex -6.142705098312485 11.223664424312258 -1.7
      vertex -6.1532983776506045 11.239251961506302 -1.7
    endloop
  endfacet
  facet normal 0.917754625683986 0.39714789063476935 0
    outer loop
      vertex -6.1789329457664754 11.289562634194597 -0.19999999999999996
      vertex -6.171448115739806 11.272266212530479 -1.7
      vertex -6.1789329457664754 11.289562634194597 -1.7
    endloop
  endfacet
  facet normal 0.8607420270039423 0.5090414157503736 0
    outer loop
      vertex -6.162892004013159 11.255473897769486 -0.19999999999999996
      vertex -6.1532983776506045 11.239251961506302 -1.7
      vertex -6.162892004013159 11.255473897769486 -1.7
    endloop
  endfacet
  facet normal 0.891006524188364 0.4539904997395544 0
    outer loop
      vertex -6.162892004013159 11.255473897769486 -0.19999999999999996
      vertex -6.162892004013159 11.255473897769486 -1.7
      vertex -6.171448115739806 11.272266212530479 -1.7
    endloop
  endfacet
  facet normal 0.7501110696304895 0.661311865323618 0
    outer loop
      vertex -6.131153972832737 11.208772803075394 -0.19999999999999996
      vertex -6.118690588226424 11.194635868221393 -1.7
      vertex -6.131153972832737 11.208772803075394 -1.7
    endloop
  endfacet
  facet normal 0.7901550123756592 0.6129070536530166 0
    outer loop
      vertex -6.131153972832737 11.208772803075394 -0.19999999999999996
      vertex -6.131153972832737 11.208772803075394 -1.7
      vertex -6.142705098312485 11.223664424312258 -1.7
    endloop
  endfacet
  facet normal 0.9408807689542217 0.338737920245302 0
    outer loop
      vertex -6.185316954888546 11.307294901687516 -0.19999999999999996
      vertex -6.1789329457664754 11.289562634194597 -1.7
      vertex -6.185316954888546 11.307294901687516 -1.7
    endloop
  endfacet
  facet normal 0.9759167619387529 0.21814324139651822 0
    outer loop
      vertex -6.194686175218607 11.343785605624284 -0.19999999999999996
      vertex -6.19057494833859 11.325393033850544 -1.7
      vertex -6.194686175218607 11.343785605624284 -1.7
    endloop
  endfacet
  facet normal 0.9602936856769393 0.27899110603924243 0
    outer loop
      vertex -6.19057494833859 11.325393033850544 -0.19999999999999996
      vertex -6.185316954888546 11.307294901687516 -1.7
      vertex -6.19057494833859 11.325393033850544 -1.7
    endloop
  endfacet
  facet normal 0.9759167619387529 -0.21814324139651822 0
    outer loop
      vertex -6.194686175218607 11.456214394375717 -0.19999999999999996
      vertex -6.194686175218607 11.456214394375717 -1.7
      vertex -6.19057494833859 11.474606966149457 -1.7
    endloop
  endfacet
  facet normal 0.9602936856769393 -0.27899110603924243 0
    outer loop
      vertex -6.19057494833859 11.474606966149457 -0.19999999999999996
      vertex -6.19057494833859 11.474606966149457 -1.7
      vertex -6.185316954888546 11.492705098312484 -1.7
    endloop
  endfacet
  facet normal 0.9408807689542217 -0.338737920245302 0
    outer loop
      vertex -6.1789329457664754 11.510437365805403 -0.19999999999999996
      vertex -6.185316954888546 11.492705098312484 -1.7
      vertex -6.1789329457664754 11.510437365805403 -1.7
    endloop
  endfacet
  facet normal 0.917754625683986 -0.39714789063476935 0
    outer loop
      vertex -6.1789329457664754 11.510437365805403 -0.19999999999999996
      vertex -6.1789329457664754 11.510437365805403 -1.7
      vertex -6.171448115739806 11.527733787469522 -1.7
    endloop
  endfacet
  facet normal 0.891006524188364 -0.4539904997395544 0
    outer loop
      vertex -6.171448115739806 11.527733787469522 -0.19999999999999996
      vertex -6.171448115739806 11.527733787469522 -1.7
      vertex -6.162892004013159 11.544526102230515 -1.7
    endloop
  endfacet
  facet normal 0.8607420270039423 -0.5090414157503736 0
    outer loop
      vertex -6.1532983776506045 11.5607480384937 -0.19999999999999996
      vertex -6.162892004013159 11.544526102230515 -1.7
      vertex -6.1532983776506045 11.5607480384937 -1.7
    endloop
  endfacet
  facet normal 0.8270805742745899 -0.5620833778520892 0
    outer loop
      vertex -6.1532983776506045 11.5607480384937 -0.19999999999999996
      vertex -6.1532983776506045 11.5607480384937 -1.7
      vertex -6.142705098312485 11.576335575687743 -1.7
    endloop
  endfacet
  facet normal 0.7901550123756946 -0.6129070536529709 0
    outer loop
      vertex -6.142705098312485 11.576335575687743 -0.19999999999999996
      vertex -6.142705098312485 11.576335575687743 -1.7
      vertex -6.131153972832737 11.591227196924608 -1.7
    endloop
  endfacet
  facet normal 0.7501110696304483 -0.6613118653236647 0
    outer loop
      vertex -6.118690588226424 11.605364131778607 -0.19999999999999996
      vertex -6.131153972832737 11.591227196924608 -1.7
      vertex -6.118690588226424 11.605364131778607 -1.7
    endloop
  endfacet
  facet normal 0.7071067811865239 -0.7071067811865711 0
    outer loop
      vertex -6.118690588226424 11.605364131778607 -0.19999999999999996
      vertex -6.118690588226424 11.605364131778607 -1.7
      vertex -6.105364131778607 11.618690588226423 -1.7
    endloop
  endfacet
  facet normal 0.6613118653236413 -0.7501110696304688 0
    outer loop
      vertex -6.091227196924607 11.631153972832736 -1.69
      vertex -6.105364131778607 11.618690588226423 -0.19999999999999996
      vertex -6.105364131778607 11.618690588226423 -1.7
    endloop
  endfacet
  facet normal 0.6129070536530004 -0.7901550123756719 0
    outer loop
      vertex -6.091227196924607 11.631153972832736 -1.69
      vertex -6.076335575687742 11.642705098312485 -1.7
      vertex -6.076335575687742 11.642705098312485 -0.19999999999999996
    endloop
  endfacet
  facet normal 0.5620833778521434 -0.8270805742745532 0
    outer loop
      vertex -6.076335575687742 11.642705098312485 -0.19999999999999996
      vertex -6.076335575687742 11.642705098312485 -1.7
      vertex -6.060748038493699 11.653298377650605 -1.7
    endloop
  endfacet
  facet normal 0.5090414157503388 -0.860742027003963 0
    outer loop
      vertex -6.044526102230515 11.662892004013159 -0.19999999999999996
      vertex -6.060748038493699 11.653298377650605 -1.7
      vertex -6.044526102230515 11.662892004013159 -1.7
    endloop
  endfacet
  facet normal 0.4539904997395918 -0.8910065241883449 0
    outer loop
      vertex -6.027733787469522 11.671448115739807 -0.19999999999999996
      vertex -6.044526102230515 11.662892004013159 -1.7
      vertex -6.027733787469522 11.671448115739807 -1.7
    endloop
  endfacet
  facet normal 0.39714789063476935 -0.917754625683986 0
    outer loop
      vertex -6.027733787469522 11.671448115739807 -0.19999999999999996
      vertex -6.027733787469522 11.671448115739807 -1.7
      vertex -6.010437365805403 11.678932945766476 -1.7
    endloop
  endfacet
  facet normal 0.338737920245302 -0.9408807689542217 0
    outer loop
      vertex -5.992705098312484 11.685316954888547 -0.19999999999999996
      vertex -6.010437365805403 11.678932945766476 -1.7
      vertex -5.992705098312484 11.685316954888547 -1.7
    endloop
  endfacet
  facet normal 0.27899110603919897 -0.9602936856769518 0
    outer loop
      vertex -5.992705098312484 11.685316954888547 -0.19999999999999996
      vertex -5.992705098312484 11.685316954888547 -1.7
      vertex -5.974606966149457 11.69057494833859 -1.7
    endloop
  endfacet
  facet normal 0.21814324139652821 -0.9759167619387505 0
    outer loop
      vertex -5.974606966149457 11.69057494833859 -0.19999999999999996
      vertex -5.974606966149457 11.69057494833859 -1.7
      vertex -5.956214394375718 11.694686175218607 -1.7
    endloop
  endfacet
  facet normal 0.15643446504021852 -0.9876883405951397 0
    outer loop
      vertex -5.937599970069291 11.697634410394343 -0.19999999999999996
      vertex -5.956214394375718 11.694686175218607 -1.7
      vertex -5.937599970069291 11.697634410394343 -1.7
    endloop
  endfacet
  facet normal 0.09410831331854246 -0.9955619646030773 0
    outer loop
      vertex -5.937599970069291 11.697634410394343 -0.19999999999999996
      vertex -5.937599970069291 11.697634410394343 -1.7
      vertex -5.918837155858794 11.699408018528482 -1.7
    endloop
  endfacet
  facet normal 0.03141075907812376 -0.9995065603657317 0
    outer loop
      vertex -5.900000094832527 11.699999997019768 -0.19999999999999996
      vertex -5.918837155858794 11.699408018528482 -1.7
      vertex -5.900000094832527 11.699999997019768 -1.7
    endloop
  endfacet
  facet normal 0 -1 0
    outer loop
      vertex -5.900000094832527 11.699999997019768 -0.19999999999999996
      vertex -5.900000094832527 11.699999997019768 -1.7
      vertex 5.90000009482715 11.699999997019768 -1.6999999999993165
    endloop
  endfacet
  facet normal 0.6613118653236647 0.7501110696304483 0
    outer loop
      vertex -6.091227196924607 11.168846027167264 -0.19999999999999996
      vertex -6.091227196924607 11.168846027167264 -1.7
      vertex -6.1053641317786065 11.181309411773578 -0.19999999999999996
    endloop
  endfacet
  facet normal 0.7071067811865004 0.7071067811865946 0
    outer loop
      vertex -6.118690588226424 11.194635868221393 -0.19999999999999996
      vertex -6.1053641317786065 11.181309411773578 -0.19999999999999996
      vertex -6.1053641317786065 11.181309411773578 -1.7
    endloop
  endfacet
  facet normal 0.6129070536530004 0.7901550123756719 0
    outer loop
      vertex -6.091227196924607 11.168846027167264 -0.19999999999999996
      vertex -6.076335575687742 11.157294901687516 -0.19999999999999996
      vertex -6.076335575687742 11.157294901687516 -1.7
    endloop
  endfacet
  facet normal 0.5620833778521434 0.8270805742745532 0
    outer loop
      vertex -6.060748038493699 11.146701622349395 -0.19999999999999996
      vertex -6.060748038493699 11.146701622349395 -1.7
      vertex -6.076335575687742 11.157294901687516 -0.19999999999999996
    endloop
  endfacet
  facet normal 0.5090414157503388 0.860742027003963 0
    outer loop
      vertex -6.060748038493699 11.146701622349395 -0.19999999999999996
      vertex -6.044526102230515 11.137107995986842 -0.19999999999999996
      vertex -6.060748038493699 11.146701622349395 -1.7
    endloop
  endfacet
  facet normal 0.4539904997395918 0.8910065241883449 0
    outer loop
      vertex -6.044526102230515 11.137107995986842 -0.19999999999999996
      vertex -6.027733787469522 11.128551884260194 -0.19999999999999996
      vertex -6.027733787469522 11.128551884260194 -1.7
    endloop
  endfacet
  facet normal 0.39714789063476935 0.917754625683986 0
    outer loop
      vertex -6.027733787469522 11.128551884260194 -0.19999999999999996
      vertex -6.010437365805403 11.121067054233524 -0.19999999999999996
      vertex -6.010437365805403 11.121067054233524 -1.7
    endloop
  endfacet
  facet normal 0.338737920245302 0.9408807689542217 0
    outer loop
      vertex -6.010437365805403 11.121067054233524 -0.19999999999999996
      vertex -5.992705098312484 11.114683045111454 -0.19999999999999996
      vertex -6.010437365805403 11.121067054233524 -1.7
    endloop
  endfacet
  facet normal 0.27899110603919897 0.9602936856769518 0
    outer loop
      vertex -5.992705098312484 11.114683045111454 -0.19999999999999996
      vertex -5.974606966149457 11.109425051661411 -0.19999999999999996
      vertex -5.974606966149457 11.109425051661411 -1.7
    endloop
  endfacet
  facet normal 0.21814324139652821 0.9759167619387505 0
    outer loop
      vertex -5.974606966149457 11.109425051661411 -0.19999999999999996
      vertex -5.956214394375718 11.105313824781394 -0.19999999999999996
      vertex -5.956214394375718 11.105313824781394 -1.7
    endloop
  endfacet
  facet normal 0.15643446504021852 0.9876883405951397 0
    outer loop
      vertex -5.937599970069291 11.102365589605657 -0.19999999999999996
      vertex -5.956214394375718 11.105313824781394 -1.7
      vertex -5.956214394375718 11.105313824781394 -0.19999999999999996
    endloop
  endfacet
  facet normal 0.09410831331854244 0.9955619646030772 0
    outer loop
      vertex -5.937599970069291 11.102365589605657 -1.69
      vertex -5.937599970069291 11.102365589605657 -0.19999999999999996
      vertex -5.918837155858794 11.100591981471519 -0.19999999999999996
    endloop
  endfacet
  facet normal 0.031410759078123754 0.9995065603657317 0
    outer loop
      vertex -5.918837155858794 11.100591981471519 -1.69
      vertex -5.918837155858794 11.100591981471519 -0.19999999999999996
      vertex -5.900000094832527 11.100000002980233 -0.19999999999999996
    endloop
  endfacet
  facet normal 0.9876883405951384 0.1564344650402258 0
    outer loop
      vertex -6.194686175218607 11.343785605624284 -0.19999999999999996
      vertex -6.194686175218607 11.343785605624284 -1.7
      vertex -6.197634410394343 11.36240002993071 -0.20999999999999996
    endloop
  endfacet
  facet normal 0.9955619646030773 0.09410831331854246 0
    outer loop
      vertex -6.197634410394343 11.36240002993071 -0.20999999999999996
      vertex -6.199408018528482 11.381162844141206 -1.7
      vertex -6.199408018528482 11.381162844141206 -0.19999999999999996
    endloop
  endfacet
  facet normal 0.999506565330322 0.031410601101901595 -1.985831130771975e-9
    outer loop
      vertex -6.199408018528482 11.381162844141206 -0.19999999999999996
      vertex -6.199999997019768 11.399999905167473 -1.7
      vertex -6.199999997019768 11.4 -0.19999999999999996
    endloop
  endfacet
  facet normal 0.999506565330322 -0.031410601101901595 0
    outer loop
      vertex -6.199999997019768 11.4 -0.19999999999999996
      vertex -6.199408018528482 11.418837155858794 -1.7
      vertex -6.199408018528482 11.418837155858794 -0.19999999999999996
    endloop
  endfacet
  facet normal 0.9955619646030773 -0.09410831331854246 0
    outer loop
      vertex -6.199408018528482 11.418837155858794 -0.19999999999999996
      vertex -6.197634410394343 11.437599970069291 -1.7
      vertex -6.197634410394343 11.437599970069291 -0.19999999999999996
    endloop
  endfacet
  facet normal 0.9876883405951384 -0.1564344650402258 0
    outer loop
      vertex -6.197634410394343 11.437599970069291 -0.19999999999999996
      vertex -6.197634410394343 11.437599970069291 -1.7
      vertex -6.194686175218607 11.456214394375717 -0.19999999999999996
    endloop
  endfacet
  facet normal 0.8270805742745899 0.5620833778520892 0
    outer loop
      vertex -6.142705098312485 11.223664424312258 -0.19999999999999996
      vertex -6.1532983776506045 11.239251961506302 -1.7
      vertex -6.1532983776506045 11.239251961506302 -0.19999999999999996
    endloop
  endfacet
  facet normal 0.917754625683986 0.39714789063476935 0
    outer loop
      vertex -6.171448115739806 11.272266212530479 -0.19999999999999996
      vertex -6.171448115739806 11.272266212530479 -1.7
      vertex -6.1789329457664754 11.289562634194597 -0.19999999999999996
    endloop
  endfacet
  facet normal 0.8607420270039423 0.5090414157503736 0
    outer loop
      vertex -6.1532983776506045 11.239251961506302 -0.19999999999999996
      vertex -6.1532983776506045 11.239251961506302 -1.7
      vertex -6.162892004013159 11.255473897769486 -0.19999999999999996
    endloop
  endfacet
  facet normal 0.891006524188364 0.4539904997395544 0
    outer loop
      vertex -6.162892004013159 11.255473897769486 -0.19999999999999996
      vertex -6.171448115739806 11.272266212530479 -1.7
      vertex -6.171448115739806 11.272266212530479 -0.19999999999999996
    endloop
  endfacet
  facet normal 0.7501110696304895 0.661311865323618 0
    outer loop
      vertex -6.118690588226424 11.194635868221393 -0.19999999999999996
      vertex -6.118690588226424 11.194635868221393 -1.7
      vertex -6.131153972832737 11.208772803075394 -0.19999999999999996
    endloop
  endfacet
  facet normal 0.7901550123756592 0.6129070536530166 0
    outer loop
      vertex -6.142705098312485 11.223664424312258 -0.19999999999999996
      vertex -6.131153972832737 11.208772803075394 -0.19999999999999996
      vertex -6.142705098312485 11.223664424312258 -1.7
    endloop
  endfacet
  facet normal 0.9408807689542217 0.338737920245302 0
    outer loop
      vertex -6.1789329457664754 11.289562634194597 -0.19999999999999996
      vertex -6.1789329457664754 11.289562634194597 -1.7
      vertex -6.185316954888546 11.307294901687516 -0.19999999999999996
    endloop
  endfacet
  facet normal 0.9602936856769393 0.27899110603924243 0
    outer loop
      vertex -6.185316954888546 11.307294901687516 -0.19999999999999996
      vertex -6.185316954888546 11.307294901687516 -1.7
      vertex -6.19057494833859 11.325393033850544 -0.19999999999999996
    endloop
  endfacet
  facet normal 0.9759167619387529 0.21814324139651822 0
    outer loop
      vertex -6.194686175218607 11.343785605624284 -0.19999999999999996
      vertex -6.19057494833859 11.325393033850544 -0.19999999999999996
      vertex -6.19057494833859 11.325393033850544 -1.7
    endloop
  endfacet
  facet normal 0.9759167619387529 -0.21814324139651822 0
    outer loop
      vertex -6.194686175218607 11.456214394375717 -0.19999999999999996
      vertex -6.19057494833859 11.474606966149457 -1.7
      vertex -6.19057494833859 11.474606966149457 -0.19999999999999996
    endloop
  endfacet
  facet normal 0.9602936856769393 -0.27899110603924243 0
    outer loop
      vertex -6.19057494833859 11.474606966149457 -0.19999999999999996
      vertex -6.185316954888546 11.492705098312484 -1.7
      vertex -6.185316954888546 11.492705098312484 -0.19999999999999996
    endloop
  endfacet
  facet normal 0.9408807689542217 -0.338737920245302 0
    outer loop
      vertex -6.185316954888546 11.492705098312484 -0.19999999999999996
      vertex -6.185316954888546 11.492705098312484 -1.7
      vertex -6.1789329457664754 11.510437365805403 -0.19999999999999996
    endloop
  endfacet
  facet normal 0.917754625683986 -0.39714789063476935 0
    outer loop
      vertex -6.1789329457664754 11.510437365805403 -0.19999999999999996
      vertex -6.171448115739806 11.527733787469522 -1.7
      vertex -6.171448115739806 11.527733787469522 -0.19999999999999996
    endloop
  endfacet
  facet normal 0.891006524188364 -0.4539904997395544 0
    outer loop
      vertex -6.171448115739806 11.527733787469522 -0.19999999999999996
      vertex -6.162892004013159 11.544526102230515 -1.7
      vertex -6.162892004013159 11.544526102230515 -0.19999999999999996
    endloop
  endfacet
  facet normal 0.8607420270039423 -0.5090414157503736 0
    outer loop
      vertex -6.162892004013159 11.544526102230515 -0.19999999999999996
      vertex -6.162892004013159 11.544526102230515 -1.7
      vertex -6.1532983776506045 11.5607480384937 -0.19999999999999996
    endloop
  endfacet
  facet normal 0.8270805742745899 -0.5620833778520892 0
    outer loop
      vertex -6.1532983776506045 11.5607480384937 -0.19999999999999996
      vertex -6.142705098312485 11.576335575687743 -1.7
      vertex -6.142705098312485 11.576335575687743 -0.19999999999999996
    endloop
  endfacet
  facet normal 0.7901550123756946 -0.6129070536529709 0
    outer loop
      vertex -6.142705098312485 11.576335575687743 -0.19999999999999996
      vertex -6.131153972832737 11.591227196924608 -1.7
      vertex -6.131153972832737 11.591227196924608 -0.19999999999999996
    endloop
  endfacet
  facet normal 0.7501110696304483 -0.6613118653236647 0
    outer loop
      vertex -6.131153972832737 11.591227196924608 -0.19999999999999996
      vertex -6.131153972832737 11.591227196924608 -1.7
      vertex -6.118690588226424 11.605364131778607 -0.19999999999999996
    endloop
  endfacet
  facet normal 0.7071067811865239 -0.7071067811865711 0
    outer loop
      vertex -6.118690588226424 11.605364131778607 -0.19999999999999996
      vertex -6.105364131778607 11.618690588226423 -1.7
      vertex -6.105364131778607 11.618690588226423 -0.19999999999999996
    endloop
  endfacet
  facet normal 0.6613118653236413 -0.7501110696304688 0
    outer loop
      vertex -6.091227196924607 11.631153972832736 -1.69
      vertex -6.091227196924607 11.631153972832736 -0.19999999999999996
      vertex -6.105364131778607 11.618690588226423 -0.19999999999999996
    endloop
  endfacet
  facet normal 0.6129070536530002 -0.7901550123756719 0
    outer loop
      vertex -6.091227196924607 11.631153972832736 -1.69
      vertex -6.076335575687742 11.642705098312485 -0.19999999999999996
      vertex -6.091227196924607 11.631153972832736 -0.19999999999999996
    endloop
  endfacet
  facet normal 0.5620833778521434 -0.8270805742745532 0
    outer loop
      vertex -6.076335575687742 11.642705098312485 -0.19999999999999996
      vertex -6.060748038493699 11.653298377650605 -1.7
      vertex -6.060748038493699 11.653298377650605 -0.19999999999999996
    endloop
  endfacet
  facet normal 0.5090414157503388 -0.860742027003963 0
    outer loop
      vertex -6.060748038493699 11.653298377650605 -0.19999999999999996
      vertex -6.060748038493699 11.653298377650605 -1.7
      vertex -6.044526102230515 11.662892004013159 -0.19999999999999996
    endloop
  endfacet
  facet normal 0.4539904997395918 -0.8910065241883449 0
    outer loop
      vertex -6.044526102230515 11.662892004013159 -0.19999999999999996
      vertex -6.044526102230515 11.662892004013159 -1.7
      vertex -6.027733787469522 11.671448115739807 -0.19999999999999996
    endloop
  endfacet
  facet normal 0.39714789063476935 -0.917754625683986 0
    outer loop
      vertex -6.027733787469522 11.671448115739807 -0.19999999999999996
      vertex -6.010437365805403 11.678932945766476 -1.7
      vertex -6.010437365805403 11.678932945766476 -0.19999999999999996
    endloop
  endfacet
  facet normal 0.338737920245302 -0.9408807689542217 0
    outer loop
      vertex -6.010437365805403 11.678932945766476 -0.19999999999999996
      vertex -6.010437365805403 11.678932945766476 -1.7
      vertex -5.992705098312484 11.685316954888547 -0.19999999999999996
    endloop
  endfacet
  facet normal 0.27899110603919897 -0.9602936856769518 0
    outer loop
      vertex -5.992705098312484 11.685316954888547 -0.19999999999999996
      vertex -5.974606966149457 11.69057494833859 -1.7
      vertex -5.974606966149457 11.69057494833859 -0.19999999999999996
    endloop
  endfacet
  facet normal 0.21814324139652821 -0.9759167619387505 0
    outer loop
      vertex -5.974606966149457 11.69057494833859 -0.19999999999999996
      vertex -5.956214394375718 11.694686175218607 -1.7
      vertex -5.956214394375718 11.694686175218607 -0.19999999999999996
    endloop
  endfacet
  facet normal 0.15643446504021852 -0.9876883405951397 0
    outer loop
      vertex -5.956214394375718 11.694686175218607 -0.19999999999999996
      vertex -5.956214394375718 11.694686175218607 -1.7
      vertex -5.937599970069291 11.697634410394343 -0.19999999999999996
    endloop
  endfacet
  facet normal 0.09410831331854246 -0.9955619646030773 0
    outer loop
      vertex -5.937599970069291 11.697634410394343 -0.19999999999999996
      vertex -5.918837155858794 11.699408018528482 -1.7
      vertex -5.918837155858794 11.699408018528482 -0.19999999999999996
    endloop
  endfacet
  facet normal 0.03141075907812376 -0.9995065603657317 0
    outer loop
      vertex -5.918837155858794 11.699408018528482 -0.19999999999999996
      vertex -5.918837155858794 11.699408018528482 -1.7
      vertex -5.900000094832527 11.699999997019768 -0.19999999999999996
    endloop
  endfacet
  facet normal 0 0 -1
    outer loop
      vertex -6.118690588226424 11.194635868221393 -0.19999999999999996
      vertex -6.076335575687742 11.157294901687516 -0.19999999999999996
      vertex -6.091227196924607 11.168846027167264 -0.19999999999999996
    endloop
  endfacet
  facet normal 0 0 -1
    outer loop
      vertex -6.118690588226424 11.194635868221393 -0.19999999999999996
      vertex -6.091227196924607 11.168846027167264 -0.19999999999999996
      vertex -6.1053641317786065 11.181309411773578 -0.19999999999999996
    endloop
  endfacet
  facet normal 0 0 -1
    outer loop
      vertex -6.044526102230515 11.137107995986842 -0.19999999999999996
      vertex -6.076335575687742 11.157294901687516 -0.19999999999999996
      vertex -6.027733787469522 11.128551884260194 -0.19999999999999996
    endloop
  endfacet
  facet normal 0 0 -1
    outer loop
      vertex -6.118690588226424 11.194635868221393 -0.19999999999999996
      vertex -6.027733787469522 11.128551884260194 -0.19999999999999996
      vertex -6.076335575687742 11.157294901687516 -0.19999999999999996
    endloop
  endfacet
  facet normal 0 0 -1
    outer loop
      vertex -6.060748038493699 11.146701622349395 -0.19999999999999996
      vertex -6.076335575687742 11.157294901687516 -0.19999999999999996
      vertex -6.044526102230515 11.137107995986842 -0.19999999999999996
    endloop
  endfacet
  facet normal 0 0 -1
    outer loop
      vertex -6.118690588226424 11.194635868221393 -0.19999999999999996
      vertex -5.900000094832527 11.100000002980233 -0.19999999999999996
      vertex -6.027733787469522 11.128551884260194 -0.19999999999999996
    endloop
  endfacet
  facet normal 0 0 -1
    outer loop
      vertex -6.027733787469522 11.128551884260194 -0.19999999999999996
      vertex -5.992705098312484 11.114683045111454 -0.19999999999999996
      vertex -6.010437365805403 11.121067054233524 -0.19999999999999996
    endloop
  endfacet
  facet normal 0 0 -1
    outer loop
      vertex -6.027733787469522 11.128551884260194 -0.19999999999999996
      vertex -5.974606966149457 11.109425051661411 -0.19999999999999996
      vertex -5.992705098312484 11.114683045111454 -0.19999999999999996
    endloop
  endfacet
  facet normal 0 0 -1
    outer loop
      vertex -6.027733787469522 11.128551884260194 -0.19999999999999996
      vertex -5.900000094832527 11.100000002980233 -0.19999999999999996
      vertex -5.974606966149457 11.109425051661411 -0.19999999999999996
    endloop
  endfacet
  facet normal 0 0 -1
    outer loop
      vertex -5.937599970069291 11.102365589605657 -0.19999999999999996
      vertex -5.956214394375718 11.105313824781394 -0.19999999999999996
      vertex -5.974606966149457 11.109425051661411 -0.19999999999999996
    endloop
  endfacet
  facet normal 0 0 -1
    outer loop
      vertex -5.937599970069291 11.102365589605657 -0.19999999999999996
      vertex -5.974606966149457 11.109425051661411 -0.19999999999999996
      vertex -5.900000094832527 11.100000002980233 -0.19999999999999996
    endloop
  endfacet
  facet normal 0 0 -1
    outer loop
      vertex -5.937599970069291 11.102365589605657 -0.19999999999999996
      vertex -5.900000094832527 11.100000002980233 -0.19999999999999996
      vertex -5.918837155858794 11.100591981471519 -0.19999999999999996
    endloop
  endfacet
  facet normal 0.9876883405951385 0.1564344650402258 0
    outer loop
      vertex -6.194686175218607 11.343785605624284 -0.19999999999999996
      vertex -6.197634410394343 11.36240002993071 -0.20999999999999996
      vertex -6.197634410394343 11.36240002993071 -0.19999999999999996
    endloop
  endfacet
  facet normal 0 0 -1
    outer loop
      vertex -6.194686175218607 11.343785605624284 -0.19999999999999996
      vertex -6.197634410394343 11.36240002993071 -0.19999999999999996
      vertex -6.199408018528482 11.381162844141206 -0.19999999999999996
    endloop
  endfacet
  facet normal 0.9955619646030772 0.09410831331854246 0
    outer loop
      vertex -6.197634410394343 11.36240002993071 -0.20999999999999996
      vertex -6.199408018528482 11.381162844141206 -0.19999999999999996
      vertex -6.197634410394343 11.36240002993071 -0.19999999999999996
    endloop
  endfacet
  facet normal 0 0 -1
    outer loop
      vertex -6.194686175218607 11.343785605624284 -0.19999999999999996
      vertex -6.199408018528482 11.381162844141206 -0.19999999999999996
      vertex -6.199999997019768 11.4 -0.19999999999999996
    endloop
  endfacet
  facet normal 0 0 -1
    outer loop
      vertex -6.199999997019768 11.4 -0.19999999999999996
      vertex -6.199408018528482 11.418837155858794 -0.19999999999999996
      vertex -6.194686175218607 11.456214394375717 -0.19999999999999996
    endloop
  endfacet
  facet normal 0 0 -1
    outer loop
      vertex -6.199408018528482 11.418837155858794 -0.19999999999999996
      vertex -6.197634410394343 11.437599970069291 -0.19999999999999996
      vertex -6.194686175218607 11.456214394375717 -0.19999999999999996
    endloop
  endfacet
  facet normal 0 0 -1
    outer loop
      vertex -6.1532983776506045 11.239251961506302 -0.19999999999999996
      vertex -6.1789329457664754 11.289562634194597 -0.19999999999999996
      vertex -6.118690588226424 11.194635868221393 -0.19999999999999996
    endloop
  endfacet
  facet normal 0 0 -1
    outer loop
      vertex -6.162892004013159 11.255473897769486 -0.19999999999999996
      vertex -6.171448115739806 11.272266212530479 -0.19999999999999996
      vertex -6.1789329457664754 11.289562634194597 -0.19999999999999996
    endloop
  endfacet
  facet normal 0 0 -1
    outer loop
      vertex -6.1532983776506045 11.239251961506302 -0.19999999999999996
      vertex -6.162892004013159 11.255473897769486 -0.19999999999999996
      vertex -6.1789329457664754 11.289562634194597 -0.19999999999999996
    endloop
  endfacet
  facet normal 0 0 -1
    outer loop
      vertex -6.1532983776506045 11.239251961506302 -0.19999999999999996
      vertex -6.118690588226424 11.194635868221393 -0.19999999999999996
      vertex -6.131153972832737 11.208772803075394 -0.19999999999999996
    endloop
  endfacet
  facet normal 0 0 -1
    outer loop
      vertex -6.142705098312485 11.223664424312258 -0.19999999999999996
      vertex -6.1532983776506045 11.239251961506302 -0.19999999999999996
      vertex -6.131153972832737 11.208772803075394 -0.19999999999999996
    endloop
  endfacet
  facet normal 0 0 -1
    outer loop
      vertex -6.1789329457664754 11.289562634194597 -0.19999999999999996
      vertex -6.185316954888546 11.307294901687516 -0.19999999999999996
      vertex -6.19057494833859 11.325393033850544 -0.19999999999999996
    endloop
  endfacet
  facet normal 0 0 -1
    outer loop
      vertex -6.194686175218607 11.343785605624284 -0.19999999999999996
      vertex -6.1789329457664754 11.289562634194597 -0.19999999999999996
      vertex -6.19057494833859 11.325393033850544 -0.19999999999999996
    endloop
  endfacet
  facet normal 0 0 -1
    outer loop
      vertex -6.1789329457664754 11.289562634194597 -0.19999999999999996
      vertex -6.199999997019768 11.4 -0.19999999999999996
      vertex -6.118690588226424 11.194635868221393 -0.19999999999999996
    endloop
  endfacet
  facet normal 0 0 -1
    outer loop
      vertex -6.194686175218607 11.343785605624284 -0.19999999999999996
      vertex -6.199999997019768 11.4 -0.19999999999999996
      vertex -6.1789329457664754 11.289562634194597 -0.19999999999999996
    endloop
  endfacet
  facet normal 0 0 -1
    outer loop
      vertex -6.199999997019768 11.4 -0.19999999999999996
      vertex -5.900000094832527 11.100000002980233 -0.19999999999999996
      vertex -6.118690588226424 11.194635868221393 -0.19999999999999996
    endloop
  endfacet
  facet normal 0 0 -1
    outer loop
      vertex -6.199999997019768 11.4 -0.19999999999999996
      vertex -6.194686175218607 11.456214394375717 -0.19999999999999996
      vertex -6.1789329457664754 11.510437365805403 -0.19999999999999996
    endloop
  endfacet
  facet normal 0 0 -1
    outer loop
      vertex -6.194686175218607 11.456214394375717 -0.19999999999999996
      vertex -6.19057494833859 11.474606966149457 -0.19999999999999996
      vertex -6.1789329457664754 11.510437365805403 -0.19999999999999996
    endloop
  endfacet
  facet normal 0 0 -1
    outer loop
      vertex -6.19057494833859 11.474606966149457 -0.19999999999999996
      vertex -6.185316954888546 11.492705098312484 -0.19999999999999996
      vertex -6.1789329457664754 11.510437365805403 -0.19999999999999996
    endloop
  endfacet
  facet normal 0 0 -1
    outer loop
      vertex -6.199999997019768 11.4 -0.19999999999999996
      vertex -6.1789329457664754 11.510437365805403 -0.19999999999999996
      vertex -6.118690588226424 11.605364131778607 -0.19999999999999996
    endloop
  endfacet
  facet normal 0 0 -1
    outer loop
      vertex -6.1789329457664754 11.510437365805403 -0.19999999999999996
      vertex -6.171448115739806 11.527733787469522 -0.19999999999999996
      vertex -6.1532983776506045 11.5607480384937 -0.19999999999999996
    endloop
  endfacet
  facet normal 0 0 -1
    outer loop
      vertex -6.171448115739806 11.527733787469522 -0.19999999999999996
      vertex -6.162892004013159 11.544526102230515 -0.19999999999999996
      vertex -6.1532983776506045 11.5607480384937 -0.19999999999999996
    endloop
  endfacet
  facet normal 0 0 -1
    outer loop
      vertex -6.1789329457664754 11.510437365805403 -0.19999999999999996
      vertex -6.1532983776506045 11.5607480384937 -0.19999999999999996
      vertex -6.118690588226424 11.605364131778607 -0.19999999999999996
    endloop
  endfacet
  facet normal 0 0 -1
    outer loop
      vertex -6.1532983776506045 11.5607480384937 -0.19999999999999996
      vertex -6.142705098312485 11.576335575687743 -0.19999999999999996
      vertex -6.118690588226424 11.605364131778607 -0.19999999999999996
    endloop
  endfacet
  facet normal 0 0 -1
    outer loop
      vertex -6.199999997019768 11.4 -0.19999999999999996
      vertex -6.118690588226424 11.605364131778607 -0.19999999999999996
      vertex -5.900000094832527 11.699999997019768 -0.19999999999999996
    endloop
  endfacet
  facet normal 0 0 -1
    outer loop
      vertex -6.142705098312485 11.576335575687743 -0.19999999999999996
      vertex -6.131153972832737 11.591227196924608 -0.19999999999999996
      vertex -6.118690588226424 11.605364131778607 -0.19999999999999996
    endloop
  endfacet
  facet normal 0 0 -1
    outer loop
      vertex -6.118690588226424 11.605364131778607 -0.19999999999999996
      vertex -6.105364131778607 11.618690588226423 -0.19999999999999996
      vertex -6.076335575687742 11.642705098312485 -0.19999999999999996
    endloop
  endfacet
  facet normal 0 0 -1
    outer loop
      vertex -6.105364131778607 11.618690588226423 -0.19999999999999996
      vertex -6.091227196924607 11.631153972832736 -0.19999999999999996
      vertex -6.076335575687742 11.642705098312485 -0.19999999999999996
    endloop
  endfacet
  facet normal 0 0 -1
    outer loop
      vertex -6.118690588226424 11.605364131778607 -0.19999999999999996
      vertex -6.076335575687742 11.642705098312485 -0.19999999999999996
      vertex -6.027733787469522 11.671448115739807 -0.19999999999999996
    endloop
  endfacet
  facet normal 0 0 -1
    outer loop
      vertex -6.076335575687742 11.642705098312485 -0.19999999999999996
      vertex -6.060748038493699 11.653298377650605 -0.19999999999999996
      vertex -6.044526102230515 11.662892004013159 -0.19999999999999996
    endloop
  endfacet
  facet normal 0 0 -1
    outer loop
      vertex -6.076335575687742 11.642705098312485 -0.19999999999999996
      vertex -6.044526102230515 11.662892004013159 -0.19999999999999996
      vertex -6.027733787469522 11.671448115739807 -0.19999999999999996
    endloop
  endfacet
  facet normal 0 0 -1
    outer loop
      vertex -6.118690588226424 11.605364131778607 -0.19999999999999996
      vertex -6.027733787469522 11.671448115739807 -0.19999999999999996
      vertex -5.900000094832527 11.699999997019768 -0.19999999999999996
    endloop
  endfacet
  facet normal 0 0 -1
    outer loop
      vertex -6.027733787469522 11.671448115739807 -0.19999999999999996
      vertex -6.010437365805403 11.678932945766476 -0.19999999999999996
      vertex -5.992705098312484 11.685316954888547 -0.19999999999999996
    endloop
  endfacet
  facet normal 0 0 -1
    outer loop
      vertex -6.027733787469522 11.671448115739807 -0.19999999999999996
      vertex -5.992705098312484 11.685316954888547 -0.19999999999999996
      vertex -5.974606966149457 11.69057494833859 -0.19999999999999996
    endloop
  endfacet
  facet normal 0 0 -1
    outer loop
      vertex -6.027733787469522 11.671448115739807 -0.19999999999999996
      vertex -5.974606966149457 11.69057494833859 -0.19999999999999996
      vertex -5.900000094832527 11.699999997019768 -0.19999999999999996
    endloop
  endfacet
  facet normal 0 0 -1
    outer loop
      vertex -5.974606966149457 11.69057494833859 -0.19999999999999996
      vertex -5.956214394375718 11.694686175218607 -0.19999999999999996
      vertex -5.937599970069291 11.697634410394343 -0.19999999999999996
    endloop
  endfacet
  facet normal 0 0 -1
    outer loop
      vertex -5.974606966149457 11.69057494833859 -0.19999999999999996
      vertex -5.937599970069291 11.697634410394343 -0.19999999999999996
      vertex -5.900000094832527 11.699999997019768 -0.19999999999999996
    endloop
  endfacet
  facet normal 0 0 -1
    outer loop
      vertex -5.937599970069291 11.697634410394343 -0.19999999999999996
      vertex -5.918837155858794 11.699408018528482 -0.19999999999999996
      vertex -5.900000094832527 11.699999997019768 -0.19999999999999996
    endloop
  endfacet
  facet normal 0 1 0
    outer loop
      vertex -5.900000094832527 11.100000002980233 -0.19999999999999996
      vertex 5.900000094832527 11.100000002980233 -0.19999999999999996
      vertex -5.900000094832527 11.100000002980233 -1.7
    endloop
  endfacet
  facet normal 0 0 -1
    outer loop
      vertex -6.199999997019768 11.4 -0.19999999999999996
      vertex 5.900000094832527 11.100000002980233 -0.19999999999999996
      vertex -5.900000094832527 11.100000002980233 -0.19999999999999996
    endloop
  endfacet
  facet normal 0 0 -1
    outer loop
      vertex -6.199999997019768 11.4 -0.19999999999999996
      vertex -5.900000094832527 11.699999997019768 -0.19999999999999996
      vertex 5.900000094832527 11.699999997019768 -0.19999999999999996
    endloop
  endfacet
  facet normal 0 1 0
    outer loop
      vertex 5.900000094832527 11.100000002980233 -0.19999999999999996
      vertex 5.900000094832533 11.100000002980233 -1.6999999999994773
      vertex -5.900000094832527 11.100000002980233 -1.7
    endloop
  endfacet
  facet normal -0.995561964603076 0.09410831331855736 0
    outer loop
      vertex 6.199408018528482 11.381162844141206 -1.69
      vertex 6.199408018528482 11.381162844141206 -1.6999999999993827
      vertex 6.197634410394452 11.362400029931859 -1.6999999999993878
    endloop
  endfacet
  facet normal -0.9995065603657317 0.03141075907812524 0
    outer loop
      vertex 6.199408018528482 11.381162844141206 -1.69
      vertex 6.199999997019768 11.399999905167473 -1.6999999999993776
      vertex 6.199408018528482 11.381162844141206 -1.6999999999993827
    endloop
  endfacet
  facet normal -0.03141075907813412 0.9995065603657315 0
    outer loop
      vertex 5.918837155858794 11.100591981471519 -0.20999999999999996
      vertex 5.918837155858794 11.100591981471519 -1.699999999999476
      vertex 5.900000094832533 11.100000002980233 -1.6999999999994773
    endloop
  endfacet
  facet normal -0.09410831331860497 0.9955619646030716 0
    outer loop
      vertex 5.918837155858794 11.100591981471519 -0.20999999999999996
      vertex 5.937599970069297 11.10236558960566 -1.6999999999994742
      vertex 5.918837155858794 11.100591981471519 -1.699999999999476
    endloop
  endfacet
  facet normal -0.15643446504017755 0.9876883405951461 0
    outer loop
      vertex 5.956214394375718 11.105313824781394 -0.20999999999999996
      vertex 5.956214394375718 11.105313824781394 -1.6999999999994722
      vertex 5.937599970069297 11.10236558960566 -1.6999999999994742
    endloop
  endfacet
  facet normal -0.21814324139652824 0.9759167619387505 0
    outer loop
      vertex 5.956214394375718 11.105313824781394 -0.20999999999999996
      vertex 5.974606966149457 11.109425051661411 -1.69999999999947
      vertex 5.956214394375718 11.105313824781394 -1.6999999999994722
    endloop
  endfacet
  facet normal -0.27899110603919747 0.9602936856769523 0
    outer loop
      vertex 5.974606966149457 11.109425051661411 -0.19999999999999996
      vertex 5.9927050983124905 11.114683045111455 -1.6999999999994673
      vertex 5.974606966149457 11.109425051661411 -1.69999999999947
    endloop
  endfacet
  facet normal -0.3387379202453238 0.9408807689542139 0
    outer loop
      vertex 6.010437365805403 11.121067054233524 -0.20999999999999996
      vertex 6.010437365805403 11.121067054233524 -1.6999999999994644
      vertex 5.9927050983124905 11.114683045111455 -1.6999999999994673
    endloop
  endfacet
  facet normal -0.3971478906348079 0.9177546256839695 0
    outer loop
      vertex 6.010437365805403 11.121067054233524 -0.20999999999999996
      vertex 6.027733787469528 11.128551884260197 -1.6999999999994613
      vertex 6.010437365805403 11.121067054233524 -1.6999999999994644
    endloop
  endfacet
  facet normal -0.4539904997395756 0.8910065241883531 0
    outer loop
      vertex 6.044526102230515 11.137107995986842 -0.20999999999999996
      vertex 6.044526102230515 11.137107995986842 -1.699999999999458
      vertex 6.027733787469528 11.128551884260197 -1.6999999999994613
    endloop
  endfacet
  facet normal -0.5090414157503544 0.8607420270039535 0
    outer loop
      vertex 6.044526102230515 11.137107995986842 -0.20999999999999996
      vertex 6.0607480384937045 11.146701622349399 -1.6999999999994544
      vertex 6.044526102230515 11.137107995986842 -1.699999999999458
    endloop
  endfacet
  facet normal -0.6129070536530197 0.7901550123756569 0
    outer loop
      vertex 6.091227196924607 11.168846027167264 -0.20999999999999996
      vertex 6.091227196924607 11.168846027167264 -1.6999999999994464
      vertex 6.0763355756877475 11.15729490168752 -1.6999999999994504
    endloop
  endfacet
  facet normal -0.5620833778521434 0.8270805742745532 -3.800099199146162e-17
    outer loop
      vertex 6.076335575687742 11.157294901687516 -0.19999999999999996
      vertex 6.0763355756877475 11.15729490168752 -1.6999999999994504
      vertex 6.0607480384937045 11.146701622349399 -1.6999999999994544
    endloop
  endfacet
  facet normal -0.6613118653236835 0.7501110696304316 0
    outer loop
      vertex 6.091227196924607 11.168846027167264 -0.20999999999999996
      vertex 6.105364131778612 11.181309411773583 -1.6999999999994422
      vertex 6.091227196924607 11.168846027167264 -1.6999999999994464
    endloop
  endfacet
  facet normal -0.707106781186524 0.7071067811865711 4.186913223159838e-16
    outer loop
      vertex 6.118690588226424 11.194635868221393 -0.19999999999999996
      vertex 6.118690588226428 11.194635868221399 -1.6999999999994377
      vertex 6.105364131778612 11.181309411773583 -1.6999999999994422
    endloop
  endfacet
  facet normal -0.2789911060392257 -0.9602936856769441 0
    outer loop
      vertex 5.974606966149457 11.69057494833859 -0.19999999999999996
      vertex 5.974606966149457 11.69057494833859 -1.6999999999993143
      vertex 5.992705098312476 11.685316954888549 -1.6999999999993145
    endloop
  endfacet
  facet normal -0.03141075906918121 -0.9995065603660128 1.1259777430729758e-13
    outer loop
      vertex 5.900000094832527 11.699999997019768 -0.19999999999999996
      vertex 5.90000009482715 11.699999997019768 -1.6999999999993165
      vertex 5.918837155858785 11.699408018528482 -1.6999999999993154
    endloop
  endfacet
  facet normal -0.09410831331854244 -0.9955619646030773 5.572331533596362e-16
    outer loop
      vertex 5.918837155858794 11.699408018528482 -0.19999999999999996
      vertex 5.918837155858785 11.699408018528482 -1.6999999999993154
      vertex 5.937599970069282 11.697634410394343 -1.6999999999993147
    endloop
  endfacet
  facet normal -0.15643446504012656 -0.9876883405951543 9.262781063069172e-16
    outer loop
      vertex 5.937599970069291 11.697634410394343 -0.19999999999999996
      vertex 5.937599970069282 11.697634410394343 -1.6999999999993147
      vertex 5.956214394375709 11.694686175218608 -1.6999999999993143
    endloop
  endfacet
  facet normal -0.21814324139651767 -0.975916761938753 0
    outer loop
      vertex 5.974606966149457 11.69057494833859 -0.19999999999999996
      vertex 5.956214394375709 11.694686175218608 -1.6999999999993143
      vertex 5.974606966149457 11.69057494833859 -1.6999999999993143
    endloop
  endfacet
  facet normal -0.7501110696304895 0.661311865323618 1.286768284750783e-16
    outer loop
      vertex 6.131153972832737 11.208772803075394 -0.19999999999999996
      vertex 6.131153972832742 11.2087728030754 -1.699999999999433
      vertex 6.118690588226428 11.194635868221399 -1.6999999999994377
    endloop
  endfacet
  facet normal -0.7901550123756593 0.6129070536530166 -1.618454940201636e-16
    outer loop
      vertex 6.142705098312485 11.223664424312258 -0.19999999999999996
      vertex 6.142705098312489 11.223664424312263 -1.6999999999994284
      vertex 6.131153972832742 11.2087728030754 -1.699999999999433
    endloop
  endfacet
  facet normal -0.8270805742746102 0.5620833778520595 0
    outer loop
      vertex 6.1532983776506045 11.239251961506302 -0.19999999999999996
      vertex 6.1532983776506045 11.239251961506302 -1.6999999999994235
      vertex 6.142705098312489 11.223664424312263 -1.6999999999994284
    endloop
  endfacet
  facet normal -0.8607420270039574 0.5090414157503481 0
    outer loop
      vertex 6.1532983776506045 11.239251961506302 -0.19999999999999996
      vertex 6.1628920040131625 11.255473897769493 -1.6999999999994186
      vertex 6.1532983776506045 11.239251961506302 -1.6999999999994235
    endloop
  endfacet
  facet normal -0.8910065241883625 0.45399049973955724 0
    outer loop
      vertex 6.171448115739806 11.272266212530479 -0.19999999999999996
      vertex 6.171448115739806 11.272266212530479 -1.6999999999994135
      vertex 6.1628920040131625 11.255473897769493 -1.6999999999994186
    endloop
  endfacet
  facet normal -0.917754625683986 0.3971478906347694 0
    outer loop
      vertex 6.171448115739806 11.272266212530479 -0.19999999999999996
      vertex 6.1789329457664754 11.289562634194597 -1.6999999999994084
      vertex 6.171448115739806 11.272266212530479 -1.6999999999994135
    endloop
  endfacet
  facet normal -0.9408807689542217 0.33873792024530197 0
    outer loop
      vertex 6.1789329457664754 11.289562634194597 -0.19999999999999996
      vertex 6.185316954888546 11.307294901687516 -1.6999999999994033
      vertex 6.1789329457664754 11.289562634194597 -1.6999999999994084
    endloop
  endfacet
  facet normal -0.9602936856769393 0.27899110603924243 0
    outer loop
      vertex 6.185316954888546 11.307294901687516 -0.19999999999999996
      vertex 6.19057494833859 11.325393033850544 -1.699999999999398
      vertex 6.185316954888546 11.307294901687516 -1.6999999999994033
    endloop
  endfacet
  facet normal -0.9759167619387528 0.2181432413965182 0
    outer loop
      vertex 6.19057494833859 11.325393033850544 -0.19999999999999996
      vertex 6.194686175218607 11.343785605624284 -1.6999999999993929
      vertex 6.19057494833859 11.325393033850544 -1.699999999999398
    endloop
  endfacet
  facet normal -0.9759167619387528 -0.21814324139651817 0
    outer loop
      vertex 6.194686175218607 11.456214394375717 -0.19999999999999996
      vertex 6.19057494833859 11.474606966149457 -1.699999999999358
      vertex 6.194686175218607 11.456214394375717 -1.6999999999993627
    endloop
  endfacet
  facet normal -0.9602936856769307 -0.2789911060392718 0
    outer loop
      vertex 6.19057494833859 11.474606966149457 -0.19999999999999996
      vertex 6.185316954888544 11.492705098312491 -1.6999999999993536
      vertex 6.19057494833859 11.474606966149457 -1.699999999999358
    endloop
  endfacet
  facet normal -0.7901550123756946 -0.612907053652971 -9.611651028842984e-17
    outer loop
      vertex 6.131153972832737 11.591227196924608 -0.19999999999999996
      vertex 6.131153972832732 11.591227196924615 -1.6999999999993307
      vertex 6.142705098312479 11.57633557568775 -1.699999999999334
    endloop
  endfacet
  facet normal -0.8910065241883464 -0.45399049973958894 0
    outer loop
      vertex 6.171448115739806 11.527733787469522 -0.19999999999999996
      vertex 6.1628920040131545 11.544526102230522 -1.6999999999993411
      vertex 6.171448115739806 11.527733787469522 -1.6999999999993451
    endloop
  endfacet
  facet normal -0.9408807689542235 -0.33873792024529703 0
    outer loop
      vertex 6.1789329457664754 11.510437365805403 -0.19999999999999996
      vertex 6.1789329457664754 11.510437365805403 -1.6999999999993494
      vertex 6.185316954888544 11.492705098312491 -1.6999999999993536
    endloop
  endfacet
  facet normal -0.917754625683986 -0.39714789063476935 0
    outer loop
      vertex 6.1789329457664754 11.510437365805403 -0.19999999999999996
      vertex 6.171448115739806 11.527733787469522 -1.6999999999993451
      vertex 6.1789329457664754 11.510437365805403 -1.6999999999993494
    endloop
  endfacet
  facet normal -0.8607420270039684 -0.5090414157503294 0
    outer loop
      vertex 6.153298377650605 11.5607480384937 -0.19999999999999996
      vertex 6.153298377650605 11.5607480384937 -1.6999999999993374
      vertex 6.1628920040131545 11.544526102230522 -1.6999999999993411
    endloop
  endfacet
  facet normal -0.8270805742745557 -0.5620833778521396 0
    outer loop
      vertex 6.153298377650605 11.5607480384937 -0.19999999999999996
      vertex 6.142705098312479 11.57633557568775 -1.699999999999334
      vertex 6.153298377650605 11.5607480384937 -1.6999999999993374
    endloop
  endfacet
  facet normal -0.9876883405957425 0.1564344650364123 0
    outer loop
      vertex 6.194686175218607 11.343785605624284 -0.19999999999999996
      vertex 6.197634410394452 11.362400029931859 -1.6999999999993878
      vertex 6.194686175218607 11.343785605624284 -1.6999999999993929
    endloop
  endfacet
  facet normal -0.995561964603076 0.09410831331855725 1.881650698748719e-16
    outer loop
      vertex 6.199408018528482 11.381162844141206 -1.69
      vertex 6.197634410394452 11.362400029931859 -1.6999999999993878
      vertex 6.197634410394343 11.36240002993071 -0.19999999999999996
    endloop
  endfacet
  facet normal -0.9995065702948374 -0.0314104431272662 0
    outer loop
      vertex 6.199999997019768 11.399999905167473 -0.19999999999999996
      vertex 6.199408018528482 11.418837155858794 -1.6999999999993725
      vertex 6.199999997019768 11.399999905167473 -1.6999999999993776
    endloop
  endfacet
  facet normal -0.9995065603657316 0.03141075907812524 0
    outer loop
      vertex 6.199408018528482 11.381162844141206 -1.69
      vertex 6.199999997019768 11.399999905167473 -0.19999999999999996
      vertex 6.199999997019768 11.399999905167473 -1.6999999999993776
    endloop
  endfacet
  facet normal -0.9955619646030763 -0.09410831331855385 0
    outer loop
      vertex 6.199408018528482 11.418837155858794 -0.19999999999999996
      vertex 6.197634410394342 11.437599970069298 -1.6999999999993676
      vertex 6.199408018528482 11.418837155858794 -1.6999999999993725
    endloop
  endfacet
  facet normal -0.9876883405951365 -0.15643446504023806 0
    outer loop
      vertex 6.194686175218607 11.456214394375717 -0.19999999999999996
      vertex 6.194686175218607 11.456214394375717 -1.6999999999993627
      vertex 6.197634410394342 11.437599970069298 -1.6999999999993676
    endloop
  endfacet
  facet normal -0.33873792024523525 -0.9408807689542457 0
    outer loop
      vertex 6.010437365805404 11.678932945766476 -0.19999999999999996
      vertex 5.992705098312476 11.685316954888549 -1.6999999999993145
      vertex 6.010437365805404 11.678932945766476 -1.699999999999315
    endloop
  endfacet
  facet normal -0.39714789063478656 -0.9177546256839786 0
    outer loop
      vertex 6.027733787469522 11.671448115739807 -0.19999999999999996
      vertex 6.010437365805404 11.678932945766476 -1.699999999999315
      vertex 6.027733787469522 11.671448115739807 -1.6999999999993158
    endloop
  endfacet
  facet normal -0.4539904997396137 -0.8910065241883337 0
    outer loop
      vertex 6.027733787469522 11.671448115739807 -0.19999999999999996
      vertex 6.027733787469522 11.671448115739807 -1.6999999999993158
      vertex 6.044526102230507 11.662892004013163 -1.6999999999993172
    endloop
  endfacet
  facet normal -0.6129070536530065 -0.7901550123756672 0
    outer loop
      vertex 6.076335575687742 11.642705098312485 -0.19999999999999996
      vertex 6.076335575687742 11.642705098312485 -1.6999999999993205
      vertex 6.0912271969246 11.631153972832742 -1.6999999999993225
    endloop
  endfacet
  facet normal -0.5090414157502925 -0.8607420270039902 0
    outer loop
      vertex 6.060748038493699 11.653298377650605 -0.19999999999999996
      vertex 6.044526102230507 11.662892004013163 -1.6999999999993172
      vertex 6.060748038493699 11.653298377650605 -1.6999999999993187
    endloop
  endfacet
  facet normal -0.5620833778521434 -0.8270805742745532 0
    outer loop
      vertex 6.076335575687742 11.642705098312485 -0.19999999999999996
      vertex 6.060748038493699 11.653298377650605 -1.6999999999993187
      vertex 6.076335575687742 11.642705098312485 -1.6999999999993205
    endloop
  endfacet
  facet normal -0.7071067811865004 -0.7071067811865946 0
    outer loop
      vertex 6.118690588226424 11.605364131778607 -0.19999999999999996
      vertex 6.1053641317786065 11.618690588226423 -1.699999999999325
      vertex 6.118690588226424 11.605364131778607 -1.6999999999993276
    endloop
  endfacet
  facet normal -0.6613118653236367 -0.7501110696304729 0
    outer loop
      vertex 6.1053641317786065 11.618690588226423 -0.19999999999999996
      vertex 6.0912271969246 11.631153972832742 -1.6999999999993225
      vertex 6.1053641317786065 11.618690588226423 -1.699999999999325
    endloop
  endfacet
  facet normal -0.7501110696304236 -0.6613118653236927 0
    outer loop
      vertex 6.118690588226424 11.605364131778607 -0.19999999999999996
      vertex 6.118690588226424 11.605364131778607 -1.6999999999993276
      vertex 6.131153972832732 11.591227196924615 -1.6999999999993307
    endloop
  endfacet
  facet normal 0 -1 0
    outer loop
      vertex -5.900000094832527 11.699999997019768 -0.19999999999999996
      vertex 5.90000009482715 11.699999997019768 -1.6999999999993165
      vertex 5.900000094832527 11.699999997019768 -0.19999999999999996
    endloop
  endfacet
  facet normal 0 0 -1
    outer loop
      vertex -6.199999997019768 11.4 -0.19999999999999996
      vertex 5.900000094832527 11.699999997019768 -0.19999999999999996
      vertex 5.900000094832527 11.100000002980233 -0.19999999999999996
    endloop
  endfacet
  facet normal -0.09410831331854246 0.9955619646030773 7.9414941852753965e-16
    outer loop
      vertex 5.918837155858794 11.100591981471519 -0.20999999999999996
      vertex 5.937599970069291 11.102365589605657 -0.20999999999999996
      vertex 5.937599970069297 11.10236558960566 -1.6999999999994742
    endloop
  endfacet
  facet normal -0.15643446504021852 0.9876883405951397 5.247616962348631e-16
    outer loop
      vertex 5.937599970069291 11.102365589605657 -0.20999999999999996
      vertex 5.956214394375718 11.105313824781394 -0.20999999999999996
      vertex 5.937599970069297 11.10236558960566 -1.6999999999994742
    endloop
  endfacet
  facet normal -0.03141075907812383 0.9995065603657317 -1.3015814944531915e-16
    outer loop
      vertex 5.918837155858794 11.100591981471519 -0.20999999999999996
      vertex 5.900000094832533 11.100000002980233 -1.6999999999994773
      vertex 5.900000094832527 11.100000002980233 -0.19999999999999996
    endloop
  endfacet
  facet normal -0.21814324139652827 0.9759167619387507 0
    outer loop
      vertex 5.956214394375718 11.105313824781394 -0.20999999999999996
      vertex 5.956214394375718 11.105313824781394 -0.19999999999999996
      vertex 5.974606966149457 11.109425051661411 -1.69999999999947
    endloop
  endfacet
  facet normal -0.21814324139652824 0.9759167619387507 0
    outer loop
      vertex 5.956214394375718 11.105313824781394 -0.19999999999999996
      vertex 5.974606966149457 11.109425051661411 -0.19999999999999996
      vertex 5.974606966149457 11.109425051661411 -1.69999999999947
    endloop
  endfacet
  facet normal -0.27899110603919897 0.9602936856769518 -1.917605807525268e-17
    outer loop
      vertex 5.974606966149457 11.109425051661411 -0.19999999999999996
      vertex 5.992705098312484 11.114683045111454 -0.19999999999999996
      vertex 5.9927050983124905 11.114683045111455 -1.6999999999994673
    endloop
  endfacet
  facet normal -0.3387379202453237 0.9408807689542138 0
    outer loop
      vertex 6.010437365805403 11.121067054233524 -0.20999999999999996
      vertex 5.9927050983124905 11.114683045111455 -1.6999999999994673
      vertex 6.010437365805403 11.121067054233524 -0.19999999999999996
    endloop
  endfacet
  facet normal -0.39714789063480793 0.9177546256839694 0
    outer loop
      vertex 6.010437365805403 11.121067054233524 -0.20999999999999996
      vertex 6.010437365805403 11.121067054233524 -0.19999999999999996
      vertex 6.027733787469528 11.128551884260197 -1.6999999999994613
    endloop
  endfacet
  facet normal -0.338737920245302 0.9408807689542217 -2.8978532392000783e-16
    outer loop
      vertex 5.992705098312484 11.114683045111454 -0.19999999999999996
      vertex 6.010437365805403 11.121067054233524 -0.19999999999999996
      vertex 5.9927050983124905 11.114683045111455 -1.6999999999994673
    endloop
  endfacet
  facet normal -0.4539904997395756 0.8910065241883532 0
    outer loop
      vertex 6.044526102230515 11.137107995986842 -0.20999999999999996
      vertex 6.027733787469528 11.128551884260197 -1.6999999999994613
      vertex 6.044526102230515 11.137107995986842 -0.19999999999999996
    endloop
  endfacet
  facet normal -0.39714789063476935 0.9177546256839859 5.273415970694269e-16
    outer loop
      vertex 6.010437365805403 11.121067054233524 -0.19999999999999996
      vertex 6.027733787469522 11.128551884260194 -0.19999999999999996
      vertex 6.027733787469528 11.128551884260197 -1.6999999999994613
    endloop
  endfacet
  facet normal -0.4539904997395918 0.891006524188345 2.2861274270765346e-16
    outer loop
      vertex 6.027733787469522 11.128551884260194 -0.19999999999999996
      vertex 6.044526102230515 11.137107995986842 -0.19999999999999996
      vertex 6.027733787469528 11.128551884260197 -1.6999999999994613
    endloop
  endfacet
  facet normal -0.5090414157503544 0.8607420270039535 0
    outer loop
      vertex 6.044526102230515 11.137107995986842 -0.20999999999999996
      vertex 6.044526102230515 11.137107995986842 -0.19999999999999996
      vertex 6.0607480384937045 11.146701622349399 -1.6999999999994544
    endloop
  endfacet
  facet normal -0.5090414157503387 0.8607420270039629 2.301126969030355e-16
    outer loop
      vertex 6.044526102230515 11.137107995986842 -0.19999999999999996
      vertex 6.060748038493699 11.146701622349395 -0.19999999999999996
      vertex 6.0607480384937045 11.146701622349399 -1.6999999999994544
    endloop
  endfacet
  facet normal -0.5620833778521434 0.8270805742745533 -3.800099199146152e-17
    outer loop
      vertex 6.060748038493699 11.146701622349395 -0.19999999999999996
      vertex 6.076335575687742 11.157294901687516 -0.19999999999999996
      vertex 6.0607480384937045 11.146701622349399 -1.6999999999994544
    endloop
  endfacet
  facet normal -0.6129070536530005 0.7901550123756719 -3.068169292040282e-16
    outer loop
      vertex 6.091227196924607 11.168846027167264 -0.20999999999999996
      vertex 6.0763355756877475 11.15729490168752 -1.6999999999994504
      vertex 6.076335575687742 11.157294901687516 -0.19999999999999996
    endloop
  endfacet
  facet normal -0.6613118653236647 0.7501110696304483 3.1756324362876567e-16
    outer loop
      vertex 6.091227196924607 11.168846027167264 -0.20999999999999996
      vertex 6.1053641317786065 11.181309411773578 -0.20999999999999996
      vertex 6.105364131778612 11.181309411773583 -1.6999999999994422
    endloop
  endfacet
  facet normal -0.7071067811865004 0.7071067811865946 3.3710541526548395e-28
    outer loop
      vertex 6.1053641317786065 11.181309411773578 -0.20999999999999996
      vertex 6.118690588226424 11.194635868221393 -0.19999999999999996
      vertex 6.105364131778612 11.181309411773583 -1.6999999999994422
    endloop
  endfacet
  facet normal -0.27899110603919897 -0.9602936856769518 3.494836584215157e-16
    outer loop
      vertex 5.974606966149457 11.69057494833859 -0.19999999999999996
      vertex 5.992705098312476 11.685316954888549 -1.6999999999993145
      vertex 5.992705098312484 11.685316954888547 -0.19999999999999996
    endloop
  endfacet
  facet normal -0.03141075907812376 -0.9995065603657316 1.8594877427664274e-16
    outer loop
      vertex 5.900000094832527 11.699999997019768 -0.19999999999999996
      vertex 5.918837155858785 11.699408018528482 -1.6999999999993154
      vertex 5.918837155858794 11.699408018528482 -0.19999999999999996
    endloop
  endfacet
  facet normal -0.09410831331854247 -0.9955619646030773 5.573041878120765e-16
    outer loop
      vertex 5.918837155858794 11.699408018528482 -0.19999999999999996
      vertex 5.937599970069282 11.697634410394343 -1.6999999999993147
      vertex 5.937599970069291 11.697634410394343 -0.19999999999999996
    endloop
  endfacet
  facet normal -0.1564344650402185 -0.9876883405951397 -2.435359375557175e-16
    outer loop
      vertex 5.937599970069291 11.697634410394343 -0.19999999999999996
      vertex 5.956214394375709 11.694686175218608 -1.6999999999993143
      vertex 5.956214394375718 11.694686175218607 -0.19999999999999996
    endloop
  endfacet
  facet normal -0.21814324139652824 -0.9759167619387505 1.359498529087743e-16
    outer loop
      vertex 5.956214394375718 11.694686175218607 -0.19999999999999996
      vertex 5.956214394375709 11.694686175218608 -1.6999999999993143
      vertex 5.974606966149457 11.69057494833859 -0.19999999999999996
    endloop
  endfacet
  facet normal -0.7501110696304895 0.6613118653236179 1.2867682847507791e-16
    outer loop
      vertex 6.118690588226424 11.194635868221393 -0.19999999999999996
      vertex 6.131153972832737 11.208772803075394 -0.19999999999999996
      vertex 6.118690588226428 11.194635868221399 -1.6999999999994377
    endloop
  endfacet
  facet normal -0.7901550123756592 0.6129070536530166 -1.6184549402016307e-16
    outer loop
      vertex 6.131153972832737 11.208772803075394 -0.19999999999999996
      vertex 6.142705098312485 11.223664424312258 -0.19999999999999996
      vertex 6.131153972832742 11.2087728030754 -1.699999999999433
    endloop
  endfacet
  facet normal -0.8270805742745899 0.5620833778520892 -4.517290862915889e-16
    outer loop
      vertex 6.142705098312485 11.223664424312258 -0.19999999999999996
      vertex 6.1532983776506045 11.239251961506302 -0.19999999999999996
      vertex 6.142705098312489 11.223664424312263 -1.6999999999994284
    endloop
  endfacet
  facet normal -0.8607420270039423 0.5090414157503736 3.7201552665990736e-16
    outer loop
      vertex 6.1532983776506045 11.239251961506302 -0.19999999999999996
      vertex 6.162892004013159 11.255473897769486 -0.19999999999999996
      vertex 6.1628920040131625 11.255473897769493 -1.6999999999994186
    endloop
  endfacet
  facet normal -0.891006524188364 0.4539904997395544 4.020363370394235e-17
    outer loop
      vertex 6.162892004013159 11.255473897769486 -0.19999999999999996
      vertex 6.171448115739806 11.272266212530479 -0.19999999999999996
      vertex 6.1628920040131625 11.255473897769493 -1.6999999999994186
    endloop
  endfacet
  facet normal -0.917754625683986 0.39714789063476935 0
    outer loop
      vertex 6.171448115739806 11.272266212530479 -0.19999999999999996
      vertex 6.1789329457664754 11.289562634194597 -0.19999999999999996
      vertex 6.1789329457664754 11.289562634194597 -1.6999999999994084
    endloop
  endfacet
  facet normal -0.9408807689542217 0.33873792024530197 0
    outer loop
      vertex 6.1789329457664754 11.289562634194597 -0.19999999999999996
      vertex 6.185316954888546 11.307294901687516 -0.19999999999999996
      vertex 6.185316954888546 11.307294901687516 -1.6999999999994033
    endloop
  endfacet
  facet normal -0.9602936856769393 0.2789911060392424 0
    outer loop
      vertex 6.185316954888546 11.307294901687516 -0.19999999999999996
      vertex 6.19057494833859 11.325393033850544 -0.19999999999999996
      vertex 6.19057494833859 11.325393033850544 -1.699999999999398
    endloop
  endfacet
  facet normal -0.9759167619387528 0.2181432413965182 0
    outer loop
      vertex 6.19057494833859 11.325393033850544 -0.19999999999999996
      vertex 6.194686175218607 11.343785605624284 -0.19999999999999996
      vertex 6.194686175218607 11.343785605624284 -1.6999999999993929
    endloop
  endfacet
  facet normal -0.9602936856769392 -0.27899110603924243 3.84000562956959e-16
    outer loop
      vertex 6.19057494833859 11.474606966149457 -0.19999999999999996
      vertex 6.185316954888546 11.492705098312484 -0.19999999999999996
      vertex 6.185316954888544 11.492705098312491 -1.6999999999993536
    endloop
  endfacet
  facet normal -0.9759167619387529 -0.2181432413965182 0
    outer loop
      vertex 6.194686175218607 11.456214394375717 -0.19999999999999996
      vertex 6.19057494833859 11.474606966149457 -0.19999999999999996
      vertex 6.19057494833859 11.474606966149457 -1.699999999999358
    endloop
  endfacet
  facet normal -0.7901550123756946 -0.6129070536529709 -9.588029037626878e-17
    outer loop
      vertex 6.131153972832737 11.591227196924608 -0.19999999999999996
      vertex 6.142705098312479 11.57633557568775 -1.699999999999334
      vertex 6.142705098312485 11.576335575687743 -0.19999999999999996
    endloop
  endfacet
  facet normal -0.891006524188364 -0.4539904997395544 4.873782106937024e-16
    outer loop
      vertex 6.162892004013159 11.544526102230515 -0.19999999999999996
      vertex 6.1628920040131545 11.544526102230522 -1.6999999999993411
      vertex 6.171448115739806 11.527733787469522 -0.19999999999999996
    endloop
  endfacet
  facet normal -0.9408807689542217 -0.338737920245302 6.675486528013709e-17
    outer loop
      vertex 6.185316954888546 11.492705098312484 -0.19999999999999996
      vertex 6.1789329457664754 11.510437365805403 -0.19999999999999996
      vertex 6.185316954888544 11.492705098312491 -1.6999999999993536
    endloop
  endfacet
  facet normal -0.917754625683986 -0.39714789063476935 0
    outer loop
      vertex 6.1789329457664754 11.510437365805403 -0.19999999999999996
      vertex 6.171448115739806 11.527733787469522 -0.19999999999999996
      vertex 6.171448115739806 11.527733787469522 -1.6999999999993451
    endloop
  endfacet
  facet normal -0.860742027003963 -0.5090414157503388 1.3700377662999964e-16
    outer loop
      vertex 6.162892004013159 11.544526102230515 -0.19999999999999996
      vertex 6.153298377650605 11.5607480384937 -0.19999999999999996
      vertex 6.1628920040131545 11.544526102230522 -1.6999999999993411
    endloop
  endfacet
  facet normal -0.827080574274568 -0.5620833778521215 2.751764333798761e-16
    outer loop
      vertex 6.153298377650605 11.5607480384937 -0.19999999999999996
      vertex 6.142705098312485 11.576335575687743 -0.19999999999999996
      vertex 6.142705098312479 11.57633557568775 -1.699999999999334
    endloop
  endfacet
  facet normal -0.9876883405951384 0.15643446504022576 4.851111231732391e-14
    outer loop
      vertex 6.194686175218607 11.343785605624284 -0.19999999999999996
      vertex 6.197634410394343 11.36240002993071 -0.19999999999999996
      vertex 6.197634410394452 11.362400029931859 -1.6999999999993878
    endloop
  endfacet
  facet normal -0.9955619646030772 0.09410831331854244 0
    outer loop
      vertex 6.199408018528482 11.381162844141206 -1.69
      vertex 6.197634410394343 11.36240002993071 -0.19999999999999996
      vertex 6.199408018528482 11.381162844141206 -0.19999999999999996
    endloop
  endfacet
  facet normal -0.9995065603657316 0.03141075907812524 0
    outer loop
      vertex 6.199408018528482 11.381162844141206 -1.69
      vertex 6.199408018528482 11.381162844141206 -0.19999999999999996
      vertex 6.199999997019768 11.399999905167473 -0.19999999999999996
    endloop
  endfacet
  facet normal -0.9995065702948374 -0.0314104431272662 0
    outer loop
      vertex 6.199999997019768 11.399999905167473 -0.19999999999999996
      vertex 6.199408018528482 11.418837155858794 -0.19999999999999996
      vertex 6.199408018528482 11.418837155858794 -1.6999999999993725
    endloop
  endfacet
  facet normal -0.9955619646030773 -0.09410831331854246 1.4382043556440174e-16
    outer loop
      vertex 6.199408018528482 11.418837155858794 -0.19999999999999996
      vertex 6.197634410394343 11.437599970069291 -0.19999999999999996
      vertex 6.197634410394342 11.437599970069298 -1.6999999999993676
    endloop
  endfacet
  facet normal -0.9876883405951384 -0.15643446504022576 -1.5619350537504495e-16
    outer loop
      vertex 6.197634410394343 11.437599970069291 -0.19999999999999996
      vertex 6.194686175218607 11.456214394375717 -0.19999999999999996
      vertex 6.197634410394342 11.437599970069298 -1.6999999999993676
    endloop
  endfacet
  facet normal -0.338737920245287 -0.9408807689542271 6.909316048481067e-16
    outer loop
      vertex 5.992705098312484 11.685316954888547 -0.19999999999999996
      vertex 5.992705098312476 11.685316954888549 -1.6999999999993145
      vertex 6.010437365805404 11.678932945766476 -0.19999999999999996
    endloop
  endfacet
  facet normal -0.3971478906347865 -0.9177546256839786 0
    outer loop
      vertex 6.010437365805404 11.678932945766476 -0.19999999999999996
      vertex 6.010437365805404 11.678932945766476 -1.699999999999315
      vertex 6.027733787469522 11.671448115739807 -0.19999999999999996
    endloop
  endfacet
  facet normal -0.4539904997395918 -0.8910065241883449 3.090200101160103e-16
    outer loop
      vertex 6.044526102230515 11.662892004013159 -0.19999999999999996
      vertex 6.027733787469522 11.671448115739807 -0.19999999999999996
      vertex 6.044526102230507 11.662892004013163 -1.6999999999993172
    endloop
  endfacet
  facet normal -0.6129070536530004 -0.7901550123756719 9.683909328002942e-17
    outer loop
      vertex 6.076335575687742 11.642705098312485 -0.19999999999999996
      vertex 6.0912271969246 11.631153972832742 -1.6999999999993225
      vertex 6.091227196924607 11.631153972832736 -0.19999999999999996
    endloop
  endfacet
  facet normal -0.5090414157503387 -0.860742027003963 6.740384413452031e-16
    outer loop
      vertex 6.060748038493699 11.653298377650605 -0.19999999999999996
      vertex 6.044526102230515 11.662892004013159 -0.19999999999999996
      vertex 6.044526102230507 11.662892004013163 -1.6999999999993172
    endloop
  endfacet
  facet normal -0.5620833778521434 -0.8270805742745532 0
    outer loop
      vertex 6.060748038493699 11.653298377650605 -0.19999999999999996
      vertex 6.060748038493699 11.653298377650605 -1.6999999999993187
      vertex 6.076335575687742 11.642705098312485 -0.19999999999999996
    endloop
  endfacet
  facet normal -0.7071067811865004 -0.7071067811865946 0
    outer loop
      vertex 6.118690588226424 11.605364131778607 -0.19999999999999996
      vertex 6.1053641317786065 11.618690588226423 -0.19999999999999996
      vertex 6.1053641317786065 11.618690588226423 -1.699999999999325
    endloop
  endfacet
  facet normal -0.6613118653236647 -0.7501110696304483 4.676724221557204e-16
    outer loop
      vertex 6.091227196924607 11.631153972832736 -0.19999999999999996
      vertex 6.0912271969246 11.631153972832742 -1.6999999999993225
      vertex 6.1053641317786065 11.618690588226423 -0.19999999999999996
    endloop
  endfacet
  facet normal -0.7501110696304482 -0.6613118653236647 -4.669370141324373e-16
    outer loop
      vertex 6.118690588226424 11.605364131778607 -0.19999999999999996
      vertex 6.131153972832732 11.591227196924615 -1.6999999999993307
      vertex 6.131153972832737 11.591227196924608 -0.19999999999999996
    endloop
  endfacet
  facet normal -0.09410831331854246 0.9955619646030772 0
    outer loop
      vertex 5.918837155858794 11.100591981471519 -0.20999999999999996
      vertex 5.937599970069291 11.102365589605657 -0.19999999999999996
      vertex 5.937599970069291 11.102365589605657 -0.20999999999999996
    endloop
  endfacet
  facet normal -0.03141075907812376 0.9995065603657317 0
    outer loop
      vertex 5.918837155858794 11.100591981471519 -0.20999999999999996
      vertex 5.900000094832527 11.100000002980233 -0.19999999999999996
      vertex 5.918837155858794 11.100591981471519 -0.19999999999999996
    endloop
  endfacet
  facet normal 0 0 -1
    outer loop
      vertex 5.900000094832527 11.100000002980233 -0.19999999999999996
      vertex 5.937599970069291 11.102365589605657 -0.19999999999999996
      vertex 5.918837155858794 11.100591981471519 -0.19999999999999996
    endloop
  endfacet
  facet normal -0.09410831331854246 0.9955619646030772 0
    outer loop
      vertex 5.918837155858794 11.100591981471519 -0.20999999999999996
      vertex 5.918837155858794 11.100591981471519 -0.19999999999999996
      vertex 5.937599970069291 11.102365589605657 -0.19999999999999996
    endloop
  endfacet
  facet normal -0.15643446504021852 0.9876883405951397 0
    outer loop
      vertex 5.937599970069291 11.102365589605657 -0.20999999999999996
      vertex 5.937599970069291 11.102365589605657 -0.19999999999999996
      vertex 5.956214394375718 11.105313824781394 -0.19999999999999996
    endloop
  endfacet
  facet normal 0 0 -1
    outer loop
      vertex 5.900000094832527 11.100000002980233 -0.19999999999999996
      vertex 5.956214394375718 11.105313824781394 -0.19999999999999996
      vertex 5.937599970069291 11.102365589605657 -0.19999999999999996
    endloop
  endfacet
  facet normal -0.15643446504021852 0.9876883405951397 0
    outer loop
      vertex 5.937599970069291 11.102365589605657 -0.20999999999999996
      vertex 5.956214394375718 11.105313824781394 -0.19999999999999996
      vertex 5.956214394375718 11.105313824781394 -0.20999999999999996
    endloop
  endfacet
  facet normal 0 0 -1
    outer loop
      vertex 5.900000094832527 11.100000002980233 -0.19999999999999996
      vertex 6.010437365805403 11.121067054233524 -0.19999999999999996
      vertex 5.956214394375718 11.105313824781394 -0.19999999999999996
    endloop
  endfacet
  facet normal 0 0 -1
    outer loop
      vertex 5.956214394375718 11.105313824781394 -0.19999999999999996
      vertex 6.010437365805403 11.121067054233524 -0.19999999999999996
      vertex 5.974606966149457 11.109425051661411 -0.19999999999999996
    endloop
  endfacet
  facet normal 0 0 -1
    outer loop
      vertex 5.974606966149457 11.109425051661411 -0.19999999999999996
      vertex 6.010437365805403 11.121067054233524 -0.19999999999999996
      vertex 5.992705098312484 11.114683045111454 -0.19999999999999996
    endloop
  endfacet
  facet normal 0 0 -1
    outer loop
      vertex 5.900000094832527 11.100000002980233 -0.19999999999999996
      vertex 6.1053641317786065 11.181309411773578 -0.19999999999999996
      vertex 6.010437365805403 11.121067054233524 -0.19999999999999996
    endloop
  endfacet
  facet normal 0 0 -1
    outer loop
      vertex 6.010437365805403 11.121067054233524 -0.19999999999999996
      vertex 6.044526102230515 11.137107995986842 -0.19999999999999996
      vertex 6.027733787469522 11.128551884260194 -0.19999999999999996
    endloop
  endfacet
  facet normal 0 0 -1
    outer loop
      vertex 6.010437365805403 11.121067054233524 -0.19999999999999996
      vertex 6.1053641317786065 11.181309411773578 -0.19999999999999996
      vertex 6.044526102230515 11.137107995986842 -0.19999999999999996
    endloop
  endfacet
  facet normal 0 0 -1
    outer loop
      vertex 6.044526102230515 11.137107995986842 -0.19999999999999996
      vertex 6.076335575687742 11.157294901687516 -0.19999999999999996
      vertex 6.060748038493699 11.146701622349395 -0.19999999999999996
    endloop
  endfacet
  facet normal -0.6129070536530004 0.7901550123756719 0
    outer loop
      vertex 6.091227196924607 11.168846027167264 -0.20999999999999996
      vertex 6.076335575687742 11.157294901687516 -0.19999999999999996
      vertex 6.091227196924607 11.168846027167264 -0.19999999999999996
    endloop
  endfacet
  facet normal 0 0 -1
    outer loop
      vertex 6.044526102230515 11.137107995986842 -0.19999999999999996
      vertex 6.1053641317786065 11.181309411773578 -0.19999999999999996
      vertex 6.076335575687742 11.157294901687516 -0.19999999999999996
    endloop
  endfacet
  facet normal 0 0 -1
    outer loop
      vertex 6.076335575687742 11.157294901687516 -0.19999999999999996
      vertex 6.1053641317786065 11.181309411773578 -0.19999999999999996
      vertex 6.091227196924607 11.168846027167264 -0.19999999999999996
    endloop
  endfacet
  facet normal -0.6613118653236647 0.7501110696304482 0
    outer loop
      vertex 6.091227196924607 11.168846027167264 -0.20999999999999996
      vertex 6.1053641317786065 11.181309411773578 -0.19999999999999996
      vertex 6.1053641317786065 11.181309411773578 -0.20999999999999996
    endloop
  endfacet
  facet normal -0.6613118653236647 0.7501110696304482 0
    outer loop
      vertex 6.091227196924607 11.168846027167264 -0.20999999999999996
      vertex 6.091227196924607 11.168846027167264 -0.19999999999999996
      vertex 6.1053641317786065 11.181309411773578 -0.19999999999999996
    endloop
  endfacet
  facet normal -0.7071067811865003 0.7071067811865946 0
    outer loop
      vertex 6.1053641317786065 11.181309411773578 -0.20999999999999996
      vertex 6.1053641317786065 11.181309411773578 -0.19999999999999996
      vertex 6.118690588226424 11.194635868221393 -0.19999999999999996
    endloop
  endfacet
  facet normal 0 0 -1
    outer loop
      vertex 5.900000094832527 11.699999997019768 -0.19999999999999996
      vertex 5.974606966149457 11.69057494833859 -0.19999999999999996
      vertex 6.027733787469522 11.671448115739807 -0.19999999999999996
    endloop
  endfacet
  facet normal 0 0 -1
    outer loop
      vertex 5.974606966149457 11.69057494833859 -0.19999999999999996
      vertex 5.992705098312484 11.685316954888547 -0.19999999999999996
      vertex 6.010437365805404 11.678932945766476 -0.19999999999999996
    endloop
  endfacet
  facet normal 0 0 -1
    outer loop
      vertex 5.900000094832527 11.699999997019768 -0.19999999999999996
      vertex 5.918837155858794 11.699408018528482 -0.19999999999999996
      vertex 5.937599970069291 11.697634410394343 -0.19999999999999996
    endloop
  endfacet
  facet normal 0 0 -1
    outer loop
      vertex 5.900000094832527 11.699999997019768 -0.19999999999999996
      vertex 5.937599970069291 11.697634410394343 -0.19999999999999996
      vertex 5.974606966149457 11.69057494833859 -0.19999999999999996
    endloop
  endfacet
  facet normal 0 0 -1
    outer loop
      vertex 5.937599970069291 11.697634410394343 -0.19999999999999996
      vertex 5.956214394375718 11.694686175218607 -0.19999999999999996
      vertex 5.974606966149457 11.69057494833859 -0.19999999999999996
    endloop
  endfacet
  facet normal 0 0 -1
    outer loop
      vertex 5.900000094832527 11.100000002980233 -0.19999999999999996
      vertex 6.199999997019768 11.399999905167473 -0.19999999999999996
      vertex 6.1053641317786065 11.181309411773578 -0.19999999999999996
    endloop
  endfacet
  facet normal 0 0 -1
    outer loop
      vertex 6.1053641317786065 11.181309411773578 -0.19999999999999996
      vertex 6.131153972832737 11.208772803075394 -0.19999999999999996
      vertex 6.118690588226424 11.194635868221393 -0.19999999999999996
    endloop
  endfacet
  facet normal 0 0 -1
    outer loop
      vertex 6.1053641317786065 11.181309411773578 -0.19999999999999996
      vertex 6.142705098312485 11.223664424312258 -0.19999999999999996
      vertex 6.131153972832737 11.208772803075394 -0.19999999999999996
    endloop
  endfacet
  facet normal 0 0 -1
    outer loop
      vertex 6.1053641317786065 11.181309411773578 -0.19999999999999996
      vertex 6.171448115739806 11.272266212530479 -0.19999999999999996
      vertex 6.142705098312485 11.223664424312258 -0.19999999999999996
    endloop
  endfacet
  facet normal 0 0 -1
    outer loop
      vertex 6.142705098312485 11.223664424312258 -0.19999999999999996
      vertex 6.171448115739806 11.272266212530479 -0.19999999999999996
      vertex 6.1532983776506045 11.239251961506302 -0.19999999999999996
    endloop
  endfacet
  facet normal 0 0 -1
    outer loop
      vertex 6.1532983776506045 11.239251961506302 -0.19999999999999996
      vertex 6.171448115739806 11.272266212530479 -0.19999999999999996
      vertex 6.162892004013159 11.255473897769486 -0.19999999999999996
    endloop
  endfacet
  facet normal 0 0 -1
    outer loop
      vertex 6.1053641317786065 11.181309411773578 -0.19999999999999996
      vertex 6.199999997019768 11.399999905167473 -0.19999999999999996
      vertex 6.171448115739806 11.272266212530479 -0.19999999999999996
    endloop
  endfacet
  facet normal 0 0 -1
    outer loop
      vertex 6.171448115739806 11.272266212530479 -0.19999999999999996
      vertex 6.185316954888546 11.307294901687516 -0.19999999999999996
      vertex 6.1789329457664754 11.289562634194597 -0.19999999999999996
    endloop
  endfacet
  facet normal 0 0 -1
    outer loop
      vertex 6.171448115739806 11.272266212530479 -0.19999999999999996
      vertex 6.19057494833859 11.325393033850544 -0.19999999999999996
      vertex 6.185316954888546 11.307294901687516 -0.19999999999999996
    endloop
  endfacet
  facet normal 0 0 -1
    outer loop
      vertex 6.171448115739806 11.272266212530479 -0.19999999999999996
      vertex 6.199999997019768 11.399999905167473 -0.19999999999999996
      vertex 6.19057494833859 11.325393033850544 -0.19999999999999996
    endloop
  endfacet
  facet normal 0 0 -1
    outer loop
      vertex 6.19057494833859 11.325393033850544 -0.19999999999999996
      vertex 6.197634410394343 11.36240002993071 -0.19999999999999996
      vertex 6.194686175218607 11.343785605624284 -0.19999999999999996
    endloop
  endfacet
  facet normal 0 0 -1
    outer loop
      vertex 5.900000094832527 11.100000002980233 -0.19999999999999996
      vertex 5.900000094832527 11.699999997019768 -0.19999999999999996
      vertex 6.199999997019768 11.399999905167473 -0.19999999999999996
    endloop
  endfacet
  facet normal 0 0 -1
    outer loop
      vertex 6.199999997019768 11.399999905167473 -0.19999999999999996
      vertex 5.900000094832527 11.699999997019768 -0.19999999999999996
      vertex 6.118690588226424 11.605364131778607 -0.19999999999999996
    endloop
  endfacet
  facet normal 0 0 -1
    outer loop
      vertex 6.199999997019768 11.399999905167473 -0.19999999999999996
      vertex 6.1789329457664754 11.510437365805403 -0.19999999999999996
      vertex 6.194686175218607 11.456214394375717 -0.19999999999999996
    endloop
  endfacet
  facet normal 0 0 -1
    outer loop
      vertex 6.194686175218607 11.456214394375717 -0.19999999999999996
      vertex 6.1789329457664754 11.510437365805403 -0.19999999999999996
      vertex 6.19057494833859 11.474606966149457 -0.19999999999999996
    endloop
  endfacet
  facet normal 0 0 -1
    outer loop
      vertex 6.118690588226424 11.605364131778607 -0.19999999999999996
      vertex 6.131153972832737 11.591227196924608 -0.19999999999999996
      vertex 6.153298377650605 11.5607480384937 -0.19999999999999996
    endloop
  endfacet
  facet normal 0 0 -1
    outer loop
      vertex 6.131153972832737 11.591227196924608 -0.19999999999999996
      vertex 6.142705098312485 11.576335575687743 -0.19999999999999996
      vertex 6.153298377650605 11.5607480384937 -0.19999999999999996
    endloop
  endfacet
  facet normal 0 0 -1
    outer loop
      vertex 6.199999997019768 11.399999905167473 -0.19999999999999996
      vertex 6.118690588226424 11.605364131778607 -0.19999999999999996
      vertex 6.1789329457664754 11.510437365805403 -0.19999999999999996
    endloop
  endfacet
  facet normal 0 0 -1
    outer loop
      vertex 6.1789329457664754 11.510437365805403 -0.19999999999999996
      vertex 6.153298377650605 11.5607480384937 -0.19999999999999996
      vertex 6.171448115739806 11.527733787469522 -0.19999999999999996
    endloop
  endfacet
  facet normal 0 0 -1
    outer loop
      vertex 6.19057494833859 11.474606966149457 -0.19999999999999996
      vertex 6.1789329457664754 11.510437365805403 -0.19999999999999996
      vertex 6.185316954888546 11.492705098312484 -0.19999999999999996
    endloop
  endfacet
  facet normal 0 0 -1
    outer loop
      vertex 6.162892004013159 11.544526102230515 -0.19999999999999996
      vertex 6.171448115739806 11.527733787469522 -0.19999999999999996
      vertex 6.153298377650605 11.5607480384937 -0.19999999999999996
    endloop
  endfacet
  facet normal 0 0 -1
    outer loop
      vertex 6.118690588226424 11.605364131778607 -0.19999999999999996
      vertex 6.153298377650605 11.5607480384937 -0.19999999999999996
      vertex 6.1789329457664754 11.510437365805403 -0.19999999999999996
    endloop
  endfacet
  facet normal 0 0 -1
    outer loop
      vertex 6.19057494833859 11.325393033850544 -0.19999999999999996
      vertex 6.199999997019768 11.399999905167473 -0.19999999999999996
      vertex 6.197634410394343 11.36240002993071 -0.19999999999999996
    endloop
  endfacet
  facet normal 0 0 -1
    outer loop
      vertex 6.197634410394343 11.36240002993071 -0.19999999999999996
      vertex 6.199999997019768 11.399999905167473 -0.19999999999999996
      vertex 6.199408018528482 11.381162844141206 -0.19999999999999996
    endloop
  endfacet
  facet normal 0 0 -1
    outer loop
      vertex 6.199999997019768 11.399999905167473 -0.19999999999999996
      vertex 6.194686175218607 11.456214394375717 -0.19999999999999996
      vertex 6.199408018528482 11.418837155858794 -0.19999999999999996
    endloop
  endfacet
  facet normal 0 0 -1
    outer loop
      vertex 6.199408018528482 11.418837155858794 -0.19999999999999996
      vertex 6.194686175218607 11.456214394375717 -0.19999999999999996
      vertex 6.197634410394343 11.437599970069291 -0.19999999999999996
    endloop
  endfacet
  facet normal 0 0 -1
    outer loop
      vertex 5.900000094832527 11.699999997019768 -0.19999999999999996
      vertex 6.027733787469522 11.671448115739807 -0.19999999999999996
      vertex 6.118690588226424 11.605364131778607 -0.19999999999999996
    endloop
  endfacet
  facet normal 0 0 -1
    outer loop
      vertex 5.974606966149457 11.69057494833859 -0.19999999999999996
      vertex 6.010437365805404 11.678932945766476 -0.19999999999999996
      vertex 6.027733787469522 11.671448115739807 -0.19999999999999996
    endloop
  endfacet
  facet normal 0 0 -1
    outer loop
      vertex 6.060748038493699 11.653298377650605 -0.19999999999999996
      vertex 6.027733787469522 11.671448115739807 -0.19999999999999996
      vertex 6.044526102230515 11.662892004013159 -0.19999999999999996
    endloop
  endfacet
  facet normal 0 0 -1
    outer loop
      vertex 6.076335575687742 11.642705098312485 -0.19999999999999996
      vertex 6.118690588226424 11.605364131778607 -0.19999999999999996
      vertex 6.027733787469522 11.671448115739807 -0.19999999999999996
    endloop
  endfacet
  facet normal 0 0 -1
    outer loop
      vertex 6.076335575687742 11.642705098312485 -0.19999999999999996
      vertex 6.091227196924607 11.631153972832736 -0.19999999999999996
      vertex 6.1053641317786065 11.618690588226423 -0.19999999999999996
    endloop
  endfacet
  facet normal 0 0 -1
    outer loop
      vertex 6.060748038493699 11.653298377650605 -0.19999999999999996
      vertex 6.076335575687742 11.642705098312485 -0.19999999999999996
      vertex 6.027733787469522 11.671448115739807 -0.19999999999999996
    endloop
  endfacet
  facet normal 0 0 -1
    outer loop
      vertex 6.076335575687742 11.642705098312485 -0.19999999999999996
      vertex 6.1053641317786065 11.618690588226423 -0.19999999999999996
      vertex 6.118690588226424 11.605364131778607 -0.19999999999999996
    endloop
  endfacet
  facet normal 0 1 0
    outer loop
      vertex 11.700000000000001 -6 0.5000000000000002
      vertex 12.399999999527932 -6 0.9000000000000001
      vertex 12.399999999527932 -6 0.5000000000000002
    endloop
  endfacet
  facet normal 0 1 0
    outer loop
      vertex 11.700000000000001 -6 0.5000000000000002
      vertex 11.700000000000001 -6 0.9000000000000001
      vertex 12.399999999527932 -6 0.9000000000000001
    endloop
  endfacet
  facet normal 0 0 1
    outer loop
      vertex 11.700000000000001 -6 0.5000000000000002
      vertex 12.399999999527932 -6 0.5000000000000002
      vertex 11.700000000000001 6 0.5000000000000002
    endloop
  endfacet
  facet normal 1 0 0
    outer loop
      vertex 11.700000000000001 -6 0.5000000000000002
      vertex 11.700000000000001 6 0.9000000000000001
      vertex 11.700000000000001 -6 0.9000000000000001
    endloop
  endfacet
  facet normal 0 0 -1
    outer loop
      vertex 11.700000000000001 -6 0.9000000000000001
      vertex 12.399999999527932 6 0.9000000000000001
      vertex 12.399999999527932 -6 0.9000000000000001
    endloop
  endfacet
  facet normal 1 0 0
    outer loop
      vertex 11.700000000000001 -6 0.5000000000000002
      vertex 11.700000000000001 6 0.5000000000000002
      vertex 11.700000000000001 6 0.9000000000000001
    endloop
  endfacet
  facet normal 0 0 1
    outer loop
      vertex 11.700000000000001 6 0.5000000000000002
      vertex 12.399999999527932 -6 0.5000000000000002
      vertex 12.399999999527932 6 0.5000000000000002
    endloop
  endfacet
  facet normal 0 -1 0
    outer loop
      vertex 11.700000000000001 6 0.5000000000000002
      vertex 12.399999999527932 6 0.5000000000000002
      vertex 11.700000000000001 6 0.9000000000000001
    endloop
  endfacet
  facet normal 0 -1 0
    outer loop
      vertex 11.700000000000001 6 0.9000000000000001
      vertex 12.399999999527932 6 0.5000000000000002
      vertex 12.399999999527932 6 0.9000000000000001
    endloop
  endfacet
  facet normal 0 0 -1
    outer loop
      vertex 11.700000000000001 -6 0.9000000000000001
      vertex 11.700000000000001 6 0.9000000000000001
      vertex 12.399999999527932 6 0.9000000000000001
    endloop
  endfacet
  facet normal 1 0 0
    outer loop
      vertex -6 11.700000000000001 0.5000000000000002
      vertex -6 12.399999999527932 0.5000000000000002
      vertex -6 11.700000000000001 0.9000000000000001
    endloop
  endfacet
  facet normal 1 0 0
    outer loop
      vertex -6 11.700000000000001 0.9000000000000001
      vertex -6 12.399999999527932 0.5000000000000002
      vertex -6 12.399999999527932 0.9000000000000001
    endloop
  endfacet
  facet normal 0 0 1
    outer loop
      vertex -6 11.700000000000001 0.5000000000000002
      vertex 6 12.399999999527932 0.5000000000000002
      vertex -6 12.399999999527932 0.5000000000000002
    endloop
  endfacet
  facet normal 0 1 0
    outer loop
      vertex -6 11.700000000000001 0.5000000000000002
      vertex -6 11.700000000000001 0.9000000000000001
      vertex 6 11.700000000000001 0.9000000000000001
    endloop
  endfacet
  facet normal 0 0 -1
    outer loop
      vertex -6 11.700000000000001 0.9000000000000001
      vertex -6 12.399999999527932 0.9000000000000001
      vertex 6 11.700000000000001 0.9000000000000001
    endloop
  endfacet
  facet normal 0 0 1
    outer loop
      vertex -6 11.700000000000001 0.5000000000000002
      vertex 6 11.700000000000001 0.5000000000000002
      vertex 6 12.399999999527932 0.5000000000000002
    endloop
  endfacet
  facet normal 0 1 0
    outer loop
      vertex -6 11.700000000000001 0.5000000000000002
      vertex 6 11.700000000000001 0.9000000000000001
      vertex 6 11.700000000000001 0.5000000000000002
    endloop
  endfacet
  facet normal -1 0 0
    outer loop
      vertex 6 11.700000000000001 0.5000000000000002
      vertex 6 12.399999999527932 0.9000000000000001
      vertex 6 12.399999999527932 0.5000000000000002
    endloop
  endfacet
  facet normal -1 0 0
    outer loop
      vertex 6 11.700000000000001 0.5000000000000002
      vertex 6 11.700000000000001 0.9000000000000001
      vertex 6 12.399999999527932 0.9000000000000001
    endloop
  endfacet
  facet normal 0 0 -1
    outer loop
      vertex 6 11.700000000000001 0.9000000000000001
      vertex -6 12.399999999527932 0.9000000000000001
      vertex 6 12.399999999527932 0.9000000000000001
    endloop
  endfacet
  facet normal 0 1 0
    outer loop
      vertex -11.700000000000001 -6 0.5000000000000002
      vertex -12.399999999527932 -6 0.5000000000000002
      vertex -11.700000000000001 -6 0.9000000000000001
    endloop
  endfacet
  facet normal 0 1 0
    outer loop
      vertex -11.700000000000001 -6 0.9000000000000001
      vertex -12.399999999527932 -6 0.5000000000000002
      vertex -12.399999999527932 -6 0.9000000000000001
    endloop
  endfacet
  facet normal 0 0 1
    outer loop
      vertex -11.700000000000001 -6 0.5000000000000002
      vertex -12.399999999527932 6 0.5000000000000002
      vertex -12.399999999527932 -6 0.5000000000000002
    endloop
  endfacet
  facet normal -1 0 0
    outer loop
      vertex -11.700000000000001 -6 0.5000000000000002
      vertex -11.700000000000001 -6 0.9000000000000001
      vertex -11.700000000000001 6 0.5000000000000002
    endloop
  endfacet
  facet normal 0 0 -1
    outer loop
      vertex -11.700000000000001 -6 0.9000000000000001
      vertex -12.399999999527932 -6 0.9000000000000001
      vertex -11.700000000000001 6 0.9000000000000001
    endloop
  endfacet
  facet normal 0 0 1
    outer loop
      vertex -11.700000000000001 -6 0.5000000000000002
      vertex -11.700000000000001 6 0.5000000000000002
      vertex -12.399999999527932 6 0.5000000000000002
    endloop
  endfacet
  facet normal -1 0 0
    outer loop
      vertex -11.700000000000001 -6 0.9000000000000001
      vertex -11.700000000000001 6 0.9000000000000001
      vertex -11.700000000000001 6 0.5000000000000002
    endloop
  endfacet
  facet normal 0 -1 0
    outer loop
      vertex -11.700000000000001 6 0.5000000000000002
      vertex -12.399999999527932 6 0.9000000000000001
      vertex -12.399999999527932 6 0.5000000000000002
    endloop
  endfacet
  facet normal 0 -1 0
    outer loop
      vertex -11.700000000000001 6 0.5000000000000002
      vertex -11.700000000000001 6 0.9000000000000001
      vertex -12.399999999527932 6 0.9000000000000001
    endloop
  endfacet
  facet normal 0 0 -1
    outer loop
      vertex -11.700000000000001 6 0.9000000000000001
      vertex -12.399999999527932 -6 0.9000000000000001
      vertex -12.399999999527932 6 0.9000000000000001
    endloop
  endfacet
  facet normal 1 0 0
    outer loop
      vertex -6 -11.700000000000001 0.5000000000000002
      vertex -6 -12.399999999527932 0.9000000000000001
      vertex -6 -12.399999999527932 0.5000000000000002
    endloop
  endfacet
  facet normal 1 0 0
    outer loop
      vertex -6 -11.700000000000001 0.5000000000000002
      vertex -6 -11.700000000000001 0.9000000000000001
      vertex -6 -12.399999999527932 0.9000000000000001
    endloop
  endfacet
  facet normal 0 0 1
    outer loop
      vertex -6 -11.700000000000001 0.5000000000000002
      vertex -6 -12.399999999527932 0.5000000000000002
      vertex 6 -11.700000000000001 0.5000000000000002
    endloop
  endfacet
  facet normal 0 -1 0
    outer loop
      vertex -6 -11.700000000000001 0.5000000000000002
      vertex 6 -11.700000000000001 0.5000000000000002
      vertex -6 -11.700000000000001 0.9000000000000001
    endloop
  endfacet
  facet normal 0 0 -1
    outer loop
      vertex -6 -11.700000000000001 0.9000000000000001
      vertex 6 -12.399999999527932 0.9000000000000001
      vertex -6 -12.399999999527932 0.9000000000000001
    endloop
  endfacet
  facet normal 0 0 1
    outer loop
      vertex 6 -11.700000000000001 0.5000000000000002
      vertex -6 -12.399999999527932 0.5000000000000002
      vertex 6 -12.399999999527932 0.5000000000000002
    endloop
  endfacet
  facet normal 0 -1 0
    outer loop
      vertex -6 -11.700000000000001 0.9000000000000001
      vertex 6 -11.700000000000001 0.5000000000000002
      vertex 6 -11.700000000000001 0.9000000000000001
    endloop
  endfacet
  facet normal -1 0 0
    outer loop
      vertex 6 -11.700000000000001 0.5000000000000002
      vertex 6 -12.399999999527932 0.5000000000000002
      vertex 6 -11.700000000000001 0.9000000000000001
    endloop
  endfacet
  facet normal -1 0 0
    outer loop
      vertex 6 -11.700000000000001 0.9000000000000001
      vertex 6 -12.399999999527932 0.5000000000000002
      vertex 6 -12.399999999527932 0.9000000000000001
    endloop
  endfacet
  facet normal 0 0 -1
    outer loop
      vertex -6 -11.700000000000001 0.9000000000000001
      vertex 6 -11.700000000000001 0.9000000000000001
      vertex 6 -12.399999999527932 0.9000000000000001
    endloop
  endfacet
endsolid OpenSCAD_Model
