solid OpenSCAD_Model
  facet normal 0.7071067811865476 -0.7071067811865476 0
    outer loop
      vertex 6.1 -5 0
      vertex 7.1 -4 0
      vertex 6.1 -5 3.4
    endloop
  endfacet
  facet normal 0.7071067811865476 -0.7071067811865476 0
    outer loop
      vertex 7.1 -4 0
      vertex 7.1 -4 3.4
      vertex 6.1 -5 3.4
    endloop
  endfacet
  facet normal 0.7071067811865476 0.7071067811865476 0
    outer loop
      vertex 6.1 5 0
      vertex 6.1 5 3.4
      vertex 7.1 4 0
    endloop
  endfacet
  facet normal 0.7071067811865476 0.7071067811865476 0
    outer loop
      vertex 7.1 4 0
      vertex 6.1 5 3.4
      vertex 7.1 4 3.4
    endloop
  endfacet
  facet normal -0.7071067811865476 -0.7071067811865476 0
    outer loop
      vertex -7.1 -4 0
      vertex -6.1 -5 0
      vertex -6.1 -5 3.4
    endloop
  endfacet
  facet normal -0.7071067811865476 -0.7071067811865476 0
    outer loop
      vertex -7.1 -4 0
      vertex -6.1 -5 3.4
      vertex -7.1 -4 3.4
    endloop
  endfacet
  facet normal -0.7071067811865476 0.7071067811865476 0
    outer loop
      vertex -7.1 4 0
      vertex -6.1 5 3.4
      vertex -6.1 5 0
    endloop
  endfacet
  facet normal -0.7071067811865476 0.7071067811865476 0
    outer loop
      vertex -7.1 4 0
      vertex -7.1 4 3.4
      vertex -6.1 5 3.4
    endloop
  endfacet
  facet normal -1 0 0
    outer loop
      vertex 5.1 -5 0
      vertex 5.1 -2.2 0.2
      vertex 5.1 -2.2 0.19
    endloop
  endfacet
  facet normal -1 0 0
    outer loop
      vertex 5.1 -5 0
      vertex 5.1 -2.2 0.21499999999999983
      vertex 5.1 -2.2 0.2
    endloop
  endfacet
  facet normal -1 0 0
    outer loop
      vertex 5.1 -5 0
      vertex 5.1 -2.2 1.9850000000000003
      vertex 5.1 -2.2 0.21499999999999983
    endloop
  endfacet
  facet normal 0 0 -1
    outer loop
      vertex 5.1 -5 0
      vertex 6.007294901687516 -2.4653169548885465 0
      vertex 6.1 -5 0
    endloop
  endfacet
  facet normal 0 -1 0
    outer loop
      vertex 5.1 -5 0
      vertex 6.1 -5 0
      vertex 6.1 -5 3.4
    endloop
  endfacet
  facet normal 0 0 -1
    outer loop
      vertex 5.1 -5 0
      vertex 5.923664424312258 -2.422705098312485 0
      vertex 5.936608289495491 -2.4316011703836278 0
    endloop
  endfacet
  facet normal 0 0 -1
    outer loop
      vertex 5.1 -5 0
      vertex 5.949999999999999 -2.439807621135332 0
      vertex 5.963802850078135 -2.447301957256511 0
    endloop
  endfacet
  facet normal 0 0 -1
    outer loop
      vertex 5.1 -5 0
      vertex 5.936608289495491 -2.4316011703836278 0
      vertex 5.949999999999999 -2.439807621135332 0
    endloop
  endfacet
  facet normal 0 0 -1
    outer loop
      vertex 5.1 -5 0
      vertex 5.963802850078135 -2.447301957256511 0
      vertex 5.977979007077259 -2.454063637292781 0
    endloop
  endfacet
  facet normal 0 0 -1
    outer loop
      vertex 5.1 -5 0
      vertex 5.977979007077259 -2.454063637292781 0
      vertex 5.992489615136409 -2.460074127949161 0
    endloop
  endfacet
  facet normal 0 0 -1
    outer loop
      vertex 5.1 -5 0
      vertex 5.992489615136409 -2.460074127949161 0
      vertex 6.007294901687516 -2.4653169548885465 0
    endloop
  endfacet
  facet normal 0 0 -1
    outer loop
      vertex 5.1 -5 0
      vertex 5.8483988296163725 -2.3433917105045086 0
      vertex 5.857294901687515 -2.3563355756877424 0
    endloop
  endfacet
  facet normal 0 0 -1
    outer loop
      vertex 5.1 -5 0
      vertex 5.840192378864668 -2.3300000000000005 0
      vertex 5.8483988296163725 -2.3433917105045086 0
    endloop
  endfacet
  facet normal 0 0 -1
    outer loop
      vertex 5.1 -5 0
      vertex 5.825936362707219 -2.3020209929227406 0
      vertex 5.832698042743489 -2.3161971499218645 0
    endloop
  endfacet
  facet normal 0 0 -1
    outer loop
      vertex 5.1 -5 0
      vertex 5.832698042743489 -2.3161971499218645 0
      vertex 5.840192378864668 -2.3300000000000005 0
    endloop
  endfacet
  facet normal 0 0 -1
    outer loop
      vertex 5.1 -5 0
      vertex 5.887867965644036 -2.392132034355965 0
      vertex 5.899260818092342 -2.402943447643219 0
    endloop
  endfacet
  facet normal 0 0 -1
    outer loop
      vertex 5.1 -5 0
      vertex 5.866856211562908 -2.3687961173149517 0
      vertex 5.877056552356781 -2.380739181907658 0
    endloop
  endfacet
  facet normal 0 0 -1
    outer loop
      vertex 5.1 -5 0
      vertex 5.877056552356781 -2.380739181907658 0
      vertex 5.887867965644036 -2.392132034355965 0
    endloop
  endfacet
  facet normal 0 0 -1
    outer loop
      vertex 5.1 -5 0
      vertex 5.899260818092342 -2.402943447643219 0
      vertex 5.911203882685048 -2.413143788437092 0
    endloop
  endfacet
  facet normal 0 0 -1
    outer loop
      vertex 5.1 -5 0
      vertex 5.911203882685048 -2.413143788437092 0
      vertex 5.923664424312258 -2.422705098312485 0
    endloop
  endfacet
  facet normal 0 0 -1
    outer loop
      vertex 5.1 -5 0
      vertex 5.857294901687515 -2.3563355756877424 0
      vertex 5.866856211562908 -2.3687961173149517 0
    endloop
  endfacet
  facet normal 0 0 -1
    outer loop
      vertex 5.1 -5 0
      vertex 5.806555719779858 -2.2423735072453286 0
      vertex 5.810222252113279 -2.257645713530757 0
    endloop
  endfacet
  facet normal 0 0 -1
    outer loop
      vertex 5.1 -5 0
      vertex 5.819925872050839 -2.2875103848635905 0
      vertex 5.825936362707219 -2.3020209929227406 0
    endloop
  endfacet
  facet normal 0 0 -1
    outer loop
      vertex 5.1 -5 0
      vertex 5.814683045111454 -2.272705098312485 0
      vertex 5.819925872050839 -2.2875103848635905 0
    endloop
  endfacet
  facet normal 0 0 -1
    outer loop
      vertex 5.1 -5 0
      vertex 5.810222252113279 -2.257645713530757 0
      vertex 5.814683045111454 -2.272705098312485 0
    endloop
  endfacet
  facet normal 0 0 -1
    outer loop
      vertex 5.1 -5 0
      vertex 5.803693497821459 -2.22693033951207 0
      vertex 5.806555719779858 -2.2423735072453286 0
    endloop
  endfacet
  facet normal 0 0 -1
    outer loop
      vertex 5.1 -5 0
      vertex 5.801643431389517 -2.2113585389802966 0
      vertex 5.803693497821459 -2.22693033951207 0
    endloop
  endfacet
  facet normal 0 0 -1
    outer loop
      vertex 5.1 -5 0
      vertex 5.800411139573628 -2.1957007868728837 0
      vertex 5.801643431389517 -2.2113585389802966 0
    endloop
  endfacet
  facet normal 0 0 -1
    outer loop
      vertex 5.1 -5 0
      vertex 5.800000002980232 -2.1800001138104776 0
      vertex 5.800411139573628 -2.1957007868728837 0
    endloop
  endfacet
  facet normal 0 0 -1
    outer loop
      vertex 6.1 -5 0
      vertex 6.007294901687516 -2.4653169548885465 0
      vertex 6.022354286469243 -2.469777747886721 0
    endloop
  endfacet
  facet normal 0 0 -1
    outer loop
      vertex 6.1 -5 0
      vertex 6.022354286469243 -2.469777747886721 0
      vertex 6.037626492754672 -2.4734442802201424 0
    endloop
  endfacet
  facet normal 0 0 -1
    outer loop
      vertex 6.1 -5 0
      vertex 6.037626492754672 -2.4734442802201424 0
      vertex 6.053069660487931 -2.476306502178542 0
    endloop
  endfacet
  facet normal 0 0 -1
    outer loop
      vertex 6.1 -5 0
      vertex 6.053069660487931 -2.476306502178542 0
      vertex 6.068641461019704 -2.4783565686104825 0
    endloop
  endfacet
  facet normal 0 0 -1
    outer loop
      vertex 6.1 -5 0
      vertex 6.068641461019704 -2.4783565686104825 0
      vertex 6.0842992131271165 -2.4795888604263725 0
    endloop
  endfacet
  facet normal 0 0 -1
    outer loop
      vertex 6.1 -5 0
      vertex 6.0842992131271165 -2.4795888604263725 0
      vertex 6.100000113810477 -2.4799999970197684 0
    endloop
  endfacet
  facet normal 0 0 -1
    outer loop
      vertex 6.1 -5 0
      vertex 6.100000113810477 -2.4799999970197684 0
      vertex 6.115700786872883 -2.4795888604263725 0
    endloop
  endfacet
  facet normal 0 0 -1
    outer loop
      vertex 6.1 -5 0
      vertex 6.115700786872883 -2.4795888604263725 0
      vertex 6.131358538980296 -2.4783565686104825 0
    endloop
  endfacet
  facet normal 0 0 -1
    outer loop
      vertex 6.1 -5 0
      vertex 6.131358538980296 -2.4783565686104825 0
      vertex 6.1469303395120685 -2.476306502178542 0
    endloop
  endfacet
  facet normal 0 0 -1
    outer loop
      vertex 6.1 -5 0
      vertex 6.1469303395120685 -2.476306502178542 0
      vertex 6.162373507245327 -2.4734442802201424 0
    endloop
  endfacet
  facet normal 0 0 -1
    outer loop
      vertex 6.1 -5 0
      vertex 6.162373507245327 -2.4734442802201424 0
      vertex 6.177645713530756 -2.469777747886721 0
    endloop
  endfacet
  facet normal 0 0 -1
    outer loop
      vertex 6.1 -5 0
      vertex 6.177645713530756 -2.469777747886721 0
      vertex 6.192705098312484 -2.4653169548885465 0
    endloop
  endfacet
  facet normal 0 0 -1
    outer loop
      vertex 6.1 -5 0
      vertex 6.192705098312484 -2.4653169548885465 0
      vertex 6.20751038486359 -2.460074127949161 0
    endloop
  endfacet
  facet normal 0 0 -1
    outer loop
      vertex 6.1 -5 0
      vertex 6.20751038486359 -2.460074127949161 0
      vertex 6.22202099292274 -2.454063637292781 0
    endloop
  endfacet
  facet normal 0 0 -1
    outer loop
      vertex 6.1 -5 0
      vertex 6.22202099292274 -2.454063637292781 0
      vertex 6.236197149921864 -2.447301957256511 0
    endloop
  endfacet
  facet normal 0 0 -1
    outer loop
      vertex 6.1 -5 0
      vertex 6.236197149921864 -2.447301957256511 0
      vertex 6.25 -2.439807621135332 0
    endloop
  endfacet
  facet normal 0 0 -1
    outer loop
      vertex 6.1 -5 0
      vertex 6.25 -2.439807621135332 0
      vertex 6.263391710504508 -2.4316011703836278 0
    endloop
  endfacet
  facet normal 0 0 -1
    outer loop
      vertex 6.1 -5 0
      vertex 6.263391710504508 -2.4316011703836278 0
      vertex 6.2763355756877415 -2.422705098312485 0
    endloop
  endfacet
  facet normal 0 0 -1
    outer loop
      vertex 6.1 -5 0
      vertex 6.2763355756877415 -2.422705098312485 0
      vertex 6.288796117314951 -2.413143788437092 0
    endloop
  endfacet
  facet normal 0 0 -1
    outer loop
      vertex 6.1 -5 0
      vertex 6.288796117314951 -2.413143788437092 0
      vertex 6.300739181907657 -2.402943447643219 0
    endloop
  endfacet
  facet normal 0 0 -1
    outer loop
      vertex 6.1 -5 0
      vertex 6.300739181907657 -2.402943447643219 0
      vertex 6.3121320343559635 -2.392132034355965 0
    endloop
  endfacet
  facet normal 0 0 -1
    outer loop
      vertex 6.1 -5 0
      vertex 6.3121320343559635 -2.392132034355965 0
      vertex 6.322943447643218 -2.380739181907658 0
    endloop
  endfacet
  facet normal 0 0 -1
    outer loop
      vertex 6.1 -5 0
      vertex 6.322943447643218 -2.380739181907658 0
      vertex 6.333143788437091 -2.3687961173149517 0
    endloop
  endfacet
  facet normal 0 0 -1
    outer loop
      vertex 6.1 -5 0
      vertex 6.333143788437091 -2.3687961173149517 0
      vertex 6.342705098312484 -2.3563355756877424 0
    endloop
  endfacet
  facet normal 0 0 -1
    outer loop
      vertex 6.1 -5 0
      vertex 6.342705098312484 -2.3563355756877424 0
      vertex 6.351601170383627 -2.3433917105045086 0
    endloop
  endfacet
  facet normal 0 0 -1
    outer loop
      vertex 6.1 -5 0
      vertex 6.351601170383627 -2.3433917105045086 0
      vertex 6.359807621135332 -2.3300000000000005 0
    endloop
  endfacet
  facet normal 0 0 -1
    outer loop
      vertex 6.1 -5 0
      vertex 6.359807621135332 -2.3300000000000005 0
      vertex 6.36730195725651 -2.3161971499218645 0
    endloop
  endfacet
  facet normal 0 0 -1
    outer loop
      vertex 6.1 -5 0
      vertex 6.36730195725651 -2.3161971499218645 0
      vertex 6.37406363729278 -2.3020209929227406 0
    endloop
  endfacet
  facet normal 0 0 -1
    outer loop
      vertex 6.1 -5 0
      vertex 6.37406363729278 -2.3020209929227406 0
      vertex 6.38007412794916 -2.2875103848635905 0
    endloop
  endfacet
  facet normal 0 0 -1
    outer loop
      vertex 6.1 -5 0
      vertex 6.38007412794916 -2.2875103848635905 0
      vertex 6.385316954888546 -2.272705098312485 0
    endloop
  endfacet
  facet normal 0 0 -1
    outer loop
      vertex 6.1 -5 0
      vertex 6.385316954888546 -2.272705098312485 0
      vertex 6.38977774788672 -2.257645713530757 0
    endloop
  endfacet
  facet normal 0 0 -1
    outer loop
      vertex 6.1 -5 0
      vertex 6.38977774788672 -2.257645713530757 0
      vertex 6.393444280220141 -2.2423735072453286 0
    endloop
  endfacet
  facet normal 0 0 -1
    outer loop
      vertex 6.1 -5 0
      vertex 6.393444280220141 -2.2423735072453286 0
      vertex 6.396306502178541 -2.22693033951207 0
    endloop
  endfacet
  facet normal 0 0 -1
    outer loop
      vertex 6.1 -5 0
      vertex 6.396306502178541 -2.22693033951207 0
      vertex 6.398356568610482 -2.2113585389802966 0
    endloop
  endfacet
  facet normal -1 0 0
    outer loop
      vertex 5.1 -5 0
      vertex 5.1 -5 3.4
      vertex 5.1 -2.2 1.9850000000000003
    endloop
  endfacet
  facet normal 0 -1 0
    outer loop
      vertex 5.1 -5 0
      vertex 6.1 -5 3.4
      vertex 5.1 -5 3.4
    endloop
  endfacet
  facet normal -1 0 0
    outer loop
      vertex 5.1 -5 0
      vertex 5.1 -2.2 0.19
      vertex 5.1 5 0
    endloop
  endfacet
  facet normal -1 0 0
    outer loop
      vertex 5.1 -2.2 0.2
      vertex 5.1 -2.2 0.21499999999999983
      vertex 5.1 2.2 0.2
    endloop
  endfacet
  facet normal 0 0 -1
    outer loop
      vertex 6.1 -5 0
      vertex 7.1 4 0
      vertex 7.1 -4 0
    endloop
  endfacet
  facet normal 0 0 -1
    outer loop
      vertex 5.1 -5 0
      vertex 5.1 5 0
      vertex 5.800000002980232 -2.1800001138104776 0
    endloop
  endfacet
  facet normal 0 0 -1
    outer loop
      vertex 6.1 -5 0
      vertex 6.398356568610482 -2.2113585389802966 0
      vertex 7.1 4 0
    endloop
  endfacet
  facet normal 0 0 -1
    outer loop
      vertex 7.1 4 0
      vertex 6.398356568610482 -2.2113585389802966 0
      vertex 6.3995888604263715 -2.1957007868728837 0
    endloop
  endfacet
  facet normal 0 0 -1
    outer loop
      vertex 7.1 4 0
      vertex 6.3995888604263715 -2.1957007868728837 0
      vertex 6.399999997019767 -2.1800001138104776 0
    endloop
  endfacet
  facet normal -1 0 0
    outer loop
      vertex 5.1 -2.2 1.9850000000000003
      vertex 5.1 -2.4000000000000004 2.2
      vertex 5.1 2.4000000000000004 2.2
    endloop
  endfacet
  facet normal 1 0 0
    outer loop
      vertex 7.1 -4 0
      vertex 7.1 4 3.4
      vertex 7.1 -4 3.4
    endloop
  endfacet
  facet normal -1 0 0
    outer loop
      vertex 5.1 -2.2 1.9850000000000003
      vertex 5.1 -5 3.4
      vertex 5.1 -2.4000000000000004 2.2
    endloop
  endfacet
  facet normal -1 0 0
    outer loop
      vertex 5.1 -5 3.4
      vertex 5.1 -2.4000000000000004 2.6000000000000005
      vertex 5.1 -2.4000000000000004 2.2
    endloop
  endfacet
  facet normal -1 0 0
    outer loop
      vertex 5.1 -5 3.4
      vertex 5.1 5 3.4
      vertex 5.1 -2.4000000000000004 2.6000000000000005
    endloop
  endfacet
  facet normal -1 0 0
    outer loop
      vertex 5.1 -2.2 0.21499999999999983
      vertex 5.1 2.2 0.21499999999999983
      vertex 5.1 2.2 0.2
    endloop
  endfacet
  facet normal -1 0 0
    outer loop
      vertex 5.1 -2.2 0.19
      vertex 5.1 2.2 0.19
      vertex 5.1 5 0
    endloop
  endfacet
  facet normal 0 0 -1
    outer loop
      vertex 5.1 5 0
      vertex 5.800000002980232 2.1800001138104776 0
      vertex 5.800000002980232 -2.1800001138104776 0
    endloop
  endfacet
  facet normal 0 0 -1
    outer loop
      vertex 7.1 4 0
      vertex 6.399999997019767 -2.1800001138104776 0
      vertex 6.399999997019767 2.1800001138104776 0
    endloop
  endfacet
  facet normal 1 0 0
    outer loop
      vertex 7.1 -4 0
      vertex 7.1 4 0
      vertex 7.1 4 3.4
    endloop
  endfacet
  facet normal -1 0 0
    outer loop
      vertex 5.1 -2.2 1.9850000000000003
      vertex 5.1 2.4000000000000004 2.2
      vertex 5.1 2.2 1.9850000000000003
    endloop
  endfacet
  facet normal -1 0 0
    outer loop
      vertex 5.1 2.2 0.19
      vertex 5.1 2.2 0.2
      vertex 5.1 5 0
    endloop
  endfacet
  facet normal -1 0 0
    outer loop
      vertex 5.1 2.2 0.2
      vertex 5.1 2.2 0.21499999999999983
      vertex 5.1 5 0
    endloop
  endfacet
  facet normal -1 0 0
    outer loop
      vertex 5.1 2.2 0.21499999999999983
      vertex 5.1 2.2 1.9850000000000003
      vertex 5.1 5 0
    endloop
  endfacet
  facet normal 0 0 -1
    outer loop
      vertex 5.1 5 0
      vertex 5.800411139573628 2.1957007868728837 0
      vertex 5.800000002980232 2.1800001138104776 0
    endloop
  endfacet
  facet normal 0 0 -1
    outer loop
      vertex 5.1 5 0
      vertex 5.801643431389517 2.2113585389802966 0
      vertex 5.800411139573628 2.1957007868728837 0
    endloop
  endfacet
  facet normal 0 0 -1
    outer loop
      vertex 5.1 5 0
      vertex 5.803693497821459 2.22693033951207 0
      vertex 5.801643431389517 2.2113585389802966 0
    endloop
  endfacet
  facet normal 0 0 -1
    outer loop
      vertex 5.1 5 0
      vertex 5.806555719779858 2.2423735072453286 0
      vertex 5.803693497821459 2.22693033951207 0
    endloop
  endfacet
  facet normal 0 0 -1
    outer loop
      vertex 5.1 5 0
      vertex 5.810222252113279 2.257645713530757 0
      vertex 5.806555719779858 2.2423735072453286 0
    endloop
  endfacet
  facet normal 0 0 -1
    outer loop
      vertex 5.1 5 0
      vertex 5.814683045111454 2.272705098312485 0
      vertex 5.810222252113279 2.257645713530757 0
    endloop
  endfacet
  facet normal 0 0 -1
    outer loop
      vertex 5.1 5 0
      vertex 5.819925872050839 2.2875103848635905 0
      vertex 5.814683045111454 2.272705098312485 0
    endloop
  endfacet
  facet normal 0 0 -1
    outer loop
      vertex 5.1 5 0
      vertex 5.825936362707219 2.3020209929227406 0
      vertex 5.819925872050839 2.2875103848635905 0
    endloop
  endfacet
  facet normal 0 0 -1
    outer loop
      vertex 5.1 5 0
      vertex 5.832698042743489 2.3161971499218645 0
      vertex 5.825936362707219 2.3020209929227406 0
    endloop
  endfacet
  facet normal 0 0 -1
    outer loop
      vertex 5.1 5 0
      vertex 5.840192378864668 2.3300000000000005 0
      vertex 5.832698042743489 2.3161971499218645 0
    endloop
  endfacet
  facet normal 0 0 -1
    outer loop
      vertex 5.1 5 0
      vertex 5.8483988296163725 2.3433917105045086 0
      vertex 5.840192378864668 2.3300000000000005 0
    endloop
  endfacet
  facet normal 0 0 -1
    outer loop
      vertex 5.1 5 0
      vertex 5.857294901687515 2.3563355756877424 0
      vertex 5.8483988296163725 2.3433917105045086 0
    endloop
  endfacet
  facet normal 0 0 -1
    outer loop
      vertex 5.1 5 0
      vertex 5.866856211562908 2.3687961173149517 0
      vertex 5.857294901687515 2.3563355756877424 0
    endloop
  endfacet
  facet normal 0 0 -1
    outer loop
      vertex 5.1 5 0
      vertex 5.877056552356781 2.380739181907658 0
      vertex 5.866856211562908 2.3687961173149517 0
    endloop
  endfacet
  facet normal 0 0 -1
    outer loop
      vertex 5.1 5 0
      vertex 5.887867965644036 2.392132034355965 0
      vertex 5.877056552356781 2.380739181907658 0
    endloop
  endfacet
  facet normal 0 0 -1
    outer loop
      vertex 5.1 5 0
      vertex 5.899260818092342 2.402943447643219 0
      vertex 5.887867965644036 2.392132034355965 0
    endloop
  endfacet
  facet normal 0 0 -1
    outer loop
      vertex 5.1 5 0
      vertex 5.911203882685048 2.413143788437092 0
      vertex 5.899260818092342 2.402943447643219 0
    endloop
  endfacet
  facet normal 0 0 -1
    outer loop
      vertex 5.1 5 0
      vertex 5.923664424312258 2.422705098312485 0
      vertex 5.911203882685048 2.413143788437092 0
    endloop
  endfacet
  facet normal 0 0 -1
    outer loop
      vertex 5.1 5 0
      vertex 5.936608289495491 2.4316011703836278 0
      vertex 5.923664424312258 2.422705098312485 0
    endloop
  endfacet
  facet normal 0 0 -1
    outer loop
      vertex 5.1 5 0
      vertex 5.949999999999999 2.439807621135332 0
      vertex 5.936608289495491 2.4316011703836278 0
    endloop
  endfacet
  facet normal 0 0 -1
    outer loop
      vertex 5.1 5 0
      vertex 5.963802850078135 2.447301957256511 0
      vertex 5.949999999999999 2.439807621135332 0
    endloop
  endfacet
  facet normal 0 0 -1
    outer loop
      vertex 5.1 5 0
      vertex 5.977979007077259 2.454063637292781 0
      vertex 5.963802850078135 2.447301957256511 0
    endloop
  endfacet
  facet normal 0 0 -1
    outer loop
      vertex 5.1 5 0
      vertex 5.992489615136409 2.460074127949161 0
      vertex 5.977979007077259 2.454063637292781 0
    endloop
  endfacet
  facet normal 0 0 -1
    outer loop
      vertex 5.1 5 0
      vertex 6.007294901687516 2.4653169548885465 0
      vertex 5.992489615136409 2.460074127949161 0
    endloop
  endfacet
  facet normal 0 0 -1
    outer loop
      vertex 5.1 5 0
      vertex 6.022354286469243 2.469777747886721 0
      vertex 6.007294901687516 2.4653169548885465 0
    endloop
  endfacet
  facet normal 0 0 -1
    outer loop
      vertex 5.1 5 0
      vertex 6.037626492754672 2.4734442802201424 0
      vertex 6.022354286469243 2.469777747886721 0
    endloop
  endfacet
  facet normal 0 0 -1
    outer loop
      vertex 5.1 5 0
      vertex 6.068641461019704 2.4783565686104825 0
      vertex 6.053069660487931 2.476306502178542 0
    endloop
  endfacet
  facet normal 0 0 -1
    outer loop
      vertex 5.1 5 0
      vertex 6.053069660487931 2.476306502178542 0
      vertex 6.037626492754672 2.4734442802201424 0
    endloop
  endfacet
  facet normal 0 0 -1
    outer loop
      vertex 5.1 5 0
      vertex 6.0842992131271165 2.4795888604263725 0
      vertex 6.068641461019704 2.4783565686104825 0
    endloop
  endfacet
  facet normal 0 0 -1
    outer loop
      vertex 5.1 5 0
      vertex 6.099999886189522 2.4799999970197684 0
      vertex 6.0842992131271165 2.4795888604263725 0
    endloop
  endfacet
  facet normal 0 0 -1
    outer loop
      vertex 5.1 5 0
      vertex 6.131358538980296 2.4783565686104825 0
      vertex 6.115700786872883 2.4795888604263725 0
    endloop
  endfacet
  facet normal 0 0 -1
    outer loop
      vertex 5.1 5 0
      vertex 6.115700786872883 2.4795888604263725 0
      vertex 6.099999886189522 2.4799999970197684 0
    endloop
  endfacet
  facet normal 0 0 -1
    outer loop
      vertex 5.1 5 0
      vertex 6.1469303395120685 2.476306502178542 0
      vertex 6.131358538980296 2.4783565686104825 0
    endloop
  endfacet
  facet normal 0 0 -1
    outer loop
      vertex 5.1 5 0
      vertex 6.162373507245327 2.4734442802201424 0
      vertex 6.1469303395120685 2.476306502178542 0
    endloop
  endfacet
  facet normal 0 0 -1
    outer loop
      vertex 5.1 5 0
      vertex 6.192705098312484 2.4653169548885465 0
      vertex 6.177645713530756 2.469777747886721 0
    endloop
  endfacet
  facet normal 0 0 -1
    outer loop
      vertex 5.1 5 0
      vertex 6.177645713530756 2.469777747886721 0
      vertex 6.162373507245327 2.4734442802201424 0
    endloop
  endfacet
  facet normal 0 0 -1
    outer loop
      vertex 5.1 5 0
      vertex 6.20751038486359 2.460074127949161 0
      vertex 6.192705098312484 2.4653169548885465 0
    endloop
  endfacet
  facet normal 0 0 -1
    outer loop
      vertex 5.1 5 0
      vertex 6.22202099292274 2.454063637292781 0
      vertex 6.20751038486359 2.460074127949161 0
    endloop
  endfacet
  facet normal 0 0 -1
    outer loop
      vertex 7.1 4 0
      vertex 6.399999997019767 2.1800001138104776 0
      vertex 6.3995888604263715 2.1957007868728837 0
    endloop
  endfacet
  facet normal 0 0 -1
    outer loop
      vertex 7.1 4 0
      vertex 6.3995888604263715 2.1957007868728837 0
      vertex 6.398356568610482 2.2113585389802966 0
    endloop
  endfacet
  facet normal 0 0 -1
    outer loop
      vertex 7.1 4 0
      vertex 6.25 2.439807621135332 0
      vertex 6.236197149921864 2.447301957256511 0
    endloop
  endfacet
  facet normal 0 0 -1
    outer loop
      vertex 7.1 4 0
      vertex 6.236197149921864 2.447301957256511 0
      vertex 6.22202099292274 2.454063637292781 0
    endloop
  endfacet
  facet normal 0 0 -1
    outer loop
      vertex 7.1 4 0
      vertex 6.263391710504508 2.4316011703836278 0
      vertex 6.25 2.439807621135332 0
    endloop
  endfacet
  facet normal 0 0 -1
    outer loop
      vertex 7.1 4 0
      vertex 6.393444280220141 2.2423735072453286 0
      vertex 6.38977774788672 2.257645713530757 0
    endloop
  endfacet
  facet normal 0 0 -1
    outer loop
      vertex 7.1 4 0
      vertex 6.38977774788672 2.257645713530757 0
      vertex 6.385316954888546 2.272705098312485 0
    endloop
  endfacet
  facet normal 0 0 -1
    outer loop
      vertex 7.1 4 0
      vertex 6.398356568610482 2.2113585389802966 0
      vertex 6.396306502178541 2.22693033951207 0
    endloop
  endfacet
  facet normal 0 0 -1
    outer loop
      vertex 7.1 4 0
      vertex 6.396306502178541 2.22693033951207 0
      vertex 6.393444280220141 2.2423735072453286 0
    endloop
  endfacet
  facet normal 0 0 -1
    outer loop
      vertex 7.1 4 0
      vertex 6.385316954888546 2.272705098312485 0
      vertex 6.38007412794916 2.2875103848635905 0
    endloop
  endfacet
  facet normal 0 0 -1
    outer loop
      vertex 7.1 4 0
      vertex 6.38007412794916 2.2875103848635905 0
      vertex 6.37406363729278 2.3020209929227406 0
    endloop
  endfacet
  facet normal 0 0 -1
    outer loop
      vertex 7.1 4 0
      vertex 6.37406363729278 2.3020209929227406 0
      vertex 6.36730195725651 2.3161971499218645 0
    endloop
  endfacet
  facet normal 0 0 -1
    outer loop
      vertex 7.1 4 0
      vertex 6.36730195725651 2.3161971499218645 0
      vertex 6.359807621135332 2.3300000000000005 0
    endloop
  endfacet
  facet normal 0 0 -1
    outer loop
      vertex 7.1 4 0
      vertex 6.351601170383627 2.3433917105045086 0
      vertex 6.342705098312484 2.3563355756877424 0
    endloop
  endfacet
  facet normal 0 0 -1
    outer loop
      vertex 7.1 4 0
      vertex 6.342705098312484 2.3563355756877424 0
      vertex 6.333143788437091 2.3687961173149517 0
    endloop
  endfacet
  facet normal 0 0 -1
    outer loop
      vertex 7.1 4 0
      vertex 6.333143788437091 2.3687961173149517 0
      vertex 6.322943447643218 2.380739181907658 0
    endloop
  endfacet
  facet normal 0 0 -1
    outer loop
      vertex 7.1 4 0
      vertex 6.322943447643218 2.380739181907658 0
      vertex 6.3121320343559635 2.392132034355965 0
    endloop
  endfacet
  facet normal 0 0 -1
    outer loop
      vertex 7.1 4 0
      vertex 6.288796117314951 2.413143788437092 0
      vertex 6.2763355756877415 2.422705098312485 0
    endloop
  endfacet
  facet normal 0 0 -1
    outer loop
      vertex 7.1 4 0
      vertex 6.3121320343559635 2.392132034355965 0
      vertex 6.300739181907657 2.402943447643219 0
    endloop
  endfacet
  facet normal 0 0 -1
    outer loop
      vertex 7.1 4 0
      vertex 6.300739181907657 2.402943447643219 0
      vertex 6.288796117314951 2.413143788437092 0
    endloop
  endfacet
  facet normal 0 0 -1
    outer loop
      vertex 7.1 4 0
      vertex 6.2763355756877415 2.422705098312485 0
      vertex 6.263391710504508 2.4316011703836278 0
    endloop
  endfacet
  facet normal 0 0 -1
    outer loop
      vertex 7.1 4 0
      vertex 6.359807621135332 2.3300000000000005 0
      vertex 6.351601170383627 2.3433917105045086 0
    endloop
  endfacet
  facet normal 0 0 -1
    outer loop
      vertex 5.1 5 0
      vertex 7.1 4 0
      vertex 6.22202099292274 2.454063637292781 0
    endloop
  endfacet
  facet normal 0 0 -1
    outer loop
      vertex 5.1 5 0
      vertex 6.1 5 0
      vertex 7.1 4 0
    endloop
  endfacet
  facet normal 0 1 0
    outer loop
      vertex 5.1 5 0
      vertex 5.1 5 3.4
      vertex 6.1 5 0
    endloop
  endfacet
  facet normal -1 0 0
    outer loop
      vertex 5.1 2.2 1.9850000000000003
      vertex 5.1 5 3.4
      vertex 5.1 5 0
    endloop
  endfacet
  facet normal 0 1 0
    outer loop
      vertex 6.1 5 0
      vertex 5.1 5 3.4
      vertex 6.1 5 3.4
    endloop
  endfacet
  facet normal -1 0 0
    outer loop
      vertex 5.1 5 3.4
      vertex 5.1 2.4000000000000004 2.6000000000000005
      vertex 5.1 -2.4000000000000004 2.6000000000000005
    endloop
  endfacet
  facet normal -1 0 0
    outer loop
      vertex 5.1 2.2 1.9850000000000003
      vertex 5.1 2.4000000000000004 2.2
      vertex 5.1 5 3.4
    endloop
  endfacet
  facet normal -1 0 0
    outer loop
      vertex 5.1 5 3.4
      vertex 5.1 2.4000000000000004 2.2
      vertex 5.1 2.4000000000000004 2.6000000000000005
    endloop
  endfacet
  facet normal 0 0 -1
    outer loop
      vertex -7.1 -4 0
      vertex -5.1 -5 0
      vertex -6.1 -5 0
    endloop
  endfacet
  facet normal 0 0 -1
    outer loop
      vertex -7.1 -4 0
      vertex -6.22202099292274 -2.454063637292781 0
      vertex -5.1 -5 0
    endloop
  endfacet
  facet normal 0 -1 0
    outer loop
      vertex -6.1 -5 0
      vertex -5.1 -5 0
      vertex -5.1 -5 3.4
    endloop
  endfacet
  facet normal 0 0 -1
    outer loop
      vertex -7.1 -4 0
      vertex -6.359807621135332 -2.3300000000000005 0
      vertex -6.351601170383627 -2.3433917105045086 0
    endloop
  endfacet
  facet normal 0 0 -1
    outer loop
      vertex -7.1 -4 0
      vertex -6.2763355756877415 -2.422705098312485 0
      vertex -6.263391710504508 -2.4316011703836278 0
    endloop
  endfacet
  facet normal 0 0 -1
    outer loop
      vertex -7.1 -4 0
      vertex -6.3121320343559635 -2.392132034355965 0
      vertex -6.300739181907657 -2.402943447643219 0
    endloop
  endfacet
  facet normal 0 0 -1
    outer loop
      vertex -7.1 -4 0
      vertex -6.300739181907657 -2.402943447643219 0
      vertex -6.288796117314951 -2.413143788437092 0
    endloop
  endfacet
  facet normal 0 0 -1
    outer loop
      vertex -7.1 -4 0
      vertex -6.288796117314951 -2.413143788437092 0
      vertex -6.2763355756877415 -2.422705098312485 0
    endloop
  endfacet
  facet normal 0 0 -1
    outer loop
      vertex -7.1 -4 0
      vertex -6.322943447643218 -2.380739181907658 0
      vertex -6.3121320343559635 -2.392132034355965 0
    endloop
  endfacet
  facet normal 0 0 -1
    outer loop
      vertex -7.1 -4 0
      vertex -6.333143788437091 -2.3687961173149517 0
      vertex -6.322943447643218 -2.380739181907658 0
    endloop
  endfacet
  facet normal 0 0 -1
    outer loop
      vertex -7.1 -4 0
      vertex -6.342705098312484 -2.3563355756877424 0
      vertex -6.333143788437091 -2.3687961173149517 0
    endloop
  endfacet
  facet normal 0 0 -1
    outer loop
      vertex -7.1 -4 0
      vertex -6.351601170383627 -2.3433917105045086 0
      vertex -6.342705098312484 -2.3563355756877424 0
    endloop
  endfacet
  facet normal 0 0 -1
    outer loop
      vertex -7.1 -4 0
      vertex -6.36730195725651 -2.3161971499218645 0
      vertex -6.359807621135332 -2.3300000000000005 0
    endloop
  endfacet
  facet normal 0 0 -1
    outer loop
      vertex -7.1 -4 0
      vertex -6.37406363729278 -2.3020209929227406 0
      vertex -6.36730195725651 -2.3161971499218645 0
    endloop
  endfacet
  facet normal 0 0 -1
    outer loop
      vertex -7.1 -4 0
      vertex -6.38007412794916 -2.2875103848635905 0
      vertex -6.37406363729278 -2.3020209929227406 0
    endloop
  endfacet
  facet normal 0 0 -1
    outer loop
      vertex -7.1 -4 0
      vertex -6.385316954888546 -2.272705098312485 0
      vertex -6.38007412794916 -2.2875103848635905 0
    endloop
  endfacet
  facet normal 0 0 -1
    outer loop
      vertex -7.1 -4 0
      vertex -6.396306502178541 -2.22693033951207 0
      vertex -6.393444280220141 -2.2423735072453286 0
    endloop
  endfacet
  facet normal 0 0 -1
    outer loop
      vertex -7.1 -4 0
      vertex -6.398356568610482 -2.2113585389802966 0
      vertex -6.396306502178541 -2.22693033951207 0
    endloop
  endfacet
  facet normal 0 0 -1
    outer loop
      vertex -7.1 -4 0
      vertex -6.38977774788672 -2.257645713530757 0
      vertex -6.385316954888546 -2.272705098312485 0
    endloop
  endfacet
  facet normal 0 0 -1
    outer loop
      vertex -7.1 -4 0
      vertex -6.393444280220141 -2.2423735072453286 0
      vertex -6.38977774788672 -2.257645713530757 0
    endloop
  endfacet
  facet normal 0 0 -1
    outer loop
      vertex -7.1 -4 0
      vertex -6.263391710504508 -2.4316011703836278 0
      vertex -6.25 -2.439807621135332 0
    endloop
  endfacet
  facet normal 0 0 -1
    outer loop
      vertex -7.1 -4 0
      vertex -6.25 -2.439807621135332 0
      vertex -6.236197149921864 -2.447301957256511 0
    endloop
  endfacet
  facet normal 0 0 -1
    outer loop
      vertex -7.1 -4 0
      vertex -6.236197149921864 -2.447301957256511 0
      vertex -6.22202099292274 -2.454063637292781 0
    endloop
  endfacet
  facet normal 0 0 -1
    outer loop
      vertex -7.1 -4 0
      vertex -6.3995888604263715 -2.1957007868728837 0
      vertex -6.398356568610482 -2.2113585389802966 0
    endloop
  endfacet
  facet normal 0 0 -1
    outer loop
      vertex -7.1 -4 0
      vertex -6.399999997019767 -2.1800001138104776 0
      vertex -6.3995888604263715 -2.1957007868728837 0
    endloop
  endfacet
  facet normal 0 0 -1
    outer loop
      vertex -5.1 -5 0
      vertex -6.22202099292274 -2.454063637292781 0
      vertex -6.20751038486359 -2.460074127949161 0
    endloop
  endfacet
  facet normal 0 0 -1
    outer loop
      vertex -5.1 -5 0
      vertex -6.20751038486359 -2.460074127949161 0
      vertex -6.192705098312484 -2.4653169548885465 0
    endloop
  endfacet
  facet normal 0 0 -1
    outer loop
      vertex -5.1 -5 0
      vertex -6.192705098312484 -2.4653169548885465 0
      vertex -6.177645713530756 -2.469777747886721 0
    endloop
  endfacet
  facet normal 0 0 -1
    outer loop
      vertex -5.1 -5 0
      vertex -6.177645713530756 -2.469777747886721 0
      vertex -6.162373507245327 -2.4734442802201424 0
    endloop
  endfacet
  facet normal 0 0 -1
    outer loop
      vertex -5.1 -5 0
      vertex -6.162373507245327 -2.4734442802201424 0
      vertex -6.1469303395120685 -2.476306502178542 0
    endloop
  endfacet
  facet normal 0 0 -1
    outer loop
      vertex -5.1 -5 0
      vertex -6.1469303395120685 -2.476306502178542 0
      vertex -6.131358538980296 -2.4783565686104825 0
    endloop
  endfacet
  facet normal 0 0 -1
    outer loop
      vertex -5.1 -5 0
      vertex -6.131358538980296 -2.4783565686104825 0
      vertex -6.115700786872883 -2.4795888604263725 0
    endloop
  endfacet
  facet normal 0 0 -1
    outer loop
      vertex -5.1 -5 0
      vertex -6.115700786872883 -2.4795888604263725 0
      vertex -6.100000113810477 -2.4799999970197684 0
    endloop
  endfacet
  facet normal 0 0 -1
    outer loop
      vertex -5.1 -5 0
      vertex -6.100000113810477 -2.4799999970197684 0
      vertex -6.0842992131271165 -2.4795888604263725 0
    endloop
  endfacet
  facet normal 0 0 -1
    outer loop
      vertex -5.1 -5 0
      vertex -6.0842992131271165 -2.4795888604263725 0
      vertex -6.068641461019704 -2.4783565686104825 0
    endloop
  endfacet
  facet normal 0 0 -1
    outer loop
      vertex -5.1 -5 0
      vertex -6.068641461019704 -2.4783565686104825 0
      vertex -6.053069660487931 -2.476306502178542 0
    endloop
  endfacet
  facet normal 0 0 -1
    outer loop
      vertex -5.1 -5 0
      vertex -6.053069660487931 -2.476306502178542 0
      vertex -6.037626492754672 -2.4734442802201424 0
    endloop
  endfacet
  facet normal 0 0 -1
    outer loop
      vertex -5.1 -5 0
      vertex -6.037626492754672 -2.4734442802201424 0
      vertex -6.022354286469243 -2.469777747886721 0
    endloop
  endfacet
  facet normal 0 0 -1
    outer loop
      vertex -5.1 -5 0
      vertex -6.022354286469243 -2.469777747886721 0
      vertex -6.007294901687516 -2.4653169548885465 0
    endloop
  endfacet
  facet normal 0 0 -1
    outer loop
      vertex -5.1 -5 0
      vertex -6.007294901687516 -2.4653169548885465 0
      vertex -5.992489615136409 -2.460074127949161 0
    endloop
  endfacet
  facet normal 0 0 -1
    outer loop
      vertex -5.1 -5 0
      vertex -5.992489615136409 -2.460074127949161 0
      vertex -5.977979007077259 -2.454063637292781 0
    endloop
  endfacet
  facet normal 0 0 -1
    outer loop
      vertex -5.1 -5 0
      vertex -5.977979007077259 -2.454063637292781 0
      vertex -5.963802850078135 -2.447301957256511 0
    endloop
  endfacet
  facet normal 0 0 -1
    outer loop
      vertex -5.1 -5 0
      vertex -5.963802850078135 -2.447301957256511 0
      vertex -5.949999999999999 -2.439807621135332 0
    endloop
  endfacet
  facet normal 0 0 -1
    outer loop
      vertex -5.1 -5 0
      vertex -5.949999999999999 -2.439807621135332 0
      vertex -5.936608289495491 -2.4316011703836278 0
    endloop
  endfacet
  facet normal 0 0 -1
    outer loop
      vertex -5.1 -5 0
      vertex -5.936608289495491 -2.4316011703836278 0
      vertex -5.923664424312258 -2.422705098312485 0
    endloop
  endfacet
  facet normal 0 0 -1
    outer loop
      vertex -5.1 -5 0
      vertex -5.923664424312258 -2.422705098312485 0
      vertex -5.911203882685048 -2.413143788437092 0
    endloop
  endfacet
  facet normal 0 0 -1
    outer loop
      vertex -5.1 -5 0
      vertex -5.911203882685048 -2.413143788437092 0
      vertex -5.899260818092342 -2.402943447643219 0
    endloop
  endfacet
  facet normal 0 0 -1
    outer loop
      vertex -5.1 -5 0
      vertex -5.899260818092342 -2.402943447643219 0
      vertex -5.887867965644036 -2.392132034355965 0
    endloop
  endfacet
  facet normal 0 0 -1
    outer loop
      vertex -5.1 -5 0
      vertex -5.887867965644036 -2.392132034355965 0
      vertex -5.877056552356781 -2.380739181907658 0
    endloop
  endfacet
  facet normal 0 0 -1
    outer loop
      vertex -5.1 -5 0
      vertex -5.877056552356781 -2.380739181907658 0
      vertex -5.866856211562908 -2.3687961173149517 0
    endloop
  endfacet
  facet normal 0 0 -1
    outer loop
      vertex -5.1 -5 0
      vertex -5.866856211562908 -2.3687961173149517 0
      vertex -5.857294901687515 -2.3563355756877424 0
    endloop
  endfacet
  facet normal 0 0 -1
    outer loop
      vertex -5.1 -5 0
      vertex -5.857294901687515 -2.3563355756877424 0
      vertex -5.8483988296163725 -2.3433917105045086 0
    endloop
  endfacet
  facet normal 0 0 -1
    outer loop
      vertex -5.1 -5 0
      vertex -5.8483988296163725 -2.3433917105045086 0
      vertex -5.840192378864668 -2.3300000000000005 0
    endloop
  endfacet
  facet normal 0 0 -1
    outer loop
      vertex -5.1 -5 0
      vertex -5.840192378864668 -2.3300000000000005 0
      vertex -5.832698042743489 -2.3161971499218645 0
    endloop
  endfacet
  facet normal 0 0 -1
    outer loop
      vertex -5.1 -5 0
      vertex -5.832698042743489 -2.3161971499218645 0
      vertex -5.825936362707219 -2.3020209929227406 0
    endloop
  endfacet
  facet normal 0 0 -1
    outer loop
      vertex -5.1 -5 0
      vertex -5.825936362707219 -2.3020209929227406 0
      vertex -5.819925872050839 -2.2875103848635905 0
    endloop
  endfacet
  facet normal 0 0 -1
    outer loop
      vertex -5.1 -5 0
      vertex -5.819925872050839 -2.2875103848635905 0
      vertex -5.814683045111454 -2.272705098312485 0
    endloop
  endfacet
  facet normal 0 0 -1
    outer loop
      vertex -5.1 -5 0
      vertex -5.814683045111454 -2.272705098312485 0
      vertex -5.810222252113279 -2.257645713530757 0
    endloop
  endfacet
  facet normal 0 0 -1
    outer loop
      vertex -5.1 -5 0
      vertex -5.810222252113279 -2.257645713530757 0
      vertex -5.806555719779858 -2.2423735072453286 0
    endloop
  endfacet
  facet normal 0 0 -1
    outer loop
      vertex -5.1 -5 0
      vertex -5.806555719779858 -2.2423735072453286 0
      vertex -5.803693497821459 -2.22693033951207 0
    endloop
  endfacet
  facet normal 0 0 -1
    outer loop
      vertex -5.1 -5 0
      vertex -5.803693497821459 -2.22693033951207 0
      vertex -5.801643431389517 -2.2113585389802966 0
    endloop
  endfacet
  facet normal 0 0 -1
    outer loop
      vertex -5.1 -5 0
      vertex -5.801643431389517 -2.2113585389802966 0
      vertex -5.800411139573628 -2.1957007868728837 0
    endloop
  endfacet
  facet normal 0 0 -1
    outer loop
      vertex -5.1 -5 0
      vertex -5.800411139573628 -2.1957007868728837 0
      vertex -5.800000002980232 -2.1800001138104776 0
    endloop
  endfacet
  facet normal 1 0 0
    outer loop
      vertex -5.1 -5 0
      vertex -5.1 -2.2 0.19
      vertex -5.1 -2.2 0.2
    endloop
  endfacet
  facet normal 1 0 0
    outer loop
      vertex -5.1 -5 0
      vertex -5.1 -2.2 0.2
      vertex -5.1 -2.2 0.21499999999999983
    endloop
  endfacet
  facet normal 1 0 0
    outer loop
      vertex -5.1 -5 0
      vertex -5.1 -2.2 0.21499999999999983
      vertex -5.1 -2.2 1.9850000000000003
    endloop
  endfacet
  facet normal 0 -1 0
    outer loop
      vertex -6.1 -5 0
      vertex -5.1 -5 3.4
      vertex -6.1 -5 3.4
    endloop
  endfacet
  facet normal 1 0 0
    outer loop
      vertex -5.1 -5 0
      vertex -5.1 -2.2 1.9850000000000003
      vertex -5.1 -5 3.4
    endloop
  endfacet
  facet normal 0 0 -1
    outer loop
      vertex -7.1 -4 0
      vertex -6.399999997019767 2.1800001138104776 0
      vertex -6.399999997019767 -2.1800001138104776 0
    endloop
  endfacet
  facet normal 0 0 -1
    outer loop
      vertex -5.1 -5 0
      vertex -5.800000002980232 -2.1800001138104776 0
      vertex -5.800000002980232 2.1800001138104776 0
    endloop
  endfacet
  facet normal -1 0 0
    outer loop
      vertex -7.1 -4 0
      vertex -7.1 -4 3.4
      vertex -7.1 4 0
    endloop
  endfacet
  facet normal 1 0 0
    outer loop
      vertex -5.1 -5 0
      vertex -5.1 5 0
      vertex -5.1 -2.2 0.19
    endloop
  endfacet
  facet normal 1 0 0
    outer loop
      vertex -5.1 -2.2 0.2
      vertex -5.1 2.2 0.21499999999999983
      vertex -5.1 -2.2 0.21499999999999983
    endloop
  endfacet
  facet normal 1 0 0
    outer loop
      vertex -5.1 -2.2 1.9850000000000003
      vertex -5.1 2.2 1.9850000000000003
      vertex -5.1 -2.4000000000000004 2.2
    endloop
  endfacet
  facet normal 1 0 0
    outer loop
      vertex -5.1 -2.2 1.9850000000000003
      vertex -5.1 -2.4000000000000004 2.2
      vertex -5.1 -5 3.4
    endloop
  endfacet
  facet normal 1 0 0
    outer loop
      vertex -5.1 -5 3.4
      vertex -5.1 -2.4000000000000004 2.2
      vertex -5.1 -2.4000000000000004 2.6000000000000005
    endloop
  endfacet
  facet normal 1 0 0
    outer loop
      vertex -5.1 -5 3.4
      vertex -5.1 -2.4000000000000004 2.6000000000000005
      vertex -5.1 2.4000000000000004 2.6000000000000005
    endloop
  endfacet
  facet normal 0 0 -1
    outer loop
      vertex -7.1 -4 0
      vertex -6.3995888604263715 2.1957007868728837 0
      vertex -6.399999997019767 2.1800001138104776 0
    endloop
  endfacet
  facet normal 0 0 -1
    outer loop
      vertex -7.1 -4 0
      vertex -6.398356568610482 2.2113585389802966 0
      vertex -6.3995888604263715 2.1957007868728837 0
    endloop
  endfacet
  facet normal 0 0 -1
    outer loop
      vertex -7.1 -4 0
      vertex -6.1 5 0
      vertex -6.398356568610482 2.2113585389802966 0
    endloop
  endfacet
  facet normal 0 0 -1
    outer loop
      vertex -5.1 -5 0
      vertex -5.800000002980232 2.1800001138104776 0
      vertex -5.1 5 0
    endloop
  endfacet
  facet normal 0 0 -1
    outer loop
      vertex -7.1 -4 0
      vertex -7.1 4 0
      vertex -6.1 5 0
    endloop
  endfacet
  facet normal 1 0 0
    outer loop
      vertex -5.1 -2.2 0.2
      vertex -5.1 2.2 0.2
      vertex -5.1 2.2 0.21499999999999983
    endloop
  endfacet
  facet normal 1 0 0
    outer loop
      vertex -5.1 -2.2 0.19
      vertex -5.1 5 0
      vertex -5.1 2.2 0.19
    endloop
  endfacet
  facet normal -1 0 0
    outer loop
      vertex -7.1 -4 3.4
      vertex -7.1 4 3.4
      vertex -7.1 4 0
    endloop
  endfacet
  facet normal 1 0 0
    outer loop
      vertex -5.1 2.2 1.9850000000000003
      vertex -5.1 2.4000000000000004 2.2
      vertex -5.1 -2.4000000000000004 2.2
    endloop
  endfacet
  facet normal 0 0 -1
    outer loop
      vertex -6.1 5 0
      vertex -6.396306502178541 2.22693033951207 0
      vertex -6.398356568610482 2.2113585389802966 0
    endloop
  endfacet
  facet normal 0 0 -1
    outer loop
      vertex -6.1 5 0
      vertex -6.393444280220141 2.2423735072453286 0
      vertex -6.396306502178541 2.22693033951207 0
    endloop
  endfacet
  facet normal 0 0 -1
    outer loop
      vertex -6.1 5 0
      vertex -6.38977774788672 2.257645713530757 0
      vertex -6.393444280220141 2.2423735072453286 0
    endloop
  endfacet
  facet normal 0 0 -1
    outer loop
      vertex -6.1 5 0
      vertex -6.385316954888546 2.272705098312485 0
      vertex -6.38977774788672 2.257645713530757 0
    endloop
  endfacet
  facet normal 0 0 -1
    outer loop
      vertex -6.1 5 0
      vertex -6.38007412794916 2.2875103848635905 0
      vertex -6.385316954888546 2.272705098312485 0
    endloop
  endfacet
  facet normal 0 0 -1
    outer loop
      vertex -6.1 5 0
      vertex -6.37406363729278 2.3020209929227406 0
      vertex -6.38007412794916 2.2875103848635905 0
    endloop
  endfacet
  facet normal 0 0 -1
    outer loop
      vertex -6.1 5 0
      vertex -6.36730195725651 2.3161971499218645 0
      vertex -6.37406363729278 2.3020209929227406 0
    endloop
  endfacet
  facet normal 0 0 -1
    outer loop
      vertex -6.1 5 0
      vertex -6.359807621135332 2.3300000000000005 0
      vertex -6.36730195725651 2.3161971499218645 0
    endloop
  endfacet
  facet normal 0 0 -1
    outer loop
      vertex -6.1 5 0
      vertex -6.351601170383627 2.3433917105045086 0
      vertex -6.359807621135332 2.3300000000000005 0
    endloop
  endfacet
  facet normal 0 0 -1
    outer loop
      vertex -6.1 5 0
      vertex -6.333143788437091 2.3687961173149517 0
      vertex -6.342705098312484 2.3563355756877424 0
    endloop
  endfacet
  facet normal 0 0 -1
    outer loop
      vertex -6.1 5 0
      vertex -6.342705098312484 2.3563355756877424 0
      vertex -6.351601170383627 2.3433917105045086 0
    endloop
  endfacet
  facet normal 0 0 -1
    outer loop
      vertex -6.1 5 0
      vertex -6.322943447643218 2.380739181907658 0
      vertex -6.333143788437091 2.3687961173149517 0
    endloop
  endfacet
  facet normal 0 0 -1
    outer loop
      vertex -6.1 5 0
      vertex -6.3121320343559635 2.392132034355965 0
      vertex -6.322943447643218 2.380739181907658 0
    endloop
  endfacet
  facet normal 0 0 -1
    outer loop
      vertex -6.1 5 0
      vertex -6.300739181907657 2.402943447643219 0
      vertex -6.3121320343559635 2.392132034355965 0
    endloop
  endfacet
  facet normal 0 0 -1
    outer loop
      vertex -6.1 5 0
      vertex -6.288796117314951 2.413143788437092 0
      vertex -6.300739181907657 2.402943447643219 0
    endloop
  endfacet
  facet normal 0 0 -1
    outer loop
      vertex -6.1 5 0
      vertex -6.2763355756877415 2.422705098312485 0
      vertex -6.288796117314951 2.413143788437092 0
    endloop
  endfacet
  facet normal 0 0 -1
    outer loop
      vertex -6.1 5 0
      vertex -6.263391710504508 2.4316011703836278 0
      vertex -6.2763355756877415 2.422705098312485 0
    endloop
  endfacet
  facet normal 0 0 -1
    outer loop
      vertex -6.1 5 0
      vertex -6.25 2.439807621135332 0
      vertex -6.263391710504508 2.4316011703836278 0
    endloop
  endfacet
  facet normal 0 0 -1
    outer loop
      vertex -6.1 5 0
      vertex -6.22202099292274 2.454063637292781 0
      vertex -6.236197149921864 2.447301957256511 0
    endloop
  endfacet
  facet normal 0 0 -1
    outer loop
      vertex -6.1 5 0
      vertex -6.236197149921864 2.447301957256511 0
      vertex -6.25 2.439807621135332 0
    endloop
  endfacet
  facet normal 0 0 -1
    outer loop
      vertex -6.1 5 0
      vertex -6.20751038486359 2.460074127949161 0
      vertex -6.22202099292274 2.454063637292781 0
    endloop
  endfacet
  facet normal 0 0 -1
    outer loop
      vertex -6.1 5 0
      vertex -6.192705098312484 2.4653169548885465 0
      vertex -6.20751038486359 2.460074127949161 0
    endloop
  endfacet
  facet normal 0 0 -1
    outer loop
      vertex -6.1 5 0
      vertex -6.162373507245327 2.4734442802201424 0
      vertex -6.177645713530756 2.469777747886721 0
    endloop
  endfacet
  facet normal 0 0 -1
    outer loop
      vertex -6.1 5 0
      vertex -6.177645713530756 2.469777747886721 0
      vertex -6.192705098312484 2.4653169548885465 0
    endloop
  endfacet
  facet normal 0 0 -1
    outer loop
      vertex -6.1 5 0
      vertex -6.1469303395120685 2.476306502178542 0
      vertex -6.162373507245327 2.4734442802201424 0
    endloop
  endfacet
  facet normal 0 0 -1
    outer loop
      vertex -6.1 5 0
      vertex -6.115700786872883 2.4795888604263725 0
      vertex -6.131358538980296 2.4783565686104825 0
    endloop
  endfacet
  facet normal 0 0 -1
    outer loop
      vertex -6.1 5 0
      vertex -6.131358538980296 2.4783565686104825 0
      vertex -6.1469303395120685 2.476306502178542 0
    endloop
  endfacet
  facet normal 0 0 -1
    outer loop
      vertex -6.1 5 0
      vertex -6.099999886189522 2.4799999970197684 0
      vertex -6.115700786872883 2.4795888604263725 0
    endloop
  endfacet
  facet normal 0 0 -1
    outer loop
      vertex -6.1 5 0
      vertex -6.0842992131271165 2.4795888604263725 0
      vertex -6.099999886189522 2.4799999970197684 0
    endloop
  endfacet
  facet normal 0 0 -1
    outer loop
      vertex -6.1 5 0
      vertex -6.053069660487931 2.476306502178542 0
      vertex -6.068641461019704 2.4783565686104825 0
    endloop
  endfacet
  facet normal 0 0 -1
    outer loop
      vertex -6.1 5 0
      vertex -6.068641461019704 2.4783565686104825 0
      vertex -6.0842992131271165 2.4795888604263725 0
    endloop
  endfacet
  facet normal 0 0 -1
    outer loop
      vertex -6.1 5 0
      vertex -6.037626492754672 2.4734442802201424 0
      vertex -6.053069660487931 2.476306502178542 0
    endloop
  endfacet
  facet normal 0 0 -1
    outer loop
      vertex -6.1 5 0
      vertex -6.022354286469243 2.469777747886721 0
      vertex -6.037626492754672 2.4734442802201424 0
    endloop
  endfacet
  facet normal 0 0 -1
    outer loop
      vertex -6.1 5 0
      vertex -6.007294901687516 2.4653169548885465 0
      vertex -6.022354286469243 2.469777747886721 0
    endloop
  endfacet
  facet normal 0 0 -1
    outer loop
      vertex -5.1 5 0
      vertex -5.800000002980232 2.1800001138104776 0
      vertex -5.800411139573628 2.1957007868728837 0
    endloop
  endfacet
  facet normal 0 0 -1
    outer loop
      vertex -5.1 5 0
      vertex -5.800411139573628 2.1957007868728837 0
      vertex -5.801643431389517 2.2113585389802966 0
    endloop
  endfacet
  facet normal 0 0 -1
    outer loop
      vertex -5.1 5 0
      vertex -5.801643431389517 2.2113585389802966 0
      vertex -5.803693497821459 2.22693033951207 0
    endloop
  endfacet
  facet normal 0 0 -1
    outer loop
      vertex -5.1 5 0
      vertex -5.803693497821459 2.22693033951207 0
      vertex -5.806555719779858 2.2423735072453286 0
    endloop
  endfacet
  facet normal 0 0 -1
    outer loop
      vertex -5.1 5 0
      vertex -5.810222252113279 2.257645713530757 0
      vertex -5.814683045111454 2.272705098312485 0
    endloop
  endfacet
  facet normal 0 0 -1
    outer loop
      vertex -5.1 5 0
      vertex -5.814683045111454 2.272705098312485 0
      vertex -5.819925872050839 2.2875103848635905 0
    endloop
  endfacet
  facet normal 0 0 -1
    outer loop
      vertex -5.1 5 0
      vertex -5.819925872050839 2.2875103848635905 0
      vertex -5.825936362707219 2.3020209929227406 0
    endloop
  endfacet
  facet normal 0 0 -1
    outer loop
      vertex -5.1 5 0
      vertex -5.806555719779858 2.2423735072453286 0
      vertex -5.810222252113279 2.257645713530757 0
    endloop
  endfacet
  facet normal 0 0 -1
    outer loop
      vertex -5.1 5 0
      vertex -5.857294901687515 2.3563355756877424 0
      vertex -5.866856211562908 2.3687961173149517 0
    endloop
  endfacet
  facet normal 0 0 -1
    outer loop
      vertex -5.1 5 0
      vertex -5.911203882685048 2.413143788437092 0
      vertex -5.923664424312258 2.422705098312485 0
    endloop
  endfacet
  facet normal 0 0 -1
    outer loop
      vertex -5.1 5 0
      vertex -5.899260818092342 2.402943447643219 0
      vertex -5.911203882685048 2.413143788437092 0
    endloop
  endfacet
  facet normal 0 0 -1
    outer loop
      vertex -5.1 5 0
      vertex -5.877056552356781 2.380739181907658 0
      vertex -5.887867965644036 2.392132034355965 0
    endloop
  endfacet
  facet normal 0 0 -1
    outer loop
      vertex -5.1 5 0
      vertex -5.866856211562908 2.3687961173149517 0
      vertex -5.877056552356781 2.380739181907658 0
    endloop
  endfacet
  facet normal 0 0 -1
    outer loop
      vertex -5.1 5 0
      vertex -5.887867965644036 2.392132034355965 0
      vertex -5.899260818092342 2.402943447643219 0
    endloop
  endfacet
  facet normal 0 0 -1
    outer loop
      vertex -5.1 5 0
      vertex -5.832698042743489 2.3161971499218645 0
      vertex -5.840192378864668 2.3300000000000005 0
    endloop
  endfacet
  facet normal 0 0 -1
    outer loop
      vertex -5.1 5 0
      vertex -5.825936362707219 2.3020209929227406 0
      vertex -5.832698042743489 2.3161971499218645 0
    endloop
  endfacet
  facet normal 0 0 -1
    outer loop
      vertex -5.1 5 0
      vertex -5.840192378864668 2.3300000000000005 0
      vertex -5.8483988296163725 2.3433917105045086 0
    endloop
  endfacet
  facet normal 0 0 -1
    outer loop
      vertex -5.1 5 0
      vertex -5.8483988296163725 2.3433917105045086 0
      vertex -5.857294901687515 2.3563355756877424 0
    endloop
  endfacet
  facet normal 0 0 -1
    outer loop
      vertex -5.1 5 0
      vertex -5.992489615136409 2.460074127949161 0
      vertex -6.007294901687516 2.4653169548885465 0
    endloop
  endfacet
  facet normal 0 0 -1
    outer loop
      vertex -5.1 5 0
      vertex -5.977979007077259 2.454063637292781 0
      vertex -5.992489615136409 2.460074127949161 0
    endloop
  endfacet
  facet normal 0 0 -1
    outer loop
      vertex -5.1 5 0
      vertex -5.963802850078135 2.447301957256511 0
      vertex -5.977979007077259 2.454063637292781 0
    endloop
  endfacet
  facet normal 0 0 -1
    outer loop
      vertex -5.1 5 0
      vertex -5.936608289495491 2.4316011703836278 0
      vertex -5.949999999999999 2.439807621135332 0
    endloop
  endfacet
  facet normal 0 0 -1
    outer loop
      vertex -5.1 5 0
      vertex -5.949999999999999 2.439807621135332 0
      vertex -5.963802850078135 2.447301957256511 0
    endloop
  endfacet
  facet normal 0 0 -1
    outer loop
      vertex -5.1 5 0
      vertex -5.923664424312258 2.422705098312485 0
      vertex -5.936608289495491 2.4316011703836278 0
    endloop
  endfacet
  facet normal 0 0 -1
    outer loop
      vertex -6.1 5 0
      vertex -5.1 5 0
      vertex -6.007294901687516 2.4653169548885465 0
    endloop
  endfacet
  facet normal 0 1 0
    outer loop
      vertex -6.1 5 0
      vertex -6.1 5 3.4
      vertex -5.1 5 0
    endloop
  endfacet
  facet normal 1 0 0
    outer loop
      vertex -5.1 2.2 0.19
      vertex -5.1 5 0
      vertex -5.1 2.2 0.2
    endloop
  endfacet
  facet normal 1 0 0
    outer loop
      vertex -5.1 2.2 0.2
      vertex -5.1 5 0
      vertex -5.1 2.2 0.21499999999999983
    endloop
  endfacet
  facet normal 1 0 0
    outer loop
      vertex -5.1 2.2 0.21499999999999983
      vertex -5.1 5 0
      vertex -5.1 2.2 1.9850000000000003
    endloop
  endfacet
  facet normal 0 1 0
    outer loop
      vertex -5.1 5 0
      vertex -6.1 5 3.4
      vertex -5.1 5 3.4
    endloop
  endfacet
  facet normal 1 0 0
    outer loop
      vertex -5.1 2.2 1.9850000000000003
      vertex -5.1 5 0
      vertex -5.1 5 3.4
    endloop
  endfacet
  facet normal 1 0 0
    outer loop
      vertex -5.1 -5 3.4
      vertex -5.1 2.4000000000000004 2.6000000000000005
      vertex -5.1 5 3.4
    endloop
  endfacet
  facet normal 1 0 0
    outer loop
      vertex -5.1 2.2 1.9850000000000003
      vertex -5.1 5 3.4
      vertex -5.1 2.4000000000000004 2.2
    endloop
  endfacet
  facet normal 1 0 0
    outer loop
      vertex -5.1 5 3.4
      vertex -5.1 2.4000000000000004 2.6000000000000005
      vertex -5.1 2.4000000000000004 2.2
    endloop
  endfacet
  facet normal -0.7071067811865476 -0.7071067811865476 0
    outer loop
      vertex -7.1 -4 3.4
      vertex -6.1 -5 3.4
      vertex -6.1 -5 4.6
    endloop
  endfacet
  facet normal -0.7071067811865476 -0.7071067811865476 0
    outer loop
      vertex -7.1 -4 3.4
      vertex -6.1 -5 4.6
      vertex -7.1 -4 4.6
    endloop
  endfacet
  facet normal 0 0 1
    outer loop
      vertex -7.1 -4 4.6
      vertex -6.1 -5 4.6
      vertex -6.05 -0.06 4.6
    endloop
  endfacet
  facet normal 0 -1 0
    outer loop
      vertex -6.1 -5 3.4
      vertex -0.275 -5 4.6
      vertex -6.1 -5 4.6
    endloop
  endfacet
  facet normal -1 0 0
    outer loop
      vertex -7.1 -4 3.4
      vertex -7.1 -4 4.6
      vertex -7.1 4 3.4
    endloop
  endfacet
  facet normal 0 0 1
    outer loop
      vertex -7.1 -4 4.6
      vertex -6.95 -0.275 4.6
      vertex -7.05 -0.275 4.6
    endloop
  endfacet
  facet normal 0 0 1
    outer loop
      vertex -7.1 -4 4.6
      vertex -7.05 -0.275 4.6
      vertex -7.05 -0.06 4.6
    endloop
  endfacet
  facet normal -1 0 0
    outer loop
      vertex -7.1 -4 4.6
      vertex -7.1 -0.06 4.6
      vertex -7.1 -0.06 4.4799999999999995
    endloop
  endfacet
  facet normal 0 0 1
    outer loop
      vertex -7.1 -4 4.6
      vertex -7.05 -0.06 4.6
      vertex -7.1 -0.06 4.6
    endloop
  endfacet
  facet normal 0 0 1
    outer loop
      vertex -7.1 -4 4.6
      vertex -6.05 -0.06 4.6
      vertex -6.95 -0.275 4.6
    endloop
  endfacet
  facet normal 0 0 1
    outer loop
      vertex -6.1 -5 4.6
      vertex -5.95 -0.275 4.6
      vertex -6.05 -0.275 4.6
    endloop
  endfacet
  facet normal 0 0 1
    outer loop
      vertex -6.1 -5 4.6
      vertex -6.05 -0.275 4.6
      vertex -6.05 -0.06 4.6
    endloop
  endfacet
  facet normal 0 0 1
    outer loop
      vertex -6.1 -5 4.6
      vertex -5.05 -0.275 4.6
      vertex -5.95 -0.275 4.6
    endloop
  endfacet
  facet normal 0 0 1
    outer loop
      vertex -6.1 -5 4.6
      vertex -4.95 -0.275 4.6
      vertex -5.05 -0.275 4.6
    endloop
  endfacet
  facet normal -1 0 0
    outer loop
      vertex -7.1 -4 4.6
      vertex -7.1 -0.06 4.4799999999999995
      vertex -7.1 4 3.4
    endloop
  endfacet
  facet normal 0 0 1
    outer loop
      vertex -6.95 -0.275 4.6
      vertex -6.05 -0.06 4.6
      vertex -6.95 -0.06 4.6
    endloop
  endfacet
  facet normal 0 0 1
    outer loop
      vertex -5.95 -0.275 4.6
      vertex -5.05 -0.275 4.6
      vertex -5.95 -0.06 4.6
    endloop
  endfacet
  facet normal 0 0 1
    outer loop
      vertex -5.95 -0.06 4.6
      vertex -5.05 -0.275 4.6
      vertex -5.05 -0.06 4.6
    endloop
  endfacet
  facet normal 0 0 1
    outer loop
      vertex -6.1 -5 4.6
      vertex -4.05 -0.275 4.6
      vertex -4.95 -0.275 4.6
    endloop
  endfacet
  facet normal 0 0 1
    outer loop
      vertex -6.1 -5 4.6
      vertex -3.95 -0.275 4.6
      vertex -4.05 -0.275 4.6
    endloop
  endfacet
  facet normal 0 0 1
    outer loop
      vertex -6.1 -5 4.6
      vertex -3.05 -0.275 4.6
      vertex -3.95 -0.275 4.6
    endloop
  endfacet
  facet normal 0 0 1
    outer loop
      vertex -6.1 -5 4.6
      vertex -2.95 -0.275 4.6
      vertex -3.05 -0.275 4.6
    endloop
  endfacet
  facet normal 0 0 1
    outer loop
      vertex -6.1 -5 4.6
      vertex -2.05 -0.275 4.6
      vertex -2.95 -0.275 4.6
    endloop
  endfacet
  facet normal 0 0 1
    outer loop
      vertex -4.95 -0.275 4.6
      vertex -4.05 -0.275 4.6
      vertex -4.95 -0.06 4.6
    endloop
  endfacet
  facet normal 0 0 1
    outer loop
      vertex -4.95 -0.06 4.6
      vertex -4.05 -0.275 4.6
      vertex -4.05 -0.06 4.6
    endloop
  endfacet
  facet normal 0 0 1
    outer loop
      vertex -3.95 -0.275 4.6
      vertex -3.05 -0.275 4.6
      vertex -3.95 -0.06 4.6
    endloop
  endfacet
  facet normal 0 -1 0
    outer loop
      vertex -6.1 -5 3.4
      vertex 5.065392549852277e-16 -5 4.4799999999999995
      vertex -0.275 -5 4.4799999999999995
    endloop
  endfacet
  facet normal 0 -1 0
    outer loop
      vertex -6.1 -5 3.4
      vertex -0.275 -5 4.4799999999999995
      vertex -0.275 -5 4.6
    endloop
  endfacet
  facet normal 0 -1 0
    outer loop
      vertex -6.1 -5 3.4
      vertex 0.275 -5 4.4799999999999995
      vertex 5.065392549852277e-16 -5 4.4799999999999995
    endloop
  endfacet
  facet normal 0 0 1
    outer loop
      vertex -6.1 -5 4.6
      vertex -0.275 -5 4.6
      vertex -0.275 -4.95 4.6
    endloop
  endfacet
  facet normal 0 0 1
    outer loop
      vertex -6.1 -5 4.6
      vertex -0.275 -4.95 4.6
      vertex -0.275 -4.05 4.6
    endloop
  endfacet
  facet normal 0 0 1
    outer loop
      vertex -6.1 -5 4.6
      vertex -0.275 -4.05 4.6
      vertex -0.275 -3.95 4.6
    endloop
  endfacet
  facet normal 0 0 1
    outer loop
      vertex -6.1 -5 4.6
      vertex -0.275 -3.95 4.6
      vertex -0.275 -3.05 4.6
    endloop
  endfacet
  facet normal 0 0 1
    outer loop
      vertex -6.1 -5 4.6
      vertex -0.275 -3.05 4.6
      vertex -0.275 -2.95 4.6
    endloop
  endfacet
  facet normal 0 0 1
    outer loop
      vertex -6.1 -5 4.6
      vertex -0.275 -2.95 4.6
      vertex -0.275 -2.05 4.6
    endloop
  endfacet
  facet normal 0 0 1
    outer loop
      vertex -6.1 -5 4.6
      vertex -0.275 -2.05 4.6
      vertex -0.275 -1.95 4.6
    endloop
  endfacet
  facet normal 0 0 1
    outer loop
      vertex -6.1 -5 4.6
      vertex -0.275 -1.95 4.6
      vertex -0.275 -1.05 4.6
    endloop
  endfacet
  facet normal 0 -1 0
    outer loop
      vertex -6.1 -5 3.4
      vertex -5.1 -5 3.4
      vertex 6.1 -5 4.6
    endloop
  endfacet
  facet normal 0 0 1
    outer loop
      vertex -0.275 -4.95 4.6
      vertex -0.06 -4.95 4.6
      vertex -0.06 -4.05 4.6
    endloop
  endfacet
  facet normal 0 0 1
    outer loop
      vertex -0.275 -4.95 4.6
      vertex -0.06 -4.05 4.6
      vertex -0.275 -4.05 4.6
    endloop
  endfacet
  facet normal 0 0 1
    outer loop
      vertex -0.275 -3.95 4.6
      vertex -0.06 -3.95 4.6
      vertex -0.06 -3.05 4.6
    endloop
  endfacet
  facet normal 0 0 1
    outer loop
      vertex -0.275 -3.95 4.6
      vertex -0.06 -3.05 4.6
      vertex -0.275 -3.05 4.6
    endloop
  endfacet
  facet normal 0 0 1
    outer loop
      vertex -0.275 -2.95 4.6
      vertex -0.06 -2.95 4.6
      vertex -0.06 -2.05 4.6
    endloop
  endfacet
  facet normal 0 0 -1
    outer loop
      vertex -5.1 -5 3.4
      vertex -5.1 5 3.4
      vertex 5.1 -5 3.4
    endloop
  endfacet
  facet normal 0 0 1
    outer loop
      vertex -6.1 -5 4.6
      vertex -1.95 -0.275 4.6
      vertex -2.05 -0.275 4.6
    endloop
  endfacet
  facet normal 0 0 1
    outer loop
      vertex -6.1 -5 4.6
      vertex -1.05 -0.275 4.6
      vertex -1.95 -0.275 4.6
    endloop
  endfacet
  facet normal 0 0 1
    outer loop
      vertex -6.1 -5 4.6
      vertex -0.95 -0.275 4.6
      vertex -1.05 -0.275 4.6
    endloop
  endfacet
  facet normal 0 0 1
    outer loop
      vertex -6.1 -5 4.6
      vertex -0.275 -1.05 4.6
      vertex -0.275 -0.95 4.6
    endloop
  endfacet
  facet normal 0 0 1
    outer loop
      vertex -6.1 -5 4.6
      vertex -0.275 -0.95 4.6
      vertex -0.06 -0.06 4.6
    endloop
  endfacet
  facet normal 0 0 1
    outer loop
      vertex -6.1 -5 4.6
      vertex -0.06 -0.06 4.6
      vertex -0.95 -0.275 4.6
    endloop
  endfacet
  facet normal 0 0 1
    outer loop
      vertex -3.95 -0.06 4.6
      vertex -3.05 -0.275 4.6
      vertex -3.05 -0.06 4.6
    endloop
  endfacet
  facet normal 0 0 1
    outer loop
      vertex -2.95 -0.275 4.6
      vertex -2.05 -0.275 4.6
      vertex -2.95 -0.06 4.6
    endloop
  endfacet
  facet normal 0 0 1
    outer loop
      vertex -2.95 -0.06 4.6
      vertex -2.05 -0.275 4.6
      vertex -2.05 -0.06 4.6
    endloop
  endfacet
  facet normal 0 0 1
    outer loop
      vertex -0.275 -2.95 4.6
      vertex -0.06 -2.05 4.6
      vertex -0.275 -2.05 4.6
    endloop
  endfacet
  facet normal 0 0 1
    outer loop
      vertex -0.275 -1.95 4.6
      vertex -0.06 -1.95 4.6
      vertex -0.06 -1.05 4.6
    endloop
  endfacet
  facet normal 0 0 1
    outer loop
      vertex -0.275 -1.95 4.6
      vertex -0.06 -1.05 4.6
      vertex -0.275 -1.05 4.6
    endloop
  endfacet
  facet normal 0 0 1
    outer loop
      vertex -1.95 -0.275 4.6
      vertex -1.05 -0.275 4.6
      vertex -1.95 -0.06 4.6
    endloop
  endfacet
  facet normal 0 0 1
    outer loop
      vertex -1.95 -0.06 4.6
      vertex -1.05 -0.275 4.6
      vertex -1.05 -0.06 4.6
    endloop
  endfacet
  facet normal 0 0 1
    outer loop
      vertex -0.275 -0.95 4.6
      vertex -0.06 -0.95 4.6
      vertex -0.06 -0.06 4.6
    endloop
  endfacet
  facet normal 0 0 1
    outer loop
      vertex -0.06 -0.06 4.6
      vertex -0.95 -0.06 4.6
      vertex -0.95 -0.275 4.6
    endloop
  endfacet
  facet normal 0 0 1
    outer loop
      vertex -6.05 0.06 4.6
      vertex -6.95 0.275 4.6
      vertex -6.95 0.06 4.6
    endloop
  endfacet
  facet normal 0 0 1
    outer loop
      vertex -5.95 0.06 4.6
      vertex -5.05 0.06 4.6
      vertex -5.95 0.275 4.6
    endloop
  endfacet
  facet normal 0 0 1
    outer loop
      vertex -5.95 0.275 4.6
      vertex -5.05 0.06 4.6
      vertex -5.05 0.275 4.6
    endloop
  endfacet
  facet normal -1 0 0
    outer loop
      vertex -7.1 4 3.4
      vertex -7.1 -0.06 4.4799999999999995
      vertex -7.1 0.06 4.4799999999999995
    endloop
  endfacet
  facet normal -1 0 0
    outer loop
      vertex -7.1 4 3.4
      vertex -7.1 0.06 4.4799999999999995
      vertex -7.1 0.06 4.6
    endloop
  endfacet
  facet normal 0 0 1
    outer loop
      vertex -7.1 4 4.6
      vertex -7.1 0.06 4.6
      vertex -7.05 0.06 4.6
    endloop
  endfacet
  facet normal 0 0 1
    outer loop
      vertex -7.1 4 4.6
      vertex -7.05 0.06 4.6
      vertex -7.05 0.275 4.6
    endloop
  endfacet
  facet normal 0 0 1
    outer loop
      vertex -7.1 4 4.6
      vertex -7.05 0.275 4.6
      vertex -6.95 0.275 4.6
    endloop
  endfacet
  facet normal 0 0 1
    outer loop
      vertex -7.1 4 4.6
      vertex -6.95 0.275 4.6
      vertex -6.05 0.06 4.6
    endloop
  endfacet
  facet normal 0 0 1
    outer loop
      vertex -6.1 5 4.6
      vertex -6.05 0.06 4.6
      vertex -6.05 0.275 4.6
    endloop
  endfacet
  facet normal 0 0 1
    outer loop
      vertex -6.1 5 4.6
      vertex -6.05 0.275 4.6
      vertex -5.95 0.275 4.6
    endloop
  endfacet
  facet normal 0 0 1
    outer loop
      vertex -6.1 5 4.6
      vertex -5.95 0.275 4.6
      vertex -5.05 0.275 4.6
    endloop
  endfacet
  facet normal 0 0 1
    outer loop
      vertex -6.1 5 4.6
      vertex -5.05 0.275 4.6
      vertex -4.95 0.275 4.6
    endloop
  endfacet
  facet normal 0 0 1
    outer loop
      vertex -4.95 0.06 4.6
      vertex -4.05 0.06 4.6
      vertex -4.95 0.275 4.6
    endloop
  endfacet
  facet normal 0 0 1
    outer loop
      vertex -4.95 0.275 4.6
      vertex -4.05 0.06 4.6
      vertex -4.05 0.275 4.6
    endloop
  endfacet
  facet normal 0 0 1
    outer loop
      vertex -3.95 0.06 4.6
      vertex -3.05 0.06 4.6
      vertex -3.95 0.275 4.6
    endloop
  endfacet
  facet normal 0 0 1
    outer loop
      vertex -6.1 5 4.6
      vertex -4.95 0.275 4.6
      vertex -4.05 0.275 4.6
    endloop
  endfacet
  facet normal 0 0 1
    outer loop
      vertex -6.1 5 4.6
      vertex -4.05 0.275 4.6
      vertex -3.95 0.275 4.6
    endloop
  endfacet
  facet normal 0 0 1
    outer loop
      vertex -6.1 5 4.6
      vertex -3.95 0.275 4.6
      vertex -3.05 0.275 4.6
    endloop
  endfacet
  facet normal 0 0 1
    outer loop
      vertex -6.1 5 4.6
      vertex -3.05 0.275 4.6
      vertex -2.95 0.275 4.6
    endloop
  endfacet
  facet normal 0 0 1
    outer loop
      vertex -6.1 5 4.6
      vertex -2.95 0.275 4.6
      vertex -2.05 0.275 4.6
    endloop
  endfacet
  facet normal -1 0 0
    outer loop
      vertex -7.1 4 3.4
      vertex -7.1 0.06 4.6
      vertex -7.1 4 4.6
    endloop
  endfacet
  facet normal 0 0 1
    outer loop
      vertex -7.1 4 4.6
      vertex -6.05 0.06 4.6
      vertex -6.1 5 4.6
    endloop
  endfacet
  facet normal -0.7071067811865476 0.7071067811865476 0
    outer loop
      vertex -7.1 4 3.4
      vertex -6.1 5 4.6
      vertex -6.1 5 3.4
    endloop
  endfacet
  facet normal -0.7071067811865476 0.7071067811865476 0
    outer loop
      vertex -7.1 4 3.4
      vertex -7.1 4 4.6
      vertex -6.1 5 4.6
    endloop
  endfacet
  facet normal 0 1 0
    outer loop
      vertex -6.1 5 3.4
      vertex -6.1 5 4.6
      vertex -0.275 5 4.4799999999999995
    endloop
  endfacet
  facet normal 0 0 1
    outer loop
      vertex -3.95 0.275 4.6
      vertex -3.05 0.06 4.6
      vertex -3.05 0.275 4.6
    endloop
  endfacet
  facet normal 0 0 1
    outer loop
      vertex -2.95 0.06 4.6
      vertex -2.05 0.06 4.6
      vertex -2.95 0.275 4.6
    endloop
  endfacet
  facet normal 0 0 1
    outer loop
      vertex -2.95 0.275 4.6
      vertex -2.05 0.06 4.6
      vertex -2.05 0.275 4.6
    endloop
  endfacet
  facet normal 0 0 1
    outer loop
      vertex -6.1 5 4.6
      vertex -2.05 0.275 4.6
      vertex -1.95 0.275 4.6
    endloop
  endfacet
  facet normal 0 0 1
    outer loop
      vertex -6.1 5 4.6
      vertex -1.95 0.275 4.6
      vertex -1.05 0.275 4.6
    endloop
  endfacet
  facet normal 0 0 1
    outer loop
      vertex -6.1 5 4.6
      vertex -1.05 0.275 4.6
      vertex -0.95 0.275 4.6
    endloop
  endfacet
  facet normal 0 0 1
    outer loop
      vertex -6.1 5 4.6
      vertex -0.95 0.275 4.6
      vertex -0.275 0.95 4.6
    endloop
  endfacet
  facet normal 0 0 1
    outer loop
      vertex -6.1 5 4.6
      vertex -0.275 0.95 4.6
      vertex -0.275 1.05 4.6
    endloop
  endfacet
  facet normal 0 0 1
    outer loop
      vertex -1.95 0.06 4.6
      vertex -1.05 0.06 4.6
      vertex -1.95 0.275 4.6
    endloop
  endfacet
  facet normal 0 0 1
    outer loop
      vertex -1.95 0.275 4.6
      vertex -1.05 0.06 4.6
      vertex -1.05 0.275 4.6
    endloop
  endfacet
  facet normal 0 0 1
    outer loop
      vertex -0.95 0.06 4.6
      vertex -0.06 0.95 4.6
      vertex -0.95 0.275 4.6
    endloop
  endfacet
  facet normal 0 0 1
    outer loop
      vertex -0.95 0.06 4.6
      vertex -0.06 0.06 4.6
      vertex -0.06 0.95 4.6
    endloop
  endfacet
  facet normal 0 0 1
    outer loop
      vertex -0.95 0.275 4.6
      vertex -0.06 0.95 4.6
      vertex -0.275 0.95 4.6
    endloop
  endfacet
  facet normal 0 0 1
    outer loop
      vertex -0.275 1.05 4.6
      vertex -0.06 1.05 4.6
      vertex -0.06 1.95 4.6
    endloop
  endfacet
  facet normal 0 0 1
    outer loop
      vertex -0.275 1.05 4.6
      vertex -0.06 1.95 4.6
      vertex -0.275 1.95 4.6
    endloop
  endfacet
  facet normal 0 0 1
    outer loop
      vertex -0.275 2.05 4.6
      vertex -0.06 2.05 4.6
      vertex -0.06 2.95 4.6
    endloop
  endfacet
  facet normal 0 0 1
    outer loop
      vertex -6.1 5 4.6
      vertex -0.275 1.05 4.6
      vertex -0.275 1.95 4.6
    endloop
  endfacet
  facet normal 0 0 1
    outer loop
      vertex -6.1 5 4.6
      vertex -0.275 1.95 4.6
      vertex -0.275 2.05 4.6
    endloop
  endfacet
  facet normal 0 0 1
    outer loop
      vertex -6.1 5 4.6
      vertex -0.275 2.05 4.6
      vertex -0.275 2.95 4.6
    endloop
  endfacet
  facet normal 0 0 1
    outer loop
      vertex -6.1 5 4.6
      vertex -0.275 2.95 4.6
      vertex -0.275 3.05 4.6
    endloop
  endfacet
  facet normal 0 0 1
    outer loop
      vertex -6.1 5 4.6
      vertex -0.275 3.05 4.6
      vertex -0.275 3.95 4.6
    endloop
  endfacet
  facet normal 0 0 1
    outer loop
      vertex -6.1 5 4.6
      vertex -0.275 3.95 4.6
      vertex -0.275 4.05 4.6
    endloop
  endfacet
  facet normal 0 1 0
    outer loop
      vertex -6.1 5 3.4
      vertex -0.275 5 4.4799999999999995
      vertex 0.275 5 4.4799999999999995
    endloop
  endfacet
  facet normal 0 0 1
    outer loop
      vertex -6.1 5 4.6
      vertex -0.275 4.05 4.6
      vertex -0.275 4.95 4.6
    endloop
  endfacet
  facet normal 0 1 0
    outer loop
      vertex -6.1 5 4.6
      vertex -0.275 5 4.6
      vertex -0.275 5 4.4799999999999995
    endloop
  endfacet
  facet normal 0 0 1
    outer loop
      vertex -6.1 5 4.6
      vertex -0.275 4.95 4.6
      vertex -0.275 5 4.6
    endloop
  endfacet
  facet normal 0 0 1
    outer loop
      vertex -0.275 2.05 4.6
      vertex -0.06 2.95 4.6
      vertex -0.275 2.95 4.6
    endloop
  endfacet
  facet normal 0 0 1
    outer loop
      vertex -0.275 3.05 4.6
      vertex -0.06 3.05 4.6
      vertex -0.06 3.95 4.6
    endloop
  endfacet
  facet normal 0 0 1
    outer loop
      vertex -0.275 3.05 4.6
      vertex -0.06 3.95 4.6
      vertex -0.275 3.95 4.6
    endloop
  endfacet
  facet normal 0 1 0
    outer loop
      vertex -6.1 5 3.4
      vertex 6.1 5 4.6
      vertex -5.1 5 3.4
    endloop
  endfacet
  facet normal 0 0 1
    outer loop
      vertex -0.275 4.05 4.6
      vertex -0.06 4.05 4.6
      vertex -0.06 4.95 4.6
    endloop
  endfacet
  facet normal 0 0 1
    outer loop
      vertex -0.275 4.05 4.6
      vertex -0.06 4.95 4.6
      vertex -0.275 4.95 4.6
    endloop
  endfacet
  facet normal 0 -1 0
    outer loop
      vertex -6.1 -5 3.4
      vertex 6.1 -5 4.6
      vertex 0.275 -5 4.4799999999999995
    endloop
  endfacet
  facet normal 0 0 1
    outer loop
      vertex 0.275 -4.95 4.6
      vertex 0.275 -4.05 4.6
      vertex 0.06 -4.95 4.6
    endloop
  endfacet
  facet normal 0 0 1
    outer loop
      vertex 0.06 -4.95 4.6
      vertex 0.275 -4.05 4.6
      vertex 0.06 -4.05 4.6
    endloop
  endfacet
  facet normal 0 0 1
    outer loop
      vertex 0.275 -3.95 4.6
      vertex 0.275 -3.05 4.6
      vertex 0.06 -3.95 4.6
    endloop
  endfacet
  facet normal 0 0 1
    outer loop
      vertex 0.06 -3.95 4.6
      vertex 0.275 -3.05 4.6
      vertex 0.06 -3.05 4.6
    endloop
  endfacet
  facet normal 0 0 1
    outer loop
      vertex 0.275 -2.95 4.6
      vertex 0.275 -2.05 4.6
      vertex 0.06 -2.95 4.6
    endloop
  endfacet
  facet normal 0 -1 0
    outer loop
      vertex -5.1 -5 3.4
      vertex 5.1 -5 3.4
      vertex 6.1 -5 4.6
    endloop
  endfacet
  facet normal 0 -1 0
    outer loop
      vertex 6.1 -5 4.6
      vertex 0.275 -5 4.6
      vertex 0.275 -5 4.4799999999999995
    endloop
  endfacet
  facet normal 0 0 1
    outer loop
      vertex 6.1 -5 4.6
      vertex 0.275 -4.95 4.6
      vertex 0.275 -5 4.6
    endloop
  endfacet
  facet normal 0 0 1
    outer loop
      vertex 6.1 -5 4.6
      vertex 0.275 -4.05 4.6
      vertex 0.275 -4.95 4.6
    endloop
  endfacet
  facet normal 0 0 1
    outer loop
      vertex 6.1 -5 4.6
      vertex 0.275 -3.95 4.6
      vertex 0.275 -4.05 4.6
    endloop
  endfacet
  facet normal 0 0 1
    outer loop
      vertex 6.1 -5 4.6
      vertex 0.275 -3.05 4.6
      vertex 0.275 -3.95 4.6
    endloop
  endfacet
  facet normal 0 0 1
    outer loop
      vertex 6.1 -5 4.6
      vertex 0.275 -2.95 4.6
      vertex 0.275 -3.05 4.6
    endloop
  endfacet
  facet normal 0 0 1
    outer loop
      vertex 6.1 -5 4.6
      vertex 0.275 -2.05 4.6
      vertex 0.275 -2.95 4.6
    endloop
  endfacet
  facet normal 0 0 1
    outer loop
      vertex 6.1 -5 4.6
      vertex 0.275 -1.95 4.6
      vertex 0.275 -2.05 4.6
    endloop
  endfacet
  facet normal 0 0 1
    outer loop
      vertex 6.1 -5 4.6
      vertex 0.275 -1.05 4.6
      vertex 0.275 -1.95 4.6
    endloop
  endfacet
  facet normal 0 0 1
    outer loop
      vertex 0.06 -2.95 4.6
      vertex 0.275 -2.05 4.6
      vertex 0.06 -2.05 4.6
    endloop
  endfacet
  facet normal 0 0 1
    outer loop
      vertex 0.275 -1.95 4.6
      vertex 0.275 -1.05 4.6
      vertex 0.06 -1.95 4.6
    endloop
  endfacet
  facet normal 0 0 1
    outer loop
      vertex 0.06 -1.95 4.6
      vertex 0.275 -1.05 4.6
      vertex 0.06 -1.05 4.6
    endloop
  endfacet
  facet normal 0 0 1
    outer loop
      vertex 0.275 -0.95 4.6
      vertex 0.95 -0.275 4.6
      vertex 0.06 -0.95 4.6
    endloop
  endfacet
  facet normal 0 0 1
    outer loop
      vertex 0.06 -0.95 4.6
      vertex 0.95 -0.06 4.6
      vertex 0.06 -0.06 4.6
    endloop
  endfacet
  facet normal 0 0 1
    outer loop
      vertex 0.06 -0.95 4.6
      vertex 0.95 -0.275 4.6
      vertex 0.95 -0.06 4.6
    endloop
  endfacet
  facet normal 0 0 1
    outer loop
      vertex 1.05 -0.275 4.6
      vertex 1.95 -0.275 4.6
      vertex 1.05 -0.06 4.6
    endloop
  endfacet
  facet normal 0 0 1
    outer loop
      vertex 1.05 -0.06 4.6
      vertex 1.95 -0.275 4.6
      vertex 1.95 -0.06 4.6
    endloop
  endfacet
  facet normal 0 0 1
    outer loop
      vertex 6.1 -5 4.6
      vertex 0.275 -0.95 4.6
      vertex 0.275 -1.05 4.6
    endloop
  endfacet
  facet normal 0 0 1
    outer loop
      vertex 6.1 -5 4.6
      vertex 0.95 -0.275 4.6
      vertex 0.275 -0.95 4.6
    endloop
  endfacet
  facet normal 0 0 1
    outer loop
      vertex 6.1 -5 4.6
      vertex 1.05 -0.275 4.6
      vertex 0.95 -0.275 4.6
    endloop
  endfacet
  facet normal 0 0 1
    outer loop
      vertex 6.1 -5 4.6
      vertex 1.95 -0.275 4.6
      vertex 1.05 -0.275 4.6
    endloop
  endfacet
  facet normal 0 0 1
    outer loop
      vertex 6.1 -5 4.6
      vertex 2.05 -0.275 4.6
      vertex 1.95 -0.275 4.6
    endloop
  endfacet
  facet normal 0 0 1
    outer loop
      vertex 2.05 -0.275 4.6
      vertex 2.95 -0.275 4.6
      vertex 2.05 -0.06 4.6
    endloop
  endfacet
  facet normal 0 0 1
    outer loop
      vertex 2.05 -0.06 4.6
      vertex 2.95 -0.275 4.6
      vertex 2.95 -0.06 4.6
    endloop
  endfacet
  facet normal 0 0 1
    outer loop
      vertex 3.05 -0.275 4.6
      vertex 3.95 -0.275 4.6
      vertex 3.05 -0.06 4.6
    endloop
  endfacet
  facet normal 0 -1 0
    outer loop
      vertex 5.1 -5 3.4
      vertex 6.1 -5 3.4
      vertex 6.1 -5 4.6
    endloop
  endfacet
  facet normal 0.7071067811865476 -0.7071067811865476 0
    outer loop
      vertex 6.1 -5 3.4
      vertex 7.1 -4 3.4
      vertex 6.1 -5 4.6
    endloop
  endfacet
  facet normal 0.7071067811865476 -0.7071067811865476 0
    outer loop
      vertex 7.1 -4 3.4
      vertex 7.1 -4 4.6
      vertex 6.1 -5 4.6
    endloop
  endfacet
  facet normal 0 0 1
    outer loop
      vertex 6.1 -5 4.6
      vertex 7.1 -4 4.6
      vertex 6.05 -0.06 4.6
    endloop
  endfacet
  facet normal 0 0 1
    outer loop
      vertex 6.1 -5 4.6
      vertex 2.95 -0.275 4.6
      vertex 2.05 -0.275 4.6
    endloop
  endfacet
  facet normal 0 0 1
    outer loop
      vertex 6.1 -5 4.6
      vertex 3.05 -0.275 4.6
      vertex 2.95 -0.275 4.6
    endloop
  endfacet
  facet normal 0 0 1
    outer loop
      vertex 6.1 -5 4.6
      vertex 3.95 -0.275 4.6
      vertex 3.05 -0.275 4.6
    endloop
  endfacet
  facet normal 0 0 1
    outer loop
      vertex 6.1 -5 4.6
      vertex 4.05 -0.275 4.6
      vertex 3.95 -0.275 4.6
    endloop
  endfacet
  facet normal 0 0 1
    outer loop
      vertex 6.1 -5 4.6
      vertex 4.95 -0.275 4.6
      vertex 4.05 -0.275 4.6
    endloop
  endfacet
  facet normal 0 0 1
    outer loop
      vertex 3.05 -0.06 4.6
      vertex 3.95 -0.275 4.6
      vertex 3.95 -0.06 4.6
    endloop
  endfacet
  facet normal 0 0 1
    outer loop
      vertex 4.05 -0.275 4.6
      vertex 4.95 -0.275 4.6
      vertex 4.05 -0.06 4.6
    endloop
  endfacet
  facet normal 0 0 1
    outer loop
      vertex 4.05 -0.06 4.6
      vertex 4.95 -0.275 4.6
      vertex 4.95 -0.06 4.6
    endloop
  endfacet
  facet normal 1 0 0
    outer loop
      vertex 7.1 -4 3.4
      vertex 7.1 4 3.4
      vertex 7.1 -4 4.6
    endloop
  endfacet
  facet normal 0 0 1
    outer loop
      vertex 6.1 -5 4.6
      vertex 5.05 -0.275 4.6
      vertex 4.95 -0.275 4.6
    endloop
  endfacet
  facet normal 0 0 1
    outer loop
      vertex 6.1 -5 4.6
      vertex 5.95 -0.275 4.6
      vertex 5.05 -0.275 4.6
    endloop
  endfacet
  facet normal 0 0 1
    outer loop
      vertex 6.1 -5 4.6
      vertex 6.05 -0.275 4.6
      vertex 5.95 -0.275 4.6
    endloop
  endfacet
  facet normal 0 0 1
    outer loop
      vertex 6.1 -5 4.6
      vertex 6.05 -0.06 4.6
      vertex 6.05 -0.275 4.6
    endloop
  endfacet
  facet normal 0 0 1
    outer loop
      vertex 7.1 -4 4.6
      vertex 6.95 -0.275 4.6
      vertex 6.05 -0.06 4.6
    endloop
  endfacet
  facet normal 0 0 1
    outer loop
      vertex 7.1 -4 4.6
      vertex 7.05 -0.275 4.6
      vertex 6.95 -0.275 4.6
    endloop
  endfacet
  facet normal 0 0 1
    outer loop
      vertex 7.1 -4 4.6
      vertex 7.05 -0.06 4.6
      vertex 7.05 -0.275 4.6
    endloop
  endfacet
  facet normal 1 0 0
    outer loop
      vertex 7.1 -4 4.6
      vertex 7.1 -0.06 4.4799999999999995
      vertex 7.1 -0.06 4.6
    endloop
  endfacet
  facet normal 0 0 1
    outer loop
      vertex 7.1 -4 4.6
      vertex 7.1 -0.06 4.6
      vertex 7.05 -0.06 4.6
    endloop
  endfacet
  facet normal 0 0 1
    outer loop
      vertex 5.05 -0.275 4.6
      vertex 5.95 -0.275 4.6
      vertex 5.05 -0.06 4.6
    endloop
  endfacet
  facet normal 0 0 1
    outer loop
      vertex 5.05 -0.06 4.6
      vertex 5.95 -0.275 4.6
      vertex 5.95 -0.06 4.6
    endloop
  endfacet
  facet normal 1 0 0
    outer loop
      vertex 7.1 -4 4.6
      vertex 7.1 4 3.4
      vertex 7.1 -0.06 4.4799999999999995
    endloop
  endfacet
  facet normal 0 0 1
    outer loop
      vertex 6.05 -0.06 4.6
      vertex 6.95 -0.275 4.6
      vertex 6.95 -0.06 4.6
    endloop
  endfacet
  facet normal 0 0 -1
    outer loop
      vertex -5.1 5 3.4
      vertex 5.1 5 3.4
      vertex 5.1 -5 3.4
    endloop
  endfacet
  facet normal 0 0 1
    outer loop
      vertex 0.06 0.06 4.6
      vertex 0.95 0.06 4.6
      vertex 0.95 0.275 4.6
    endloop
  endfacet
  facet normal 0 0 1
    outer loop
      vertex 0.06 0.06 4.6
      vertex 0.275 0.95 4.6
      vertex 0.06 0.95 4.6
    endloop
  endfacet
  facet normal 0 0 1
    outer loop
      vertex 1.05 0.06 4.6
      vertex 1.95 0.06 4.6
      vertex 1.05 0.275 4.6
    endloop
  endfacet
  facet normal 0 0 1
    outer loop
      vertex 1.05 0.275 4.6
      vertex 1.95 0.06 4.6
      vertex 1.95 0.275 4.6
    endloop
  endfacet
  facet normal 0 0 1
    outer loop
      vertex 0.275 1.05 4.6
      vertex 0.275 1.95 4.6
      vertex 0.06 1.05 4.6
    endloop
  endfacet
  facet normal 0 0 1
    outer loop
      vertex 0.06 1.05 4.6
      vertex 0.275 1.95 4.6
      vertex 0.06 1.95 4.6
    endloop
  endfacet
  facet normal 0 0 1
    outer loop
      vertex 0.275 2.05 4.6
      vertex 0.275 2.95 4.6
      vertex 0.06 2.05 4.6
    endloop
  endfacet
  facet normal 0 0 1
    outer loop
      vertex 2.05 0.06 4.6
      vertex 2.95 0.06 4.6
      vertex 2.05 0.275 4.6
    endloop
  endfacet
  facet normal 0 0 1
    outer loop
      vertex 2.05 0.275 4.6
      vertex 2.95 0.06 4.6
      vertex 2.95 0.275 4.6
    endloop
  endfacet
  facet normal 0 0 1
    outer loop
      vertex 3.05 0.06 4.6
      vertex 3.95 0.06 4.6
      vertex 3.05 0.275 4.6
    endloop
  endfacet
  facet normal 0 0 1
    outer loop
      vertex 6.1 5 4.6
      vertex 0.06 0.06 4.6
      vertex 0.95 0.275 4.6
    endloop
  endfacet
  facet normal 0 0 1
    outer loop
      vertex 6.1 5 4.6
      vertex 0.275 0.95 4.6
      vertex 0.06 0.06 4.6
    endloop
  endfacet
  facet normal 0 0 1
    outer loop
      vertex 6.1 5 4.6
      vertex 0.275 1.05 4.6
      vertex 0.275 0.95 4.6
    endloop
  endfacet
  facet normal 0 0 1
    outer loop
      vertex 6.1 5 4.6
      vertex 0.95 0.275 4.6
      vertex 1.05 0.275 4.6
    endloop
  endfacet
  facet normal 0 0 1
    outer loop
      vertex 6.1 5 4.6
      vertex 1.05 0.275 4.6
      vertex 1.95 0.275 4.6
    endloop
  endfacet
  facet normal 0 0 1
    outer loop
      vertex 6.1 5 4.6
      vertex 1.95 0.275 4.6
      vertex 2.05 0.275 4.6
    endloop
  endfacet
  facet normal 0 0 1
    outer loop
      vertex 0.06 2.05 4.6
      vertex 0.275 2.95 4.6
      vertex 0.06 2.95 4.6
    endloop
  endfacet
  facet normal 0 0 1
    outer loop
      vertex 0.275 3.05 4.6
      vertex 0.275 3.95 4.6
      vertex 0.06 3.05 4.6
    endloop
  endfacet
  facet normal 0 0 1
    outer loop
      vertex 0.06 3.05 4.6
      vertex 0.275 3.95 4.6
      vertex 0.06 3.95 4.6
    endloop
  endfacet
  facet normal 0 0 1
    outer loop
      vertex 0.275 4.05 4.6
      vertex 0.275 4.95 4.6
      vertex 0.06 4.05 4.6
    endloop
  endfacet
  facet normal 0 1 0
    outer loop
      vertex -6.1 5 3.4
      vertex 0.275 5 4.4799999999999995
      vertex 6.1 5 4.6
    endloop
  endfacet
  facet normal 0 0 1
    outer loop
      vertex 0.06 4.05 4.6
      vertex 0.275 4.95 4.6
      vertex 0.06 4.95 4.6
    endloop
  endfacet
  facet normal 0 0 1
    outer loop
      vertex 6.1 5 4.6
      vertex 0.275 1.95 4.6
      vertex 0.275 1.05 4.6
    endloop
  endfacet
  facet normal 0 0 1
    outer loop
      vertex 6.1 5 4.6
      vertex 0.275 2.05 4.6
      vertex 0.275 1.95 4.6
    endloop
  endfacet
  facet normal 0 0 1
    outer loop
      vertex 6.1 5 4.6
      vertex 0.275 2.95 4.6
      vertex 0.275 2.05 4.6
    endloop
  endfacet
  facet normal 0 0 1
    outer loop
      vertex 6.1 5 4.6
      vertex 0.275 3.05 4.6
      vertex 0.275 2.95 4.6
    endloop
  endfacet
  facet normal 0 1 0
    outer loop
      vertex -5.1 5 3.4
      vertex 6.1 5 4.6
      vertex 5.1 5 3.4
    endloop
  endfacet
  facet normal 0 0 1
    outer loop
      vertex 6.1 5 4.6
      vertex 0.275 3.95 4.6
      vertex 0.275 3.05 4.6
    endloop
  endfacet
  facet normal 0 0 1
    outer loop
      vertex 6.1 5 4.6
      vertex 0.275 4.05 4.6
      vertex 0.275 3.95 4.6
    endloop
  endfacet
  facet normal 0 0 1
    outer loop
      vertex 6.1 5 4.6
      vertex 0.275 4.95 4.6
      vertex 0.275 4.05 4.6
    endloop
  endfacet
  facet normal 0 1 0
    outer loop
      vertex 6.1 5 4.6
      vertex 0.275 5 4.4799999999999995
      vertex 0.275 5 4.6
    endloop
  endfacet
  facet normal 0 0 1
    outer loop
      vertex 6.1 5 4.6
      vertex 0.275 5 4.6
      vertex 0.275 4.95 4.6
    endloop
  endfacet
  facet normal 0 0 1
    outer loop
      vertex 3.05 0.275 4.6
      vertex 3.95 0.06 4.6
      vertex 3.95 0.275 4.6
    endloop
  endfacet
  facet normal 0 0 1
    outer loop
      vertex 4.05 0.06 4.6
      vertex 4.95 0.06 4.6
      vertex 4.05 0.275 4.6
    endloop
  endfacet
  facet normal 0 0 1
    outer loop
      vertex 4.05 0.275 4.6
      vertex 4.95 0.06 4.6
      vertex 4.95 0.275 4.6
    endloop
  endfacet
  facet normal 0 0 1
    outer loop
      vertex 6.1 5 4.6
      vertex 2.05 0.275 4.6
      vertex 2.95 0.275 4.6
    endloop
  endfacet
  facet normal 0 0 1
    outer loop
      vertex 6.1 5 4.6
      vertex 2.95 0.275 4.6
      vertex 3.05 0.275 4.6
    endloop
  endfacet
  facet normal 0 0 1
    outer loop
      vertex 6.1 5 4.6
      vertex 3.05 0.275 4.6
      vertex 3.95 0.275 4.6
    endloop
  endfacet
  facet normal 0 0 1
    outer loop
      vertex 6.1 5 4.6
      vertex 3.95 0.275 4.6
      vertex 4.05 0.275 4.6
    endloop
  endfacet
  facet normal 0 0 1
    outer loop
      vertex 6.1 5 4.6
      vertex 4.05 0.275 4.6
      vertex 4.95 0.275 4.6
    endloop
  endfacet
  facet normal 0 0 1
    outer loop
      vertex 5.05 0.06 4.6
      vertex 5.95 0.06 4.6
      vertex 5.05 0.275 4.6
    endloop
  endfacet
  facet normal 0 0 1
    outer loop
      vertex 5.05 0.275 4.6
      vertex 5.95 0.06 4.6
      vertex 5.95 0.275 4.6
    endloop
  endfacet
  facet normal 0 0 1
    outer loop
      vertex 6.05 0.06 4.6
      vertex 6.95 0.06 4.6
      vertex 6.95 0.275 4.6
    endloop
  endfacet
  facet normal 0 0 1
    outer loop
      vertex 6.1 5 4.6
      vertex 4.95 0.275 4.6
      vertex 5.05 0.275 4.6
    endloop
  endfacet
  facet normal 0 0 1
    outer loop
      vertex 6.1 5 4.6
      vertex 5.05 0.275 4.6
      vertex 5.95 0.275 4.6
    endloop
  endfacet
  facet normal 0 0 1
    outer loop
      vertex 6.1 5 4.6
      vertex 6.05 0.275 4.6
      vertex 6.05 0.06 4.6
    endloop
  endfacet
  facet normal 0 0 1
    outer loop
      vertex 6.1 5 4.6
      vertex 5.95 0.275 4.6
      vertex 6.05 0.275 4.6
    endloop
  endfacet
  facet normal 1 0 0
    outer loop
      vertex 7.1 4 3.4
      vertex 7.1 0.0598326359832636 4.4799999999999995
      vertex 7.1 -0.06 4.4799999999999995
    endloop
  endfacet
  facet normal 1 0 0
    outer loop
      vertex 7.1 4 3.4
      vertex 7.1 0.06 4.4799999999999995
      vertex 7.1 0.0598326359832636 4.4799999999999995
    endloop
  endfacet
  facet normal 0 0 1
    outer loop
      vertex 7.1 4 4.6
      vertex 6.05 0.06 4.6
      vertex 6.95 0.275 4.6
    endloop
  endfacet
  facet normal 1 0 0
    outer loop
      vertex 7.1 4 4.6
      vertex 7.1 0.06 4.6
      vertex 7.1 0.06 4.4799999999999995
    endloop
  endfacet
  facet normal 0 0 1
    outer loop
      vertex 7.1 4 4.6
      vertex 7.05 0.06 4.6
      vertex 7.1 0.06 4.6
    endloop
  endfacet
  facet normal 0 0 1
    outer loop
      vertex 7.1 4 4.6
      vertex 7.05 0.275 4.6
      vertex 7.05 0.06 4.6
    endloop
  endfacet
  facet normal 0 0 1
    outer loop
      vertex 7.1 4 4.6
      vertex 6.95 0.275 4.6
      vertex 7.05 0.275 4.6
    endloop
  endfacet
  facet normal 1 0 0
    outer loop
      vertex 7.1 4 3.4
      vertex 7.1 4 4.6
      vertex 7.1 0.06 4.4799999999999995
    endloop
  endfacet
  facet normal 0 0 1
    outer loop
      vertex 6.1 5 4.6
      vertex 6.05 0.06 4.6
      vertex 7.1 4 4.6
    endloop
  endfacet
  facet normal 0 1 0
    outer loop
      vertex 5.1 5 3.4
      vertex 6.1 5 4.6
      vertex 6.1 5 3.4
    endloop
  endfacet
  facet normal 0.7071067811865476 0.7071067811865476 0
    outer loop
      vertex 6.1 5 3.4
      vertex 6.1 5 4.6
      vertex 7.1 4 3.4
    endloop
  endfacet
  facet normal 0.7071067811865476 0.7071067811865476 0
    outer loop
      vertex 7.1 4 3.4
      vertex 6.1 5 4.6
      vertex 7.1 4 4.6
    endloop
  endfacet
  facet normal 0 -1 0
    outer loop
      vertex -5.1 -2.2 0.19
      vertex -5.089090081618599 -2.2 0.19
      vertex -5.089090081618599 -2.2 0.2
    endloop
  endfacet
  facet normal 0 -1 0
    outer loop
      vertex -5.1 -2.2 0.19
      vertex -5.089090081618599 -2.2 0.2
      vertex -5.1 -2.2 0.2
    endloop
  endfacet
  facet normal 0 -1 0
    outer loop
      vertex -5.1 -2.2 0.21499999999999983
      vertex -5.089090081618599 -2.2 0.23136487757210145
      vertex -5.089090081618599 -2.2 1.9686351224278986
    endloop
  endfacet
  facet normal 0 0 -1
    outer loop
      vertex -5.082488875255624 -2.1895708153431275 0.19
      vertex -4.729627500442179 1.4731790764583157 0.19
      vertex -4.949566410403396 -1.9530560483769293 0.19
    endloop
  endfacet
  facet normal 0 0 -1
    outer loop
      vertex -5.1 -2.2 0.19
      vertex -5.1 2.2 0.19
      vertex -5.089090081618599 -2.2 0.19
    endloop
  endfacet
  facet normal 0 0 -1
    outer loop
      vertex -5.089090081618599 -2.2 0.19
      vertex -5.1 2.2 0.19
      vertex -5.082488875255624 -2.1895708153431275 0.19
    endloop
  endfacet
  facet normal 0 0 -1
    outer loop
      vertex -4.949566410403396 -1.9530560483769293 0.19
      vertex -4.729627500442179 1.4731790764583157 0.19
      vertex -4.831898165255144 -1.7141617834610061 0.19
    endloop
  endfacet
  facet normal 0 0 -1
    outer loop
      vertex -4.831898165255144 -1.7141617834610061 0.19
      vertex -4.729627500442179 1.4731790764583157 0.19
      vertex -4.729627500442179 -1.4731790764583157 0.19
    endloop
  endfacet
  facet normal 0 0 -1
    outer loop
      vertex -4.729627500442179 -1.4731790764583157 0.19
      vertex -4.709999999999999 1.4182488199528533 0.19
      vertex -4.709999999999999 -1.4182488199528533 0.19
    endloop
  endfacet
  facet normal 1 0 0
    outer loop
      vertex -4.709999999999999 -1.4182488199528533 0.19
      vertex -4.709999999999999 1.4182488199528533 0.2
      vertex -4.709999999999999 -1.4182488199528533 0.2
    endloop
  endfacet
  facet normal 0 -1 0
    outer loop
      vertex -5.1 -2.2 0.21499999999999983
      vertex -5.089090081618599 -2.2 1.9686351224278986
      vertex -5.1 -2.2 1.9850000000000003
    endloop
  endfacet
  facet normal 1 0 0
    outer loop
      vertex -4.709999999999999 -1.4182488199528533 0.8
      vertex -4.709999999999999 1.4182488199528533 1.4
      vertex -4.709999999999999 -1.4182488199528533 1.4
    endloop
  endfacet
  facet normal 0 0 -1
    outer loop
      vertex -5.082488875255624 -2.1895708153431275 0.19
      vertex -5.1 2.2 0.19
      vertex -4.729627500442179 1.4731790764583157 0.19
    endloop
  endfacet
  facet normal 0 0 -1
    outer loop
      vertex -4.729627500442179 -1.4731790764583157 0.19
      vertex -4.729627500442179 1.4731790764583157 0.19
      vertex -4.709999999999999 1.4182488199528533 0.19
    endloop
  endfacet
  facet normal 1 0 0
    outer loop
      vertex -4.709999999999999 -1.4182488199528533 0.19
      vertex -4.709999999999999 1.4182488199528533 0.19
      vertex -4.709999999999999 1.4182488199528533 0.2
    endloop
  endfacet
  facet normal 1 0 0
    outer loop
      vertex -4.709999999999999 -1.4182488199528533 0.8
      vertex -4.709999999999999 1.4182488199528533 0.8
      vertex -4.709999999999999 1.4182488199528533 1.4
    endloop
  endfacet
  facet normal 0 0 -1
    outer loop
      vertex -4.729627500442179 1.4731790764583157 0.19
      vertex -5.1 2.2 0.19
      vertex -4.831898165255144 1.7141617834610061 0.19
    endloop
  endfacet
  facet normal 0 0 -1
    outer loop
      vertex -4.831898165255144 1.7141617834610061 0.19
      vertex -5.1 2.2 0.19
      vertex -4.949566410403396 1.9530560483769293 0.19
    endloop
  endfacet
  facet normal 0 0 -1
    outer loop
      vertex -4.949566410403396 1.9530560483769293 0.19
      vertex -5.1 2.2 0.19
      vertex -5.082488875255624 2.1895708153431275 0.19
    endloop
  endfacet
  facet normal 0 0 -1
    outer loop
      vertex -5.1 2.2 0.19
      vertex -5.089090081618599 2.2 0.19
      vertex -5.082488875255624 2.1895708153431275 0.19
    endloop
  endfacet
  facet normal 0 1 0
    outer loop
      vertex -5.1 2.2 0.19
      vertex -5.1 2.2 0.2
      vertex -5.089090081618599 2.2 0.19
    endloop
  endfacet
  facet normal 0 1 0
    outer loop
      vertex -5.089090081618599 2.2 0.19
      vertex -5.1 2.2 0.2
      vertex -5.089090081618599 2.2 0.2
    endloop
  endfacet
  facet normal 0 1 0
    outer loop
      vertex -5.1 2.2 0.21499999999999983
      vertex -5.1 2.2 1.9850000000000003
      vertex -5.089090081618599 2.2 0.23136487757210145
    endloop
  endfacet
  facet normal 0 1 0
    outer loop
      vertex -5.089090081618599 2.2 0.23136487757210145
      vertex -5.1 2.2 1.9850000000000003
      vertex -5.089090081618599 2.2 1.9686351224278986
    endloop
  endfacet
  facet normal 0 -1 0
    outer loop
      vertex 5.089090081618599 -2.2 0.19
      vertex 5.1 -2.2 0.19
      vertex 5.1 -2.2 0.2
    endloop
  endfacet
  facet normal 0 -1 0
    outer loop
      vertex 5.089090081618599 -2.2 0.19
      vertex 5.1 -2.2 0.2
      vertex 5.089090081618599 -2.2 0.2
    endloop
  endfacet
  facet normal 0 0 -1
    outer loop
      vertex 5.089090081618599 -2.2 0.19
      vertex 5.082488875255624 -2.1895708153431275 0.19
      vertex 5.1 -2.2 0.19
    endloop
  endfacet
  facet normal 0 -1 0
    outer loop
      vertex 5.1 -2.2 0.21499999999999983
      vertex 5.1 -2.2 1.9850000000000003
      vertex 5.089090081618599 -2.2 0.23136487757210145
    endloop
  endfacet
  facet normal 0 0 -1
    outer loop
      vertex 4.949566410403396 -1.9530560483769293 0.19
      vertex 4.831898165255144 -1.7141617834610061 0.19
      vertex 4.729627500442179 1.4731790764583157 0.19
    endloop
  endfacet
  facet normal 0 0 -1
    outer loop
      vertex 5.082488875255624 -2.1895708153431275 0.19
      vertex 4.729627500442179 1.4731790764583157 0.19
      vertex 5.1 -2.2 0.19
    endloop
  endfacet
  facet normal 0 0 -1
    outer loop
      vertex 5.082488875255624 -2.1895708153431275 0.19
      vertex 4.949566410403396 -1.9530560483769293 0.19
      vertex 4.729627500442179 1.4731790764583157 0.19
    endloop
  endfacet
  facet normal 0 0 -1
    outer loop
      vertex 4.831898165255144 -1.7141617834610061 0.19
      vertex 4.729627500442179 -1.4731790764583157 0.19
      vertex 4.729627500442179 1.4731790764583157 0.19
    endloop
  endfacet
  facet normal -1 0 0
    outer loop
      vertex 4.709999999999999 -1.4182488199528533 0.19
      vertex 4.709999999999999 -1.4182488199528533 0.2
      vertex 4.709999999999999 1.4182488199528533 0.2
    endloop
  endfacet
  facet normal 0 0 -1
    outer loop
      vertex 4.709999999999999 -1.4182488199528533 0.19
      vertex 4.709999999999999 1.4182488199528533 0.19
      vertex 4.729627500442179 -1.4731790764583157 0.19
    endloop
  endfacet
  facet normal 0 -1 0
    outer loop
      vertex 5.089090081618599 -2.2 0.23136487757210145
      vertex 5.1 -2.2 1.9850000000000003
      vertex 5.089090081618599 -2.2 1.9686351224278986
    endloop
  endfacet
  facet normal -1 0 0
    outer loop
      vertex 4.709999999999999 -1.4182488199528533 0.8
      vertex 4.709999999999999 -1.4182488199528533 1.4
      vertex 4.709999999999999 1.4182488199528533 1.4
    endloop
  endfacet
  facet normal -1 0 0
    outer loop
      vertex 4.709999999999999 -1.4182488199528533 0.19
      vertex 4.709999999999999 1.4182488199528533 0.2
      vertex 4.709999999999999 1.4182488199528533 0.19
    endloop
  endfacet
  facet normal 0 0 -1
    outer loop
      vertex 4.729627500442179 -1.4731790764583157 0.19
      vertex 4.709999999999999 1.4182488199528533 0.19
      vertex 4.729627500442179 1.4731790764583157 0.19
    endloop
  endfacet
  facet normal 0 0 -1
    outer loop
      vertex 5.1 -2.2 0.19
      vertex 4.729627500442179 1.4731790764583157 0.19
      vertex 4.831898165255144 1.7141617834610061 0.19
    endloop
  endfacet
  facet normal 0 0 -1
    outer loop
      vertex 5.1 -2.2 0.19
      vertex 4.831898165255144 1.7141617834610061 0.19
      vertex 4.949566410403396 1.9530560483769293 0.19
    endloop
  endfacet
  facet normal 0 0 -1
    outer loop
      vertex 5.1 -2.2 0.19
      vertex 4.949566410403396 1.9530560483769293 0.19
      vertex 5.082488875255624 2.1895708153431275 0.19
    endloop
  endfacet
  facet normal 0 0 -1
    outer loop
      vertex 5.1 -2.2 0.19
      vertex 5.082488875255624 2.1895708153431275 0.19
      vertex 5.089090081618599 2.2 0.19
    endloop
  endfacet
  facet normal 0 0 -1
    outer loop
      vertex 5.1 -2.2 0.19
      vertex 5.089090081618599 2.2 0.19
      vertex 5.1 2.2 0.19
    endloop
  endfacet
  facet normal -1 0 0
    outer loop
      vertex 4.709999999999999 -1.4182488199528533 0.8
      vertex 4.709999999999999 1.4182488199528533 1.4
      vertex 4.709999999999999 1.4182488199528533 0.8
    endloop
  endfacet
  facet normal 0 1 0
    outer loop
      vertex 5.1 2.2 0.19
      vertex 5.089090081618599 2.2 0.2
      vertex 5.1 2.2 0.2
    endloop
  endfacet
  facet normal 0 1 0
    outer loop
      vertex 5.089090081618599 2.2 0.19
      vertex 5.089090081618599 2.2 0.2
      vertex 5.1 2.2 0.19
    endloop
  endfacet
  facet normal 0 1 0
    outer loop
      vertex 5.1 2.2 0.21499999999999983
      vertex 5.089090081618599 2.2 0.23136487757210145
      vertex 5.089090081618599 2.2 1.9686351224278986
    endloop
  endfacet
  facet normal 0 1 0
    outer loop
      vertex 5.1 2.2 0.21499999999999983
      vertex 5.089090081618599 2.2 1.9686351224278986
      vertex 5.1 2.2 1.9850000000000003
    endloop
  endfacet
  facet normal 0.8320502943378438 0 0.5547001962252289
    outer loop
      vertex -4.729627500442179 -1.4731790764583157 1.4294412506632694
      vertex -5.1 -2.2 1.9850000000000003
      vertex -4.831898165255144 -1.7141617834610061 1.5828472478827162
    endloop
  endfacet
  facet normal 0.8320502943378472 -1.902826691714305e-14 0.5547001962252238
    outer loop
      vertex -5.082488875255624 -2.1895708153431275 1.958733312883437
      vertex -5.1 -2.2 1.9850000000000003
      vertex -5.089090081618599 -2.2 1.9686351224278986
    endloop
  endfacet
  facet normal 0.8320502943378435 0 0.5547001962252295
    outer loop
      vertex -4.831898165255144 -1.7141617834610061 1.5828472478827162
      vertex -5.1 -2.2 1.9850000000000003
      vertex -4.949566410403396 -1.9530560483769293 1.7593496156050943
    endloop
  endfacet
  facet normal 0.8320502943378437 0 0.5547001962252291
    outer loop
      vertex -5.082488875255624 -2.1895708153431275 1.958733312883437
      vertex -4.949566410403396 -1.9530560483769293 1.7593496156050943
      vertex -5.1 -2.2 1.9850000000000003
    endloop
  endfacet
  facet normal 0.8320502943378398 0 0.5547001962252349
    outer loop
      vertex -4.709999999999999 -1.4182488199528533 1.4
      vertex -4.709999999999999 1.4182488199528533 1.4
      vertex -4.729627500442179 -1.4731790764583157 1.4294412506632694
    endloop
  endfacet
  facet normal 0.8320502943378437 0 0.5547001962252291
    outer loop
      vertex -4.729627500442179 -1.4731790764583157 1.4294412506632694
      vertex -5.082488875255624 2.1895708153431275 1.958733312883437
      vertex -5.1 -2.2 1.9850000000000003
    endloop
  endfacet
  facet normal 0.8320502943378398 0 0.5547001962252349
    outer loop
      vertex -4.729627500442179 -1.4731790764583157 1.4294412506632694
      vertex -4.709999999999999 1.4182488199528533 1.4
      vertex -4.729627500442179 1.4731790764583157 1.4294412506632694
    endloop
  endfacet
  facet normal 0.8320502943378437 0 0.5547001962252291
    outer loop
      vertex -4.729627500442179 -1.4731790764583157 1.4294412506632694
      vertex -4.729627500442179 1.4731790764583157 1.4294412506632694
      vertex -4.831898165255144 1.7141617834610061 1.5828472478827162
    endloop
  endfacet
  facet normal 0.8320502943378436 0 0.554700196225229
    outer loop
      vertex -4.729627500442179 -1.4731790764583157 1.4294412506632694
      vertex -4.949566410403396 1.9530560483769293 1.7593496156050943
      vertex -5.082488875255624 2.1895708153431275 1.958733312883437
    endloop
  endfacet
  facet normal 0.8320502943378438 0 0.5547001962252291
    outer loop
      vertex -4.729627500442179 -1.4731790764583157 1.4294412506632694
      vertex -4.831898165255144 1.7141617834610061 1.5828472478827162
      vertex -4.949566410403396 1.9530560483769293 1.7593496156050943
    endloop
  endfacet
  facet normal 0.832050294337838 7.321886393553666e-17 0.5547001962252377
    outer loop
      vertex -5.1 -2.2 1.9850000000000003
      vertex -5.082488875255624 2.1895708153431275 1.958733312883437
      vertex -5.089090081618599 2.2 1.9686351224278986
    endloop
  endfacet
  facet normal 0.8320502943378472 0 0.5547001962252239
    outer loop
      vertex -5.1 -2.2 1.9850000000000003
      vertex -5.089090081618599 2.2 1.9686351224278986
      vertex -5.1 2.2 1.9850000000000003
    endloop
  endfacet
  facet normal -0.8320502943378398 0 0.5547001962252349
    outer loop
      vertex 4.709999999999999 -1.4182488199528533 1.4
      vertex 4.729627500442179 -1.4731790764583157 1.4294412506632694
      vertex 4.709999999999999 1.4182488199528533 1.4
    endloop
  endfacet
  facet normal -0.8320502943378437 0 0.5547001962252291
    outer loop
      vertex 4.729627500442179 -1.4731790764583157 1.4294412506632694
      vertex 4.831898165255144 -1.7141617834610061 1.5828472478827162
      vertex 5.1 2.2 1.9850000000000003
    endloop
  endfacet
  facet normal -0.8320502943378436 0 0.554700196225229
    outer loop
      vertex 5.082488875255624 -2.1895708153431275 1.958733312883437
      vertex 5.1 2.2 1.9850000000000003
      vertex 4.949566410403396 -1.9530560483769293 1.7593496156050943
    endloop
  endfacet
  facet normal -0.832050294337838 -7.425011554026255e-17 0.5547001962252376
    outer loop
      vertex 5.082488875255624 -2.1895708153431275 1.958733312883437
      vertex 5.089090081618599 -2.2 1.9686351224278986
      vertex 5.1 2.2 1.9850000000000003
    endloop
  endfacet
  facet normal -0.8320502943378472 0 0.5547001962252239
    outer loop
      vertex 5.089090081618599 -2.2 1.9686351224278986
      vertex 5.1 -2.2 1.9850000000000003
      vertex 5.1 2.2 1.9850000000000003
    endloop
  endfacet
  facet normal -0.8320502943378437 0 0.554700196225229
    outer loop
      vertex 4.831898165255144 -1.7141617834610061 1.5828472478827162
      vertex 4.949566410403396 -1.9530560483769293 1.7593496156050943
      vertex 5.1 2.2 1.9850000000000003
    endloop
  endfacet
  facet normal -0.8320502943378398 0 0.5547001962252349
    outer loop
      vertex 4.729627500442179 -1.4731790764583157 1.4294412506632694
      vertex 4.729627500442179 1.4731790764583157 1.4294412506632694
      vertex 4.709999999999999 1.4182488199528533 1.4
    endloop
  endfacet
  facet normal -0.8320502943378437 0 0.5547001962252291
    outer loop
      vertex 4.729627500442179 -1.4731790764583157 1.4294412506632694
      vertex 4.831898165255144 1.7141617834610061 1.5828472478827162
      vertex 4.729627500442179 1.4731790764583157 1.4294412506632694
    endloop
  endfacet
  facet normal -0.8320502943378438 0 0.5547001962252291
    outer loop
      vertex 4.729627500442179 -1.4731790764583157 1.4294412506632694
      vertex 4.949566410403396 1.9530560483769293 1.7593496156050943
      vertex 4.831898165255144 1.7141617834610061 1.5828472478827162
    endloop
  endfacet
  facet normal -0.8320502943378436 0 0.554700196225229
    outer loop
      vertex 4.729627500442179 -1.4731790764583157 1.4294412506632694
      vertex 5.082488875255624 2.1895708153431275 1.958733312883437
      vertex 4.949566410403396 1.9530560483769293 1.7593496156050943
    endloop
  endfacet
  facet normal -0.8320502943378433 0 0.5547001962252296
    outer loop
      vertex 4.729627500442179 -1.4731790764583157 1.4294412506632694
      vertex 5.1 2.2 1.9850000000000003
      vertex 5.082488875255624 2.1895708153431275 1.958733312883437
    endloop
  endfacet
  facet normal -0.8320502943378472 1.902826691714305e-14 0.5547001962252238
    outer loop
      vertex 5.082488875255624 2.1895708153431275 1.958733312883437
      vertex 5.1 2.2 1.9850000000000003
      vertex 5.089090081618599 2.2 1.9686351224278986
    endloop
  endfacet
  facet normal 0 0 1
    outer loop
      vertex -5.1 -2.2 0.2
      vertex -5.089090081618599 -2.2 0.2
      vertex -5.082488875255624 -2.1895708153431275 0.2
    endloop
  endfacet
  facet normal 0 0 1
    outer loop
      vertex -5.1 -2.2 0.2
      vertex -5.082488875255624 -2.1895708153431275 0.2
      vertex -4.831898165255144 1.7141617834610061 0.2
    endloop
  endfacet
  facet normal 0 0 1
    outer loop
      vertex -5.082488875255624 -2.1895708153431275 0.2
      vertex -4.949566410403396 -1.9530560483769293 0.2
      vertex -4.831898165255144 1.7141617834610061 0.2
    endloop
  endfacet
  facet normal 0.8320502943378458 0 -0.5547001962252259
    outer loop
      vertex -5.1 -2.2 0.21499999999999983
      vertex -5.1 2.2 0.21499999999999983
      vertex -5.089090081618599 -2.2 0.23136487757210145
    endloop
  endfacet
  facet normal 0.8320502943378365 -7.502355424380725e-17 -0.5547001962252399
    outer loop
      vertex -5.089090081618599 -2.2 0.23136487757210145
      vertex -5.1 2.2 0.21499999999999983
      vertex -5.082488875255624 -2.1895708153431275 0.24126668711656302
    endloop
  endfacet
  facet normal 0 0 1
    outer loop
      vertex -4.949566410403396 -1.9530560483769293 0.2
      vertex -4.831898165255144 -1.7141617834610061 0.2
      vertex -4.831898165255144 1.7141617834610061 0.2
    endloop
  endfacet
  facet normal 0.8320502943378437 -1.9082597128751548e-17 -0.5547001962252289
    outer loop
      vertex -5.082488875255624 -2.1895708153431275 0.24126668711656302
      vertex -4.729627500442179 1.4731790764583157 0.7705587493367305
      vertex -4.949566410403396 -1.9530560483769293 0.4406503843949058
    endloop
  endfacet
  facet normal 0 0 1
    outer loop
      vertex -4.831898165255144 -1.7141617834610061 0.2
      vertex -4.729627500442179 -1.4731790764583157 0.2
      vertex -4.831898165255144 1.7141617834610061 0.2
    endloop
  endfacet
  facet normal 0 0 1
    outer loop
      vertex -4.729627500442179 -1.4731790764583157 0.2
      vertex -4.709999999999999 -1.4182488199528533 0.2
      vertex -4.729627500442179 1.4731790764583157 0.2
    endloop
  endfacet
  facet normal 0.8320502943378435 2.1955618662670423e-17 -0.5547001962252294
    outer loop
      vertex -4.949566410403396 -1.9530560483769293 0.4406503843949058
      vertex -4.729627500442179 1.4731790764583157 0.7705587493367305
      vertex -4.831898165255144 -1.7141617834610061 0.6171527521172837
    endloop
  endfacet
  facet normal 0.8320502943378438 0 -0.5547001962252291
    outer loop
      vertex -4.831898165255144 -1.7141617834610061 0.6171527521172837
      vertex -4.729627500442179 1.4731790764583157 0.7705587493367305
      vertex -4.729627500442179 -1.4731790764583157 0.7705587493367305
    endloop
  endfacet
  facet normal 0.8320502943378398 0 -0.5547001962252349
    outer loop
      vertex -4.729627500442179 -1.4731790764583157 0.7705587493367305
      vertex -4.729627500442179 1.4731790764583157 0.7705587493367305
      vertex -4.709999999999999 -1.4182488199528533 0.8
    endloop
  endfacet
  facet normal 0 0 1
    outer loop
      vertex -5.1 -2.2 0.2
      vertex -4.831898165255144 1.7141617834610061 0.2
      vertex -4.949566410403396 1.9530560483769293 0.2
    endloop
  endfacet
  facet normal 0 0 1
    outer loop
      vertex -4.709999999999999 -1.4182488199528533 0.2
      vertex -4.709999999999999 1.4182488199528533 0.2
      vertex -4.729627500442179 1.4731790764583157 0.2
    endloop
  endfacet
  facet normal 0 0 1
    outer loop
      vertex -4.729627500442179 -1.4731790764583157 0.2
      vertex -4.729627500442179 1.4731790764583157 0.2
      vertex -4.831898165255144 1.7141617834610061 0.2
    endloop
  endfacet
  facet normal 0.8320502943378436 1.670317700133299e-17 -0.5547001962252293
    outer loop
      vertex -5.082488875255624 -2.1895708153431275 0.24126668711656302
      vertex -5.1 2.2 0.21499999999999983
      vertex -4.729627500442179 1.4731790764583157 0.7705587493367305
    endloop
  endfacet
  facet normal 0 0 1
    outer loop
      vertex -5.1 -2.2 0.2
      vertex -4.949566410403396 1.9530560483769293 0.2
      vertex -5.082488875255624 2.1895708153431275 0.2
    endloop
  endfacet
  facet normal 0 0 1
    outer loop
      vertex -5.1 -2.2 0.2
      vertex -5.082488875255624 2.1895708153431275 0.2
      vertex -5.089090081618599 2.2 0.2
    endloop
  endfacet
  facet normal 0 0 1
    outer loop
      vertex -5.1 -2.2 0.2
      vertex -5.089090081618599 2.2 0.2
      vertex -5.1 2.2 0.2
    endloop
  endfacet
  facet normal 0.8320502943378398 0 -0.5547001962252349
    outer loop
      vertex -4.709999999999999 -1.4182488199528533 0.8
      vertex -4.729627500442179 1.4731790764583157 0.7705587493367305
      vertex -4.709999999999999 1.4182488199528533 0.8
    endloop
  endfacet
  facet normal 0.8320502943378427 -1.031842213117654e-15 -0.5547001962252306
    outer loop
      vertex -5.1 2.2 0.21499999999999983
      vertex -4.831898165255144 1.7141617834610061 0.6171527521172837
      vertex -4.729627500442179 1.4731790764583157 0.7705587493367305
    endloop
  endfacet
  facet normal 0.8320502943378459 1.902826691714312e-14 -0.5547001962252259
    outer loop
      vertex -5.1 2.2 0.21499999999999983
      vertex -5.089090081618599 2.2 0.23136487757210145
      vertex -5.082488875255624 2.1895708153431275 0.24126668711656302
    endloop
  endfacet
  facet normal 0.8320502943378435 1.1188546956887363e-15 -0.5547001962252294
    outer loop
      vertex -5.1 2.2 0.21499999999999983
      vertex -4.949566410403396 1.9530560483769293 0.4406503843949058
      vertex -4.831898165255144 1.7141617834610061 0.6171527521172837
    endloop
  endfacet
  facet normal 0.8320502943378416 -3.8415090601141156e-15 -0.5547001962252321
    outer loop
      vertex -5.1 2.2 0.21499999999999983
      vertex -5.082488875255624 2.1895708153431275 0.24126668711656302
      vertex -4.949566410403396 1.9530560483769293 0.4406503843949058
    endloop
  endfacet
  facet normal -0.8320502943378459 -1.902826691714312e-14 -0.5547001962252259
    outer loop
      vertex 5.1 -2.2 0.21499999999999983
      vertex 5.089090081618599 -2.2 0.23136487757210145
      vertex 5.082488875255624 -2.1895708153431275 0.24126668711656302
    endloop
  endfacet
  facet normal 0 0 1
    outer loop
      vertex 4.949566410403396 -1.9530560483769293 0.2
      vertex 4.831898165255144 1.7141617834610061 0.2
      vertex 4.831898165255144 -1.7141617834610061 0.2
    endloop
  endfacet
  facet normal 0 0 1
    outer loop
      vertex 5.082488875255624 -2.1895708153431275 0.2
      vertex 4.831898165255144 1.7141617834610061 0.2
      vertex 4.949566410403396 -1.9530560483769293 0.2
    endloop
  endfacet
  facet normal 0 0 1
    outer loop
      vertex 5.089090081618599 -2.2 0.2
      vertex 5.1 -2.2 0.2
      vertex 5.1 2.2 0.2
    endloop
  endfacet
  facet normal 0 0 1
    outer loop
      vertex 5.089090081618599 -2.2 0.2
      vertex 5.1 2.2 0.2
      vertex 5.082488875255624 -2.1895708153431275 0.2
    endloop
  endfacet
  facet normal -0.8320502943378422 4.2972707490735856e-16 -0.5547001962252314
    outer loop
      vertex 5.1 -2.2 0.21499999999999983
      vertex 5.082488875255624 -2.1895708153431275 0.24126668711656302
      vertex 4.729627500442179 1.4731790764583157 0.7705587493367305
    endloop
  endfacet
  facet normal -0.8320502943378437 -1.9082597128751548e-17 -0.5547001962252289
    outer loop
      vertex 5.082488875255624 -2.1895708153431275 0.24126668711656302
      vertex 4.949566410403396 -1.9530560483769293 0.4406503843949058
      vertex 4.729627500442179 1.4731790764583157 0.7705587493367305
    endloop
  endfacet
  facet normal 0 0 1
    outer loop
      vertex 4.709999999999999 -1.4182488199528533 0.2
      vertex 4.729627500442179 -1.4731790764583157 0.2
      vertex 4.729627500442179 1.4731790764583157 0.2
    endloop
  endfacet
  facet normal 0 0 1
    outer loop
      vertex 4.831898165255144 -1.7141617834610061 0.2
      vertex 4.831898165255144 1.7141617834610061 0.2
      vertex 4.729627500442179 -1.4731790764583157 0.2
    endloop
  endfacet
  facet normal -0.8320502943378435 2.1955618662670423e-17 -0.5547001962252294
    outer loop
      vertex 4.949566410403396 -1.9530560483769293 0.4406503843949058
      vertex 4.831898165255144 -1.7141617834610061 0.6171527521172837
      vertex 4.729627500442179 1.4731790764583157 0.7705587493367305
    endloop
  endfacet
  facet normal -0.8320502943378438 0 -0.5547001962252291
    outer loop
      vertex 4.831898165255144 -1.7141617834610061 0.6171527521172837
      vertex 4.729627500442179 -1.4731790764583157 0.7705587493367305
      vertex 4.729627500442179 1.4731790764583157 0.7705587493367305
    endloop
  endfacet
  facet normal -0.8320502943378398 0 -0.5547001962252349
    outer loop
      vertex 4.729627500442179 -1.4731790764583157 0.7705587493367305
      vertex 4.709999999999999 -1.4182488199528533 0.8
      vertex 4.729627500442179 1.4731790764583157 0.7705587493367305
    endloop
  endfacet
  facet normal 0 0 1
    outer loop
      vertex 4.709999999999999 -1.4182488199528533 0.2
      vertex 4.729627500442179 1.4731790764583157 0.2
      vertex 4.709999999999999 1.4182488199528533 0.2
    endloop
  endfacet
  facet normal 0 0 1
    outer loop
      vertex 4.729627500442179 -1.4731790764583157 0.2
      vertex 4.831898165255144 1.7141617834610061 0.2
      vertex 4.729627500442179 1.4731790764583157 0.2
    endloop
  endfacet
  facet normal 0 0 1
    outer loop
      vertex 5.082488875255624 -2.1895708153431275 0.2
      vertex 5.1 2.2 0.2
      vertex 4.831898165255144 1.7141617834610061 0.2
    endloop
  endfacet
  facet normal -0.8320502943378434 1.467348501937034e-17 -0.5547001962252295
    outer loop
      vertex 5.1 -2.2 0.21499999999999983
      vertex 4.831898165255144 1.7141617834610061 0.6171527521172837
      vertex 4.949566410403396 1.9530560483769293 0.4406503843949058
    endloop
  endfacet
  facet normal -0.8320502943378436 -3.3116006359361365e-17 -0.5547001962252294
    outer loop
      vertex 5.1 -2.2 0.21499999999999983
      vertex 4.729627500442179 1.4731790764583157 0.7705587493367305
      vertex 4.831898165255144 1.7141617834610061 0.6171527521172837
    endloop
  endfacet
  facet normal -0.8320502943378458 0 -0.5547001962252259
    outer loop
      vertex 5.1 -2.2 0.21499999999999983
      vertex 5.089090081618599 2.2 0.23136487757210145
      vertex 5.1 2.2 0.21499999999999983
    endloop
  endfacet
  facet normal -0.8320502943378365 7.425011554026283e-17 -0.5547001962252399
    outer loop
      vertex 5.1 -2.2 0.21499999999999983
      vertex 5.082488875255624 2.1895708153431275 0.24126668711656302
      vertex 5.089090081618599 2.2 0.23136487757210145
    endloop
  endfacet
  facet normal -0.8320502943378437 -1.801312112853114e-17 -0.554700196225229
    outer loop
      vertex 5.1 -2.2 0.21499999999999983
      vertex 4.949566410403396 1.9530560483769293 0.4406503843949058
      vertex 5.082488875255624 2.1895708153431275 0.24126668711656302
    endloop
  endfacet
  facet normal -0.8320502943378398 0 -0.5547001962252349
    outer loop
      vertex 4.709999999999999 -1.4182488199528533 0.8
      vertex 4.709999999999999 1.4182488199528533 0.8
      vertex 4.729627500442179 1.4731790764583157 0.7705587493367305
    endloop
  endfacet
  facet normal 0 0 1
    outer loop
      vertex 4.831898165255144 1.7141617834610061 0.2
      vertex 5.1 2.2 0.2
      vertex 4.949566410403396 1.9530560483769293 0.2
    endloop
  endfacet
  facet normal 0 0 1
    outer loop
      vertex 4.949566410403396 1.9530560483769293 0.2
      vertex 5.1 2.2 0.2
      vertex 5.082488875255624 2.1895708153431275 0.2
    endloop
  endfacet
  facet normal 0 0 1
    outer loop
      vertex 5.082488875255624 2.1895708153431275 0.2
      vertex 5.1 2.2 0.2
      vertex 5.089090081618599 2.2 0.2
    endloop
  endfacet
  facet normal 0.8449634807605101 -0.5348240048661645 0
    outer loop
      vertex -5.089090081618599 -2.2 0.19
      vertex -5.082488875255624 -2.1895708153431275 0.19
      vertex -5.089090081618599 -2.2 0.2
    endloop
  endfacet
  facet normal 0.8449634807605101 -0.5348240048661645 0
    outer loop
      vertex -5.082488875255624 -2.1895708153431275 0.19
      vertex -5.082488875255624 -2.1895708153431275 0.2
      vertex -5.089090081618599 -2.2 0.2
    endloop
  endfacet
  facet normal 0.8717598907118081 -0.4899333556170024 0
    outer loop
      vertex -5.082488875255624 -2.1895708153431275 0.19
      vertex -4.949566410403396 -1.9530560483769293 0.2
      vertex -5.082488875255624 -2.1895708153431275 0.2
    endloop
  endfacet
  facet normal 0.8717598907118081 -0.4899333556170024 0
    outer loop
      vertex -5.082488875255624 -2.1895708153431275 0.19
      vertex -4.949566410403396 -1.9530560483769293 0.19
      vertex -4.949566410403396 -1.9530560483769293 0.2
    endloop
  endfacet
  facet normal 0.8970832200853932 -0.44186162567168247 0
    outer loop
      vertex -4.949566410403396 -1.9530560483769293 0.19
      vertex -4.831898165255144 -1.7141617834610061 0.2
      vertex -4.949566410403396 -1.9530560483769293 0.2
    endloop
  endfacet
  facet normal 0.8970832200853932 -0.44186162567168247 0
    outer loop
      vertex -4.949566410403396 -1.9530560483769293 0.19
      vertex -4.831898165255144 -1.7141617834610061 0.19
      vertex -4.831898165255144 -1.7141617834610061 0.2
    endloop
  endfacet
  facet normal 0.920532913762388 -0.39066501594093106 0
    outer loop
      vertex -4.831898165255144 -1.7141617834610061 0.19
      vertex -4.729627500442179 -1.4731790764583157 0.2
      vertex -4.831898165255144 -1.7141617834610061 0.2
    endloop
  endfacet
  facet normal 0.920532913762388 -0.39066501594093106 0
    outer loop
      vertex -4.831898165255144 -1.7141617834610061 0.19
      vertex -4.729627500442179 -1.4731790764583157 0.19
      vertex -4.729627500442179 -1.4731790764583157 0.2
    endloop
  endfacet
  facet normal 0.9416900344466617 -0.33648161766112183 0
    outer loop
      vertex -4.729627500442179 -1.4731790764583157 0.19
      vertex -4.709999999999999 -1.4182488199528533 0.19
      vertex -4.729627500442179 -1.4731790764583157 0.2
    endloop
  endfacet
  facet normal 0.9416900344466617 -0.33648161766112183 0
    outer loop
      vertex -4.729627500442179 -1.4731790764583157 0.2
      vertex -4.709999999999999 -1.4182488199528533 0.19
      vertex -4.709999999999999 -1.4182488199528533 0.2
    endloop
  endfacet
  facet normal 0.8449634807605101 -0.5348240048661645 0
    outer loop
      vertex -5.089090081618599 -2.2 0.23136487757210145
      vertex -5.082488875255624 -2.1895708153431275 0.24126668711656302
      vertex -5.089090081618599 -2.2 1.9686351224278986
    endloop
  endfacet
  facet normal 0.8717598907118083 -0.4899333556170026 0
    outer loop
      vertex -5.082488875255624 -2.1895708153431275 0.24126668711656302
      vertex -4.949566410403396 -1.9530560483769293 0.4406503843949058
      vertex -4.949566410403396 -1.9530560483769293 1.7593496156050943
    endloop
  endfacet
  facet normal 0.8970832200853932 -0.4418616256716824 0
    outer loop
      vertex -4.949566410403396 -1.9530560483769293 0.4406503843949058
      vertex -4.831898165255144 -1.7141617834610061 0.6171527521172837
      vertex -4.831898165255144 -1.7141617834610061 1.5828472478827162
    endloop
  endfacet
  facet normal 0.920532913762388 -0.39066501594093106 0
    outer loop
      vertex -4.831898165255144 -1.7141617834610061 0.6171527521172837
      vertex -4.729627500442179 -1.4731790764583157 0.7705587493367305
      vertex -4.729627500442179 -1.4731790764583157 1.4294412506632694
    endloop
  endfacet
  facet normal 0.9416900344466616 -0.3364816176611218 0
    outer loop
      vertex -4.729627500442179 -1.4731790764583157 0.7705587493367305
      vertex -4.709999999999999 -1.4182488199528533 0.8
      vertex -4.729627500442179 -1.4731790764583157 1.4294412506632694
    endloop
  endfacet
  facet normal 0.8449634807605101 -0.5348240048661645 0
    outer loop
      vertex -5.082488875255624 -2.1895708153431275 0.24126668711656302
      vertex -5.082488875255624 -2.1895708153431275 1.958733312883437
      vertex -5.089090081618599 -2.2 1.9686351224278986
    endloop
  endfacet
  facet normal 0.8717598907118081 -0.48993335561700246 0
    outer loop
      vertex -5.082488875255624 -2.1895708153431275 0.24126668711656302
      vertex -4.949566410403396 -1.9530560483769293 1.7593496156050943
      vertex -5.082488875255624 -2.1895708153431275 1.958733312883437
    endloop
  endfacet
  facet normal 0.8970832200853932 -0.4418616256716824 0
    outer loop
      vertex -4.949566410403396 -1.9530560483769293 0.4406503843949058
      vertex -4.831898165255144 -1.7141617834610061 1.5828472478827162
      vertex -4.949566410403396 -1.9530560483769293 1.7593496156050943
    endloop
  endfacet
  facet normal 0.9205329137623881 -0.39066501594093117 0
    outer loop
      vertex -4.831898165255144 -1.7141617834610061 0.6171527521172837
      vertex -4.729627500442179 -1.4731790764583157 1.4294412506632694
      vertex -4.831898165255144 -1.7141617834610061 1.5828472478827162
    endloop
  endfacet
  facet normal 0.9416900344466616 -0.3364816176611218 0
    outer loop
      vertex -4.709999999999999 -1.4182488199528533 0.8
      vertex -4.709999999999999 -1.4182488199528533 1.4
      vertex -4.729627500442179 -1.4731790764583157 1.4294412506632694
    endloop
  endfacet
  facet normal 0.8970832200853932 0.44186162567168247 0
    outer loop
      vertex -4.831898165255144 1.7141617834610061 0.19
      vertex -4.949566410403396 1.9530560483769293 0.19
      vertex -4.949566410403396 1.9530560483769293 0.2
    endloop
  endfacet
  facet normal 0.9416900344466617 0.33648161766112183 0
    outer loop
      vertex -4.729627500442179 1.4731790764583157 0.2
      vertex -4.709999999999999 1.4182488199528533 0.2
      vertex -4.709999999999999 1.4182488199528533 0.19
    endloop
  endfacet
  facet normal 0.9416900344466617 0.33648161766112183 0
    outer loop
      vertex -4.729627500442179 1.4731790764583157 0.19
      vertex -4.729627500442179 1.4731790764583157 0.2
      vertex -4.709999999999999 1.4182488199528533 0.19
    endloop
  endfacet
  facet normal 0.920532913762388 0.39066501594093106 0
    outer loop
      vertex -4.729627500442179 1.4731790764583157 0.19
      vertex -4.831898165255144 1.7141617834610061 0.2
      vertex -4.729627500442179 1.4731790764583157 0.2
    endloop
  endfacet
  facet normal 0.920532913762388 0.39066501594093106 0
    outer loop
      vertex -4.729627500442179 1.4731790764583157 0.19
      vertex -4.831898165255144 1.7141617834610061 0.19
      vertex -4.831898165255144 1.7141617834610061 0.2
    endloop
  endfacet
  facet normal 0.8970832200853932 0.44186162567168247 0
    outer loop
      vertex -4.831898165255144 1.7141617834610061 0.19
      vertex -4.949566410403396 1.9530560483769293 0.2
      vertex -4.831898165255144 1.7141617834610061 0.2
    endloop
  endfacet
  facet normal 0.8717598907118081 0.4899333556170024 0
    outer loop
      vertex -4.949566410403396 1.9530560483769293 0.19
      vertex -5.082488875255624 2.1895708153431275 0.2
      vertex -4.949566410403396 1.9530560483769293 0.2
    endloop
  endfacet
  facet normal 0.8717598907118081 0.4899333556170024 0
    outer loop
      vertex -4.949566410403396 1.9530560483769293 0.19
      vertex -5.082488875255624 2.1895708153431275 0.19
      vertex -5.082488875255624 2.1895708153431275 0.2
    endloop
  endfacet
  facet normal 0.8449634807605101 0.5348240048661645 0
    outer loop
      vertex -5.082488875255624 2.1895708153431275 0.19
      vertex -5.089090081618599 2.2 0.19
      vertex -5.082488875255624 2.1895708153431275 0.2
    endloop
  endfacet
  facet normal 0.8449634807605101 0.5348240048661645 0
    outer loop
      vertex -5.089090081618599 2.2 0.19
      vertex -5.089090081618599 2.2 0.2
      vertex -5.082488875255624 2.1895708153431275 0.2
    endloop
  endfacet
  facet normal 0.8970832200853932 0.4418616256716824 0
    outer loop
      vertex -4.949566410403396 1.9530560483769293 0.4406503843949058
      vertex -4.949566410403396 1.9530560483769293 1.7593496156050943
      vertex -4.831898165255144 1.7141617834610061 0.6171527521172837
    endloop
  endfacet
  facet normal 0.9416900344466616 0.33648161766112167 0
    outer loop
      vertex -4.729627500442179 1.4731790764583157 0.7705587493367305
      vertex -4.709999999999999 1.4182488199528533 1.4
      vertex -4.709999999999999 1.4182488199528533 0.8
    endloop
  endfacet
  facet normal 0.9205329137623881 0.3906650159409311 0
    outer loop
      vertex -4.729627500442179 1.4731790764583157 0.7705587493367305
      vertex -4.831898165255144 1.7141617834610061 0.6171527521172837
      vertex -4.831898165255144 1.7141617834610061 1.5828472478827162
    endloop
  endfacet
  facet normal 0.8449634807605101 0.5348240048661647 0
    outer loop
      vertex -5.089090081618599 2.2 0.23136487757210145
      vertex -5.082488875255624 2.1895708153431275 1.958733312883437
      vertex -5.082488875255624 2.1895708153431275 0.24126668711656302
    endloop
  endfacet
  facet normal 0.8717598907118081 0.48993335561700246 0
    outer loop
      vertex -5.082488875255624 2.1895708153431275 0.24126668711656302
      vertex -5.082488875255624 2.1895708153431275 1.958733312883437
      vertex -4.949566410403396 1.9530560483769293 0.4406503843949058
    endloop
  endfacet
  facet normal 0.9416900344466616 0.3364816176611218 0
    outer loop
      vertex -4.729627500442179 1.4731790764583157 0.7705587493367305
      vertex -4.729627500442179 1.4731790764583157 1.4294412506632694
      vertex -4.709999999999999 1.4182488199528533 1.4
    endloop
  endfacet
  facet normal 0.920532913762388 0.39066501594093106 0
    outer loop
      vertex -4.729627500442179 1.4731790764583157 0.7705587493367305
      vertex -4.831898165255144 1.7141617834610061 1.5828472478827162
      vertex -4.729627500442179 1.4731790764583157 1.4294412506632694
    endloop
  endfacet
  facet normal 0.8970832200853932 0.4418616256716825 0
    outer loop
      vertex -4.831898165255144 1.7141617834610061 0.6171527521172837
      vertex -4.949566410403396 1.9530560483769293 1.7593496156050943
      vertex -4.831898165255144 1.7141617834610061 1.5828472478827162
    endloop
  endfacet
  facet normal 0.8717598907118083 0.48993335561700246 0
    outer loop
      vertex -4.949566410403396 1.9530560483769293 0.4406503843949058
      vertex -5.082488875255624 2.1895708153431275 1.958733312883437
      vertex -4.949566410403396 1.9530560483769293 1.7593496156050943
    endloop
  endfacet
  facet normal 0.8449634807605101 0.5348240048661645 0
    outer loop
      vertex -5.089090081618599 2.2 0.23136487757210145
      vertex -5.089090081618599 2.2 1.9686351224278986
      vertex -5.082488875255624 2.1895708153431275 1.958733312883437
    endloop
  endfacet
  facet normal -0.8449634807605101 -0.5348240048661645 0
    outer loop
      vertex 5.089090081618599 -2.2 0.19
      vertex 5.089090081618599 -2.2 0.2
      vertex 5.082488875255624 -2.1895708153431275 0.19
    endloop
  endfacet
  facet normal -0.8449634807605101 -0.5348240048661645 0
    outer loop
      vertex 5.082488875255624 -2.1895708153431275 0.19
      vertex 5.089090081618599 -2.2 0.2
      vertex 5.082488875255624 -2.1895708153431275 0.2
    endloop
  endfacet
  facet normal -0.8717598907118081 -0.4899333556170024 0
    outer loop
      vertex 5.082488875255624 -2.1895708153431275 0.19
      vertex 5.082488875255624 -2.1895708153431275 0.2
      vertex 4.949566410403396 -1.9530560483769293 0.2
    endloop
  endfacet
  facet normal -0.8717598907118081 -0.4899333556170024 0
    outer loop
      vertex 5.082488875255624 -2.1895708153431275 0.19
      vertex 4.949566410403396 -1.9530560483769293 0.2
      vertex 4.949566410403396 -1.9530560483769293 0.19
    endloop
  endfacet
  facet normal -0.8970832200853932 -0.44186162567168247 0
    outer loop
      vertex 4.949566410403396 -1.9530560483769293 0.19
      vertex 4.831898165255144 -1.7141617834610061 0.2
      vertex 4.831898165255144 -1.7141617834610061 0.19
    endloop
  endfacet
  facet normal -0.920532913762388 -0.39066501594093106 0
    outer loop
      vertex 4.831898165255144 -1.7141617834610061 0.19
      vertex 4.831898165255144 -1.7141617834610061 0.2
      vertex 4.729627500442179 -1.4731790764583157 0.2
    endloop
  endfacet
  facet normal -0.920532913762388 -0.39066501594093106 0
    outer loop
      vertex 4.831898165255144 -1.7141617834610061 0.19
      vertex 4.729627500442179 -1.4731790764583157 0.2
      vertex 4.729627500442179 -1.4731790764583157 0.19
    endloop
  endfacet
  facet normal -0.9416900344466617 -0.33648161766112183 0
    outer loop
      vertex 4.709999999999999 -1.4182488199528533 0.19
      vertex 4.729627500442179 -1.4731790764583157 0.19
      vertex 4.729627500442179 -1.4731790764583157 0.2
    endloop
  endfacet
  facet normal -0.9416900344466617 -0.33648161766112183 0
    outer loop
      vertex 4.709999999999999 -1.4182488199528533 0.19
      vertex 4.729627500442179 -1.4731790764583157 0.2
      vertex 4.709999999999999 -1.4182488199528533 0.2
    endloop
  endfacet
  facet normal -0.8970832200853932 -0.44186162567168247 0
    outer loop
      vertex 4.949566410403396 -1.9530560483769293 0.19
      vertex 4.949566410403396 -1.9530560483769293 0.2
      vertex 4.831898165255144 -1.7141617834610061 0.2
    endloop
  endfacet
  facet normal -0.8449634807605101 -0.5348240048661645 0
    outer loop
      vertex 5.089090081618599 -2.2 0.23136487757210145
      vertex 5.089090081618599 -2.2 1.9686351224278986
      vertex 5.082488875255624 -2.1895708153431275 0.24126668711656302
    endloop
  endfacet
  facet normal -0.8717598907118083 -0.4899333556170026 0
    outer loop
      vertex 5.082488875255624 -2.1895708153431275 0.24126668711656302
      vertex 4.949566410403396 -1.9530560483769293 1.7593496156050943
      vertex 4.949566410403396 -1.9530560483769293 0.4406503843949058
    endloop
  endfacet
  facet normal -0.8970832200853932 -0.4418616256716824 0
    outer loop
      vertex 4.949566410403396 -1.9530560483769293 0.4406503843949058
      vertex 4.831898165255144 -1.7141617834610061 1.5828472478827162
      vertex 4.831898165255144 -1.7141617834610061 0.6171527521172837
    endloop
  endfacet
  facet normal -0.920532913762388 -0.39066501594093106 0
    outer loop
      vertex 4.831898165255144 -1.7141617834610061 0.6171527521172837
      vertex 4.729627500442179 -1.4731790764583157 1.4294412506632694
      vertex 4.729627500442179 -1.4731790764583157 0.7705587493367305
    endloop
  endfacet
  facet normal -0.9416900344466616 -0.3364816176611218 0
    outer loop
      vertex 4.729627500442179 -1.4731790764583157 0.7705587493367305
      vertex 4.729627500442179 -1.4731790764583157 1.4294412506632694
      vertex 4.709999999999999 -1.4182488199528533 0.8
    endloop
  endfacet
  facet normal -0.8449634807605101 -0.5348240048661645 0
    outer loop
      vertex 5.082488875255624 -2.1895708153431275 0.24126668711656302
      vertex 5.089090081618599 -2.2 1.9686351224278986
      vertex 5.082488875255624 -2.1895708153431275 1.958733312883437
    endloop
  endfacet
  facet normal -0.8717598907118081 -0.48993335561700246 0
    outer loop
      vertex 5.082488875255624 -2.1895708153431275 0.24126668711656302
      vertex 5.082488875255624 -2.1895708153431275 1.958733312883437
      vertex 4.949566410403396 -1.9530560483769293 1.7593496156050943
    endloop
  endfacet
  facet normal -0.9205329137623881 -0.39066501594093117 0
    outer loop
      vertex 4.831898165255144 -1.7141617834610061 0.6171527521172837
      vertex 4.831898165255144 -1.7141617834610061 1.5828472478827162
      vertex 4.729627500442179 -1.4731790764583157 1.4294412506632694
    endloop
  endfacet
  facet normal -0.9416900344466616 -0.3364816176611218 0
    outer loop
      vertex 4.709999999999999 -1.4182488199528533 0.8
      vertex 4.729627500442179 -1.4731790764583157 1.4294412506632694
      vertex 4.709999999999999 -1.4182488199528533 1.4
    endloop
  endfacet
  facet normal -0.8970832200853932 -0.4418616256716824 0
    outer loop
      vertex 4.949566410403396 -1.9530560483769293 0.4406503843949058
      vertex 4.949566410403396 -1.9530560483769293 1.7593496156050943
      vertex 4.831898165255144 -1.7141617834610061 1.5828472478827162
    endloop
  endfacet
  facet normal -0.9416900344466617 0.33648161766112183 0
    outer loop
      vertex 4.709999999999999 1.4182488199528533 0.19
      vertex 4.709999999999999 1.4182488199528533 0.2
      vertex 4.729627500442179 1.4731790764583157 0.2
    endloop
  endfacet
  facet normal -0.9416900344466617 0.33648161766112183 0
    outer loop
      vertex 4.709999999999999 1.4182488199528533 0.19
      vertex 4.729627500442179 1.4731790764583157 0.2
      vertex 4.729627500442179 1.4731790764583157 0.19
    endloop
  endfacet
  facet normal -0.920532913762388 0.39066501594093106 0
    outer loop
      vertex 4.729627500442179 1.4731790764583157 0.19
      vertex 4.729627500442179 1.4731790764583157 0.2
      vertex 4.831898165255144 1.7141617834610061 0.2
    endloop
  endfacet
  facet normal -0.920532913762388 0.39066501594093106 0
    outer loop
      vertex 4.729627500442179 1.4731790764583157 0.19
      vertex 4.831898165255144 1.7141617834610061 0.2
      vertex 4.831898165255144 1.7141617834610061 0.19
    endloop
  endfacet
  facet normal -0.8970832200853932 0.44186162567168247 0
    outer loop
      vertex 4.831898165255144 1.7141617834610061 0.19
      vertex 4.831898165255144 1.7141617834610061 0.2
      vertex 4.949566410403396 1.9530560483769293 0.2
    endloop
  endfacet
  facet normal -0.8970832200853932 0.44186162567168247 0
    outer loop
      vertex 4.831898165255144 1.7141617834610061 0.19
      vertex 4.949566410403396 1.9530560483769293 0.2
      vertex 4.949566410403396 1.9530560483769293 0.19
    endloop
  endfacet
  facet normal -0.8717598907118081 0.4899333556170024 0
    outer loop
      vertex 4.949566410403396 1.9530560483769293 0.19
      vertex 4.949566410403396 1.9530560483769293 0.2
      vertex 5.082488875255624 2.1895708153431275 0.2
    endloop
  endfacet
  facet normal -0.8717598907118081 0.4899333556170024 0
    outer loop
      vertex 4.949566410403396 1.9530560483769293 0.19
      vertex 5.082488875255624 2.1895708153431275 0.2
      vertex 5.082488875255624 2.1895708153431275 0.19
    endloop
  endfacet
  facet normal -0.8449634807605101 0.5348240048661645 0
    outer loop
      vertex 5.082488875255624 2.1895708153431275 0.19
      vertex 5.082488875255624 2.1895708153431275 0.2
      vertex 5.089090081618599 2.2 0.19
    endloop
  endfacet
  facet normal -0.8449634807605101 0.5348240048661645 0
    outer loop
      vertex 5.089090081618599 2.2 0.19
      vertex 5.082488875255624 2.1895708153431275 0.2
      vertex 5.089090081618599 2.2 0.2
    endloop
  endfacet
  facet normal -0.9416900344466616 0.33648161766112167 0
    outer loop
      vertex 4.729627500442179 1.4731790764583157 0.7705587493367305
      vertex 4.709999999999999 1.4182488199528533 0.8
      vertex 4.709999999999999 1.4182488199528533 1.4
    endloop
  endfacet
  facet normal -0.9205329137623881 0.3906650159409311 0
    outer loop
      vertex 4.729627500442179 1.4731790764583157 0.7705587493367305
      vertex 4.831898165255144 1.7141617834610061 1.5828472478827162
      vertex 4.831898165255144 1.7141617834610061 0.6171527521172837
    endloop
  endfacet
  facet normal -0.8970832200853932 0.4418616256716824 0
    outer loop
      vertex 4.949566410403396 1.9530560483769293 0.4406503843949058
      vertex 4.831898165255144 1.7141617834610061 0.6171527521172837
      vertex 4.949566410403396 1.9530560483769293 1.7593496156050943
    endloop
  endfacet
  facet normal -0.8449634807605101 0.5348240048661647 0
    outer loop
      vertex 5.089090081618599 2.2 0.23136487757210145
      vertex 5.082488875255624 2.1895708153431275 0.24126668711656302
      vertex 5.082488875255624 2.1895708153431275 1.958733312883437
    endloop
  endfacet
  facet normal -0.8717598907118081 0.48993335561700246 0
    outer loop
      vertex 5.082488875255624 2.1895708153431275 0.24126668711656302
      vertex 4.949566410403396 1.9530560483769293 0.4406503843949058
      vertex 5.082488875255624 2.1895708153431275 1.958733312883437
    endloop
  endfacet
  facet normal -0.9416900344466616 0.3364816176611218 0
    outer loop
      vertex 4.729627500442179 1.4731790764583157 0.7705587493367305
      vertex 4.709999999999999 1.4182488199528533 1.4
      vertex 4.729627500442179 1.4731790764583157 1.4294412506632694
    endloop
  endfacet
  facet normal -0.920532913762388 0.39066501594093106 0
    outer loop
      vertex 4.729627500442179 1.4731790764583157 0.7705587493367305
      vertex 4.729627500442179 1.4731790764583157 1.4294412506632694
      vertex 4.831898165255144 1.7141617834610061 1.5828472478827162
    endloop
  endfacet
  facet normal -0.8970832200853932 0.4418616256716825 0
    outer loop
      vertex 4.831898165255144 1.7141617834610061 0.6171527521172837
      vertex 4.831898165255144 1.7141617834610061 1.5828472478827162
      vertex 4.949566410403396 1.9530560483769293 1.7593496156050943
    endloop
  endfacet
  facet normal -0.8717598907118083 0.48993335561700246 0
    outer loop
      vertex 4.949566410403396 1.9530560483769293 0.4406503843949058
      vertex 4.949566410403396 1.9530560483769293 1.7593496156050943
      vertex 5.082488875255624 2.1895708153431275 1.958733312883437
    endloop
  endfacet
  facet normal -0.8449634807605101 0.5348240048661645 0
    outer loop
      vertex 5.089090081618599 2.2 0.23136487757210145
      vertex 5.082488875255624 2.1895708153431275 1.958733312883437
      vertex 5.089090081618599 2.2 1.9686351224278986
    endloop
  endfacet
  facet normal 0.7604059656000232 0.6494480483301929 0
    outer loop
      vertex -6.322943447643218 -2.380739181907658 1.5
      vertex -6.322943447643218 -2.380739181907658 0
      vertex -6.333143788437091 -2.3687961173149517 0
    endloop
  endfacet
  facet normal 0.7933533402912442 0.6087614290087088 0
    outer loop
      vertex -6.333143788437091 -2.3687961173149517 1.5
      vertex -6.333143788437091 -2.3687961173149517 0
      vertex -6.342705098312484 -2.3563355756877424 0
    endloop
  endfacet
  facet normal 0.8241261886220208 0.5664062369248253 0
    outer loop
      vertex -6.351601170383627 -2.3433917105045086 1.5
      vertex -6.342705098312484 -2.3563355756877424 0
      vertex -6.351601170383627 -2.3433917105045086 0
    endloop
  endfacet
  facet normal 0.4771587602596088 0.8788171126619652 0
    outer loop
      vertex -6.25 -2.439807621135332 1.49
      vertex -6.236197149921864 -2.447301957256511 0
      vertex -6.25 -2.439807621135332 0
    endloop
  endfacet
  facet normal 0.522498564715949 0.8526401643540921 0
    outer loop
      vertex -6.25 -2.439807621135332 1.49
      vertex -6.25 -2.439807621135332 0
      vertex -6.263391710504508 -2.4316011703836278 0
    endloop
  endfacet
  facet normal 0.5664062369248385 0.8241261886220117 0
    outer loop
      vertex -6.263391710504508 -2.4316011703836278 1.5
      vertex -6.263391710504508 -2.4316011703836278 0
      vertex -6.2763355756877415 -2.422705098312485 0
    endloop
  endfacet
  facet normal 0.4305110968083009 0.902585284349858 0
    outer loop
      vertex -6.236197149921864 -2.447301957256511 1.49
      vertex -6.22202099292274 -2.454063637292781 0
      vertex -6.236197149921864 -2.447301957256511 0
    endloop
  endfacet
  facet normal 0.38268343236508595 0.9238795325112883 0
    outer loop
      vertex -6.22202099292274 -2.454063637292781 1.5
      vertex -6.20751038486359 -2.460074127949161 0
      vertex -6.22202099292274 -2.454063637292781 0
    endloop
  endfacet
  facet normal 0.7253743710122739 0.6883545756937685 0
    outer loop
      vertex -6.3121320343559635 -2.392132034355965 1.49
      vertex -6.3121320343559635 -2.392132034355965 0
      vertex -6.322943447643218 -2.380739181907658 0
    endloop
  endfacet
  facet normal 0.6883545756937677 0.7253743710122748 0
    outer loop
      vertex -6.3121320343559635 -2.392132034355965 1.49
      vertex -6.300739181907657 -2.402943447643219 0
      vertex -6.3121320343559635 -2.392132034355965 0
    endloop
  endfacet
  facet normal 0.6494480483301904 0.7604059656000252 0
    outer loop
      vertex -6.288796117314951 -2.413143788437092 1.5
      vertex -6.288796117314951 -2.413143788437092 0
      vertex -6.300739181907657 -2.402943447643219 0
    endloop
  endfacet
  facet normal 0.608761429008713 0.7933533402912412 0
    outer loop
      vertex -6.2763355756877415 -2.422705098312485 1.5
      vertex -6.2763355756877415 -2.422705098312485 0
      vertex -6.288796117314951 -2.413143788437092 0
    endloop
  endfacet
  facet normal 0.942641491092179 0.3338068592337693 0
    outer loop
      vertex -6.38007412794916 -2.2875103848635905 1.49
      vertex -6.38007412794916 -2.2875103848635905 0
      vertex -6.385316954888546 -2.272705098312485 0
    endloop
  endfacet
  facet normal 0.8526401643540795 0.5224985647159696 0
    outer loop
      vertex -6.351601170383627 -2.3433917105045086 1.5
      vertex -6.351601170383627 -2.3433917105045086 0
      vertex -6.359807621135332 -2.3300000000000005 0
    endloop
  endfacet
  facet normal 0.902585284349858 0.4305110968083009 0
    outer loop
      vertex -6.36730195725651 -2.3161971499218645 1.49
      vertex -6.36730195725651 -2.3161971499218645 0
      vertex -6.37406363729278 -2.3020209929227406 0
    endloop
  endfacet
  facet normal 0.8788171126619772 0.477158760259587 0
    outer loop
      vertex -6.36730195725651 -2.3161971499218645 1.49
      vertex -6.359807621135332 -2.3300000000000005 0
      vertex -6.36730195725651 -2.3161971499218645 0
    endloop
  endfacet
  facet normal 0.9238795325112884 0.38268343236508595 0
    outer loop
      vertex -6.38007412794916 -2.2875103848635905 1.49
      vertex -6.37406363729278 -2.3020209929227406 0
      vertex -6.38007412794916 -2.2875103848635905 0
    endloop
  endfacet
  facet normal 0.9588197348681908 0.28401534470392953 0
    outer loop
      vertex -6.38977774788672 -2.257645713530757 1.5
      vertex -6.385316954888546 -2.272705098312485 0
      vertex -6.38977774788672 -2.257645713530757 0
    endloop
  endfacet
  facet normal 0.9723699203976812 0.23344536385588643 0
    outer loop
      vertex -6.38977774788672 -2.257645713530757 1.5
      vertex -6.38977774788672 -2.257645713530757 0
      vertex -6.393444280220141 -2.2423735072453286 0
    endloop
  endfacet
  facet normal 0.9832549075639554 0.18223552549214264 0
    outer loop
      vertex -6.393444280220141 -2.2423735072453286 1.5
      vertex -6.393444280220141 -2.2423735072453286 0
      vertex -6.396306502178541 -2.22693033951207 0
    endloop
  endfacet
  facet normal 0.9914448613738047 0.13052619222009493 0
    outer loop
      vertex -6.398356568610482 -2.2113585389802966 1.5
      vertex -6.396306502178541 -2.22693033951207 0
      vertex -6.398356568610482 -2.2113585389802966 0
    endloop
  endfacet
  facet normal 0.9969173337331307 0.07845909572780815 0
    outer loop
      vertex -6.398356568610482 -2.2113585389802966 1.5
      vertex -6.398356568610482 -2.2113585389802966 0
      vertex -6.3995888604263715 -2.1957007868728837 0
    endloop
  endfacet
  facet normal 0.9996573249755568 0.026176948307889383 0
    outer loop
      vertex -6.3995888604263715 -2.1957007868728837 1.49
      vertex -6.3995888604263715 -2.1957007868728837 0
      vertex -6.399999997019767 -2.1800001138104776 0
    endloop
  endfacet
  facet normal 0.33380685923375153 0.9426414910921854 0
    outer loop
      vertex -6.192705098312484 -2.4653169548885465 1.5
      vertex -6.192705098312484 -2.4653169548885465 0
      vertex -6.20751038486359 -2.460074127949161 0
    endloop
  endfacet
  facet normal 0.28401534470394496 0.9588197348681864 0
    outer loop
      vertex -6.192705098312484 -2.4653169548885465 1.5
      vertex -6.177645713530756 -2.469777747886721 0
      vertex -6.192705098312484 -2.4653169548885465 0
    endloop
  endfacet
  facet normal 0.23344536385590037 0.9723699203976779 0
    outer loop
      vertex -6.162373507245327 -2.4734442802201424 1.49
      vertex -6.162373507245327 -2.4734442802201424 0
      vertex -6.177645713530756 -2.469777747886721 0
    endloop
  endfacet
  facet normal 0.1822355254921426 0.9832549075639554 0
    outer loop
      vertex -6.162373507245327 -2.4734442802201424 1.49
      vertex -6.1469303395120685 -2.476306502178542 0
      vertex -6.162373507245327 -2.4734442802201424 0
    endloop
  endfacet
  facet normal 0.130526192220043 0.9914448613738115 0
    outer loop
      vertex -6.1469303395120685 -2.476306502178542 1.5
      vertex -6.131358538980296 -2.4783565686104825 0
      vertex -6.1469303395120685 -2.476306502178542 0
    endloop
  endfacet
  facet normal 0.07845909572783627 0.9969173337331287 0
    outer loop
      vertex -6.131358538980296 -2.4783565686104825 1.5
      vertex -6.115700786872883 -2.4795888604263725 0
      vertex -6.131358538980296 -2.4783565686104825 0
    endloop
  endfacet
  facet normal 0.02617694830789012 0.9996573249755568 0
    outer loop
      vertex -6.100000113810477 -2.4799999970197684 1.5
      vertex -6.100000113810477 -2.4799999970197684 0
      vertex -6.115700786872883 -2.4795888604263725 0
    endloop
  endfacet
  facet normal -0.026176569072375176 0.9996573349061162 0
    outer loop
      vertex -6.100000113810477 -2.4799999970197684 1.5
      vertex -6.0842992131271165 -2.4795888604263725 0
      vertex -6.100000113810477 -2.4799999970197684 0
    endloop
  endfacet
  facet normal -0.07845909572783627 0.9969173337331287 0
    outer loop
      vertex -6.068641461019704 -2.4783565686104825 1.5
      vertex -6.068641461019704 -2.4783565686104825 0
      vertex -6.0842992131271165 -2.4795888604263725 0
    endloop
  endfacet
  facet normal -0.130526192220043 0.9914448613738115 0
    outer loop
      vertex -6.053069660487931 -2.476306502178542 1.5
      vertex -6.053069660487931 -2.476306502178542 0
      vertex -6.068641461019704 -2.4783565686104825 0
    endloop
  endfacet
  facet normal -0.18223552549214264 0.9832549075639554 0
    outer loop
      vertex -6.053069660487931 -2.476306502178542 1.5
      vertex -6.037626492754672 -2.4734442802201424 0
      vertex -6.053069660487931 -2.476306502178542 0
    endloop
  endfacet
  facet normal -0.23344536385590034 0.9723699203976779 0
    outer loop
      vertex -6.022354286469243 -2.469777747886721 1.5
      vertex -6.022354286469243 -2.469777747886721 0
      vertex -6.037626492754672 -2.4734442802201424 0
    endloop
  endfacet
  facet normal -0.28401534470394496 0.9588197348681864 0
    outer loop
      vertex -6.007294901687516 -2.4653169548885465 1.5
      vertex -6.007294901687516 -2.4653169548885465 0
      vertex -6.022354286469243 -2.469777747886721 0
    endloop
  endfacet
  facet normal -0.33380685923375153 0.9426414910921854 0
    outer loop
      vertex -6.007294901687516 -2.4653169548885465 1.5
      vertex -5.992489615136409 -2.460074127949161 0
      vertex -6.007294901687516 -2.4653169548885465 0
    endloop
  endfacet
  facet normal -0.38268343236508595 0.9238795325112883 0
    outer loop
      vertex -5.977979007077259 -2.454063637292781 1.5
      vertex -5.977979007077259 -2.454063637292781 0
      vertex -5.992489615136409 -2.460074127949161 0
    endloop
  endfacet
  facet normal -0.43051109680830085 0.902585284349858 0
    outer loop
      vertex -5.977979007077259 -2.454063637292781 1.5
      vertex -5.963802850078135 -2.447301957256511 0
      vertex -5.977979007077259 -2.454063637292781 0
    endloop
  endfacet
  facet normal -0.4771587602596088 0.8788171126619652 0
    outer loop
      vertex -5.949999999999999 -2.439807621135332 1.5
      vertex -5.949999999999999 -2.439807621135332 0
      vertex -5.963802850078135 -2.447301957256511 0
    endloop
  endfacet
  facet normal -0.522498564715949 0.8526401643540921 0
    outer loop
      vertex -5.949999999999999 -2.439807621135332 1.5
      vertex -5.936608289495491 -2.4316011703836278 0
      vertex -5.949999999999999 -2.439807621135332 0
    endloop
  endfacet
  facet normal -0.5664062369248385 0.8241261886220117 0
    outer loop
      vertex -5.923664424312258 -2.422705098312485 1.5
      vertex -5.923664424312258 -2.422705098312485 0
      vertex -5.936608289495491 -2.4316011703836278 0
    endloop
  endfacet
  facet normal -0.608761429008713 0.7933533402912412 0
    outer loop
      vertex -5.911203882685048 -2.413143788437092 1.5
      vertex -5.911203882685048 -2.413143788437092 0
      vertex -5.923664424312258 -2.422705098312485 0
    endloop
  endfacet
  facet normal -0.6494480483301904 0.7604059656000252 0
    outer loop
      vertex -5.911203882685048 -2.413143788437092 1.5
      vertex -5.899260818092342 -2.402943447643219 0
      vertex -5.911203882685048 -2.413143788437092 0
    endloop
  endfacet
  facet normal -0.6883545756937676 0.7253743710122746 0
    outer loop
      vertex -5.887867965644036 -2.392132034355965 1.5
      vertex -5.887867965644036 -2.392132034355965 0
      vertex -5.899260818092342 -2.402943447643219 0
    endloop
  endfacet
  facet normal -0.7253743710122741 0.6883545756937685 0
    outer loop
      vertex -5.887867965644036 -2.392132034355965 1.5
      vertex -5.877056552356781 -2.380739181907658 0
      vertex -5.887867965644036 -2.392132034355965 0
    endloop
  endfacet
  facet normal -0.7604059656000232 0.6494480483301929 0
    outer loop
      vertex -5.866856211562908 -2.3687961173149517 1.5
      vertex -5.866856211562908 -2.3687961173149517 0
      vertex -5.877056552356781 -2.380739181907658 0
    endloop
  endfacet
  facet normal -0.7933533402912442 0.6087614290087088 0
    outer loop
      vertex -5.866856211562908 -2.3687961173149517 1.5
      vertex -5.857294901687515 -2.3563355756877424 0
      vertex -5.866856211562908 -2.3687961173149517 0
    endloop
  endfacet
  facet normal -0.8241261886220208 0.5664062369248253 0
    outer loop
      vertex -5.8483988296163725 -2.3433917105045086 1.5
      vertex -5.8483988296163725 -2.3433917105045086 0
      vertex -5.857294901687515 -2.3563355756877424 0
    endloop
  endfacet
  facet normal -0.8526401643540795 0.5224985647159696 0
    outer loop
      vertex -5.8483988296163725 -2.3433917105045086 1.5
      vertex -5.840192378864668 -2.3300000000000005 0
      vertex -5.8483988296163725 -2.3433917105045086 0
    endloop
  endfacet
  facet normal -0.878817112661977 0.477158760259587 0
    outer loop
      vertex -5.840192378864668 -2.3300000000000005 1.5
      vertex -5.832698042743489 -2.3161971499218645 0
      vertex -5.840192378864668 -2.3300000000000005 0
    endloop
  endfacet
  facet normal -0.902585284349858 0.43051109680830085 0
    outer loop
      vertex -5.832698042743489 -2.3161971499218645 1.5
      vertex -5.825936362707219 -2.3020209929227406 0
      vertex -5.832698042743489 -2.3161971499218645 0
    endloop
  endfacet
  facet normal -0.9238795325112883 0.38268343236508595 0
    outer loop
      vertex -5.825936362707219 -2.3020209929227406 1.5
      vertex -5.819925872050839 -2.2875103848635905 0
      vertex -5.825936362707219 -2.3020209929227406 0
    endloop
  endfacet
  facet normal -0.942641491092179 0.3338068592337693 0
    outer loop
      vertex -5.819925872050839 -2.2875103848635905 1.5
      vertex -5.814683045111454 -2.272705098312485 0
      vertex -5.819925872050839 -2.2875103848635905 0
    endloop
  endfacet
  facet normal -0.9588197348681908 0.28401534470392953 0
    outer loop
      vertex -5.814683045111454 -2.272705098312485 1.5
      vertex -5.810222252113279 -2.257645713530757 0
      vertex -5.814683045111454 -2.272705098312485 0
    endloop
  endfacet
  facet normal -0.9723699203976812 0.23344536385588643 0
    outer loop
      vertex -5.806555719779858 -2.2423735072453286 1.5
      vertex -5.806555719779858 -2.2423735072453286 0
      vertex -5.810222252113279 -2.257645713530757 0
    endloop
  endfacet
  facet normal -0.9832549075639554 0.18223552549214264 0
    outer loop
      vertex -5.803693497821459 -2.22693033951207 1.5
      vertex -5.803693497821459 -2.22693033951207 0
      vertex -5.806555719779858 -2.2423735072453286 0
    endloop
  endfacet
  facet normal -0.9914448613738047 0.13052619222009493 0
    outer loop
      vertex -5.803693497821459 -2.22693033951207 1.5
      vertex -5.801643431389517 -2.2113585389802966 0
      vertex -5.803693497821459 -2.22693033951207 0
    endloop
  endfacet
  facet normal -0.9969173337331307 0.07845909572780815 0
    outer loop
      vertex -5.801643431389517 -2.2113585389802966 1.5
      vertex -5.800411139573628 -2.1957007868728837 0
      vertex -5.801643431389517 -2.2113585389802966 0
    endloop
  endfacet
  facet normal -0.9996573249755568 0.026176948307889383 0
    outer loop
      vertex -5.800000002980232 -2.1800001138104776 1.5
      vertex -5.800000002980232 -2.1800001138104776 0
      vertex -5.800411139573628 -2.1957007868728837 0
    endloop
  endfacet
  facet normal 0.7604059656000232 0.6494480483301929 0
    outer loop
      vertex -6.333143788437091 -2.3687961173149517 1.5
      vertex -6.322943447643218 -2.380739181907658 1.5
      vertex -6.333143788437091 -2.3687961173149517 0
    endloop
  endfacet
  facet normal 0.7933533402912442 0.6087614290087088 0
    outer loop
      vertex -6.333143788437091 -2.3687961173149517 1.5
      vertex -6.342705098312484 -2.3563355756877424 0
      vertex -6.342705098312484 -2.3563355756877424 1.5
    endloop
  endfacet
  facet normal 0.8241261886220208 0.5664062369248253 0
    outer loop
      vertex -6.342705098312484 -2.3563355756877424 1.5
      vertex -6.342705098312484 -2.3563355756877424 0
      vertex -6.351601170383627 -2.3433917105045086 1.5
    endloop
  endfacet
  facet normal 0.5664062369248385 0.8241261886220117 0
    outer loop
      vertex -6.263391710504508 -2.4316011703836278 1.5
      vertex -6.2763355756877415 -2.422705098312485 0
      vertex -6.2763355756877415 -2.422705098312485 1.5
    endloop
  endfacet
  facet normal 0.4771587602596088 0.8788171126619652 0
    outer loop
      vertex -6.236197149921864 -2.447301957256511 1.49
      vertex -6.236197149921864 -2.447301957256511 0
      vertex -6.25 -2.439807621135332 1.49
    endloop
  endfacet
  facet normal 0.522498564715949 0.8526401643540921 0
    outer loop
      vertex -6.25 -2.439807621135332 1.49
      vertex -6.263391710504508 -2.4316011703836278 0
      vertex -6.263391710504508 -2.4316011703836278 1.5
    endloop
  endfacet
  facet normal 0.43051109680830085 0.902585284349858 0
    outer loop
      vertex -6.236197149921864 -2.447301957256511 1.49
      vertex -6.22202099292274 -2.454063637292781 1.5
      vertex -6.22202099292274 -2.454063637292781 0
    endloop
  endfacet
  facet normal 0.6494480483301904 0.7604059656000252 0
    outer loop
      vertex -6.288796117314951 -2.413143788437092 1.5
      vertex -6.300739181907657 -2.402943447643219 0
      vertex -6.300739181907657 -2.402943447643219 1.5
    endloop
  endfacet
  facet normal 0.7253743710122741 0.6883545756937685 0
    outer loop
      vertex -6.3121320343559635 -2.392132034355965 1.49
      vertex -6.322943447643218 -2.380739181907658 0
      vertex -6.322943447643218 -2.380739181907658 1.5
    endloop
  endfacet
  facet normal 0.6883545756937676 0.7253743710122746 0
    outer loop
      vertex -6.3121320343559635 -2.392132034355965 1.49
      vertex -6.300739181907657 -2.402943447643219 1.5
      vertex -6.300739181907657 -2.402943447643219 0
    endloop
  endfacet
  facet normal 0.608761429008713 0.7933533402912412 0
    outer loop
      vertex -6.288796117314951 -2.413143788437092 1.5
      vertex -6.2763355756877415 -2.422705098312485 1.5
      vertex -6.288796117314951 -2.413143788437092 0
    endloop
  endfacet
  facet normal 0.942641491092179 0.3338068592337693 0
    outer loop
      vertex -6.38007412794916 -2.2875103848635905 1.49
      vertex -6.385316954888546 -2.272705098312485 0
      vertex -6.38007412794916 -2.2875103848635905 1.5
    endloop
  endfacet
  facet normal 0.942641491092179 0.3338068592337693 0
    outer loop
      vertex -6.38007412794916 -2.2875103848635905 1.5
      vertex -6.385316954888546 -2.272705098312485 0
      vertex -6.385316954888546 -2.272705098312485 1.5
    endloop
  endfacet
  facet normal 0.9588197348681908 0.28401534470392953 0
    outer loop
      vertex -6.38977774788672 -2.257645713530757 1.5
      vertex -6.385316954888546 -2.272705098312485 1.5
      vertex -6.385316954888546 -2.272705098312485 0
    endloop
  endfacet
  facet normal 0.8526401643540795 0.5224985647159696 0
    outer loop
      vertex -6.351601170383627 -2.3433917105045086 1.5
      vertex -6.359807621135332 -2.3300000000000005 0
      vertex -6.359807621135332 -2.3300000000000005 1.5
    endloop
  endfacet
  facet normal 0.878817112661977 0.477158760259587 0
    outer loop
      vertex -6.359807621135332 -2.3300000000000005 1.5
      vertex -6.359807621135332 -2.3300000000000005 0
      vertex -6.36730195725651 -2.3161971499218645 1.5
    endloop
  endfacet
  facet normal 0.902585284349858 0.43051109680830085 0
    outer loop
      vertex -6.36730195725651 -2.3161971499218645 1.49
      vertex -6.37406363729278 -2.3020209929227406 0
      vertex -6.37406363729278 -2.3020209929227406 1.5
    endloop
  endfacet
  facet normal 0.878817112661977 0.4771587602595869 0
    outer loop
      vertex -6.36730195725651 -2.3161971499218645 1.49
      vertex -6.36730195725651 -2.3161971499218645 1.5
      vertex -6.359807621135332 -2.3300000000000005 0
    endloop
  endfacet
  facet normal 0.9238795325112883 0.38268343236508595 0
    outer loop
      vertex -6.37406363729278 -2.3020209929227406 1.5
      vertex -6.37406363729278 -2.3020209929227406 0
      vertex -6.38007412794916 -2.2875103848635905 1.49
    endloop
  endfacet
  facet normal 0.9723699203976812 0.23344536385588643 0
    outer loop
      vertex -6.38977774788672 -2.257645713530757 1.5
      vertex -6.393444280220141 -2.2423735072453286 0
      vertex -6.393444280220141 -2.2423735072453286 1.5
    endloop
  endfacet
  facet normal 0.9832549075639554 0.18223552549214264 0
    outer loop
      vertex -6.393444280220141 -2.2423735072453286 1.5
      vertex -6.396306502178541 -2.22693033951207 0
      vertex -6.396306502178541 -2.22693033951207 1.5
    endloop
  endfacet
  facet normal 0.9914448613738047 0.13052619222009493 0
    outer loop
      vertex -6.396306502178541 -2.22693033951207 1.5
      vertex -6.396306502178541 -2.22693033951207 0
      vertex -6.398356568610482 -2.2113585389802966 1.5
    endloop
  endfacet
  facet normal 0.9969173337331309 0.07845909572780817 0
    outer loop
      vertex -6.398356568610482 -2.2113585389802966 1.5
      vertex -6.3995888604263715 -2.1957007868728837 0
      vertex -6.3995888604263715 -2.1957007868728837 1.49
    endloop
  endfacet
  facet normal 0.9996573249755568 0.026176948307889383 0
    outer loop
      vertex -6.3995888604263715 -2.1957007868728837 1.49
      vertex -6.399999997019767 -2.1800001138104776 0
      vertex -6.399999997019767 -2.1800001138104776 1.5
    endloop
  endfacet
  facet normal 0.33380685923375153 0.9426414910921854 0
    outer loop
      vertex -6.20751038486359 -2.460074127949161 1.5
      vertex -6.192705098312484 -2.4653169548885465 1.5
      vertex -6.20751038486359 -2.460074127949161 0
    endloop
  endfacet
  facet normal 0.23344536385590034 0.9723699203976779 0
    outer loop
      vertex -6.177645713530756 -2.469777747886721 1.5
      vertex -6.162373507245327 -2.4734442802201424 1.49
      vertex -6.177645713530756 -2.469777747886721 0
    endloop
  endfacet
  facet normal 0.28401534470394496 0.9588197348681864 0
    outer loop
      vertex -6.177645713530756 -2.469777747886721 1.5
      vertex -6.177645713530756 -2.469777747886721 0
      vertex -6.192705098312484 -2.4653169548885465 1.5
    endloop
  endfacet
  facet normal 0.38268343236508595 0.9238795325112883 0
    outer loop
      vertex -6.22202099292274 -2.454063637292781 1.5
      vertex -6.20751038486359 -2.460074127949161 1.5
      vertex -6.20751038486359 -2.460074127949161 0
    endloop
  endfacet
  facet normal 0.18223552549214264 0.9832549075639554 0
    outer loop
      vertex -6.162373507245327 -2.4734442802201424 1.49
      vertex -6.1469303395120685 -2.476306502178542 1.5
      vertex -6.1469303395120685 -2.476306502178542 0
    endloop
  endfacet
  facet normal 0.130526192220043 0.9914448613738115 0
    outer loop
      vertex -6.1469303395120685 -2.476306502178542 1.5
      vertex -6.131358538980296 -2.4783565686104825 1.5
      vertex -6.131358538980296 -2.4783565686104825 0
    endloop
  endfacet
  facet normal 0.07845909572783627 0.9969173337331287 0
    outer loop
      vertex -6.131358538980296 -2.4783565686104825 1.5
      vertex -6.115700786872883 -2.4795888604263725 1.5
      vertex -6.115700786872883 -2.4795888604263725 0
    endloop
  endfacet
  facet normal 0.02617694830789012 0.9996573249755568 0
    outer loop
      vertex -6.115700786872883 -2.4795888604263725 1.5
      vertex -6.100000113810477 -2.4799999970197684 1.5
      vertex -6.115700786872883 -2.4795888604263725 0
    endloop
  endfacet
  facet normal -0.026176569072375176 0.9996573349061162 0
    outer loop
      vertex -6.100000113810477 -2.4799999970197684 1.5
      vertex -6.0842992131271165 -2.4795888604263725 1.5
      vertex -6.0842992131271165 -2.4795888604263725 0
    endloop
  endfacet
  facet normal -0.07845909572783627 0.9969173337331287 0
    outer loop
      vertex -6.0842992131271165 -2.4795888604263725 1.5
      vertex -6.068641461019704 -2.4783565686104825 1.5
      vertex -6.0842992131271165 -2.4795888604263725 0
    endloop
  endfacet
  facet normal -0.130526192220043 0.9914448613738115 0
    outer loop
      vertex -6.068641461019704 -2.4783565686104825 1.5
      vertex -6.053069660487931 -2.476306502178542 1.5
      vertex -6.068641461019704 -2.4783565686104825 0
    endloop
  endfacet
  facet normal -0.18223552549214264 0.9832549075639554 0
    outer loop
      vertex -6.053069660487931 -2.476306502178542 1.5
      vertex -6.037626492754672 -2.4734442802201424 1.5
      vertex -6.037626492754672 -2.4734442802201424 0
    endloop
  endfacet
  facet normal -0.23344536385590034 0.9723699203976779 0
    outer loop
      vertex -6.037626492754672 -2.4734442802201424 1.5
      vertex -6.022354286469243 -2.469777747886721 1.5
      vertex -6.037626492754672 -2.4734442802201424 0
    endloop
  endfacet
  facet normal -0.28401534470394496 0.9588197348681864 0
    outer loop
      vertex -6.022354286469243 -2.469777747886721 1.5
      vertex -6.007294901687516 -2.4653169548885465 1.5
      vertex -6.022354286469243 -2.469777747886721 0
    endloop
  endfacet
  facet normal -0.33380685923375153 0.9426414910921854 0
    outer loop
      vertex -6.007294901687516 -2.4653169548885465 1.5
      vertex -5.992489615136409 -2.460074127949161 1.5
      vertex -5.992489615136409 -2.460074127949161 0
    endloop
  endfacet
  facet normal -0.38268343236508595 0.9238795325112883 0
    outer loop
      vertex -5.992489615136409 -2.460074127949161 1.5
      vertex -5.977979007077259 -2.454063637292781 1.5
      vertex -5.992489615136409 -2.460074127949161 0
    endloop
  endfacet
  facet normal -0.43051109680830085 0.902585284349858 0
    outer loop
      vertex -5.977979007077259 -2.454063637292781 1.5
      vertex -5.963802850078135 -2.447301957256511 1.5
      vertex -5.963802850078135 -2.447301957256511 0
    endloop
  endfacet
  facet normal -0.4771587602596088 0.8788171126619652 0
    outer loop
      vertex -5.963802850078135 -2.447301957256511 1.5
      vertex -5.949999999999999 -2.439807621135332 1.5
      vertex -5.963802850078135 -2.447301957256511 0
    endloop
  endfacet
  facet normal -0.522498564715949 0.8526401643540921 0
    outer loop
      vertex -5.949999999999999 -2.439807621135332 1.5
      vertex -5.936608289495491 -2.4316011703836278 1.5
      vertex -5.936608289495491 -2.4316011703836278 0
    endloop
  endfacet
  facet normal -0.5664062369248385 0.8241261886220117 0
    outer loop
      vertex -5.936608289495491 -2.4316011703836278 1.5
      vertex -5.923664424312258 -2.422705098312485 1.5
      vertex -5.936608289495491 -2.4316011703836278 0
    endloop
  endfacet
  facet normal -0.608761429008713 0.7933533402912412 0
    outer loop
      vertex -5.923664424312258 -2.422705098312485 1.5
      vertex -5.911203882685048 -2.413143788437092 1.5
      vertex -5.923664424312258 -2.422705098312485 0
    endloop
  endfacet
  facet normal -0.6494480483301904 0.7604059656000252 0
    outer loop
      vertex -5.911203882685048 -2.413143788437092 1.5
      vertex -5.899260818092342 -2.402943447643219 1.5
      vertex -5.899260818092342 -2.402943447643219 0
    endloop
  endfacet
  facet normal -0.6883545756937676 0.7253743710122746 0
    outer loop
      vertex -5.899260818092342 -2.402943447643219 1.5
      vertex -5.887867965644036 -2.392132034355965 1.5
      vertex -5.899260818092342 -2.402943447643219 0
    endloop
  endfacet
  facet normal -0.7253743710122741 0.6883545756937685 0
    outer loop
      vertex -5.887867965644036 -2.392132034355965 1.5
      vertex -5.877056552356781 -2.380739181907658 1.5
      vertex -5.877056552356781 -2.380739181907658 0
    endloop
  endfacet
  facet normal -0.7604059656000232 0.6494480483301929 0
    outer loop
      vertex -5.877056552356781 -2.380739181907658 1.5
      vertex -5.866856211562908 -2.3687961173149517 1.5
      vertex -5.877056552356781 -2.380739181907658 0
    endloop
  endfacet
  facet normal -0.7933533402912442 0.6087614290087088 0
    outer loop
      vertex -5.866856211562908 -2.3687961173149517 1.5
      vertex -5.857294901687515 -2.3563355756877424 1.5
      vertex -5.857294901687515 -2.3563355756877424 0
    endloop
  endfacet
  facet normal -0.8241261886220208 0.5664062369248253 0
    outer loop
      vertex -5.857294901687515 -2.3563355756877424 1.5
      vertex -5.8483988296163725 -2.3433917105045086 1.5
      vertex -5.857294901687515 -2.3563355756877424 0
    endloop
  endfacet
  facet normal -0.8526401643540795 0.5224985647159696 0
    outer loop
      vertex -5.8483988296163725 -2.3433917105045086 1.5
      vertex -5.840192378864668 -2.3300000000000005 1.5
      vertex -5.840192378864668 -2.3300000000000005 0
    endloop
  endfacet
  facet normal -0.878817112661977 0.477158760259587 0
    outer loop
      vertex -5.840192378864668 -2.3300000000000005 1.5
      vertex -5.832698042743489 -2.3161971499218645 1.5
      vertex -5.832698042743489 -2.3161971499218645 0
    endloop
  endfacet
  facet normal -0.902585284349858 0.43051109680830085 0
    outer loop
      vertex -5.832698042743489 -2.3161971499218645 1.5
      vertex -5.825936362707219 -2.3020209929227406 1.5
      vertex -5.825936362707219 -2.3020209929227406 0
    endloop
  endfacet
  facet normal -0.9238795325112883 0.38268343236508595 0
    outer loop
      vertex -5.825936362707219 -2.3020209929227406 1.5
      vertex -5.819925872050839 -2.2875103848635905 1.5
      vertex -5.819925872050839 -2.2875103848635905 0
    endloop
  endfacet
  facet normal -0.942641491092179 0.3338068592337693 0
    outer loop
      vertex -5.819925872050839 -2.2875103848635905 1.5
      vertex -5.814683045111454 -2.272705098312485 1.5
      vertex -5.814683045111454 -2.272705098312485 0
    endloop
  endfacet
  facet normal -0.9588197348681908 0.28401534470392953 0
    outer loop
      vertex -5.814683045111454 -2.272705098312485 1.5
      vertex -5.810222252113279 -2.257645713530757 1.5
      vertex -5.810222252113279 -2.257645713530757 0
    endloop
  endfacet
  facet normal -0.9723699203976812 0.23344536385588643 0
    outer loop
      vertex -5.810222252113279 -2.257645713530757 1.5
      vertex -5.806555719779858 -2.2423735072453286 1.5
      vertex -5.810222252113279 -2.257645713530757 0
    endloop
  endfacet
  facet normal -0.9832549075639554 0.18223552549214264 0
    outer loop
      vertex -5.806555719779858 -2.2423735072453286 1.5
      vertex -5.803693497821459 -2.22693033951207 1.5
      vertex -5.806555719779858 -2.2423735072453286 0
    endloop
  endfacet
  facet normal -0.9914448613738047 0.13052619222009493 0
    outer loop
      vertex -5.803693497821459 -2.22693033951207 1.5
      vertex -5.801643431389517 -2.2113585389802966 1.5
      vertex -5.801643431389517 -2.2113585389802966 0
    endloop
  endfacet
  facet normal -0.9969173337331307 0.07845909572780815 0
    outer loop
      vertex -5.801643431389517 -2.2113585389802966 1.5
      vertex -5.800411139573628 -2.1957007868728837 1.5
      vertex -5.800411139573628 -2.1957007868728837 0
    endloop
  endfacet
  facet normal -0.9996573249755568 0.026176948307889383 0
    outer loop
      vertex -5.800411139573628 -2.1957007868728837 1.5
      vertex -5.800000002980232 -2.1800001138104776 1.5
      vertex -5.800411139573628 -2.1957007868728837 0
    endloop
  endfacet
  facet normal 1 0 0
    outer loop
      vertex -6.399999997019767 -2.1800001138104776 1.5
      vertex -6.399999997019767 -2.1800001138104776 0
      vertex -6.399999997019767 2.1800001138104776 0
    endloop
  endfacet
  facet normal -1 0 0
    outer loop
      vertex -5.800000002980232 -2.1800001138104776 1.5
      vertex -5.800000002980232 2.1800001138104776 1.5
      vertex -5.800000002980232 -2.1800001138104776 0
    endloop
  endfacet
  facet normal 0 0 -1
    outer loop
      vertex -6.333143788437091 -2.3687961173149517 1.5
      vertex -6.342705098312484 -2.3563355756877424 1.5
      vertex -6.322943447643218 -2.380739181907658 1.5
    endloop
  endfacet
  facet normal 0 0 -1
    outer loop
      vertex -6.322943447643218 -2.380739181907658 1.5
      vertex -6.342705098312484 -2.3563355756877424 1.5
      vertex -6.351601170383627 -2.3433917105045086 1.5
    endloop
  endfacet
  facet normal 0 0 -1
    outer loop
      vertex -6.288796117314951 -2.413143788437092 1.5
      vertex -6.263391710504508 -2.4316011703836278 1.5
      vertex -6.2763355756877415 -2.422705098312485 1.5
    endloop
  endfacet
  facet normal 0.4771587602596088 0.8788171126619652 0
    outer loop
      vertex -6.236197149921864 -2.447301957256511 1.49
      vertex -6.25 -2.439807621135332 1.49
      vertex -6.25 -2.439807621135332 1.5
    endloop
  endfacet
  facet normal 0.4771587602596088 0.8788171126619652 0
    outer loop
      vertex -6.236197149921864 -2.447301957256511 1.49
      vertex -6.25 -2.439807621135332 1.5
      vertex -6.236197149921864 -2.447301957256511 1.5
    endloop
  endfacet
  facet normal 0 0 -1
    outer loop
      vertex -6.236197149921864 -2.447301957256511 1.5
      vertex -6.263391710504508 -2.4316011703836278 1.5
      vertex -6.22202099292274 -2.454063637292781 1.5
    endloop
  endfacet
  facet normal 0.522498564715949 0.8526401643540921 0
    outer loop
      vertex -6.25 -2.439807621135332 1.49
      vertex -6.263391710504508 -2.4316011703836278 1.5
      vertex -6.25 -2.439807621135332 1.5
    endloop
  endfacet
  facet normal 0 0 -1
    outer loop
      vertex -6.322943447643218 -2.380739181907658 1.5
      vertex -6.177645713530756 -2.469777747886721 1.5
      vertex -6.263391710504508 -2.4316011703836278 1.5
    endloop
  endfacet
  facet normal 0 0 -1
    outer loop
      vertex -6.236197149921864 -2.447301957256511 1.5
      vertex -6.25 -2.439807621135332 1.5
      vertex -6.263391710504508 -2.4316011703836278 1.5
    endloop
  endfacet
  facet normal 0.43051109680830074 0.9025852843498579 0
    outer loop
      vertex -6.236197149921864 -2.447301957256511 1.49
      vertex -6.236197149921864 -2.447301957256511 1.5
      vertex -6.22202099292274 -2.454063637292781 1.5
    endloop
  endfacet
  facet normal 0 0 -1
    outer loop
      vertex -6.22202099292274 -2.454063637292781 1.5
      vertex -6.263391710504508 -2.4316011703836278 1.5
      vertex -6.177645713530756 -2.469777747886721 1.5
    endloop
  endfacet
  facet normal 0.725374371012274 0.6883545756937685 0
    outer loop
      vertex -6.3121320343559635 -2.392132034355965 1.49
      vertex -6.322943447643218 -2.380739181907658 1.5
      vertex -6.3121320343559635 -2.392132034355965 1.5
    endloop
  endfacet
  facet normal 0 0 -1
    outer loop
      vertex -6.3121320343559635 -2.392132034355965 1.5
      vertex -6.322943447643218 -2.380739181907658 1.5
      vertex -6.300739181907657 -2.402943447643219 1.5
    endloop
  endfacet
  facet normal 0.6883545756937676 0.7253743710122746 0
    outer loop
      vertex -6.3121320343559635 -2.392132034355965 1.49
      vertex -6.3121320343559635 -2.392132034355965 1.5
      vertex -6.300739181907657 -2.402943447643219 1.5
    endloop
  endfacet
  facet normal 0 0 -1
    outer loop
      vertex -6.288796117314951 -2.413143788437092 1.5
      vertex -6.300739181907657 -2.402943447643219 1.5
      vertex -6.322943447643218 -2.380739181907658 1.5
    endloop
  endfacet
  facet normal 0 0 -1
    outer loop
      vertex -6.288796117314951 -2.413143788437092 1.5
      vertex -6.322943447643218 -2.380739181907658 1.5
      vertex -6.263391710504508 -2.4316011703836278 1.5
    endloop
  endfacet
  facet normal 0 0 -1
    outer loop
      vertex -6.322943447643218 -2.380739181907658 1.5
      vertex -6.398356568610482 -2.2113585389802966 1.5
      vertex -6.177645713530756 -2.469777747886721 1.5
    endloop
  endfacet
  facet normal 0 0 -1
    outer loop
      vertex -6.37406363729278 -2.3020209929227406 1.5
      vertex -6.38007412794916 -2.2875103848635905 1.5
      vertex -6.38977774788672 -2.257645713530757 1.5
    endloop
  endfacet
  facet normal 0 0 -1
    outer loop
      vertex -6.38977774788672 -2.257645713530757 1.5
      vertex -6.38007412794916 -2.2875103848635905 1.5
      vertex -6.385316954888546 -2.272705098312485 1.5
    endloop
  endfacet
  facet normal 0 0 -1
    outer loop
      vertex -6.351601170383627 -2.3433917105045086 1.5
      vertex -6.359807621135332 -2.3300000000000005 1.5
      vertex -6.36730195725651 -2.3161971499218645 1.5
    endloop
  endfacet
  facet normal 0.9025852843498579 0.43051109680830074 0
    outer loop
      vertex -6.36730195725651 -2.3161971499218645 1.49
      vertex -6.37406363729278 -2.3020209929227406 1.5
      vertex -6.36730195725651 -2.3161971499218645 1.5
    endloop
  endfacet
  facet normal 0 0 -1
    outer loop
      vertex -6.351601170383627 -2.3433917105045086 1.5
      vertex -6.36730195725651 -2.3161971499218645 1.5
      vertex -6.37406363729278 -2.3020209929227406 1.5
    endloop
  endfacet
  facet normal 0 0 -1
    outer loop
      vertex -6.322943447643218 -2.380739181907658 1.5
      vertex -6.351601170383627 -2.3433917105045086 1.5
      vertex -6.37406363729278 -2.3020209929227406 1.5
    endloop
  endfacet
  facet normal 0 0 -1
    outer loop
      vertex -6.322943447643218 -2.380739181907658 1.5
      vertex -6.37406363729278 -2.3020209929227406 1.5
      vertex -6.398356568610482 -2.2113585389802966 1.5
    endloop
  endfacet
  facet normal 0.9238795325112884 0.382683432365086 0
    outer loop
      vertex -6.37406363729278 -2.3020209929227406 1.5
      vertex -6.38007412794916 -2.2875103848635905 1.49
      vertex -6.38007412794916 -2.2875103848635905 1.5
    endloop
  endfacet
  facet normal 0 0 -1
    outer loop
      vertex -6.37406363729278 -2.3020209929227406 1.5
      vertex -6.38977774788672 -2.257645713530757 1.5
      vertex -6.398356568610482 -2.2113585389802966 1.5
    endloop
  endfacet
  facet normal 0 0 -1
    outer loop
      vertex -6.38977774788672 -2.257645713530757 1.5
      vertex -6.393444280220141 -2.2423735072453286 1.5
      vertex -6.398356568610482 -2.2113585389802966 1.5
    endloop
  endfacet
  facet normal 0 0 -1
    outer loop
      vertex -6.393444280220141 -2.2423735072453286 1.5
      vertex -6.396306502178541 -2.22693033951207 1.5
      vertex -6.398356568610482 -2.2113585389802966 1.5
    endloop
  endfacet
  facet normal 0.996917333733131 0.07845909572780817 0
    outer loop
      vertex -6.398356568610482 -2.2113585389802966 1.5
      vertex -6.3995888604263715 -2.1957007868728837 1.49
      vertex -6.3995888604263715 -2.1957007868728837 1.5
    endloop
  endfacet
  facet normal 0.9996573249755568 0.02617694830788938 0
    outer loop
      vertex -6.3995888604263715 -2.1957007868728837 1.49
      vertex -6.399999997019767 -2.1800001138104776 1.5
      vertex -6.3995888604263715 -2.1957007868728837 1.5
    endloop
  endfacet
  facet normal 0 0 -1
    outer loop
      vertex -6.398356568610482 -2.2113585389802966 1.5
      vertex -6.3995888604263715 -2.1957007868728837 1.5
      vertex -6.399999997019767 -2.1800001138104776 1.5
    endloop
  endfacet
  facet normal 0 0 -1
    outer loop
      vertex -6.22202099292274 -2.454063637292781 1.5
      vertex -6.177645713530756 -2.469777747886721 1.5
      vertex -6.192705098312484 -2.4653169548885465 1.5
    endloop
  endfacet
  facet normal 0.23344536385590037 0.9723699203976779 0
    outer loop
      vertex -6.177645713530756 -2.469777747886721 1.5
      vertex -6.162373507245327 -2.4734442802201424 1.5
      vertex -6.162373507245327 -2.4734442802201424 1.49
    endloop
  endfacet
  facet normal 0.18223552549214267 0.9832549075639555 0
    outer loop
      vertex -6.162373507245327 -2.4734442802201424 1.49
      vertex -6.162373507245327 -2.4734442802201424 1.5
      vertex -6.1469303395120685 -2.476306502178542 1.5
    endloop
  endfacet
  facet normal 0 0 -1
    outer loop
      vertex -6.177645713530756 -2.469777747886721 1.5
      vertex -6.1469303395120685 -2.476306502178542 1.5
      vertex -6.162373507245327 -2.4734442802201424 1.5
    endloop
  endfacet
  facet normal 0 0 -1
    outer loop
      vertex -6.22202099292274 -2.454063637292781 1.5
      vertex -6.192705098312484 -2.4653169548885465 1.5
      vertex -6.20751038486359 -2.460074127949161 1.5
    endloop
  endfacet
  facet normal 0 0 -1
    outer loop
      vertex -6.177645713530756 -2.469777747886721 1.5
      vertex -6.100000113810477 -2.4799999970197684 1.5
      vertex -6.1469303395120685 -2.476306502178542 1.5
    endloop
  endfacet
  facet normal 0 0 -1
    outer loop
      vertex -6.1469303395120685 -2.476306502178542 1.5
      vertex -6.100000113810477 -2.4799999970197684 1.5
      vertex -6.131358538980296 -2.4783565686104825 1.5
    endloop
  endfacet
  facet normal 0 0 -1
    outer loop
      vertex -6.131358538980296 -2.4783565686104825 1.5
      vertex -6.100000113810477 -2.4799999970197684 1.5
      vertex -6.115700786872883 -2.4795888604263725 1.5
    endloop
  endfacet
  facet normal 0 0 -1
    outer loop
      vertex -6.398356568610482 -2.2113585389802966 1.5
      vertex -5.866856211562908 -2.3687961173149517 1.5
      vertex -6.177645713530756 -2.469777747886721 1.5
    endloop
  endfacet
  facet normal 0 0 -1
    outer loop
      vertex -6.177645713530756 -2.469777747886721 1.5
      vertex -6.007294901687516 -2.4653169548885465 1.5
      vertex -6.100000113810477 -2.4799999970197684 1.5
    endloop
  endfacet
  facet normal 0 0 -1
    outer loop
      vertex -6.100000113810477 -2.4799999970197684 1.5
      vertex -6.053069660487931 -2.476306502178542 1.5
      vertex -6.0842992131271165 -2.4795888604263725 1.5
    endloop
  endfacet
  facet normal 0 0 -1
    outer loop
      vertex -6.0842992131271165 -2.4795888604263725 1.5
      vertex -6.053069660487931 -2.476306502178542 1.5
      vertex -6.068641461019704 -2.4783565686104825 1.5
    endloop
  endfacet
  facet normal 0 0 -1
    outer loop
      vertex -6.100000113810477 -2.4799999970197684 1.5
      vertex -6.007294901687516 -2.4653169548885465 1.5
      vertex -6.053069660487931 -2.476306502178542 1.5
    endloop
  endfacet
  facet normal 0 0 -1
    outer loop
      vertex -6.053069660487931 -2.476306502178542 1.5
      vertex -6.022354286469243 -2.469777747886721 1.5
      vertex -6.037626492754672 -2.4734442802201424 1.5
    endloop
  endfacet
  facet normal 0 0 -1
    outer loop
      vertex -6.053069660487931 -2.476306502178542 1.5
      vertex -6.007294901687516 -2.4653169548885465 1.5
      vertex -6.022354286469243 -2.469777747886721 1.5
    endloop
  endfacet
  facet normal 0 0 -1
    outer loop
      vertex -6.007294901687516 -2.4653169548885465 1.5
      vertex -5.977979007077259 -2.454063637292781 1.5
      vertex -5.992489615136409 -2.460074127949161 1.5
    endloop
  endfacet
  facet normal 0 0 -1
    outer loop
      vertex -6.177645713530756 -2.469777747886721 1.5
      vertex -5.866856211562908 -2.3687961173149517 1.5
      vertex -6.007294901687516 -2.4653169548885465 1.5
    endloop
  endfacet
  facet normal 0 0 -1
    outer loop
      vertex -6.007294901687516 -2.4653169548885465 1.5
      vertex -5.949999999999999 -2.439807621135332 1.5
      vertex -5.977979007077259 -2.454063637292781 1.5
    endloop
  endfacet
  facet normal 0 0 -1
    outer loop
      vertex -5.977979007077259 -2.454063637292781 1.5
      vertex -5.949999999999999 -2.439807621135332 1.5
      vertex -5.963802850078135 -2.447301957256511 1.5
    endloop
  endfacet
  facet normal 0 0 -1
    outer loop
      vertex -5.949999999999999 -2.439807621135332 1.5
      vertex -5.923664424312258 -2.422705098312485 1.5
      vertex -5.936608289495491 -2.4316011703836278 1.5
    endloop
  endfacet
  facet normal 0 0 -1
    outer loop
      vertex -6.007294901687516 -2.4653169548885465 1.5
      vertex -5.866856211562908 -2.3687961173149517 1.5
      vertex -5.949999999999999 -2.439807621135332 1.5
    endloop
  endfacet
  facet normal 0 0 -1
    outer loop
      vertex -5.949999999999999 -2.439807621135332 1.5
      vertex -5.911203882685048 -2.413143788437092 1.5
      vertex -5.923664424312258 -2.422705098312485 1.5
    endloop
  endfacet
  facet normal 0 0 -1
    outer loop
      vertex -5.949999999999999 -2.439807621135332 1.5
      vertex -5.866856211562908 -2.3687961173149517 1.5
      vertex -5.911203882685048 -2.413143788437092 1.5
    endloop
  endfacet
  facet normal 0 0 -1
    outer loop
      vertex -5.911203882685048 -2.413143788437092 1.5
      vertex -5.887867965644036 -2.392132034355965 1.5
      vertex -5.899260818092342 -2.402943447643219 1.5
    endloop
  endfacet
  facet normal 0 0 -1
    outer loop
      vertex -5.911203882685048 -2.413143788437092 1.5
      vertex -5.866856211562908 -2.3687961173149517 1.5
      vertex -5.887867965644036 -2.392132034355965 1.5
    endloop
  endfacet
  facet normal 0 0 -1
    outer loop
      vertex -5.887867965644036 -2.392132034355965 1.5
      vertex -5.866856211562908 -2.3687961173149517 1.5
      vertex -5.877056552356781 -2.380739181907658 1.5
    endloop
  endfacet
  facet normal 0 0 -1
    outer loop
      vertex -5.866856211562908 -2.3687961173149517 1.5
      vertex -5.8483988296163725 -2.3433917105045086 1.5
      vertex -5.857294901687515 -2.3563355756877424 1.5
    endloop
  endfacet
  facet normal 0 0 -1
    outer loop
      vertex -5.866856211562908 -2.3687961173149517 1.5
      vertex -5.840192378864668 -2.3300000000000005 1.5
      vertex -5.8483988296163725 -2.3433917105045086 1.5
    endloop
  endfacet
  facet normal 0 0 -1
    outer loop
      vertex -5.866856211562908 -2.3687961173149517 1.5
      vertex -5.819925872050839 -2.2875103848635905 1.5
      vertex -5.840192378864668 -2.3300000000000005 1.5
    endloop
  endfacet
  facet normal 0 0 -1
    outer loop
      vertex -5.840192378864668 -2.3300000000000005 1.5
      vertex -5.819925872050839 -2.2875103848635905 1.5
      vertex -5.832698042743489 -2.3161971499218645 1.5
    endloop
  endfacet
  facet normal 0 0 -1
    outer loop
      vertex -5.832698042743489 -2.3161971499218645 1.5
      vertex -5.819925872050839 -2.2875103848635905 1.5
      vertex -5.825936362707219 -2.3020209929227406 1.5
    endloop
  endfacet
  facet normal 0 0 -1
    outer loop
      vertex -5.866856211562908 -2.3687961173149517 1.5
      vertex -5.800000002980232 -2.1800001138104776 1.5
      vertex -5.819925872050839 -2.2875103848635905 1.5
    endloop
  endfacet
  facet normal 0 0 -1
    outer loop
      vertex -5.819925872050839 -2.2875103848635905 1.5
      vertex -5.806555719779858 -2.2423735072453286 1.5
      vertex -5.814683045111454 -2.272705098312485 1.5
    endloop
  endfacet
  facet normal 0 0 -1
    outer loop
      vertex -5.814683045111454 -2.272705098312485 1.5
      vertex -5.806555719779858 -2.2423735072453286 1.5
      vertex -5.810222252113279 -2.257645713530757 1.5
    endloop
  endfacet
  facet normal 0 0 -1
    outer loop
      vertex -5.819925872050839 -2.2875103848635905 1.5
      vertex -5.800000002980232 -2.1800001138104776 1.5
      vertex -5.806555719779858 -2.2423735072453286 1.5
    endloop
  endfacet
  facet normal 0 0 -1
    outer loop
      vertex -5.806555719779858 -2.2423735072453286 1.5
      vertex -5.801643431389517 -2.2113585389802966 1.5
      vertex -5.803693497821459 -2.22693033951207 1.5
    endloop
  endfacet
  facet normal 0 0 -1
    outer loop
      vertex -5.806555719779858 -2.2423735072453286 1.5
      vertex -5.800000002980232 -2.1800001138104776 1.5
      vertex -5.801643431389517 -2.2113585389802966 1.5
    endloop
  endfacet
  facet normal 0 0 -1
    outer loop
      vertex -5.801643431389517 -2.2113585389802966 1.5
      vertex -5.800000002980232 -2.1800001138104776 1.5
      vertex -5.800411139573628 -2.1957007868728837 1.5
    endloop
  endfacet
  facet normal 0 0 -1
    outer loop
      vertex -6.398356568610482 -2.2113585389802966 1.5
      vertex -6.3995888604263715 2.1957007868728837 1.5
      vertex -5.866856211562908 -2.3687961173149517 1.5
    endloop
  endfacet
  facet normal 0 0 -1
    outer loop
      vertex -6.398356568610482 -2.2113585389802966 1.5
      vertex -6.399999997019767 -2.1800001138104776 1.5
      vertex -6.3995888604263715 2.1957007868728837 1.5
    endloop
  endfacet
  facet normal 0 0 -1
    outer loop
      vertex -5.866856211562908 -2.3687961173149517 1.5
      vertex -5.801643431389517 2.2113585389802966 1.5
      vertex -5.800000002980232 -2.1800001138104776 1.5
    endloop
  endfacet
  facet normal -1 0 0
    outer loop
      vertex -5.800000002980232 2.1800001138104776 1.5
      vertex -5.800000002980232 2.1800001138104776 0
      vertex -5.800000002980232 -2.1800001138104776 0
    endloop
  endfacet
  facet normal 1 0 0
    outer loop
      vertex -6.399999997019767 -2.1800001138104776 1.5
      vertex -6.399999997019767 2.1800001138104776 0
      vertex -6.399999997019767 2.1800001138104776 1.5
    endloop
  endfacet
  facet normal 0.9996573249755568 -0.026176948307889383 0
    outer loop
      vertex -6.3995888604263715 2.1957007868728837 1.5
      vertex -6.399999997019767 2.1800001138104776 0
      vertex -6.3995888604263715 2.1957007868728837 0
    endloop
  endfacet
  facet normal 0.9969173337331309 -0.07845909572780817 0
    outer loop
      vertex -6.398356568610482 2.2113585389802966 1.49
      vertex -6.3995888604263715 2.1957007868728837 0
      vertex -6.398356568610482 2.2113585389802966 0
    endloop
  endfacet
  facet normal 0.9914448613738047 -0.13052619222009496 0
    outer loop
      vertex -6.396306502178541 2.22693033951207 1.49
      vertex -6.398356568610482 2.2113585389802966 0
      vertex -6.396306502178541 2.22693033951207 0
    endloop
  endfacet
  facet normal 0.9832549075639554 -0.1822355254921426 0
    outer loop
      vertex -6.396306502178541 2.22693033951207 1.49
      vertex -6.396306502178541 2.22693033951207 0
      vertex -6.393444280220141 2.2423735072453286 0
    endloop
  endfacet
  facet normal 0.9723699203976812 -0.23344536385588643 0
    outer loop
      vertex -6.38977774788672 2.257645713530757 1.49
      vertex -6.393444280220141 2.2423735072453286 0
      vertex -6.38977774788672 2.257645713530757 0
    endloop
  endfacet
  facet normal 0.9588197348681908 -0.28401534470392953 0
    outer loop
      vertex -6.38977774788672 2.257645713530757 1.49
      vertex -6.38977774788672 2.257645713530757 0
      vertex -6.385316954888546 2.272705098312485 0
    endloop
  endfacet
  facet normal 0.942641491092179 -0.3338068592337693 0
    outer loop
      vertex -6.38007412794916 2.2875103848635905 1.49
      vertex -6.385316954888546 2.272705098312485 0
      vertex -6.38007412794916 2.2875103848635905 0
    endloop
  endfacet
  facet normal 0.9238795325112884 -0.38268343236508595 0
    outer loop
      vertex -6.38007412794916 2.2875103848635905 1.49
      vertex -6.38007412794916 2.2875103848635905 0
      vertex -6.37406363729278 2.3020209929227406 0
    endloop
  endfacet
  facet normal 0.902585284349858 -0.4305110968083009 0
    outer loop
      vertex -6.37406363729278 2.3020209929227406 1.49
      vertex -6.37406363729278 2.3020209929227406 0
      vertex -6.36730195725651 2.3161971499218645 0
    endloop
  endfacet
  facet normal 0.878817112661977 -0.477158760259587 0
    outer loop
      vertex -6.359807621135332 2.3300000000000005 1.5
      vertex -6.36730195725651 2.3161971499218645 0
      vertex -6.359807621135332 2.3300000000000005 0
    endloop
  endfacet
  facet normal 0.8526401643540795 -0.5224985647159696 0
    outer loop
      vertex -6.359807621135332 2.3300000000000005 1.5
      vertex -6.359807621135332 2.3300000000000005 0
      vertex -6.351601170383627 2.3433917105045086 0
    endloop
  endfacet
  facet normal 0.8241261886220208 -0.5664062369248253 0
    outer loop
      vertex -6.342705098312484 2.3563355756877424 1.5
      vertex -6.351601170383627 2.3433917105045086 0
      vertex -6.342705098312484 2.3563355756877424 0
    endloop
  endfacet
  facet normal 0.7933533402912442 -0.6087614290087088 0
    outer loop
      vertex -6.342705098312484 2.3563355756877424 1.5
      vertex -6.342705098312484 2.3563355756877424 0
      vertex -6.333143788437091 2.3687961173149517 0
    endloop
  endfacet
  facet normal 0.7604059656000232 -0.6494480483301929 0
    outer loop
      vertex -6.333143788437091 2.3687961173149517 1.49
      vertex -6.333143788437091 2.3687961173149517 0
      vertex -6.322943447643218 2.380739181907658 0
    endloop
  endfacet
  facet normal 0.7253743710122739 -0.6883545756937685 0
    outer loop
      vertex -6.3121320343559635 2.392132034355965 1.49
      vertex -6.322943447643218 2.380739181907658 0
      vertex -6.3121320343559635 2.392132034355965 0
    endloop
  endfacet
  facet normal 0.6883545756937676 -0.7253743710122746 0
    outer loop
      vertex -6.300739181907657 2.402943447643219 1.5
      vertex -6.3121320343559635 2.392132034355965 0
      vertex -6.300739181907657 2.402943447643219 0
    endloop
  endfacet
  facet normal 0.6494480483301904 -0.7604059656000252 0
    outer loop
      vertex -6.288796117314951 2.413143788437092 1.5
      vertex -6.300739181907657 2.402943447643219 0
      vertex -6.288796117314951 2.413143788437092 0
    endloop
  endfacet
  facet normal 0.608761429008713 -0.7933533402912412 0
    outer loop
      vertex -6.288796117314951 2.413143788437092 1.5
      vertex -6.288796117314951 2.413143788437092 0
      vertex -6.2763355756877415 2.422705098312485 0
    endloop
  endfacet
  facet normal 0.5664062369248385 -0.8241261886220117 0
    outer loop
      vertex -6.263391710504508 2.4316011703836278 1.5
      vertex -6.2763355756877415 2.422705098312485 0
      vertex -6.263391710504508 2.4316011703836278 0
    endloop
  endfacet
  facet normal 0.522498564715949 -0.8526401643540921 0
    outer loop
      vertex -6.263391710504508 2.4316011703836278 1.5
      vertex -6.263391710504508 2.4316011703836278 0
      vertex -6.25 2.439807621135332 0
    endloop
  endfacet
  facet normal 0.4771587602596088 -0.8788171126619652 0
    outer loop
      vertex -6.236197149921864 2.447301957256511 1.5
      vertex -6.25 2.439807621135332 0
      vertex -6.236197149921864 2.447301957256511 0
    endloop
  endfacet
  facet normal 0.43051109680830085 -0.902585284349858 0
    outer loop
      vertex -6.22202099292274 2.454063637292781 1.5
      vertex -6.236197149921864 2.447301957256511 0
      vertex -6.22202099292274 2.454063637292781 0
    endloop
  endfacet
  facet normal 0.38268343236508595 -0.9238795325112883 0
    outer loop
      vertex -6.22202099292274 2.454063637292781 1.5
      vertex -6.22202099292274 2.454063637292781 0
      vertex -6.20751038486359 2.460074127949161 0
    endloop
  endfacet
  facet normal -0.9996573249755568 -0.026176948307889383 0
    outer loop
      vertex -5.800000002980232 2.1800001138104776 1.5
      vertex -5.800411139573628 2.1957007868728837 0
      vertex -5.800000002980232 2.1800001138104776 0
    endloop
  endfacet
  facet normal 0.33380685923375153 -0.9426414910921854 0
    outer loop
      vertex -6.192705098312484 2.4653169548885465 1.5
      vertex -6.20751038486359 2.460074127949161 0
      vertex -6.192705098312484 2.4653169548885465 0
    endloop
  endfacet
  facet normal 0.28401534470394496 -0.9588197348681864 0
    outer loop
      vertex -6.192705098312484 2.4653169548885465 1.5
      vertex -6.192705098312484 2.4653169548885465 0
      vertex -6.177645713530756 2.469777747886721 0
    endloop
  endfacet
  facet normal 0.23344536385590034 -0.9723699203976779 0
    outer loop
      vertex -6.162373507245327 2.4734442802201424 1.5
      vertex -6.177645713530756 2.469777747886721 0
      vertex -6.162373507245327 2.4734442802201424 0
    endloop
  endfacet
  facet normal 0.18223552549214264 -0.9832549075639554 0
    outer loop
      vertex -6.162373507245327 2.4734442802201424 1.5
      vertex -6.162373507245327 2.4734442802201424 0
      vertex -6.1469303395120685 2.476306502178542 0
    endloop
  endfacet
  facet normal 0.130526192220043 -0.9914448613738115 0
    outer loop
      vertex -6.1469303395120685 2.476306502178542 1.5
      vertex -6.1469303395120685 2.476306502178542 0
      vertex -6.131358538980296 2.4783565686104825 0
    endloop
  endfacet
  facet normal 0.07845909572783627 -0.9969173337331287 0
    outer loop
      vertex -6.131358538980296 2.4783565686104825 1.5
      vertex -6.131358538980296 2.4783565686104825 0
      vertex -6.115700786872883 2.4795888604263725 0
    endloop
  endfacet
  facet normal 0.026176569072375176 -0.9996573349061162 3.972223766787777e-9
    outer loop
      vertex -6.100000113810477 2.4799999970197684 1.5
      vertex -6.115700786872883 2.4795888604263725 0
      vertex -6.099999886189522 2.4799999970197684 0
    endloop
  endfacet
  facet normal -0.02617694830789012 -0.9996573249755568 0
    outer loop
      vertex -6.0842992131271165 2.4795888604263725 1.5
      vertex -6.099999886189522 2.4799999970197684 0
      vertex -6.0842992131271165 2.4795888604263725 0
    endloop
  endfacet
  facet normal -0.07845909572783627 -0.9969173337331287 0
    outer loop
      vertex -6.0842992131271165 2.4795888604263725 1.5
      vertex -6.0842992131271165 2.4795888604263725 0
      vertex -6.068641461019704 2.4783565686104825 0
    endloop
  endfacet
  facet normal -0.130526192220043 -0.9914448613738115 0
    outer loop
      vertex -6.068641461019704 2.4783565686104825 1.49
      vertex -6.068641461019704 2.4783565686104825 0
      vertex -6.053069660487931 2.476306502178542 0
    endloop
  endfacet
  facet normal -0.18223552549214264 -0.9832549075639554 0
    outer loop
      vertex -6.053069660487931 2.476306502178542 1.5
      vertex -6.053069660487931 2.476306502178542 0
      vertex -6.037626492754672 2.4734442802201424 0
    endloop
  endfacet
  facet normal -0.23344536385590034 -0.9723699203976779 0
    outer loop
      vertex -6.022354286469243 2.469777747886721 1.5
      vertex -6.037626492754672 2.4734442802201424 0
      vertex -6.022354286469243 2.469777747886721 0
    endloop
  endfacet
  facet normal -0.28401534470394496 -0.9588197348681864 0
    outer loop
      vertex -6.022354286469243 2.469777747886721 1.5
      vertex -6.022354286469243 2.469777747886721 0
      vertex -6.007294901687516 2.4653169548885465 0
    endloop
  endfacet
  facet normal -0.33380685923375153 -0.9426414910921854 0
    outer loop
      vertex -5.992489615136409 2.460074127949161 1.5
      vertex -6.007294901687516 2.4653169548885465 0
      vertex -5.992489615136409 2.460074127949161 0
    endloop
  endfacet
  facet normal -0.9969173337331307 -0.07845909572780815 0
    outer loop
      vertex -5.801643431389517 2.2113585389802966 1.5
      vertex -5.801643431389517 2.2113585389802966 0
      vertex -5.800411139573628 2.1957007868728837 0
    endloop
  endfacet
  facet normal -0.9914448613738047 -0.13052619222009493 0
    outer loop
      vertex -5.803693497821459 2.22693033951207 1.5
      vertex -5.803693497821459 2.22693033951207 0
      vertex -5.801643431389517 2.2113585389802966 0
    endloop
  endfacet
  facet normal -0.9832549075639554 -0.18223552549214264 0
    outer loop
      vertex -5.803693497821459 2.22693033951207 1.5
      vertex -5.806555719779858 2.2423735072453286 0
      vertex -5.803693497821459 2.22693033951207 0
    endloop
  endfacet
  facet normal -0.9588197348681908 -0.28401534470392953 0
    outer loop
      vertex -5.810222252113279 2.257645713530757 1.5
      vertex -5.814683045111454 2.272705098312485 0
      vertex -5.810222252113279 2.257645713530757 0
    endloop
  endfacet
  facet normal -0.9723699203976812 -0.23344536385588643 0
    outer loop
      vertex -5.810222252113279 2.257645713530757 1.5
      vertex -5.810222252113279 2.257645713530757 0
      vertex -5.806555719779858 2.2423735072453286 0
    endloop
  endfacet
  facet normal -0.902585284349858 -0.43051109680830085 0
    outer loop
      vertex -5.832698042743489 2.3161971499218645 1.5
      vertex -5.832698042743489 2.3161971499218645 0
      vertex -5.825936362707219 2.3020209929227406 0
    endloop
  endfacet
  facet normal -0.878817112661977 -0.477158760259587 0
    outer loop
      vertex -5.832698042743489 2.3161971499218645 1.5
      vertex -5.840192378864668 2.3300000000000005 0
      vertex -5.832698042743489 2.3161971499218645 0
    endloop
  endfacet
  facet normal -0.8526401643540795 -0.5224985647159696 0
    outer loop
      vertex -5.840192378864668 2.3300000000000005 1.5
      vertex -5.8483988296163725 2.3433917105045086 0
      vertex -5.840192378864668 2.3300000000000005 0
    endloop
  endfacet
  facet normal -0.942641491092179 -0.3338068592337693 0
    outer loop
      vertex -5.819925872050839 2.2875103848635905 1.5
      vertex -5.819925872050839 2.2875103848635905 0
      vertex -5.814683045111454 2.272705098312485 0
    endloop
  endfacet
  facet normal -0.9238795325112883 -0.38268343236508595 0
    outer loop
      vertex -5.825936362707219 2.3020209929227406 1.5
      vertex -5.825936362707219 2.3020209929227406 0
      vertex -5.819925872050839 2.2875103848635905 0
    endloop
  endfacet
  facet normal -0.608761429008713 -0.7933533402912412 0
    outer loop
      vertex -5.923664424312258 2.422705098312485 1.5
      vertex -5.923664424312258 2.422705098312485 0
      vertex -5.911203882685048 2.413143788437092 0
    endloop
  endfacet
  facet normal -0.6883545756937676 -0.7253743710122746 0
    outer loop
      vertex -5.899260818092342 2.402943447643219 1.5
      vertex -5.899260818092342 2.402943447643219 0
      vertex -5.887867965644036 2.392132034355965 0
    endloop
  endfacet
  facet normal -0.7253743710122741 -0.6883545756937685 0
    outer loop
      vertex -5.877056552356781 2.380739181907658 1.5
      vertex -5.887867965644036 2.392132034355965 0
      vertex -5.877056552356781 2.380739181907658 0
    endloop
  endfacet
  facet normal -0.6494480483301904 -0.7604059656000252 0
    outer loop
      vertex -5.899260818092342 2.402943447643219 1.5
      vertex -5.911203882685048 2.413143788437092 0
      vertex -5.899260818092342 2.402943447643219 0
    endloop
  endfacet
  facet normal -0.38268343236508595 -0.9238795325112883 0
    outer loop
      vertex -5.992489615136409 2.460074127949161 1.5
      vertex -5.992489615136409 2.460074127949161 0
      vertex -5.977979007077259 2.454063637292781 0
    endloop
  endfacet
  facet normal -0.43051109680830085 -0.902585284349858 0
    outer loop
      vertex -5.963802850078135 2.447301957256511 1.5
      vertex -5.977979007077259 2.454063637292781 0
      vertex -5.963802850078135 2.447301957256511 0
    endloop
  endfacet
  facet normal -0.522498564715949 -0.8526401643540921 0
    outer loop
      vertex -5.936608289495491 2.4316011703836278 1.5
      vertex -5.949999999999999 2.439807621135332 0
      vertex -5.936608289495491 2.4316011703836278 0
    endloop
  endfacet
  facet normal -0.4771587602596088 -0.8788171126619652 0
    outer loop
      vertex -5.949999999999999 2.439807621135332 1.5
      vertex -5.963802850078135 2.447301957256511 0
      vertex -5.949999999999999 2.439807621135332 0
    endloop
  endfacet
  facet normal -0.5664062369248385 -0.8241261886220117 0
    outer loop
      vertex -5.936608289495491 2.4316011703836278 1.5
      vertex -5.936608289495491 2.4316011703836278 0
      vertex -5.923664424312258 2.422705098312485 0
    endloop
  endfacet
  facet normal -0.8241261886220208 -0.5664062369248253 0
    outer loop
      vertex -5.857294901687515 2.3563355756877424 1.5
      vertex -5.857294901687515 2.3563355756877424 0
      vertex -5.8483988296163725 2.3433917105045086 0
    endloop
  endfacet
  facet normal -0.7604059656000232 -0.6494480483301929 0
    outer loop
      vertex -5.877056552356781 2.380739181907658 1.5
      vertex -5.877056552356781 2.380739181907658 0
      vertex -5.866856211562908 2.3687961173149517 0
    endloop
  endfacet
  facet normal -0.7933533402912442 -0.6087614290087088 0
    outer loop
      vertex -5.866856211562908 2.3687961173149517 1.5
      vertex -5.866856211562908 2.3687961173149517 0
      vertex -5.857294901687515 2.3563355756877424 0
    endloop
  endfacet
  facet normal 0.9996573249755568 -0.026176948307889383 0
    outer loop
      vertex -6.399999997019767 2.1800001138104776 1.5
      vertex -6.399999997019767 2.1800001138104776 0
      vertex -6.3995888604263715 2.1957007868728837 1.5
    endloop
  endfacet
  facet normal 0.9969173337331307 -0.07845909572780815 0
    outer loop
      vertex -6.3995888604263715 2.1957007868728837 1.5
      vertex -6.3995888604263715 2.1957007868728837 0
      vertex -6.398356568610482 2.2113585389802966 1.49
    endloop
  endfacet
  facet normal 0.9914448613738047 -0.13052619222009496 0
    outer loop
      vertex -6.398356568610482 2.2113585389802966 1.49
      vertex -6.398356568610482 2.2113585389802966 0
      vertex -6.396306502178541 2.22693033951207 1.49
    endloop
  endfacet
  facet normal 0.9832549075639554 -0.1822355254921426 0
    outer loop
      vertex -6.396306502178541 2.22693033951207 1.49
      vertex -6.393444280220141 2.2423735072453286 0
      vertex -6.393444280220141 2.2423735072453286 1.49
    endloop
  endfacet
  facet normal 0.9723699203976812 -0.23344536385588643 0
    outer loop
      vertex -6.393444280220141 2.2423735072453286 1.49
      vertex -6.393444280220141 2.2423735072453286 0
      vertex -6.38977774788672 2.257645713530757 1.49
    endloop
  endfacet
  facet normal 0.9588197348681908 -0.28401534470392953 0
    outer loop
      vertex -6.38977774788672 2.257645713530757 1.49
      vertex -6.385316954888546 2.272705098312485 0
      vertex -6.385316954888546 2.272705098312485 1.49
    endloop
  endfacet
  facet normal 0.942641491092179 -0.3338068592337693 0
    outer loop
      vertex -6.385316954888546 2.272705098312485 1.49
      vertex -6.385316954888546 2.272705098312485 0
      vertex -6.38007412794916 2.2875103848635905 1.49
    endloop
  endfacet
  facet normal 0.9238795325112884 -0.38268343236508595 0
    outer loop
      vertex -6.38007412794916 2.2875103848635905 1.49
      vertex -6.37406363729278 2.3020209929227406 0
      vertex -6.37406363729278 2.3020209929227406 1.49
    endloop
  endfacet
  facet normal 0.9025852843498579 -0.43051109680830074 0
    outer loop
      vertex -6.37406363729278 2.3020209929227406 1.49
      vertex -6.36730195725651 2.3161971499218645 0
      vertex -6.37406363729278 2.3020209929227406 1.5
    endloop
  endfacet
  facet normal 0.902585284349858 -0.43051109680830085 0
    outer loop
      vertex -6.37406363729278 2.3020209929227406 1.5
      vertex -6.36730195725651 2.3161971499218645 0
      vertex -6.36730195725651 2.3161971499218645 1.5
    endloop
  endfacet
  facet normal 0.878817112661977 -0.477158760259587 0
    outer loop
      vertex -6.36730195725651 2.3161971499218645 1.5
      vertex -6.36730195725651 2.3161971499218645 0
      vertex -6.359807621135332 2.3300000000000005 1.5
    endloop
  endfacet
  facet normal 0.8526401643540795 -0.5224985647159696 0
    outer loop
      vertex -6.359807621135332 2.3300000000000005 1.5
      vertex -6.351601170383627 2.3433917105045086 0
      vertex -6.351601170383627 2.3433917105045086 1.5
    endloop
  endfacet
  facet normal 0.8241261886220208 -0.5664062369248253 0
    outer loop
      vertex -6.351601170383627 2.3433917105045086 1.5
      vertex -6.351601170383627 2.3433917105045086 0
      vertex -6.342705098312484 2.3563355756877424 1.5
    endloop
  endfacet
  facet normal 0.7933533402912442 -0.6087614290087088 0
    outer loop
      vertex -6.342705098312484 2.3563355756877424 1.5
      vertex -6.333143788437091 2.3687961173149517 0
      vertex -6.333143788437091 2.3687961173149517 1.49
    endloop
  endfacet
  facet normal 0.7604059656000232 -0.6494480483301929 0
    outer loop
      vertex -6.333143788437091 2.3687961173149517 1.49
      vertex -6.322943447643218 2.380739181907658 0
      vertex -6.322943447643218 2.380739181907658 1.5
    endloop
  endfacet
  facet normal 0.725374371012274 -0.6883545756937685 0
    outer loop
      vertex -6.3121320343559635 2.392132034355965 1.49
      vertex -6.3121320343559635 2.392132034355965 1.5
      vertex -6.322943447643218 2.380739181907658 0
    endloop
  endfacet
  facet normal 0.6883545756937677 -0.7253743710122748 0
    outer loop
      vertex -6.3121320343559635 2.392132034355965 1.49
      vertex -6.3121320343559635 2.392132034355965 0
      vertex -6.300739181907657 2.402943447643219 1.5
    endloop
  endfacet
  facet normal 0.7253743710122741 -0.6883545756937685 0
    outer loop
      vertex -6.322943447643218 2.380739181907658 1.5
      vertex -6.322943447643218 2.380739181907658 0
      vertex -6.3121320343559635 2.392132034355965 1.5
    endloop
  endfacet
  facet normal 0.6494480483301904 -0.7604059656000252 0
    outer loop
      vertex -6.300739181907657 2.402943447643219 1.5
      vertex -6.300739181907657 2.402943447643219 0
      vertex -6.288796117314951 2.413143788437092 1.5
    endloop
  endfacet
  facet normal 0.608761429008713 -0.7933533402912412 0
    outer loop
      vertex -6.288796117314951 2.413143788437092 1.5
      vertex -6.2763355756877415 2.422705098312485 0
      vertex -6.2763355756877415 2.422705098312485 1.5
    endloop
  endfacet
  facet normal 0.5664062369248385 -0.8241261886220117 0
    outer loop
      vertex -6.2763355756877415 2.422705098312485 1.5
      vertex -6.2763355756877415 2.422705098312485 0
      vertex -6.263391710504508 2.4316011703836278 1.5
    endloop
  endfacet
  facet normal 0.522498564715949 -0.8526401643540921 0
    outer loop
      vertex -6.263391710504508 2.4316011703836278 1.5
      vertex -6.25 2.439807621135332 0
      vertex -6.25 2.439807621135332 1.5
    endloop
  endfacet
  facet normal 0.4771587602596088 -0.8788171126619652 0
    outer loop
      vertex -6.25 2.439807621135332 1.5
      vertex -6.25 2.439807621135332 0
      vertex -6.236197149921864 2.447301957256511 1.5
    endloop
  endfacet
  facet normal 0.43051109680830085 -0.902585284349858 0
    outer loop
      vertex -6.236197149921864 2.447301957256511 1.5
      vertex -6.236197149921864 2.447301957256511 0
      vertex -6.22202099292274 2.454063637292781 1.5
    endloop
  endfacet
  facet normal 0.38268343236508595 -0.9238795325112883 0
    outer loop
      vertex -6.22202099292274 2.454063637292781 1.5
      vertex -6.20751038486359 2.460074127949161 0
      vertex -6.20751038486359 2.460074127949161 1.5
    endloop
  endfacet
  facet normal 0.33380685923375153 -0.9426414910921854 0
    outer loop
      vertex -6.20751038486359 2.460074127949161 1.5
      vertex -6.20751038486359 2.460074127949161 0
      vertex -6.192705098312484 2.4653169548885465 1.5
    endloop
  endfacet
  facet normal 0.28401534470394496 -0.9588197348681864 0
    outer loop
      vertex -6.192705098312484 2.4653169548885465 1.5
      vertex -6.177645713530756 2.469777747886721 0
      vertex -6.177645713530756 2.469777747886721 1.5
    endloop
  endfacet
  facet normal 0.23344536385590034 -0.9723699203976779 0
    outer loop
      vertex -6.177645713530756 2.469777747886721 1.5
      vertex -6.177645713530756 2.469777747886721 0
      vertex -6.162373507245327 2.4734442802201424 1.5
    endloop
  endfacet
  facet normal 0.18223552549214264 -0.9832549075639554 0
    outer loop
      vertex -6.162373507245327 2.4734442802201424 1.5
      vertex -6.1469303395120685 2.476306502178542 0
      vertex -6.1469303395120685 2.476306502178542 1.5
    endloop
  endfacet
  facet normal 0.130526192220043 -0.9914448613738115 0
    outer loop
      vertex -6.1469303395120685 2.476306502178542 1.5
      vertex -6.131358538980296 2.4783565686104825 0
      vertex -6.131358538980296 2.4783565686104825 1.5
    endloop
  endfacet
  facet normal 0.07845909572783627 -0.9969173337331287 0
    outer loop
      vertex -6.131358538980296 2.4783565686104825 1.5
      vertex -6.115700786872883 2.4795888604263725 0
      vertex -6.115700786872883 2.4795888604263725 1.5
    endloop
  endfacet
  facet normal 0.02617694830789012 -0.9996573249755568 0
    outer loop
      vertex -6.115700786872883 2.4795888604263725 1.5
      vertex -6.115700786872883 2.4795888604263725 0
      vertex -6.100000113810477 2.4799999970197684 1.5
    endloop
  endfacet
  facet normal -0.07845909572783627 -0.9969173337331286 0
    outer loop
      vertex -6.068641461019704 2.4783565686104825 1.49
      vertex -6.0842992131271165 2.4795888604263725 1.5
      vertex -6.068641461019704 2.4783565686104825 0
    endloop
  endfacet
  facet normal -0.026176569072375176 -0.9996573349061162 -3.972223766787777e-9
    outer loop
      vertex -6.100000113810477 2.4799999970197684 1.5
      vertex -6.099999886189522 2.4799999970197684 0
      vertex -6.0842992131271165 2.4795888604263725 1.5
    endloop
  endfacet
  facet normal -0.130526192220043 -0.9914448613738115 0
    outer loop
      vertex -6.068641461019704 2.4783565686104825 1.49
      vertex -6.053069660487931 2.476306502178542 0
      vertex -6.053069660487931 2.476306502178542 1.5
    endloop
  endfacet
  facet normal -0.18223552549214264 -0.9832549075639554 0
    outer loop
      vertex -6.053069660487931 2.476306502178542 1.5
      vertex -6.037626492754672 2.4734442802201424 0
      vertex -6.037626492754672 2.4734442802201424 1.5
    endloop
  endfacet
  facet normal -0.23344536385590034 -0.9723699203976779 0
    outer loop
      vertex -6.037626492754672 2.4734442802201424 1.5
      vertex -6.037626492754672 2.4734442802201424 0
      vertex -6.022354286469243 2.469777747886721 1.5
    endloop
  endfacet
  facet normal -0.28401534470394496 -0.9588197348681864 0
    outer loop
      vertex -6.007294901687516 2.4653169548885465 1.5
      vertex -6.022354286469243 2.469777747886721 1.5
      vertex -6.007294901687516 2.4653169548885465 0
    endloop
  endfacet
  facet normal -0.33380685923375153 -0.9426414910921854 0
    outer loop
      vertex -6.007294901687516 2.4653169548885465 1.5
      vertex -6.007294901687516 2.4653169548885465 0
      vertex -5.992489615136409 2.460074127949161 1.5
    endloop
  endfacet
  facet normal -0.9996573249755568 -0.026176948307889383 0
    outer loop
      vertex -5.800000002980232 2.1800001138104776 1.5
      vertex -5.800411139573628 2.1957007868728837 1.5
      vertex -5.800411139573628 2.1957007868728837 0
    endloop
  endfacet
  facet normal -0.9969173337331307 -0.07845909572780815 0
    outer loop
      vertex -5.800411139573628 2.1957007868728837 1.5
      vertex -5.801643431389517 2.2113585389802966 1.5
      vertex -5.800411139573628 2.1957007868728837 0
    endloop
  endfacet
  facet normal -0.9914448613738047 -0.13052619222009493 0
    outer loop
      vertex -5.801643431389517 2.2113585389802966 1.5
      vertex -5.803693497821459 2.22693033951207 1.5
      vertex -5.801643431389517 2.2113585389802966 0
    endloop
  endfacet
  facet normal -0.9832549075639554 -0.18223552549214264 0
    outer loop
      vertex -5.806555719779858 2.2423735072453286 1.5
      vertex -5.806555719779858 2.2423735072453286 0
      vertex -5.803693497821459 2.22693033951207 1.5
    endloop
  endfacet
  facet normal -0.9723699203976812 -0.23344536385588643 0
    outer loop
      vertex -5.806555719779858 2.2423735072453286 1.5
      vertex -5.810222252113279 2.257645713530757 1.5
      vertex -5.806555719779858 2.2423735072453286 0
    endloop
  endfacet
  facet normal -0.902585284349858 -0.43051109680830085 0
    outer loop
      vertex -5.832698042743489 2.3161971499218645 1.5
      vertex -5.825936362707219 2.3020209929227406 0
      vertex -5.825936362707219 2.3020209929227406 1.5
    endloop
  endfacet
  facet normal -0.8526401643540795 -0.5224985647159696 0
    outer loop
      vertex -5.8483988296163725 2.3433917105045086 1.5
      vertex -5.8483988296163725 2.3433917105045086 0
      vertex -5.840192378864668 2.3300000000000005 1.5
    endloop
  endfacet
  facet normal -0.878817112661977 -0.477158760259587 0
    outer loop
      vertex -5.832698042743489 2.3161971499218645 1.5
      vertex -5.840192378864668 2.3300000000000005 1.5
      vertex -5.840192378864668 2.3300000000000005 0
    endloop
  endfacet
  facet normal -0.9588197348681908 -0.28401534470392953 0
    outer loop
      vertex -5.810222252113279 2.257645713530757 1.5
      vertex -5.814683045111454 2.272705098312485 1.5
      vertex -5.814683045111454 2.272705098312485 0
    endloop
  endfacet
  facet normal -0.942641491092179 -0.3338068592337693 0
    outer loop
      vertex -5.819925872050839 2.2875103848635905 1.5
      vertex -5.814683045111454 2.272705098312485 0
      vertex -5.814683045111454 2.272705098312485 1.5
    endloop
  endfacet
  facet normal -0.9238795325112883 -0.38268343236508595 0
    outer loop
      vertex -5.819925872050839 2.2875103848635905 1.5
      vertex -5.825936362707219 2.3020209929227406 1.5
      vertex -5.819925872050839 2.2875103848635905 0
    endloop
  endfacet
  facet normal -0.608761429008713 -0.7933533402912412 0
    outer loop
      vertex -5.923664424312258 2.422705098312485 1.5
      vertex -5.911203882685048 2.413143788437092 0
      vertex -5.911203882685048 2.413143788437092 1.5
    endloop
  endfacet
  facet normal -0.7253743710122741 -0.6883545756937685 0
    outer loop
      vertex -5.877056552356781 2.380739181907658 1.5
      vertex -5.887867965644036 2.392132034355965 1.5
      vertex -5.887867965644036 2.392132034355965 0
    endloop
  endfacet
  facet normal -0.6883545756937676 -0.7253743710122746 0
    outer loop
      vertex -5.899260818092342 2.402943447643219 1.5
      vertex -5.887867965644036 2.392132034355965 0
      vertex -5.887867965644036 2.392132034355965 1.5
    endloop
  endfacet
  facet normal -0.6494480483301904 -0.7604059656000252 0
    outer loop
      vertex -5.899260818092342 2.402943447643219 1.5
      vertex -5.911203882685048 2.413143788437092 1.5
      vertex -5.911203882685048 2.413143788437092 0
    endloop
  endfacet
  facet normal -0.38268343236508595 -0.9238795325112883 0
    outer loop
      vertex -5.992489615136409 2.460074127949161 1.5
      vertex -5.977979007077259 2.454063637292781 0
      vertex -5.977979007077259 2.454063637292781 1.5
    endloop
  endfacet
  facet normal -0.43051109680830085 -0.902585284349858 0
    outer loop
      vertex -5.977979007077259 2.454063637292781 1.5
      vertex -5.977979007077259 2.454063637292781 0
      vertex -5.963802850078135 2.447301957256511 1.5
    endloop
  endfacet
  facet normal -0.522498564715949 -0.8526401643540921 0
    outer loop
      vertex -5.949999999999999 2.439807621135332 1.5
      vertex -5.949999999999999 2.439807621135332 0
      vertex -5.936608289495491 2.4316011703836278 1.5
    endloop
  endfacet
  facet normal -0.4771587602596088 -0.8788171126619652 0
    outer loop
      vertex -5.949999999999999 2.439807621135332 1.5
      vertex -5.963802850078135 2.447301957256511 1.5
      vertex -5.963802850078135 2.447301957256511 0
    endloop
  endfacet
  facet normal -0.5664062369248385 -0.8241261886220117 0
    outer loop
      vertex -5.923664424312258 2.422705098312485 1.5
      vertex -5.936608289495491 2.4316011703836278 1.5
      vertex -5.923664424312258 2.422705098312485 0
    endloop
  endfacet
  facet normal -0.7933533402912442 -0.6087614290087088 0
    outer loop
      vertex -5.857294901687515 2.3563355756877424 1.5
      vertex -5.866856211562908 2.3687961173149517 1.5
      vertex -5.857294901687515 2.3563355756877424 0
    endloop
  endfacet
  facet normal -0.7604059656000232 -0.6494480483301929 0
    outer loop
      vertex -5.877056552356781 2.380739181907658 1.5
      vertex -5.866856211562908 2.3687961173149517 0
      vertex -5.866856211562908 2.3687961173149517 1.5
    endloop
  endfacet
  facet normal -0.8241261886220208 -0.5664062369248253 0
    outer loop
      vertex -5.8483988296163725 2.3433917105045086 1.5
      vertex -5.857294901687515 2.3563355756877424 1.5
      vertex -5.8483988296163725 2.3433917105045086 0
    endloop
  endfacet
  facet normal 0 0 -1
    outer loop
      vertex -6.399999997019767 -2.1800001138104776 1.5
      vertex -6.399999997019767 2.1800001138104776 1.5
      vertex -6.3995888604263715 2.1957007868728837 1.5
    endloop
  endfacet
  facet normal 0 0 -1
    outer loop
      vertex -5.866856211562908 -2.3687961173149517 1.5
      vertex -6.3995888604263715 2.1957007868728837 1.5
      vertex -5.801643431389517 2.2113585389802966 1.5
    endloop
  endfacet
  facet normal 0 0 -1
    outer loop
      vertex -5.800000002980232 -2.1800001138104776 1.5
      vertex -5.801643431389517 2.2113585389802966 1.5
      vertex -5.800000002980232 2.1800001138104776 1.5
    endloop
  endfacet
  facet normal 0.996917333733131 -0.07845909572780817 0
    outer loop
      vertex -6.3995888604263715 2.1957007868728837 1.5
      vertex -6.398356568610482 2.2113585389802966 1.49
      vertex -6.398356568610482 2.2113585389802966 1.5
    endloop
  endfacet
  facet normal 0.9914448613738047 -0.13052619222009493 0
    outer loop
      vertex -6.398356568610482 2.2113585389802966 1.49
      vertex -6.396306502178541 2.22693033951207 1.49
      vertex -6.398356568610482 2.2113585389802966 1.5
    endloop
  endfacet
  facet normal 0 0 -1
    outer loop
      vertex -6.3995888604263715 2.1957007868728837 1.5
      vertex -6.398356568610482 2.2113585389802966 1.5
      vertex -6.393444280220141 2.2423735072453286 1.5
    endloop
  endfacet
  facet normal 0.9914448613738047 -0.13052619222009493 0
    outer loop
      vertex -6.396306502178541 2.22693033951207 1.49
      vertex -6.396306502178541 2.22693033951207 1.5
      vertex -6.398356568610482 2.2113585389802966 1.5
    endloop
  endfacet
  facet normal 0.9832549075639555 -0.18223552549214267 0
    outer loop
      vertex -6.396306502178541 2.22693033951207 1.49
      vertex -6.393444280220141 2.2423735072453286 1.5
      vertex -6.396306502178541 2.22693033951207 1.5
    endloop
  endfacet
  facet normal 0 0 -1
    outer loop
      vertex -6.398356568610482 2.2113585389802966 1.5
      vertex -6.396306502178541 2.22693033951207 1.5
      vertex -6.393444280220141 2.2423735072453286 1.5
    endloop
  endfacet
  facet normal 0.9832549075639555 -0.18223552549214267 0
    outer loop
      vertex -6.396306502178541 2.22693033951207 1.49
      vertex -6.393444280220141 2.2423735072453286 1.49
      vertex -6.393444280220141 2.2423735072453286 1.5
    endloop
  endfacet
  facet normal 0.9723699203976812 -0.2334453638558864 0
    outer loop
      vertex -6.393444280220141 2.2423735072453286 1.49
      vertex -6.38977774788672 2.257645713530757 1.49
      vertex -6.393444280220141 2.2423735072453286 1.5
    endloop
  endfacet
  facet normal 0 0 -1
    outer loop
      vertex -6.3995888604263715 2.1957007868728837 1.5
      vertex -6.393444280220141 2.2423735072453286 1.5
      vertex -6.37406363729278 2.3020209929227406 1.5
    endloop
  endfacet
  facet normal 0.9723699203976812 -0.2334453638558864 0
    outer loop
      vertex -6.393444280220141 2.2423735072453286 1.5
      vertex -6.38977774788672 2.257645713530757 1.49
      vertex -6.38977774788672 2.257645713530757 1.5
    endloop
  endfacet
  facet normal 0.9588197348681909 -0.28401534470392953 0
    outer loop
      vertex -6.38977774788672 2.257645713530757 1.49
      vertex -6.385316954888546 2.272705098312485 1.5
      vertex -6.38977774788672 2.257645713530757 1.5
    endloop
  endfacet
  facet normal 0 0 -1
    outer loop
      vertex -6.393444280220141 2.2423735072453286 1.5
      vertex -6.38977774788672 2.257645713530757 1.5
      vertex -6.385316954888546 2.272705098312485 1.5
    endloop
  endfacet
  facet normal 0.9588197348681909 -0.28401534470392953 0
    outer loop
      vertex -6.38977774788672 2.257645713530757 1.49
      vertex -6.385316954888546 2.272705098312485 1.49
      vertex -6.385316954888546 2.272705098312485 1.5
    endloop
  endfacet
  facet normal 0 0 -1
    outer loop
      vertex -6.393444280220141 2.2423735072453286 1.5
      vertex -6.385316954888546 2.272705098312485 1.5
      vertex -6.37406363729278 2.3020209929227406 1.5
    endloop
  endfacet
  facet normal 0.942641491092179 -0.3338068592337693 0
    outer loop
      vertex -6.385316954888546 2.272705098312485 1.49
      vertex -6.38007412794916 2.2875103848635905 1.49
      vertex -6.385316954888546 2.272705098312485 1.5
    endloop
  endfacet
  facet normal 0.942641491092179 -0.3338068592337693 0
    outer loop
      vertex -6.38007412794916 2.2875103848635905 1.49
      vertex -6.38007412794916 2.2875103848635905 1.5
      vertex -6.385316954888546 2.272705098312485 1.5
    endloop
  endfacet
  facet normal 0 0 -1
    outer loop
      vertex -6.385316954888546 2.272705098312485 1.5
      vertex -6.38007412794916 2.2875103848635905 1.5
      vertex -6.37406363729278 2.3020209929227406 1.5
    endloop
  endfacet
  facet normal 0.9238795325112884 -0.382683432365086 0
    outer loop
      vertex -6.38007412794916 2.2875103848635905 1.49
      vertex -6.37406363729278 2.3020209929227406 1.5
      vertex -6.38007412794916 2.2875103848635905 1.5
    endloop
  endfacet
  facet normal 0.9238795325112884 -0.382683432365086 0
    outer loop
      vertex -6.38007412794916 2.2875103848635905 1.49
      vertex -6.37406363729278 2.3020209929227406 1.49
      vertex -6.37406363729278 2.3020209929227406 1.5
    endloop
  endfacet
  facet normal 0 0 -1
    outer loop
      vertex -6.3995888604263715 2.1957007868728837 1.5
      vertex -6.37406363729278 2.3020209929227406 1.5
      vertex -6.3121320343559635 2.392132034355965 1.5
    endloop
  endfacet
  facet normal 0 0 -1
    outer loop
      vertex -6.37406363729278 2.3020209929227406 1.5
      vertex -6.36730195725651 2.3161971499218645 1.5
      vertex -6.359807621135332 2.3300000000000005 1.5
    endloop
  endfacet
  facet normal 0 0 -1
    outer loop
      vertex -6.37406363729278 2.3020209929227406 1.5
      vertex -6.359807621135332 2.3300000000000005 1.5
      vertex -6.342705098312484 2.3563355756877424 1.5
    endloop
  endfacet
  facet normal 0 0 -1
    outer loop
      vertex -6.359807621135332 2.3300000000000005 1.5
      vertex -6.351601170383627 2.3433917105045086 1.5
      vertex -6.342705098312484 2.3563355756877424 1.5
    endloop
  endfacet
  facet normal 0 0 -1
    outer loop
      vertex -6.37406363729278 2.3020209929227406 1.5
      vertex -6.342705098312484 2.3563355756877424 1.5
      vertex -6.3121320343559635 2.392132034355965 1.5
    endloop
  endfacet
  facet normal 0.7933533402912443 -0.6087614290087089 0
    outer loop
      vertex -6.342705098312484 2.3563355756877424 1.5
      vertex -6.333143788437091 2.3687961173149517 1.49
      vertex -6.333143788437091 2.3687961173149517 1.5
    endloop
  endfacet
  facet normal 0 0 -1
    outer loop
      vertex -6.342705098312484 2.3563355756877424 1.5
      vertex -6.333143788437091 2.3687961173149517 1.5
      vertex -6.322943447643218 2.380739181907658 1.5
    endloop
  endfacet
  facet normal 0.7604059656000232 -0.6494480483301928 0
    outer loop
      vertex -6.333143788437091 2.3687961173149517 1.49
      vertex -6.322943447643218 2.380739181907658 1.5
      vertex -6.333143788437091 2.3687961173149517 1.5
    endloop
  endfacet
  facet normal 0 0 -1
    outer loop
      vertex -6.342705098312484 2.3563355756877424 1.5
      vertex -6.322943447643218 2.380739181907658 1.5
      vertex -6.3121320343559635 2.392132034355965 1.5
    endloop
  endfacet
  facet normal 0 0 -1
    outer loop
      vertex -6.3995888604263715 2.1957007868728837 1.5
      vertex -6.3121320343559635 2.392132034355965 1.5
      vertex -6.100000113810477 2.4799999970197684 1.5
    endloop
  endfacet
  facet normal 0.6883545756937676 -0.7253743710122746 0
    outer loop
      vertex -6.3121320343559635 2.392132034355965 1.49
      vertex -6.300739181907657 2.402943447643219 1.5
      vertex -6.3121320343559635 2.392132034355965 1.5
    endloop
  endfacet
  facet normal 0 0 -1
    outer loop
      vertex -6.3121320343559635 2.392132034355965 1.5
      vertex -6.300739181907657 2.402943447643219 1.5
      vertex -6.288796117314951 2.413143788437092 1.5
    endloop
  endfacet
  facet normal 0 0 -1
    outer loop
      vertex -6.3121320343559635 2.392132034355965 1.5
      vertex -6.288796117314951 2.413143788437092 1.5
      vertex -6.263391710504508 2.4316011703836278 1.5
    endloop
  endfacet
  facet normal 0 0 -1
    outer loop
      vertex -6.288796117314951 2.413143788437092 1.5
      vertex -6.2763355756877415 2.422705098312485 1.5
      vertex -6.263391710504508 2.4316011703836278 1.5
    endloop
  endfacet
  facet normal 0 0 -1
    outer loop
      vertex -6.3121320343559635 2.392132034355965 1.5
      vertex -6.263391710504508 2.4316011703836278 1.5
      vertex -6.22202099292274 2.454063637292781 1.5
    endloop
  endfacet
  facet normal 0 0 -1
    outer loop
      vertex -6.263391710504508 2.4316011703836278 1.5
      vertex -6.25 2.439807621135332 1.5
      vertex -6.236197149921864 2.447301957256511 1.5
    endloop
  endfacet
  facet normal 0 0 -1
    outer loop
      vertex -6.263391710504508 2.4316011703836278 1.5
      vertex -6.236197149921864 2.447301957256511 1.5
      vertex -6.22202099292274 2.454063637292781 1.5
    endloop
  endfacet
  facet normal 0 0 -1
    outer loop
      vertex -6.3995888604263715 2.1957007868728837 1.5
      vertex -6.100000113810477 2.4799999970197684 1.5
      vertex -5.801643431389517 2.2113585389802966 1.5
    endloop
  endfacet
  facet normal 0 0 -1
    outer loop
      vertex -6.3121320343559635 2.392132034355965 1.5
      vertex -6.22202099292274 2.454063637292781 1.5
      vertex -6.100000113810477 2.4799999970197684 1.5
    endloop
  endfacet
  facet normal 0 0 -1
    outer loop
      vertex -6.22202099292274 2.454063637292781 1.5
      vertex -6.20751038486359 2.460074127949161 1.5
      vertex -6.192705098312484 2.4653169548885465 1.5
    endloop
  endfacet
  facet normal 0 0 -1
    outer loop
      vertex -6.22202099292274 2.454063637292781 1.5
      vertex -6.192705098312484 2.4653169548885465 1.5
      vertex -6.162373507245327 2.4734442802201424 1.5
    endloop
  endfacet
  facet normal 0 0 -1
    outer loop
      vertex -6.192705098312484 2.4653169548885465 1.5
      vertex -6.177645713530756 2.469777747886721 1.5
      vertex -6.162373507245327 2.4734442802201424 1.5
    endloop
  endfacet
  facet normal 0 0 -1
    outer loop
      vertex -6.22202099292274 2.454063637292781 1.5
      vertex -6.162373507245327 2.4734442802201424 1.5
      vertex -6.100000113810477 2.4799999970197684 1.5
    endloop
  endfacet
  facet normal 0 0 -1
    outer loop
      vertex -6.1469303395120685 2.476306502178542 1.5
      vertex -6.131358538980296 2.4783565686104825 1.5
      vertex -6.115700786872883 2.4795888604263725 1.5
    endloop
  endfacet
  facet normal 0 0 -1
    outer loop
      vertex -6.162373507245327 2.4734442802201424 1.5
      vertex -6.1469303395120685 2.476306502178542 1.5
      vertex -6.100000113810477 2.4799999970197684 1.5
    endloop
  endfacet
  facet normal 0 0 -1
    outer loop
      vertex -6.1469303395120685 2.476306502178542 1.5
      vertex -6.115700786872883 2.4795888604263725 1.5
      vertex -6.100000113810477 2.4799999970197684 1.5
    endloop
  endfacet
  facet normal -0.07845909572783626 -0.9969173337331287 0
    outer loop
      vertex -6.068641461019704 2.4783565686104825 1.49
      vertex -6.068641461019704 2.4783565686104825 1.5
      vertex -6.0842992131271165 2.4795888604263725 1.5
    endloop
  endfacet
  facet normal 0 0 -1
    outer loop
      vertex -6.100000113810477 2.4799999970197684 1.5
      vertex -6.0842992131271165 2.4795888604263725 1.5
      vertex -6.053069660487931 2.476306502178542 1.5
    endloop
  endfacet
  facet normal -0.130526192220043 -0.9914448613738115 0
    outer loop
      vertex -6.068641461019704 2.4783565686104825 1.49
      vertex -6.053069660487931 2.476306502178542 1.5
      vertex -6.068641461019704 2.4783565686104825 1.5
    endloop
  endfacet
  facet normal 0 0 -1
    outer loop
      vertex -6.0842992131271165 2.4795888604263725 1.5
      vertex -6.068641461019704 2.4783565686104825 1.5
      vertex -6.053069660487931 2.476306502178542 1.5
    endloop
  endfacet
  facet normal 0 0 -1
    outer loop
      vertex -6.100000113810477 2.4799999970197684 1.5
      vertex -6.053069660487931 2.476306502178542 1.5
      vertex -5.992489615136409 2.460074127949161 1.5
    endloop
  endfacet
  facet normal 0 0 -1
    outer loop
      vertex -6.100000113810477 2.4799999970197684 1.5
      vertex -5.992489615136409 2.460074127949161 1.5
      vertex -5.899260818092342 2.402943447643219 1.5
    endloop
  endfacet
  facet normal 0 0 -1
    outer loop
      vertex -6.053069660487931 2.476306502178542 1.5
      vertex -6.037626492754672 2.4734442802201424 1.5
      vertex -6.022354286469243 2.469777747886721 1.5
    endloop
  endfacet
  facet normal 0 0 -1
    outer loop
      vertex -6.053069660487931 2.476306502178542 1.5
      vertex -6.022354286469243 2.469777747886721 1.5
      vertex -5.992489615136409 2.460074127949161 1.5
    endloop
  endfacet
  facet normal 0 0 -1
    outer loop
      vertex -6.007294901687516 2.4653169548885465 1.5
      vertex -5.992489615136409 2.460074127949161 1.5
      vertex -6.022354286469243 2.469777747886721 1.5
    endloop
  endfacet
  facet normal 0 0 -1
    outer loop
      vertex -5.800000002980232 2.1800001138104776 1.5
      vertex -5.801643431389517 2.2113585389802966 1.5
      vertex -5.800411139573628 2.1957007868728837 1.5
    endloop
  endfacet
  facet normal 0 0 -1
    outer loop
      vertex -5.801643431389517 2.2113585389802966 1.5
      vertex -5.810222252113279 2.257645713530757 1.5
      vertex -5.803693497821459 2.22693033951207 1.5
    endloop
  endfacet
  facet normal 0 0 -1
    outer loop
      vertex -5.806555719779858 2.2423735072453286 1.5
      vertex -5.803693497821459 2.22693033951207 1.5
      vertex -5.810222252113279 2.257645713530757 1.5
    endloop
  endfacet
  facet normal 0 0 -1
    outer loop
      vertex -5.801643431389517 2.2113585389802966 1.5
      vertex -5.832698042743489 2.3161971499218645 1.5
      vertex -5.810222252113279 2.257645713530757 1.5
    endloop
  endfacet
  facet normal 0 0 -1
    outer loop
      vertex -5.819925872050839 2.2875103848635905 1.5
      vertex -5.832698042743489 2.3161971499218645 1.5
      vertex -5.825936362707219 2.3020209929227406 1.5
    endloop
  endfacet
  facet normal 0 0 -1
    outer loop
      vertex -5.801643431389517 2.2113585389802966 1.5
      vertex -5.899260818092342 2.402943447643219 1.5
      vertex -5.832698042743489 2.3161971499218645 1.5
    endloop
  endfacet
  facet normal 0 0 -1
    outer loop
      vertex -5.8483988296163725 2.3433917105045086 1.5
      vertex -5.840192378864668 2.3300000000000005 1.5
      vertex -5.857294901687515 2.3563355756877424 1.5
    endloop
  endfacet
  facet normal 0 0 -1
    outer loop
      vertex -5.832698042743489 2.3161971499218645 1.5
      vertex -5.857294901687515 2.3563355756877424 1.5
      vertex -5.840192378864668 2.3300000000000005 1.5
    endloop
  endfacet
  facet normal 0 0 -1
    outer loop
      vertex -5.810222252113279 2.257645713530757 1.5
      vertex -5.819925872050839 2.2875103848635905 1.5
      vertex -5.814683045111454 2.272705098312485 1.5
    endloop
  endfacet
  facet normal 0 0 -1
    outer loop
      vertex -5.810222252113279 2.257645713530757 1.5
      vertex -5.832698042743489 2.3161971499218645 1.5
      vertex -5.819925872050839 2.2875103848635905 1.5
    endloop
  endfacet
  facet normal 0 0 -1
    outer loop
      vertex -6.100000113810477 2.4799999970197684 1.5
      vertex -5.899260818092342 2.402943447643219 1.5
      vertex -5.801643431389517 2.2113585389802966 1.5
    endloop
  endfacet
  facet normal 0 0 -1
    outer loop
      vertex -5.899260818092342 2.402943447643219 1.5
      vertex -5.936608289495491 2.4316011703836278 1.5
      vertex -5.923664424312258 2.422705098312485 1.5
    endloop
  endfacet
  facet normal 0 0 -1
    outer loop
      vertex -5.899260818092342 2.402943447643219 1.5
      vertex -5.923664424312258 2.422705098312485 1.5
      vertex -5.911203882685048 2.413143788437092 1.5
    endloop
  endfacet
  facet normal 0 0 -1
    outer loop
      vertex -5.899260818092342 2.402943447643219 1.5
      vertex -5.887867965644036 2.392132034355965 1.5
      vertex -5.877056552356781 2.380739181907658 1.5
    endloop
  endfacet
  facet normal 0 0 -1
    outer loop
      vertex -5.992489615136409 2.460074127949161 1.5
      vertex -5.977979007077259 2.454063637292781 1.5
      vertex -5.963802850078135 2.447301957256511 1.5
    endloop
  endfacet
  facet normal 0 0 -1
    outer loop
      vertex -5.936608289495491 2.4316011703836278 1.5
      vertex -5.992489615136409 2.460074127949161 1.5
      vertex -5.963802850078135 2.447301957256511 1.5
    endloop
  endfacet
  facet normal 0 0 -1
    outer loop
      vertex -5.949999999999999 2.439807621135332 1.5
      vertex -5.936608289495491 2.4316011703836278 1.5
      vertex -5.963802850078135 2.447301957256511 1.5
    endloop
  endfacet
  facet normal 0 0 -1
    outer loop
      vertex -5.899260818092342 2.402943447643219 1.5
      vertex -5.992489615136409 2.460074127949161 1.5
      vertex -5.936608289495491 2.4316011703836278 1.5
    endloop
  endfacet
  facet normal 0 0 -1
    outer loop
      vertex -5.832698042743489 2.3161971499218645 1.5
      vertex -5.899260818092342 2.402943447643219 1.5
      vertex -5.857294901687515 2.3563355756877424 1.5
    endloop
  endfacet
  facet normal 0 0 -1
    outer loop
      vertex -5.857294901687515 2.3563355756877424 1.5
      vertex -5.877056552356781 2.380739181907658 1.5
      vertex -5.866856211562908 2.3687961173149517 1.5
    endloop
  endfacet
  facet normal 0 0 -1
    outer loop
      vertex -5.857294901687515 2.3563355756877424 1.5
      vertex -5.899260818092342 2.402943447643219 1.5
      vertex -5.877056552356781 2.380739181907658 1.5
    endloop
  endfacet
  facet normal 0.8241261886220208 0.5664062369248253 0
    outer loop
      vertex 5.8483988296163725 -2.3433917105045086 1.5
      vertex 5.857294901687515 -2.3563355756877424 0
      vertex 5.8483988296163725 -2.3433917105045086 0
    endloop
  endfacet
  facet normal 0.7933533402912442 0.6087614290087088 0
    outer loop
      vertex 5.866856211562908 -2.3687961173149517 1.5
      vertex 5.866856211562908 -2.3687961173149517 0
      vertex 5.857294901687515 -2.3563355756877424 0
    endloop
  endfacet
  facet normal 0.7604059656000232 0.6494480483301929 0
    outer loop
      vertex 5.866856211562908 -2.3687961173149517 1.5
      vertex 5.877056552356781 -2.380739181907658 0
      vertex 5.866856211562908 -2.3687961173149517 0
    endloop
  endfacet
  facet normal 0.5664062369248385 0.8241261886220117 0
    outer loop
      vertex 5.923664424312258 -2.422705098312485 1.5
      vertex 5.936608289495491 -2.4316011703836278 0
      vertex 5.923664424312258 -2.422705098312485 0
    endloop
  endfacet
  facet normal 0.4771587602596088 0.8788171126619652 0
    outer loop
      vertex 5.949999999999999 -2.439807621135332 1.5
      vertex 5.963802850078135 -2.447301957256511 0
      vertex 5.949999999999999 -2.439807621135332 0
    endloop
  endfacet
  facet normal 0.522498564715949 0.8526401643540921 0
    outer loop
      vertex 5.949999999999999 -2.439807621135332 1.5
      vertex 5.949999999999999 -2.439807621135332 0
      vertex 5.936608289495491 -2.4316011703836278 0
    endloop
  endfacet
  facet normal 0.43051109680830085 0.902585284349858 0
    outer loop
      vertex 5.977979007077259 -2.454063637292781 1.5
      vertex 5.977979007077259 -2.454063637292781 0
      vertex 5.963802850078135 -2.447301957256511 0
    endloop
  endfacet
  facet normal 0.38268343236508595 0.9238795325112883 0
    outer loop
      vertex 5.977979007077259 -2.454063637292781 1.5
      vertex 5.992489615136409 -2.460074127949161 0
      vertex 5.977979007077259 -2.454063637292781 0
    endloop
  endfacet
  facet normal 0.6494480483301904 0.7604059656000252 0
    outer loop
      vertex 5.911203882685048 -2.413143788437092 1.5
      vertex 5.911203882685048 -2.413143788437092 0
      vertex 5.899260818092342 -2.402943447643219 0
    endloop
  endfacet
  facet normal 0.6883545756937676 0.7253743710122746 0
    outer loop
      vertex 5.887867965644036 -2.392132034355965 1.5
      vertex 5.899260818092342 -2.402943447643219 0
      vertex 5.887867965644036 -2.392132034355965 0
    endloop
  endfacet
  facet normal 0.7253743710122741 0.6883545756937685 0
    outer loop
      vertex 5.887867965644036 -2.392132034355965 1.5
      vertex 5.887867965644036 -2.392132034355965 0
      vertex 5.877056552356781 -2.380739181907658 0
    endloop
  endfacet
  facet normal 0.608761429008713 0.7933533402912412 0
    outer loop
      vertex 5.911203882685048 -2.413143788437092 1.5
      vertex 5.923664424312258 -2.422705098312485 0
      vertex 5.911203882685048 -2.413143788437092 0
    endloop
  endfacet
  facet normal 0.9238795325112883 0.38268343236508595 0
    outer loop
      vertex 5.825936362707219 -2.3020209929227406 1.5
      vertex 5.825936362707219 -2.3020209929227406 0
      vertex 5.819925872050839 -2.2875103848635905 0
    endloop
  endfacet
  facet normal 0.942641491092179 0.3338068592337693 0
    outer loop
      vertex 5.819925872050839 -2.2875103848635905 1.5
      vertex 5.819925872050839 -2.2875103848635905 0
      vertex 5.814683045111454 -2.272705098312485 0
    endloop
  endfacet
  facet normal 0.9588197348681908 0.28401534470392953 0
    outer loop
      vertex 5.814683045111454 -2.272705098312485 1.5
      vertex 5.814683045111454 -2.272705098312485 0
      vertex 5.810222252113279 -2.257645713530757 0
    endloop
  endfacet
  facet normal 0.878817112661977 0.477158760259587 0
    outer loop
      vertex 5.840192378864668 -2.3300000000000005 1.5
      vertex 5.840192378864668 -2.3300000000000005 0
      vertex 5.832698042743489 -2.3161971499218645 0
    endloop
  endfacet
  facet normal 0.8526401643540795 0.5224985647159696 0
    outer loop
      vertex 5.8483988296163725 -2.3433917105045086 1.5
      vertex 5.8483988296163725 -2.3433917105045086 0
      vertex 5.840192378864668 -2.3300000000000005 0
    endloop
  endfacet
  facet normal 0.902585284349858 0.43051109680830085 0
    outer loop
      vertex 5.832698042743489 -2.3161971499218645 1.5
      vertex 5.832698042743489 -2.3161971499218645 0
      vertex 5.825936362707219 -2.3020209929227406 0
    endloop
  endfacet
  facet normal 0.9723699203976812 0.23344536385588643 0
    outer loop
      vertex 5.806555719779858 -2.2423735072453286 1.5
      vertex 5.810222252113279 -2.257645713530757 0
      vertex 5.806555719779858 -2.2423735072453286 0
    endloop
  endfacet
  facet normal 0.9832549075639554 0.18223552549214264 0
    outer loop
      vertex 5.803693497821459 -2.22693033951207 1.5
      vertex 5.806555719779858 -2.2423735072453286 0
      vertex 5.803693497821459 -2.22693033951207 0
    endloop
  endfacet
  facet normal 0.9914448613738047 0.13052619222009493 0
    outer loop
      vertex 5.803693497821459 -2.22693033951207 1.5
      vertex 5.803693497821459 -2.22693033951207 0
      vertex 5.801643431389517 -2.2113585389802966 0
    endloop
  endfacet
  facet normal 0.9969173337331307 0.07845909572780815 0
    outer loop
      vertex 5.801643431389517 -2.2113585389802966 1.5
      vertex 5.801643431389517 -2.2113585389802966 0
      vertex 5.800411139573628 -2.1957007868728837 0
    endloop
  endfacet
  facet normal 0.33380685923375153 0.9426414910921854 0
    outer loop
      vertex 6.007294901687516 -2.4653169548885465 1.5
      vertex 6.007294901687516 -2.4653169548885465 0
      vertex 5.992489615136409 -2.460074127949161 0
    endloop
  endfacet
  facet normal 0.28401534470394496 0.9588197348681864 0
    outer loop
      vertex 6.007294901687516 -2.4653169548885465 1.5
      vertex 6.022354286469243 -2.469777747886721 0
      vertex 6.007294901687516 -2.4653169548885465 0
    endloop
  endfacet
  facet normal 0.23344536385590034 0.9723699203976779 0
    outer loop
      vertex 6.022354286469243 -2.469777747886721 1.5
      vertex 6.037626492754672 -2.4734442802201424 0
      vertex 6.022354286469243 -2.469777747886721 0
    endloop
  endfacet
  facet normal 0.18223552549214264 0.9832549075639554 0
    outer loop
      vertex 6.053069660487931 -2.476306502178542 1.5
      vertex 6.053069660487931 -2.476306502178542 0
      vertex 6.037626492754672 -2.4734442802201424 0
    endloop
  endfacet
  facet normal 0.130526192220043 0.9914448613738115 0
    outer loop
      vertex 6.053069660487931 -2.476306502178542 1.5
      vertex 6.068641461019704 -2.4783565686104825 0
      vertex 6.053069660487931 -2.476306502178542 0
    endloop
  endfacet
  facet normal 0.07845909572783627 0.9969173337331287 0
    outer loop
      vertex 6.068641461019704 -2.4783565686104825 1.5
      vertex 6.0842992131271165 -2.4795888604263725 0
      vertex 6.068641461019704 -2.4783565686104825 0
    endloop
  endfacet
  facet normal 0.026176569072375176 0.9996573349061162 0
    outer loop
      vertex 6.100000113810477 -2.4799999970197684 1.5
      vertex 6.100000113810477 -2.4799999970197684 0
      vertex 6.0842992131271165 -2.4795888604263725 0
    endloop
  endfacet
  facet normal -0.02617694830789012 0.9996573249755568 0
    outer loop
      vertex 6.100000113810477 -2.4799999970197684 1.5
      vertex 6.115700786872883 -2.4795888604263725 0
      vertex 6.100000113810477 -2.4799999970197684 0
    endloop
  endfacet
  facet normal -0.07845909572783627 0.9969173337331287 0
    outer loop
      vertex 6.131358538980296 -2.4783565686104825 1.5
      vertex 6.131358538980296 -2.4783565686104825 0
      vertex 6.115700786872883 -2.4795888604263725 0
    endloop
  endfacet
  facet normal -0.130526192220043 0.9914448613738115 0
    outer loop
      vertex 6.1469303395120685 -2.476306502178542 1.5
      vertex 6.1469303395120685 -2.476306502178542 0
      vertex 6.131358538980296 -2.4783565686104825 0
    endloop
  endfacet
  facet normal -0.1822355254921426 0.9832549075639554 0
    outer loop
      vertex 6.162373507245327 -2.4734442802201424 1.49
      vertex 6.162373507245327 -2.4734442802201424 0
      vertex 6.1469303395120685 -2.476306502178542 0
    endloop
  endfacet
  facet normal -0.23344536385590037 0.9723699203976779 0
    outer loop
      vertex 6.162373507245327 -2.4734442802201424 1.49
      vertex 6.177645713530756 -2.469777747886721 0
      vertex 6.162373507245327 -2.4734442802201424 0
    endloop
  endfacet
  facet normal -0.28401534470394496 0.9588197348681864 0
    outer loop
      vertex 6.192705098312484 -2.4653169548885465 1.5
      vertex 6.192705098312484 -2.4653169548885465 0
      vertex 6.177645713530756 -2.469777747886721 0
    endloop
  endfacet
  facet normal -0.33380685923375153 0.9426414910921854 0
    outer loop
      vertex 6.192705098312484 -2.4653169548885465 1.5
      vertex 6.20751038486359 -2.460074127949161 0
      vertex 6.192705098312484 -2.4653169548885465 0
    endloop
  endfacet
  facet normal 0.9996573249755568 0.026176948307889383 0
    outer loop
      vertex 5.800000002980232 -2.1800001138104776 1.5
      vertex 5.800411139573628 -2.1957007868728837 0
      vertex 5.800000002980232 -2.1800001138104776 0
    endloop
  endfacet
  facet normal -0.38268343236508595 0.9238795325112883 0
    outer loop
      vertex 6.22202099292274 -2.454063637292781 1.5
      vertex 6.22202099292274 -2.454063637292781 0
      vertex 6.20751038486359 -2.460074127949161 0
    endloop
  endfacet
  facet normal -0.4305110968083009 0.902585284349858 0
    outer loop
      vertex 6.236197149921864 -2.447301957256511 1.49
      vertex 6.236197149921864 -2.447301957256511 0
      vertex 6.22202099292274 -2.454063637292781 0
    endloop
  endfacet
  facet normal -0.4771587602596088 0.8788171126619652 0
    outer loop
      vertex 6.25 -2.439807621135332 1.49
      vertex 6.25 -2.439807621135332 0
      vertex 6.236197149921864 -2.447301957256511 0
    endloop
  endfacet
  facet normal -0.522498564715949 0.8526401643540921 0
    outer loop
      vertex 6.25 -2.439807621135332 1.49
      vertex 6.263391710504508 -2.4316011703836278 0
      vertex 6.25 -2.439807621135332 0
    endloop
  endfacet
  facet normal -0.5664062369248385 0.8241261886220117 0
    outer loop
      vertex 6.263391710504508 -2.4316011703836278 1.5
      vertex 6.2763355756877415 -2.422705098312485 0
      vertex 6.263391710504508 -2.4316011703836278 0
    endloop
  endfacet
  facet normal -0.608761429008713 0.7933533402912412 0
    outer loop
      vertex 6.2763355756877415 -2.422705098312485 1.5
      vertex 6.288796117314951 -2.413143788437092 0
      vertex 6.2763355756877415 -2.422705098312485 0
    endloop
  endfacet
  facet normal -0.6494480483301904 0.7604059656000252 0
    outer loop
      vertex 6.288796117314951 -2.413143788437092 1.5
      vertex 6.300739181907657 -2.402943447643219 0
      vertex 6.288796117314951 -2.413143788437092 0
    endloop
  endfacet
  facet normal -0.6883545756937677 0.7253743710122748 0
    outer loop
      vertex 6.3121320343559635 -2.392132034355965 1.49
      vertex 6.3121320343559635 -2.392132034355965 0
      vertex 6.300739181907657 -2.402943447643219 0
    endloop
  endfacet
  facet normal -0.7253743710122739 0.6883545756937685 0
    outer loop
      vertex 6.3121320343559635 -2.392132034355965 1.49
      vertex 6.322943447643218 -2.380739181907658 0
      vertex 6.3121320343559635 -2.392132034355965 0
    endloop
  endfacet
  facet normal -0.7604059656000232 0.6494480483301929 0
    outer loop
      vertex 6.322943447643218 -2.380739181907658 1.5
      vertex 6.333143788437091 -2.3687961173149517 0
      vertex 6.322943447643218 -2.380739181907658 0
    endloop
  endfacet
  facet normal -0.7933533402912442 0.6087614290087088 0
    outer loop
      vertex 6.333143788437091 -2.3687961173149517 1.5
      vertex 6.342705098312484 -2.3563355756877424 0
      vertex 6.333143788437091 -2.3687961173149517 0
    endloop
  endfacet
  facet normal -0.8241261886220208 0.5664062369248253 0
    outer loop
      vertex 6.351601170383627 -2.3433917105045086 1.5
      vertex 6.351601170383627 -2.3433917105045086 0
      vertex 6.342705098312484 -2.3563355756877424 0
    endloop
  endfacet
  facet normal -0.8526401643540795 0.5224985647159696 0
    outer loop
      vertex 6.351601170383627 -2.3433917105045086 1.5
      vertex 6.359807621135332 -2.3300000000000005 0
      vertex 6.351601170383627 -2.3433917105045086 0
    endloop
  endfacet
  facet normal -0.8788171126619772 0.477158760259587 0
    outer loop
      vertex 6.36730195725651 -2.3161971499218645 1.49
      vertex 6.36730195725651 -2.3161971499218645 0
      vertex 6.359807621135332 -2.3300000000000005 0
    endloop
  endfacet
  facet normal -0.902585284349858 0.4305110968083009 0
    outer loop
      vertex 6.36730195725651 -2.3161971499218645 1.49
      vertex 6.37406363729278 -2.3020209929227406 0
      vertex 6.36730195725651 -2.3161971499218645 0
    endloop
  endfacet
  facet normal -0.9238795325112884 0.38268343236508595 0
    outer loop
      vertex 6.38007412794916 -2.2875103848635905 1.49
      vertex 6.38007412794916 -2.2875103848635905 0
      vertex 6.37406363729278 -2.3020209929227406 0
    endloop
  endfacet
  facet normal -0.942641491092179 0.3338068592337693 0
    outer loop
      vertex 6.38007412794916 -2.2875103848635905 1.49
      vertex 6.385316954888546 -2.272705098312485 0
      vertex 6.38007412794916 -2.2875103848635905 0
    endloop
  endfacet
  facet normal -0.9588197348681908 0.28401534470392953 0
    outer loop
      vertex 6.38977774788672 -2.257645713530757 1.5
      vertex 6.38977774788672 -2.257645713530757 0
      vertex 6.385316954888546 -2.272705098312485 0
    endloop
  endfacet
  facet normal -0.9723699203976812 0.23344536385588643 0
    outer loop
      vertex 6.38977774788672 -2.257645713530757 1.5
      vertex 6.393444280220141 -2.2423735072453286 0
      vertex 6.38977774788672 -2.257645713530757 0
    endloop
  endfacet
  facet normal -0.9832549075639554 0.18223552549214264 0
    outer loop
      vertex 6.393444280220141 -2.2423735072453286 1.5
      vertex 6.396306502178541 -2.22693033951207 0
      vertex 6.393444280220141 -2.2423735072453286 0
    endloop
  endfacet
  facet normal -0.9914448613738047 0.13052619222009493 0
    outer loop
      vertex 6.398356568610482 -2.2113585389802966 1.5
      vertex 6.398356568610482 -2.2113585389802966 0
      vertex 6.396306502178541 -2.22693033951207 0
    endloop
  endfacet
  facet normal -0.9969173337331307 0.07845909572780815 0
    outer loop
      vertex 6.398356568610482 -2.2113585389802966 1.5
      vertex 6.3995888604263715 -2.1957007868728837 0
      vertex 6.398356568610482 -2.2113585389802966 0
    endloop
  endfacet
  facet normal -0.9996573249755568 0.026176948307889383 0
    outer loop
      vertex 6.3995888604263715 -2.1957007868728837 1.49
      vertex 6.399999997019767 -2.1800001138104776 0
      vertex 6.3995888604263715 -2.1957007868728837 0
    endloop
  endfacet
  facet normal 0.7604059656000232 0.6494480483301929 0
    outer loop
      vertex 5.866856211562908 -2.3687961173149517 1.5
      vertex 5.877056552356781 -2.380739181907658 1.5
      vertex 5.877056552356781 -2.380739181907658 0
    endloop
  endfacet
  facet normal 0.7933533402912442 0.6087614290087088 0
    outer loop
      vertex 5.866856211562908 -2.3687961173149517 1.5
      vertex 5.857294901687515 -2.3563355756877424 0
      vertex 5.857294901687515 -2.3563355756877424 1.5
    endloop
  endfacet
  facet normal 0.8241261886220208 0.5664062369248253 0
    outer loop
      vertex 5.857294901687515 -2.3563355756877424 1.5
      vertex 5.857294901687515 -2.3563355756877424 0
      vertex 5.8483988296163725 -2.3433917105045086 1.5
    endloop
  endfacet
  facet normal 0.5664062369248385 0.8241261886220117 0
    outer loop
      vertex 5.936608289495491 -2.4316011703836278 1.5
      vertex 5.936608289495491 -2.4316011703836278 0
      vertex 5.923664424312258 -2.422705098312485 1.5
    endloop
  endfacet
  facet normal 0.4771587602596088 0.8788171126619652 0
    outer loop
      vertex 5.963802850078135 -2.447301957256511 1.5
      vertex 5.963802850078135 -2.447301957256511 0
      vertex 5.949999999999999 -2.439807621135332 1.5
    endloop
  endfacet
  facet normal 0.522498564715949 0.8526401643540921 0
    outer loop
      vertex 5.936608289495491 -2.4316011703836278 1.5
      vertex 5.949999999999999 -2.439807621135332 1.5
      vertex 5.936608289495491 -2.4316011703836278 0
    endloop
  endfacet
  facet normal 0.43051109680830085 0.902585284349858 0
    outer loop
      vertex 5.963802850078135 -2.447301957256511 1.5
      vertex 5.977979007077259 -2.454063637292781 1.5
      vertex 5.963802850078135 -2.447301957256511 0
    endloop
  endfacet
  facet normal 0.38268343236508595 0.9238795325112883 0
    outer loop
      vertex 5.977979007077259 -2.454063637292781 1.5
      vertex 5.992489615136409 -2.460074127949161 1.5
      vertex 5.992489615136409 -2.460074127949161 0
    endloop
  endfacet
  facet normal 0.6494480483301904 0.7604059656000252 0
    outer loop
      vertex 5.911203882685048 -2.413143788437092 1.5
      vertex 5.899260818092342 -2.402943447643219 0
      vertex 5.899260818092342 -2.402943447643219 1.5
    endloop
  endfacet
  facet normal 0.7253743710122741 0.6883545756937685 0
    outer loop
      vertex 5.887867965644036 -2.392132034355965 1.5
      vertex 5.877056552356781 -2.380739181907658 0
      vertex 5.877056552356781 -2.380739181907658 1.5
    endloop
  endfacet
  facet normal 0.6883545756937676 0.7253743710122746 0
    outer loop
      vertex 5.887867965644036 -2.392132034355965 1.5
      vertex 5.899260818092342 -2.402943447643219 1.5
      vertex 5.899260818092342 -2.402943447643219 0
    endloop
  endfacet
  facet normal 0.608761429008713 0.7933533402912412 0
    outer loop
      vertex 5.911203882685048 -2.413143788437092 1.5
      vertex 5.923664424312258 -2.422705098312485 1.5
      vertex 5.923664424312258 -2.422705098312485 0
    endloop
  endfacet
  facet normal 0.9238795325112883 0.38268343236508595 0
    outer loop
      vertex 5.825936362707219 -2.3020209929227406 1.5
      vertex 5.819925872050839 -2.2875103848635905 0
      vertex 5.819925872050839 -2.2875103848635905 1.5
    endloop
  endfacet
  facet normal 0.942641491092179 0.3338068592337693 0
    outer loop
      vertex 5.814683045111454 -2.272705098312485 1.5
      vertex 5.819925872050839 -2.2875103848635905 1.5
      vertex 5.814683045111454 -2.272705098312485 0
    endloop
  endfacet
  facet normal 0.8526401643540795 0.5224985647159696 0
    outer loop
      vertex 5.840192378864668 -2.3300000000000005 1.5
      vertex 5.8483988296163725 -2.3433917105045086 1.5
      vertex 5.840192378864668 -2.3300000000000005 0
    endloop
  endfacet
  facet normal 0.878817112661977 0.477158760259587 0
    outer loop
      vertex 5.840192378864668 -2.3300000000000005 1.5
      vertex 5.832698042743489 -2.3161971499218645 0
      vertex 5.832698042743489 -2.3161971499218645 1.5
    endloop
  endfacet
  facet normal 0.902585284349858 0.43051109680830085 0
    outer loop
      vertex 5.825936362707219 -2.3020209929227406 1.5
      vertex 5.832698042743489 -2.3161971499218645 1.5
      vertex 5.825936362707219 -2.3020209929227406 0
    endloop
  endfacet
  facet normal 0.9723699203976812 0.23344536385588643 0
    outer loop
      vertex 5.810222252113279 -2.257645713530757 1.5
      vertex 5.810222252113279 -2.257645713530757 0
      vertex 5.806555719779858 -2.2423735072453286 1.5
    endloop
  endfacet
  facet normal 0.9588197348681908 0.28401534470392953 0
    outer loop
      vertex 5.814683045111454 -2.272705098312485 1.5
      vertex 5.810222252113279 -2.257645713530757 0
      vertex 5.810222252113279 -2.257645713530757 1.5
    endloop
  endfacet
  facet normal 0.9832549075639554 0.18223552549214264 0
    outer loop
      vertex 5.803693497821459 -2.22693033951207 1.5
      vertex 5.806555719779858 -2.2423735072453286 1.5
      vertex 5.806555719779858 -2.2423735072453286 0
    endloop
  endfacet
  facet normal 0.9914448613738047 0.13052619222009493 0
    outer loop
      vertex 5.803693497821459 -2.22693033951207 1.5
      vertex 5.801643431389517 -2.2113585389802966 0
      vertex 5.801643431389517 -2.2113585389802966 1.5
    endloop
  endfacet
  facet normal 0.9969173337331307 0.07845909572780815 0
    outer loop
      vertex 5.801643431389517 -2.2113585389802966 1.5
      vertex 5.800411139573628 -2.1957007868728837 0
      vertex 5.800411139573628 -2.1957007868728837 1.5
    endloop
  endfacet
  facet normal 0.9996573249755568 0.026176948307889383 0
    outer loop
      vertex 5.800411139573628 -2.1957007868728837 1.5
      vertex 5.800411139573628 -2.1957007868728837 0
      vertex 5.800000002980232 -2.1800001138104776 1.5
    endloop
  endfacet
  facet normal 0.33380685923375153 0.9426414910921854 0
    outer loop
      vertex 5.992489615136409 -2.460074127949161 1.5
      vertex 6.007294901687516 -2.4653169548885465 1.5
      vertex 5.992489615136409 -2.460074127949161 0
    endloop
  endfacet
  facet normal 0.28401534470394496 0.9588197348681864 0
    outer loop
      vertex 6.022354286469243 -2.469777747886721 1.5
      vertex 6.022354286469243 -2.469777747886721 0
      vertex 6.007294901687516 -2.4653169548885465 1.5
    endloop
  endfacet
  facet normal 0.23344536385590034 0.9723699203976779 0
    outer loop
      vertex 6.022354286469243 -2.469777747886721 1.5
      vertex 6.037626492754672 -2.4734442802201424 1.5
      vertex 6.037626492754672 -2.4734442802201424 0
    endloop
  endfacet
  facet normal 0.18223552549214264 0.9832549075639554 0
    outer loop
      vertex 6.037626492754672 -2.4734442802201424 1.5
      vertex 6.053069660487931 -2.476306502178542 1.5
      vertex 6.037626492754672 -2.4734442802201424 0
    endloop
  endfacet
  facet normal 0.130526192220043 0.9914448613738115 0
    outer loop
      vertex 6.053069660487931 -2.476306502178542 1.5
      vertex 6.068641461019704 -2.4783565686104825 1.5
      vertex 6.068641461019704 -2.4783565686104825 0
    endloop
  endfacet
  facet normal 0.07845909572783627 0.9969173337331287 0
    outer loop
      vertex 6.068641461019704 -2.4783565686104825 1.5
      vertex 6.0842992131271165 -2.4795888604263725 1.5
      vertex 6.0842992131271165 -2.4795888604263725 0
    endloop
  endfacet
  facet normal 0.026176569072375176 0.9996573349061162 0
    outer loop
      vertex 6.0842992131271165 -2.4795888604263725 1.5
      vertex 6.100000113810477 -2.4799999970197684 1.5
      vertex 6.0842992131271165 -2.4795888604263725 0
    endloop
  endfacet
  facet normal -0.02617694830789012 0.9996573249755568 0
    outer loop
      vertex 6.100000113810477 -2.4799999970197684 1.5
      vertex 6.115700786872883 -2.4795888604263725 1.5
      vertex 6.115700786872883 -2.4795888604263725 0
    endloop
  endfacet
  facet normal -0.07845909572783627 0.9969173337331287 0
    outer loop
      vertex 6.115700786872883 -2.4795888604263725 1.5
      vertex 6.131358538980296 -2.4783565686104825 1.5
      vertex 6.115700786872883 -2.4795888604263725 0
    endloop
  endfacet
  facet normal -0.18223552549214264 0.9832549075639554 0
    outer loop
      vertex 6.162373507245327 -2.4734442802201424 1.49
      vertex 6.1469303395120685 -2.476306502178542 0
      vertex 6.1469303395120685 -2.476306502178542 1.5
    endloop
  endfacet
  facet normal -0.130526192220043 0.9914448613738115 0
    outer loop
      vertex 6.131358538980296 -2.4783565686104825 1.5
      vertex 6.1469303395120685 -2.476306502178542 1.5
      vertex 6.131358538980296 -2.4783565686104825 0
    endloop
  endfacet
  facet normal -0.23344536385590034 0.9723699203976779 0
    outer loop
      vertex 6.162373507245327 -2.4734442802201424 1.49
      vertex 6.177645713530756 -2.469777747886721 1.5
      vertex 6.177645713530756 -2.469777747886721 0
    endloop
  endfacet
  facet normal -0.28401534470394496 0.9588197348681864 0
    outer loop
      vertex 6.177645713530756 -2.469777747886721 1.5
      vertex 6.192705098312484 -2.4653169548885465 1.5
      vertex 6.177645713530756 -2.469777747886721 0
    endloop
  endfacet
  facet normal -0.33380685923375153 0.9426414910921854 0
    outer loop
      vertex 6.192705098312484 -2.4653169548885465 1.5
      vertex 6.20751038486359 -2.460074127949161 1.5
      vertex 6.20751038486359 -2.460074127949161 0
    endloop
  endfacet
  facet normal -0.38268343236508595 0.9238795325112883 0
    outer loop
      vertex 6.20751038486359 -2.460074127949161 1.5
      vertex 6.22202099292274 -2.454063637292781 1.5
      vertex 6.20751038486359 -2.460074127949161 0
    endloop
  endfacet
  facet normal -0.43051109680830085 0.902585284349858 0
    outer loop
      vertex 6.236197149921864 -2.447301957256511 1.49
      vertex 6.22202099292274 -2.454063637292781 0
      vertex 6.22202099292274 -2.454063637292781 1.5
    endloop
  endfacet
  facet normal -0.4771587602596088 0.8788171126619652 0
    outer loop
      vertex 6.236197149921864 -2.447301957256511 1.49
      vertex 6.25 -2.439807621135332 1.49
      vertex 6.236197149921864 -2.447301957256511 0
    endloop
  endfacet
  facet normal -0.522498564715949 0.8526401643540921 0
    outer loop
      vertex 6.25 -2.439807621135332 1.49
      vertex 6.263391710504508 -2.4316011703836278 1.5
      vertex 6.263391710504508 -2.4316011703836278 0
    endloop
  endfacet
  facet normal -0.5664062369248385 0.8241261886220117 0
    outer loop
      vertex 6.263391710504508 -2.4316011703836278 1.5
      vertex 6.2763355756877415 -2.422705098312485 1.5
      vertex 6.2763355756877415 -2.422705098312485 0
    endloop
  endfacet
  facet normal -0.608761429008713 0.7933533402912412 0
    outer loop
      vertex 6.2763355756877415 -2.422705098312485 1.5
      vertex 6.288796117314951 -2.413143788437092 1.5
      vertex 6.288796117314951 -2.413143788437092 0
    endloop
  endfacet
  facet normal -0.6494480483301904 0.7604059656000252 0
    outer loop
      vertex 6.288796117314951 -2.413143788437092 1.5
      vertex 6.300739181907657 -2.402943447643219 1.5
      vertex 6.300739181907657 -2.402943447643219 0
    endloop
  endfacet
  facet normal -0.6883545756937676 0.7253743710122746 0
    outer loop
      vertex 6.3121320343559635 -2.392132034355965 1.49
      vertex 6.300739181907657 -2.402943447643219 0
      vertex 6.300739181907657 -2.402943447643219 1.5
    endloop
  endfacet
  facet normal -0.7253743710122741 0.6883545756937685 0
    outer loop
      vertex 6.3121320343559635 -2.392132034355965 1.49
      vertex 6.322943447643218 -2.380739181907658 1.5
      vertex 6.322943447643218 -2.380739181907658 0
    endloop
  endfacet
  facet normal -0.7604059656000232 0.6494480483301929 0
    outer loop
      vertex 6.322943447643218 -2.380739181907658 1.5
      vertex 6.333143788437091 -2.3687961173149517 1.5
      vertex 6.333143788437091 -2.3687961173149517 0
    endloop
  endfacet
  facet normal -0.7933533402912442 0.6087614290087088 0
    outer loop
      vertex 6.333143788437091 -2.3687961173149517 1.5
      vertex 6.342705098312484 -2.3563355756877424 1.5
      vertex 6.342705098312484 -2.3563355756877424 0
    endloop
  endfacet
  facet normal -0.8241261886220208 0.5664062369248253 0
    outer loop
      vertex 6.342705098312484 -2.3563355756877424 1.5
      vertex 6.351601170383627 -2.3433917105045086 1.5
      vertex 6.342705098312484 -2.3563355756877424 0
    endloop
  endfacet
  facet normal -0.8526401643540795 0.5224985647159696 0
    outer loop
      vertex 6.351601170383627 -2.3433917105045086 1.5
      vertex 6.359807621135332 -2.3300000000000005 1.5
      vertex 6.359807621135332 -2.3300000000000005 0
    endloop
  endfacet
  facet normal -0.878817112661977 0.477158760259587 0
    outer loop
      vertex 6.359807621135332 -2.3300000000000005 1.5
      vertex 6.36730195725651 -2.3161971499218645 1.5
      vertex 6.359807621135332 -2.3300000000000005 0
    endloop
  endfacet
  facet normal -0.878817112661977 0.4771587602595869 0
    outer loop
      vertex 6.36730195725651 -2.3161971499218645 1.49
      vertex 6.359807621135332 -2.3300000000000005 0
      vertex 6.36730195725651 -2.3161971499218645 1.5
    endloop
  endfacet
  facet normal -0.902585284349858 0.43051109680830085 0
    outer loop
      vertex 6.36730195725651 -2.3161971499218645 1.49
      vertex 6.37406363729278 -2.3020209929227406 1.5
      vertex 6.37406363729278 -2.3020209929227406 0
    endloop
  endfacet
  facet normal -0.9238795325112883 0.38268343236508595 0
    outer loop
      vertex 6.37406363729278 -2.3020209929227406 1.5
      vertex 6.38007412794916 -2.2875103848635905 1.49
      vertex 6.37406363729278 -2.3020209929227406 0
    endloop
  endfacet
  facet normal -0.942641491092179 0.3338068592337693 0
    outer loop
      vertex 6.38007412794916 -2.2875103848635905 1.49
      vertex 6.38007412794916 -2.2875103848635905 1.5
      vertex 6.385316954888546 -2.272705098312485 0
    endloop
  endfacet
  facet normal -0.942641491092179 0.3338068592337693 0
    outer loop
      vertex 6.38007412794916 -2.2875103848635905 1.5
      vertex 6.385316954888546 -2.272705098312485 1.5
      vertex 6.385316954888546 -2.272705098312485 0
    endloop
  endfacet
  facet normal -0.9588197348681908 0.28401534470392953 0
    outer loop
      vertex 6.385316954888546 -2.272705098312485 1.5
      vertex 6.38977774788672 -2.257645713530757 1.5
      vertex 6.385316954888546 -2.272705098312485 0
    endloop
  endfacet
  facet normal -0.9723699203976812 0.23344536385588643 0
    outer loop
      vertex 6.38977774788672 -2.257645713530757 1.5
      vertex 6.393444280220141 -2.2423735072453286 1.5
      vertex 6.393444280220141 -2.2423735072453286 0
    endloop
  endfacet
  facet normal -0.9832549075639554 0.18223552549214264 0
    outer loop
      vertex 6.393444280220141 -2.2423735072453286 1.5
      vertex 6.396306502178541 -2.22693033951207 1.5
      vertex 6.396306502178541 -2.22693033951207 0
    endloop
  endfacet
  facet normal -0.9914448613738047 0.13052619222009493 0
    outer loop
      vertex 6.396306502178541 -2.22693033951207 1.5
      vertex 6.398356568610482 -2.2113585389802966 1.5
      vertex 6.396306502178541 -2.22693033951207 0
    endloop
  endfacet
  facet normal -0.9969173337331309 0.07845909572780817 0
    outer loop
      vertex 6.398356568610482 -2.2113585389802966 1.5
      vertex 6.3995888604263715 -2.1957007868728837 1.49
      vertex 6.3995888604263715 -2.1957007868728837 0
    endloop
  endfacet
  facet normal -0.9996573249755568 0.026176948307889383 0
    outer loop
      vertex 6.3995888604263715 -2.1957007868728837 1.49
      vertex 6.399999997019767 -2.1800001138104776 1.5
      vertex 6.399999997019767 -2.1800001138104776 0
    endloop
  endfacet
  facet normal -1 0 0
    outer loop
      vertex 6.399999997019767 -2.1800001138104776 1.5
      vertex 6.399999997019767 2.1800001138104776 0
      vertex 6.399999997019767 -2.1800001138104776 0
    endloop
  endfacet
  facet normal 1 0 0
    outer loop
      vertex 5.800000002980232 -2.1800001138104776 1.5
      vertex 5.800000002980232 -2.1800001138104776 0
      vertex 5.800000002980232 2.1800001138104776 1.5
    endloop
  endfacet
  facet normal 0 0 -1
    outer loop
      vertex 5.866856211562908 -2.3687961173149517 1.5
      vertex 5.8483988296163725 -2.3433917105045086 1.5
      vertex 5.840192378864668 -2.3300000000000005 1.5
    endloop
  endfacet
  facet normal 0 0 -1
    outer loop
      vertex 5.887867965644036 -2.392132034355965 1.5
      vertex 5.877056552356781 -2.380739181907658 1.5
      vertex 5.866856211562908 -2.3687961173149517 1.5
    endloop
  endfacet
  facet normal 0 0 -1
    outer loop
      vertex 5.866856211562908 -2.3687961173149517 1.5
      vertex 5.857294901687515 -2.3563355756877424 1.5
      vertex 5.8483988296163725 -2.3433917105045086 1.5
    endloop
  endfacet
  facet normal 0 0 -1
    outer loop
      vertex 5.911203882685048 -2.413143788437092 1.5
      vertex 5.949999999999999 -2.439807621135332 1.5
      vertex 5.923664424312258 -2.422705098312485 1.5
    endloop
  endfacet
  facet normal 0 0 -1
    outer loop
      vertex 5.936608289495491 -2.4316011703836278 1.5
      vertex 5.923664424312258 -2.422705098312485 1.5
      vertex 5.949999999999999 -2.439807621135332 1.5
    endloop
  endfacet
  facet normal 0 0 -1
    outer loop
      vertex 5.866856211562908 -2.3687961173149517 1.5
      vertex 6.007294901687516 -2.4653169548885465 1.5
      vertex 5.949999999999999 -2.439807621135332 1.5
    endloop
  endfacet
  facet normal 0 0 -1
    outer loop
      vertex 5.963802850078135 -2.447301957256511 1.5
      vertex 5.949999999999999 -2.439807621135332 1.5
      vertex 5.977979007077259 -2.454063637292781 1.5
    endloop
  endfacet
  facet normal 0 0 -1
    outer loop
      vertex 5.977979007077259 -2.454063637292781 1.5
      vertex 5.949999999999999 -2.439807621135332 1.5
      vertex 6.007294901687516 -2.4653169548885465 1.5
    endloop
  endfacet
  facet normal 0 0 -1
    outer loop
      vertex 5.887867965644036 -2.392132034355965 1.5
      vertex 5.911203882685048 -2.413143788437092 1.5
      vertex 5.899260818092342 -2.402943447643219 1.5
    endloop
  endfacet
  facet normal 0 0 -1
    outer loop
      vertex 5.887867965644036 -2.392132034355965 1.5
      vertex 5.866856211562908 -2.3687961173149517 1.5
      vertex 5.911203882685048 -2.413143788437092 1.5
    endloop
  endfacet
  facet normal 0 0 -1
    outer loop
      vertex 5.866856211562908 -2.3687961173149517 1.5
      vertex 5.949999999999999 -2.439807621135332 1.5
      vertex 5.911203882685048 -2.413143788437092 1.5
    endloop
  endfacet
  facet normal 0 0 -1
    outer loop
      vertex 5.814683045111454 -2.272705098312485 1.5
      vertex 5.806555719779858 -2.2423735072453286 1.5
      vertex 5.819925872050839 -2.2875103848635905 1.5
    endloop
  endfacet
  facet normal 0 0 -1
    outer loop
      vertex 5.866856211562908 -2.3687961173149517 1.5
      vertex 5.840192378864668 -2.3300000000000005 1.5
      vertex 5.819925872050839 -2.2875103848635905 1.5
    endloop
  endfacet
  facet normal 0 0 -1
    outer loop
      vertex 5.840192378864668 -2.3300000000000005 1.5
      vertex 5.832698042743489 -2.3161971499218645 1.5
      vertex 5.819925872050839 -2.2875103848635905 1.5
    endloop
  endfacet
  facet normal 0 0 -1
    outer loop
      vertex 5.825936362707219 -2.3020209929227406 1.5
      vertex 5.819925872050839 -2.2875103848635905 1.5
      vertex 5.832698042743489 -2.3161971499218645 1.5
    endloop
  endfacet
  facet normal 0 0 -1
    outer loop
      vertex 5.866856211562908 -2.3687961173149517 1.5
      vertex 5.819925872050839 -2.2875103848635905 1.5
      vertex 5.800000002980232 -2.1800001138104776 1.5
    endloop
  endfacet
  facet normal 0 0 -1
    outer loop
      vertex 5.814683045111454 -2.272705098312485 1.5
      vertex 5.810222252113279 -2.257645713530757 1.5
      vertex 5.806555719779858 -2.2423735072453286 1.5
    endloop
  endfacet
  facet normal 0 0 -1
    outer loop
      vertex 5.819925872050839 -2.2875103848635905 1.5
      vertex 5.806555719779858 -2.2423735072453286 1.5
      vertex 5.800000002980232 -2.1800001138104776 1.5
    endloop
  endfacet
  facet normal 0 0 -1
    outer loop
      vertex 5.803693497821459 -2.22693033951207 1.5
      vertex 5.801643431389517 -2.2113585389802966 1.5
      vertex 5.806555719779858 -2.2423735072453286 1.5
    endloop
  endfacet
  facet normal 0 0 -1
    outer loop
      vertex 5.801643431389517 -2.2113585389802966 1.5
      vertex 5.800000002980232 -2.1800001138104776 1.5
      vertex 5.806555719779858 -2.2423735072453286 1.5
    endloop
  endfacet
  facet normal 0 0 -1
    outer loop
      vertex 5.801643431389517 -2.2113585389802966 1.5
      vertex 5.800411139573628 -2.1957007868728837 1.5
      vertex 5.800000002980232 -2.1800001138104776 1.5
    endloop
  endfacet
  facet normal 0 0 -1
    outer loop
      vertex 6.022354286469243 -2.469777747886721 1.5
      vertex 6.007294901687516 -2.4653169548885465 1.5
      vertex 6.053069660487931 -2.476306502178542 1.5
    endloop
  endfacet
  facet normal 0 0 -1
    outer loop
      vertex 6.022354286469243 -2.469777747886721 1.5
      vertex 6.053069660487931 -2.476306502178542 1.5
      vertex 6.037626492754672 -2.4734442802201424 1.5
    endloop
  endfacet
  facet normal 0 0 -1
    outer loop
      vertex 5.977979007077259 -2.454063637292781 1.5
      vertex 6.007294901687516 -2.4653169548885465 1.5
      vertex 5.992489615136409 -2.460074127949161 1.5
    endloop
  endfacet
  facet normal 0 0 -1
    outer loop
      vertex 5.866856211562908 -2.3687961173149517 1.5
      vertex 6.177645713530756 -2.469777747886721 1.5
      vertex 6.007294901687516 -2.4653169548885465 1.5
    endloop
  endfacet
  facet normal 0 0 -1
    outer loop
      vertex 6.007294901687516 -2.4653169548885465 1.5
      vertex 6.100000113810477 -2.4799999970197684 1.5
      vertex 6.053069660487931 -2.476306502178542 1.5
    endloop
  endfacet
  facet normal 0 0 -1
    outer loop
      vertex 6.053069660487931 -2.476306502178542 1.5
      vertex 6.0842992131271165 -2.4795888604263725 1.5
      vertex 6.068641461019704 -2.4783565686104825 1.5
    endloop
  endfacet
  facet normal 0 0 -1
    outer loop
      vertex 6.053069660487931 -2.476306502178542 1.5
      vertex 6.100000113810477 -2.4799999970197684 1.5
      vertex 6.0842992131271165 -2.4795888604263725 1.5
    endloop
  endfacet
  facet normal 0 0 -1
    outer loop
      vertex 6.007294901687516 -2.4653169548885465 1.5
      vertex 6.177645713530756 -2.469777747886721 1.5
      vertex 6.100000113810477 -2.4799999970197684 1.5
    endloop
  endfacet
  facet normal 0 0 -1
    outer loop
      vertex 6.100000113810477 -2.4799999970197684 1.5
      vertex 6.131358538980296 -2.4783565686104825 1.5
      vertex 6.115700786872883 -2.4795888604263725 1.5
    endloop
  endfacet
  facet normal 0 0 -1
    outer loop
      vertex 6.100000113810477 -2.4799999970197684 1.5
      vertex 6.1469303395120685 -2.476306502178542 1.5
      vertex 6.131358538980296 -2.4783565686104825 1.5
    endloop
  endfacet
  facet normal 0 0 -1
    outer loop
      vertex 6.100000113810477 -2.4799999970197684 1.5
      vertex 6.177645713530756 -2.469777747886721 1.5
      vertex 6.1469303395120685 -2.476306502178542 1.5
    endloop
  endfacet
  facet normal -0.18223552549214267 0.9832549075639555 0
    outer loop
      vertex 6.162373507245327 -2.4734442802201424 1.49
      vertex 6.1469303395120685 -2.476306502178542 1.5
      vertex 6.162373507245327 -2.4734442802201424 1.5
    endloop
  endfacet
  facet normal 0 0 -1
    outer loop
      vertex 6.1469303395120685 -2.476306502178542 1.5
      vertex 6.177645713530756 -2.469777747886721 1.5
      vertex 6.162373507245327 -2.4734442802201424 1.5
    endloop
  endfacet
  facet normal -0.23344536385590037 0.9723699203976779 0
    outer loop
      vertex 6.162373507245327 -2.4734442802201424 1.49
      vertex 6.162373507245327 -2.4734442802201424 1.5
      vertex 6.177645713530756 -2.469777747886721 1.5
    endloop
  endfacet
  facet normal 0 0 -1
    outer loop
      vertex 6.177645713530756 -2.469777747886721 1.5
      vertex 6.22202099292274 -2.454063637292781 1.5
      vertex 6.192705098312484 -2.4653169548885465 1.5
    endloop
  endfacet
  facet normal 0 0 -1
    outer loop
      vertex 6.192705098312484 -2.4653169548885465 1.5
      vertex 6.22202099292274 -2.454063637292781 1.5
      vertex 6.20751038486359 -2.460074127949161 1.5
    endloop
  endfacet
  facet normal 0 0 -1
    outer loop
      vertex 5.866856211562908 -2.3687961173149517 1.5
      vertex 6.398356568610482 -2.2113585389802966 1.5
      vertex 6.177645713530756 -2.469777747886721 1.5
    endloop
  endfacet
  facet normal 0 0 -1
    outer loop
      vertex 6.177645713530756 -2.469777747886721 1.5
      vertex 6.263391710504508 -2.4316011703836278 1.5
      vertex 6.22202099292274 -2.454063637292781 1.5
    endloop
  endfacet
  facet normal -0.43051109680830074 0.9025852843498579 0
    outer loop
      vertex 6.236197149921864 -2.447301957256511 1.49
      vertex 6.22202099292274 -2.454063637292781 1.5
      vertex 6.236197149921864 -2.447301957256511 1.5
    endloop
  endfacet
  facet normal -0.4771587602596088 0.8788171126619652 0
    outer loop
      vertex 6.236197149921864 -2.447301957256511 1.49
      vertex 6.25 -2.439807621135332 1.5
      vertex 6.25 -2.439807621135332 1.49
    endloop
  endfacet
  facet normal -0.4771587602596088 0.8788171126619652 0
    outer loop
      vertex 6.236197149921864 -2.447301957256511 1.49
      vertex 6.236197149921864 -2.447301957256511 1.5
      vertex 6.25 -2.439807621135332 1.5
    endloop
  endfacet
  facet normal 0 0 -1
    outer loop
      vertex 6.22202099292274 -2.454063637292781 1.5
      vertex 6.263391710504508 -2.4316011703836278 1.5
      vertex 6.236197149921864 -2.447301957256511 1.5
    endloop
  endfacet
  facet normal 0 0 -1
    outer loop
      vertex 6.236197149921864 -2.447301957256511 1.5
      vertex 6.263391710504508 -2.4316011703836278 1.5
      vertex 6.25 -2.439807621135332 1.5
    endloop
  endfacet
  facet normal -0.522498564715949 0.8526401643540921 0
    outer loop
      vertex 6.25 -2.439807621135332 1.49
      vertex 6.25 -2.439807621135332 1.5
      vertex 6.263391710504508 -2.4316011703836278 1.5
    endloop
  endfacet
  facet normal 0 0 -1
    outer loop
      vertex 6.177645713530756 -2.469777747886721 1.5
      vertex 6.322943447643218 -2.380739181907658 1.5
      vertex 6.263391710504508 -2.4316011703836278 1.5
    endloop
  endfacet
  facet normal 0 0 -1
    outer loop
      vertex 6.263391710504508 -2.4316011703836278 1.5
      vertex 6.288796117314951 -2.413143788437092 1.5
      vertex 6.2763355756877415 -2.422705098312485 1.5
    endloop
  endfacet
  facet normal 0 0 -1
    outer loop
      vertex 6.263391710504508 -2.4316011703836278 1.5
      vertex 6.322943447643218 -2.380739181907658 1.5
      vertex 6.288796117314951 -2.413143788437092 1.5
    endloop
  endfacet
  facet normal -0.6883545756937676 0.7253743710122746 0
    outer loop
      vertex 6.3121320343559635 -2.392132034355965 1.49
      vertex 6.300739181907657 -2.402943447643219 1.5
      vertex 6.3121320343559635 -2.392132034355965 1.5
    endloop
  endfacet
  facet normal 0 0 -1
    outer loop
      vertex 6.288796117314951 -2.413143788437092 1.5
      vertex 6.322943447643218 -2.380739181907658 1.5
      vertex 6.300739181907657 -2.402943447643219 1.5
    endloop
  endfacet
  facet normal -0.725374371012274 0.6883545756937685 0
    outer loop
      vertex 6.3121320343559635 -2.392132034355965 1.49
      vertex 6.3121320343559635 -2.392132034355965 1.5
      vertex 6.322943447643218 -2.380739181907658 1.5
    endloop
  endfacet
  facet normal 0 0 -1
    outer loop
      vertex 6.300739181907657 -2.402943447643219 1.5
      vertex 6.322943447643218 -2.380739181907658 1.5
      vertex 6.3121320343559635 -2.392132034355965 1.5
    endloop
  endfacet
  facet normal 0 0 -1
    outer loop
      vertex 6.177645713530756 -2.469777747886721 1.5
      vertex 6.398356568610482 -2.2113585389802966 1.5
      vertex 6.322943447643218 -2.380739181907658 1.5
    endloop
  endfacet
  facet normal 0 0 -1
    outer loop
      vertex 6.322943447643218 -2.380739181907658 1.5
      vertex 6.342705098312484 -2.3563355756877424 1.5
      vertex 6.333143788437091 -2.3687961173149517 1.5
    endloop
  endfacet
  facet normal 0 0 -1
    outer loop
      vertex 6.322943447643218 -2.380739181907658 1.5
      vertex 6.351601170383627 -2.3433917105045086 1.5
      vertex 6.342705098312484 -2.3563355756877424 1.5
    endloop
  endfacet
  facet normal 0 0 -1
    outer loop
      vertex 6.322943447643218 -2.380739181907658 1.5
      vertex 6.37406363729278 -2.3020209929227406 1.5
      vertex 6.351601170383627 -2.3433917105045086 1.5
    endloop
  endfacet
  facet normal 0 0 -1
    outer loop
      vertex 6.351601170383627 -2.3433917105045086 1.5
      vertex 6.36730195725651 -2.3161971499218645 1.5
      vertex 6.359807621135332 -2.3300000000000005 1.5
    endloop
  endfacet
  facet normal 0 0 -1
    outer loop
      vertex 6.351601170383627 -2.3433917105045086 1.5
      vertex 6.37406363729278 -2.3020209929227406 1.5
      vertex 6.36730195725651 -2.3161971499218645 1.5
    endloop
  endfacet
  facet normal -0.9025852843498579 0.43051109680830074 0
    outer loop
      vertex 6.36730195725651 -2.3161971499218645 1.49
      vertex 6.36730195725651 -2.3161971499218645 1.5
      vertex 6.37406363729278 -2.3020209929227406 1.5
    endloop
  endfacet
  facet normal 0 0 -1
    outer loop
      vertex 6.322943447643218 -2.380739181907658 1.5
      vertex 6.398356568610482 -2.2113585389802966 1.5
      vertex 6.37406363729278 -2.3020209929227406 1.5
    endloop
  endfacet
  facet normal -0.9238795325112884 0.382683432365086 0
    outer loop
      vertex 6.37406363729278 -2.3020209929227406 1.5
      vertex 6.38007412794916 -2.2875103848635905 1.5
      vertex 6.38007412794916 -2.2875103848635905 1.49
    endloop
  endfacet
  facet normal 0 0 -1
    outer loop
      vertex 6.37406363729278 -2.3020209929227406 1.5
      vertex 6.38977774788672 -2.257645713530757 1.5
      vertex 6.38007412794916 -2.2875103848635905 1.5
    endloop
  endfacet
  facet normal 0 0 -1
    outer loop
      vertex 6.38007412794916 -2.2875103848635905 1.5
      vertex 6.38977774788672 -2.257645713530757 1.5
      vertex 6.385316954888546 -2.272705098312485 1.5
    endloop
  endfacet
  facet normal 0 0 -1
    outer loop
      vertex 6.37406363729278 -2.3020209929227406 1.5
      vertex 6.398356568610482 -2.2113585389802966 1.5
      vertex 6.38977774788672 -2.257645713530757 1.5
    endloop
  endfacet
  facet normal 0 0 -1
    outer loop
      vertex 6.38977774788672 -2.257645713530757 1.5
      vertex 6.398356568610482 -2.2113585389802966 1.5
      vertex 6.393444280220141 -2.2423735072453286 1.5
    endloop
  endfacet
  facet normal 0 0 -1
    outer loop
      vertex 6.393444280220141 -2.2423735072453286 1.5
      vertex 6.398356568610482 -2.2113585389802966 1.5
      vertex 6.396306502178541 -2.22693033951207 1.5
    endloop
  endfacet
  facet normal -0.996917333733131 0.07845909572780817 0
    outer loop
      vertex 6.398356568610482 -2.2113585389802966 1.5
      vertex 6.3995888604263715 -2.1957007868728837 1.5
      vertex 6.3995888604263715 -2.1957007868728837 1.49
    endloop
  endfacet
  facet normal -0.9996573249755568 0.02617694830788938 0
    outer loop
      vertex 6.3995888604263715 -2.1957007868728837 1.49
      vertex 6.3995888604263715 -2.1957007868728837 1.5
      vertex 6.399999997019767 -2.1800001138104776 1.5
    endloop
  endfacet
  facet normal 0 0 -1
    outer loop
      vertex 6.398356568610482 -2.2113585389802966 1.5
      vertex 6.399999997019767 -2.1800001138104776 1.5
      vertex 6.3995888604263715 -2.1957007868728837 1.5
    endloop
  endfacet
  facet normal 0 0 -1
    outer loop
      vertex 5.866856211562908 -2.3687961173149517 1.5
      vertex 5.800000002980232 -2.1800001138104776 1.5
      vertex 5.801643431389517 2.2113585389802966 1.5
    endloop
  endfacet
  facet normal 0 0 -1
    outer loop
      vertex 5.866856211562908 -2.3687961173149517 1.5
      vertex 6.3995888604263715 2.1957007868728837 1.5
      vertex 6.398356568610482 -2.2113585389802966 1.5
    endloop
  endfacet
  facet normal 0 0 -1
    outer loop
      vertex 6.398356568610482 -2.2113585389802966 1.5
      vertex 6.3995888604263715 2.1957007868728837 1.5
      vertex 6.399999997019767 -2.1800001138104776 1.5
    endloop
  endfacet
  facet normal 1 0 0
    outer loop
      vertex 5.800000002980232 2.1800001138104776 1.5
      vertex 5.800000002980232 -2.1800001138104776 0
      vertex 5.800000002980232 2.1800001138104776 0
    endloop
  endfacet
  facet normal -1 0 0
    outer loop
      vertex 6.399999997019767 -2.1800001138104776 1.5
      vertex 6.399999997019767 2.1800001138104776 1.5
      vertex 6.399999997019767 2.1800001138104776 0
    endloop
  endfacet
  facet normal 0.9996573249755568 -0.026176948307889383 0
    outer loop
      vertex 5.800000002980232 2.1800001138104776 1.5
      vertex 5.800000002980232 2.1800001138104776 0
      vertex 5.800411139573628 2.1957007868728837 0
    endloop
  endfacet
  facet normal 0.9969173337331307 -0.07845909572780815 0
    outer loop
      vertex 5.801643431389517 2.2113585389802966 1.5
      vertex 5.800411139573628 2.1957007868728837 0
      vertex 5.801643431389517 2.2113585389802966 0
    endloop
  endfacet
  facet normal 0.9914448613738047 -0.13052619222009493 0
    outer loop
      vertex 5.803693497821459 2.22693033951207 1.5
      vertex 5.801643431389517 2.2113585389802966 0
      vertex 5.803693497821459 2.22693033951207 0
    endloop
  endfacet
  facet normal 0.9832549075639554 -0.18223552549214264 0
    outer loop
      vertex 5.803693497821459 2.22693033951207 1.5
      vertex 5.803693497821459 2.22693033951207 0
      vertex 5.806555719779858 2.2423735072453286 0
    endloop
  endfacet
  facet normal 0.9723699203976812 -0.23344536385588643 0
    outer loop
      vertex 5.810222252113279 2.257645713530757 1.5
      vertex 5.806555719779858 2.2423735072453286 0
      vertex 5.810222252113279 2.257645713530757 0
    endloop
  endfacet
  facet normal 0.9588197348681908 -0.28401534470392953 0
    outer loop
      vertex 5.810222252113279 2.257645713530757 1.5
      vertex 5.810222252113279 2.257645713530757 0
      vertex 5.814683045111454 2.272705098312485 0
    endloop
  endfacet
  facet normal 0.942641491092179 -0.3338068592337693 0
    outer loop
      vertex 5.819925872050839 2.2875103848635905 1.5
      vertex 5.814683045111454 2.272705098312485 0
      vertex 5.819925872050839 2.2875103848635905 0
    endloop
  endfacet
  facet normal 0.9238795325112883 -0.38268343236508595 0
    outer loop
      vertex 5.825936362707219 2.3020209929227406 1.5
      vertex 5.819925872050839 2.2875103848635905 0
      vertex 5.825936362707219 2.3020209929227406 0
    endloop
  endfacet
  facet normal 0.902585284349858 -0.43051109680830085 0
    outer loop
      vertex 5.832698042743489 2.3161971499218645 1.5
      vertex 5.825936362707219 2.3020209929227406 0
      vertex 5.832698042743489 2.3161971499218645 0
    endloop
  endfacet
  facet normal 0.878817112661977 -0.477158760259587 0
    outer loop
      vertex 5.832698042743489 2.3161971499218645 1.5
      vertex 5.832698042743489 2.3161971499218645 0
      vertex 5.840192378864668 2.3300000000000005 0
    endloop
  endfacet
  facet normal 0.8526401643540795 -0.5224985647159696 0
    outer loop
      vertex 5.840192378864668 2.3300000000000005 1.5
      vertex 5.840192378864668 2.3300000000000005 0
      vertex 5.8483988296163725 2.3433917105045086 0
    endloop
  endfacet
  facet normal 0.8241261886220208 -0.5664062369248253 0
    outer loop
      vertex 5.857294901687515 2.3563355756877424 1.5
      vertex 5.8483988296163725 2.3433917105045086 0
      vertex 5.857294901687515 2.3563355756877424 0
    endloop
  endfacet
  facet normal 0.7933533402912442 -0.6087614290087088 0
    outer loop
      vertex 5.866856211562908 2.3687961173149517 1.5
      vertex 5.857294901687515 2.3563355756877424 0
      vertex 5.866856211562908 2.3687961173149517 0
    endloop
  endfacet
  facet normal 0.7604059656000232 -0.6494480483301929 0
    outer loop
      vertex 5.877056552356781 2.380739181907658 1.5
      vertex 5.866856211562908 2.3687961173149517 0
      vertex 5.877056552356781 2.380739181907658 0
    endloop
  endfacet
  facet normal 0.7253743710122741 -0.6883545756937685 0
    outer loop
      vertex 5.877056552356781 2.380739181907658 1.5
      vertex 5.877056552356781 2.380739181907658 0
      vertex 5.887867965644036 2.392132034355965 0
    endloop
  endfacet
  facet normal 0.6883545756937676 -0.7253743710122746 0
    outer loop
      vertex 5.899260818092342 2.402943447643219 1.5
      vertex 5.887867965644036 2.392132034355965 0
      vertex 5.899260818092342 2.402943447643219 0
    endloop
  endfacet
  facet normal 0.6494480483301904 -0.7604059656000252 0
    outer loop
      vertex 5.899260818092342 2.402943447643219 1.5
      vertex 5.899260818092342 2.402943447643219 0
      vertex 5.911203882685048 2.413143788437092 0
    endloop
  endfacet
  facet normal 0.608761429008713 -0.7933533402912412 0
    outer loop
      vertex 5.923664424312258 2.422705098312485 1.5
      vertex 5.911203882685048 2.413143788437092 0
      vertex 5.923664424312258 2.422705098312485 0
    endloop
  endfacet
  facet normal 0.5664062369248385 -0.8241261886220117 0
    outer loop
      vertex 5.936608289495491 2.4316011703836278 1.5
      vertex 5.923664424312258 2.422705098312485 0
      vertex 5.936608289495491 2.4316011703836278 0
    endloop
  endfacet
  facet normal 0.522498564715949 -0.8526401643540921 0
    outer loop
      vertex 5.936608289495491 2.4316011703836278 1.5
      vertex 5.936608289495491 2.4316011703836278 0
      vertex 5.949999999999999 2.439807621135332 0
    endloop
  endfacet
  facet normal 0.4771587602596088 -0.8788171126619652 0
    outer loop
      vertex 5.949999999999999 2.439807621135332 1.5
      vertex 5.949999999999999 2.439807621135332 0
      vertex 5.963802850078135 2.447301957256511 0
    endloop
  endfacet
  facet normal 0.43051109680830085 -0.902585284349858 0
    outer loop
      vertex 5.963802850078135 2.447301957256511 1.5
      vertex 5.963802850078135 2.447301957256511 0
      vertex 5.977979007077259 2.454063637292781 0
    endloop
  endfacet
  facet normal 0.38268343236508595 -0.9238795325112883 0
    outer loop
      vertex 5.992489615136409 2.460074127949161 1.5
      vertex 5.977979007077259 2.454063637292781 0
      vertex 5.992489615136409 2.460074127949161 0
    endloop
  endfacet
  facet normal 0.33380685923375153 -0.9426414910921854 0
    outer loop
      vertex 5.992489615136409 2.460074127949161 1.5
      vertex 5.992489615136409 2.460074127949161 0
      vertex 6.007294901687516 2.4653169548885465 0
    endloop
  endfacet
  facet normal 0.28401534470394496 -0.9588197348681864 0
    outer loop
      vertex 6.022354286469243 2.469777747886721 1.5
      vertex 6.007294901687516 2.4653169548885465 0
      vertex 6.022354286469243 2.469777747886721 0
    endloop
  endfacet
  facet normal 0.23344536385590034 -0.9723699203976779 0
    outer loop
      vertex 6.022354286469243 2.469777747886721 1.5
      vertex 6.022354286469243 2.469777747886721 0
      vertex 6.037626492754672 2.4734442802201424 0
    endloop
  endfacet
  facet normal 0.18223552549214264 -0.9832549075639554 0
    outer loop
      vertex 6.053069660487931 2.476306502178542 1.5
      vertex 6.037626492754672 2.4734442802201424 0
      vertex 6.053069660487931 2.476306502178542 0
    endloop
  endfacet
  facet normal 0.130526192220043 -0.9914448613738115 0
    outer loop
      vertex 6.068641461019704 2.4783565686104825 1.49
      vertex 6.053069660487931 2.476306502178542 0
      vertex 6.068641461019704 2.4783565686104825 0
    endloop
  endfacet
  facet normal 0.07845909572783627 -0.9969173337331287 0
    outer loop
      vertex 6.0842992131271165 2.4795888604263725 1.5
      vertex 6.068641461019704 2.4783565686104825 0
      vertex 6.0842992131271165 2.4795888604263725 0
    endloop
  endfacet
  facet normal 0.02617694830789012 -0.9996573249755568 0
    outer loop
      vertex 6.0842992131271165 2.4795888604263725 1.5
      vertex 6.0842992131271165 2.4795888604263725 0
      vertex 6.099999886189522 2.4799999970197684 0
    endloop
  endfacet
  facet normal -0.026176569072375176 -0.9996573349061162 3.972223766787777e-9
    outer loop
      vertex 6.100000113810477 2.4799999970197684 1.5
      vertex 6.099999886189522 2.4799999970197684 0
      vertex 6.115700786872883 2.4795888604263725 0
    endloop
  endfacet
  facet normal -0.07845909572783627 -0.9969173337331287 0
    outer loop
      vertex 6.131358538980296 2.4783565686104825 1.5
      vertex 6.115700786872883 2.4795888604263725 0
      vertex 6.131358538980296 2.4783565686104825 0
    endloop
  endfacet
  facet normal -0.130526192220043 -0.9914448613738115 0
    outer loop
      vertex 6.1469303395120685 2.476306502178542 1.5
      vertex 6.131358538980296 2.4783565686104825 0
      vertex 6.1469303395120685 2.476306502178542 0
    endloop
  endfacet
  facet normal -0.18223552549214264 -0.9832549075639554 0
    outer loop
      vertex 6.162373507245327 2.4734442802201424 1.5
      vertex 6.1469303395120685 2.476306502178542 0
      vertex 6.162373507245327 2.4734442802201424 0
    endloop
  endfacet
  facet normal -0.23344536385590034 -0.9723699203976779 0
    outer loop
      vertex 6.162373507245327 2.4734442802201424 1.5
      vertex 6.162373507245327 2.4734442802201424 0
      vertex 6.177645713530756 2.469777747886721 0
    endloop
  endfacet
  facet normal -0.28401534470394496 -0.9588197348681864 0
    outer loop
      vertex 6.192705098312484 2.4653169548885465 1.5
      vertex 6.177645713530756 2.469777747886721 0
      vertex 6.192705098312484 2.4653169548885465 0
    endloop
  endfacet
  facet normal -0.33380685923375153 -0.9426414910921854 0
    outer loop
      vertex 6.192705098312484 2.4653169548885465 1.5
      vertex 6.192705098312484 2.4653169548885465 0
      vertex 6.20751038486359 2.460074127949161 0
    endloop
  endfacet
  facet normal -0.9996573249755568 -0.026176948307889383 0
    outer loop
      vertex 6.3995888604263715 2.1957007868728837 1.5
      vertex 6.3995888604263715 2.1957007868728837 0
      vertex 6.399999997019767 2.1800001138104776 0
    endloop
  endfacet
  facet normal -0.9969173337331309 -0.07845909572780817 0
    outer loop
      vertex 6.398356568610482 2.2113585389802966 1.49
      vertex 6.398356568610482 2.2113585389802966 0
      vertex 6.3995888604263715 2.1957007868728837 0
    endloop
  endfacet
  facet normal -0.9914448613738047 -0.13052619222009496 0
    outer loop
      vertex 6.396306502178541 2.22693033951207 1.49
      vertex 6.396306502178541 2.22693033951207 0
      vertex 6.398356568610482 2.2113585389802966 0
    endloop
  endfacet
  facet normal -0.9832549075639554 -0.1822355254921426 0
    outer loop
      vertex 6.396306502178541 2.22693033951207 1.49
      vertex 6.393444280220141 2.2423735072453286 0
      vertex 6.396306502178541 2.22693033951207 0
    endloop
  endfacet
  facet normal -0.9723699203976812 -0.23344536385588643 0
    outer loop
      vertex 6.38977774788672 2.257645713530757 1.49
      vertex 6.38977774788672 2.257645713530757 0
      vertex 6.393444280220141 2.2423735072453286 0
    endloop
  endfacet
  facet normal -0.9588197348681908 -0.28401534470392953 0
    outer loop
      vertex 6.38977774788672 2.257645713530757 1.49
      vertex 6.385316954888546 2.272705098312485 0
      vertex 6.38977774788672 2.257645713530757 0
    endloop
  endfacet
  facet normal -0.9238795325112884 -0.38268343236508595 0
    outer loop
      vertex 6.38007412794916 2.2875103848635905 1.49
      vertex 6.37406363729278 2.3020209929227406 0
      vertex 6.38007412794916 2.2875103848635905 0
    endloop
  endfacet
  facet normal -0.902585284349858 -0.4305110968083009 0
    outer loop
      vertex 6.37406363729278 2.3020209929227406 1.49
      vertex 6.36730195725651 2.3161971499218645 0
      vertex 6.37406363729278 2.3020209929227406 0
    endloop
  endfacet
  facet normal -0.878817112661977 -0.477158760259587 0
    outer loop
      vertex 6.359807621135332 2.3300000000000005 1.5
      vertex 6.359807621135332 2.3300000000000005 0
      vertex 6.36730195725651 2.3161971499218645 0
    endloop
  endfacet
  facet normal -0.8526401643540795 -0.5224985647159696 0
    outer loop
      vertex 6.359807621135332 2.3300000000000005 1.5
      vertex 6.351601170383627 2.3433917105045086 0
      vertex 6.359807621135332 2.3300000000000005 0
    endloop
  endfacet
  facet normal -0.942641491092179 -0.3338068592337693 0
    outer loop
      vertex 6.38007412794916 2.2875103848635905 1.49
      vertex 6.38007412794916 2.2875103848635905 0
      vertex 6.385316954888546 2.272705098312485 0
    endloop
  endfacet
  facet normal -0.6494480483301904 -0.7604059656000252 0
    outer loop
      vertex 6.288796117314951 2.413143788437092 1.5
      vertex 6.288796117314951 2.413143788437092 0
      vertex 6.300739181907657 2.402943447643219 0
    endloop
  endfacet
  facet normal -0.608761429008713 -0.7933533402912412 0
    outer loop
      vertex 6.288796117314951 2.413143788437092 1.5
      vertex 6.2763355756877415 2.422705098312485 0
      vertex 6.288796117314951 2.413143788437092 0
    endloop
  endfacet
  facet normal -0.6883545756937676 -0.7253743710122746 0
    outer loop
      vertex 6.300739181907657 2.402943447643219 1.5
      vertex 6.300739181907657 2.402943447643219 0
      vertex 6.3121320343559635 2.392132034355965 0
    endloop
  endfacet
  facet normal -0.7253743710122739 -0.6883545756937685 0
    outer loop
      vertex 6.3121320343559635 2.392132034355965 1.49
      vertex 6.3121320343559635 2.392132034355965 0
      vertex 6.322943447643218 2.380739181907658 0
    endloop
  endfacet
  facet normal -0.38268343236508595 -0.9238795325112883 0
    outer loop
      vertex 6.22202099292274 2.454063637292781 1.5
      vertex 6.20751038486359 2.460074127949161 0
      vertex 6.22202099292274 2.454063637292781 0
    endloop
  endfacet
  facet normal -0.43051109680830085 -0.902585284349858 0
    outer loop
      vertex 6.22202099292274 2.454063637292781 1.5
      vertex 6.22202099292274 2.454063637292781 0
      vertex 6.236197149921864 2.447301957256511 0
    endloop
  endfacet
  facet normal -0.5664062369248385 -0.8241261886220117 0
    outer loop
      vertex 6.263391710504508 2.4316011703836278 1.5
      vertex 6.263391710504508 2.4316011703836278 0
      vertex 6.2763355756877415 2.422705098312485 0
    endloop
  endfacet
  facet normal -0.522498564715949 -0.8526401643540921 0
    outer loop
      vertex 6.263391710504508 2.4316011703836278 1.5
      vertex 6.25 2.439807621135332 0
      vertex 6.263391710504508 2.4316011703836278 0
    endloop
  endfacet
  facet normal -0.4771587602596088 -0.8788171126619652 0
    outer loop
      vertex 6.236197149921864 2.447301957256511 1.5
      vertex 6.236197149921864 2.447301957256511 0
      vertex 6.25 2.439807621135332 0
    endloop
  endfacet
  facet normal -0.8241261886220208 -0.5664062369248253 0
    outer loop
      vertex 6.342705098312484 2.3563355756877424 1.5
      vertex 6.342705098312484 2.3563355756877424 0
      vertex 6.351601170383627 2.3433917105045086 0
    endloop
  endfacet
  facet normal -0.7933533402912442 -0.6087614290087088 0
    outer loop
      vertex 6.342705098312484 2.3563355756877424 1.5
      vertex 6.333143788437091 2.3687961173149517 0
      vertex 6.342705098312484 2.3563355756877424 0
    endloop
  endfacet
  facet normal -0.7604059656000232 -0.6494480483301929 0
    outer loop
      vertex 6.333143788437091 2.3687961173149517 1.49
      vertex 6.322943447643218 2.380739181907658 0
      vertex 6.333143788437091 2.3687961173149517 0
    endloop
  endfacet
  facet normal 0.9996573249755568 -0.026176948307889383 0
    outer loop
      vertex 5.800000002980232 2.1800001138104776 1.5
      vertex 5.800411139573628 2.1957007868728837 0
      vertex 5.800411139573628 2.1957007868728837 1.5
    endloop
  endfacet
  facet normal 0.9969173337331307 -0.07845909572780815 0
    outer loop
      vertex 5.800411139573628 2.1957007868728837 1.5
      vertex 5.800411139573628 2.1957007868728837 0
      vertex 5.801643431389517 2.2113585389802966 1.5
    endloop
  endfacet
  facet normal 0.9914448613738047 -0.13052619222009493 0
    outer loop
      vertex 5.801643431389517 2.2113585389802966 1.5
      vertex 5.801643431389517 2.2113585389802966 0
      vertex 5.803693497821459 2.22693033951207 1.5
    endloop
  endfacet
  facet normal 0.9832549075639554 -0.18223552549214264 0
    outer loop
      vertex 5.803693497821459 2.22693033951207 1.5
      vertex 5.806555719779858 2.2423735072453286 0
      vertex 5.806555719779858 2.2423735072453286 1.5
    endloop
  endfacet
  facet normal 0.9723699203976812 -0.23344536385588643 0
    outer loop
      vertex 5.806555719779858 2.2423735072453286 1.5
      vertex 5.806555719779858 2.2423735072453286 0
      vertex 5.810222252113279 2.257645713530757 1.5
    endloop
  endfacet
  facet normal 0.9588197348681908 -0.28401534470392953 0
    outer loop
      vertex 5.810222252113279 2.257645713530757 1.5
      vertex 5.814683045111454 2.272705098312485 0
      vertex 5.814683045111454 2.272705098312485 1.5
    endloop
  endfacet
  facet normal 0.942641491092179 -0.3338068592337693 0
    outer loop
      vertex 5.814683045111454 2.272705098312485 1.5
      vertex 5.814683045111454 2.272705098312485 0
      vertex 5.819925872050839 2.2875103848635905 1.5
    endloop
  endfacet
  facet normal 0.9238795325112883 -0.38268343236508595 0
    outer loop
      vertex 5.819925872050839 2.2875103848635905 1.5
      vertex 5.819925872050839 2.2875103848635905 0
      vertex 5.825936362707219 2.3020209929227406 1.5
    endloop
  endfacet
  facet normal 0.902585284349858 -0.43051109680830085 0
    outer loop
      vertex 5.825936362707219 2.3020209929227406 1.5
      vertex 5.825936362707219 2.3020209929227406 0
      vertex 5.832698042743489 2.3161971499218645 1.5
    endloop
  endfacet
  facet normal 0.878817112661977 -0.477158760259587 0
    outer loop
      vertex 5.832698042743489 2.3161971499218645 1.5
      vertex 5.840192378864668 2.3300000000000005 0
      vertex 5.840192378864668 2.3300000000000005 1.5
    endloop
  endfacet
  facet normal 0.8526401643540795 -0.5224985647159696 0
    outer loop
      vertex 5.840192378864668 2.3300000000000005 1.5
      vertex 5.8483988296163725 2.3433917105045086 0
      vertex 5.8483988296163725 2.3433917105045086 1.5
    endloop
  endfacet
  facet normal 0.8241261886220208 -0.5664062369248253 0
    outer loop
      vertex 5.8483988296163725 2.3433917105045086 1.5
      vertex 5.8483988296163725 2.3433917105045086 0
      vertex 5.857294901687515 2.3563355756877424 1.5
    endloop
  endfacet
  facet normal 0.7933533402912442 -0.6087614290087088 0
    outer loop
      vertex 5.857294901687515 2.3563355756877424 1.5
      vertex 5.857294901687515 2.3563355756877424 0
      vertex 5.866856211562908 2.3687961173149517 1.5
    endloop
  endfacet
  facet normal 0.7604059656000232 -0.6494480483301929 0
    outer loop
      vertex 5.866856211562908 2.3687961173149517 1.5
      vertex 5.866856211562908 2.3687961173149517 0
      vertex 5.877056552356781 2.380739181907658 1.5
    endloop
  endfacet
  facet normal 0.7253743710122741 -0.6883545756937685 0
    outer loop
      vertex 5.877056552356781 2.380739181907658 1.5
      vertex 5.887867965644036 2.392132034355965 0
      vertex 5.887867965644036 2.392132034355965 1.5
    endloop
  endfacet
  facet normal 0.6883545756937676 -0.7253743710122746 0
    outer loop
      vertex 5.887867965644036 2.392132034355965 1.5
      vertex 5.887867965644036 2.392132034355965 0
      vertex 5.899260818092342 2.402943447643219 1.5
    endloop
  endfacet
  facet normal 0.6494480483301904 -0.7604059656000252 0
    outer loop
      vertex 5.899260818092342 2.402943447643219 1.5
      vertex 5.911203882685048 2.413143788437092 0
      vertex 5.911203882685048 2.413143788437092 1.5
    endloop
  endfacet
  facet normal 0.608761429008713 -0.7933533402912412 0
    outer loop
      vertex 5.911203882685048 2.413143788437092 1.5
      vertex 5.911203882685048 2.413143788437092 0
      vertex 5.923664424312258 2.422705098312485 1.5
    endloop
  endfacet
  facet normal 0.5664062369248385 -0.8241261886220117 0
    outer loop
      vertex 5.923664424312258 2.422705098312485 1.5
      vertex 5.923664424312258 2.422705098312485 0
      vertex 5.936608289495491 2.4316011703836278 1.5
    endloop
  endfacet
  facet normal 0.522498564715949 -0.8526401643540921 0
    outer loop
      vertex 5.936608289495491 2.4316011703836278 1.5
      vertex 5.949999999999999 2.439807621135332 0
      vertex 5.949999999999999 2.439807621135332 1.5
    endloop
  endfacet
  facet normal 0.4771587602596088 -0.8788171126619652 0
    outer loop
      vertex 5.949999999999999 2.439807621135332 1.5
      vertex 5.963802850078135 2.447301957256511 0
      vertex 5.963802850078135 2.447301957256511 1.5
    endloop
  endfacet
  facet normal 0.43051109680830085 -0.902585284349858 0
    outer loop
      vertex 5.963802850078135 2.447301957256511 1.5
      vertex 5.977979007077259 2.454063637292781 0
      vertex 5.977979007077259 2.454063637292781 1.5
    endloop
  endfacet
  facet normal 0.38268343236508595 -0.9238795325112883 0
    outer loop
      vertex 5.977979007077259 2.454063637292781 1.5
      vertex 5.977979007077259 2.454063637292781 0
      vertex 5.992489615136409 2.460074127949161 1.5
    endloop
  endfacet
  facet normal 0.33380685923375153 -0.9426414910921854 0
    outer loop
      vertex 5.992489615136409 2.460074127949161 1.5
      vertex 6.007294901687516 2.4653169548885465 0
      vertex 6.007294901687516 2.4653169548885465 1.5
    endloop
  endfacet
  facet normal 0.28401534470394496 -0.9588197348681864 0
    outer loop
      vertex 6.007294901687516 2.4653169548885465 1.5
      vertex 6.007294901687516 2.4653169548885465 0
      vertex 6.022354286469243 2.469777747886721 1.5
    endloop
  endfacet
  facet normal 0.23344536385590034 -0.9723699203976779 0
    outer loop
      vertex 6.022354286469243 2.469777747886721 1.5
      vertex 6.037626492754672 2.4734442802201424 0
      vertex 6.037626492754672 2.4734442802201424 1.5
    endloop
  endfacet
  facet normal 0.18223552549214264 -0.9832549075639554 0
    outer loop
      vertex 6.037626492754672 2.4734442802201424 1.5
      vertex 6.037626492754672 2.4734442802201424 0
      vertex 6.053069660487931 2.476306502178542 1.5
    endloop
  endfacet
  facet normal 0.130526192220043 -0.9914448613738115 0
    outer loop
      vertex 6.053069660487931 2.476306502178542 1.5
      vertex 6.053069660487931 2.476306502178542 0
      vertex 6.068641461019704 2.4783565686104825 1.49
    endloop
  endfacet
  facet normal 0.07845909572783627 -0.9969173337331286 0
    outer loop
      vertex 6.068641461019704 2.4783565686104825 1.49
      vertex 6.068641461019704 2.4783565686104825 0
      vertex 6.0842992131271165 2.4795888604263725 1.5
    endloop
  endfacet
  facet normal 0.026176569072375176 -0.9996573349061162 -3.972223766782953e-9
    outer loop
      vertex 6.0842992131271165 2.4795888604263725 1.5
      vertex 6.099999886189522 2.4799999970197684 0
      vertex 6.100000113810477 2.4799999970197684 1.5
    endloop
  endfacet
  facet normal -0.02617694830789012 -0.9996573249755568 0
    outer loop
      vertex 6.100000113810477 2.4799999970197684 1.5
      vertex 6.115700786872883 2.4795888604263725 0
      vertex 6.115700786872883 2.4795888604263725 1.5
    endloop
  endfacet
  facet normal -0.07845909572783627 -0.9969173337331287 0
    outer loop
      vertex 6.115700786872883 2.4795888604263725 1.5
      vertex 6.115700786872883 2.4795888604263725 0
      vertex 6.131358538980296 2.4783565686104825 1.5
    endloop
  endfacet
  facet normal -0.130526192220043 -0.9914448613738115 0
    outer loop
      vertex 6.131358538980296 2.4783565686104825 1.5
      vertex 6.131358538980296 2.4783565686104825 0
      vertex 6.1469303395120685 2.476306502178542 1.5
    endloop
  endfacet
  facet normal -0.18223552549214264 -0.9832549075639554 0
    outer loop
      vertex 6.1469303395120685 2.476306502178542 1.5
      vertex 6.1469303395120685 2.476306502178542 0
      vertex 6.162373507245327 2.4734442802201424 1.5
    endloop
  endfacet
  facet normal -0.38268343236508595 -0.9238795325112883 0
    outer loop
      vertex 6.20751038486359 2.460074127949161 1.5
      vertex 6.20751038486359 2.460074127949161 0
      vertex 6.22202099292274 2.454063637292781 1.5
    endloop
  endfacet
  facet normal -0.28401534470394496 -0.9588197348681864 0
    outer loop
      vertex 6.192705098312484 2.4653169548885465 1.5
      vertex 6.177645713530756 2.469777747886721 1.5
      vertex 6.177645713530756 2.469777747886721 0
    endloop
  endfacet
  facet normal -0.23344536385590034 -0.9723699203976779 0
    outer loop
      vertex 6.162373507245327 2.4734442802201424 1.5
      vertex 6.177645713530756 2.469777747886721 0
      vertex 6.177645713530756 2.469777747886721 1.5
    endloop
  endfacet
  facet normal -0.33380685923375153 -0.9426414910921854 0
    outer loop
      vertex 6.192705098312484 2.4653169548885465 1.5
      vertex 6.20751038486359 2.460074127949161 0
      vertex 6.20751038486359 2.460074127949161 1.5
    endloop
  endfacet
  facet normal -0.9996573249755568 -0.026176948307889383 0
    outer loop
      vertex 6.399999997019767 2.1800001138104776 1.5
      vertex 6.3995888604263715 2.1957007868728837 1.5
      vertex 6.399999997019767 2.1800001138104776 0
    endloop
  endfacet
  facet normal -0.9969173337331307 -0.07845909572780815 0
    outer loop
      vertex 6.3995888604263715 2.1957007868728837 1.5
      vertex 6.398356568610482 2.2113585389802966 1.49
      vertex 6.3995888604263715 2.1957007868728837 0
    endloop
  endfacet
  facet normal -0.9914448613738047 -0.13052619222009496 0
    outer loop
      vertex 6.398356568610482 2.2113585389802966 1.49
      vertex 6.396306502178541 2.22693033951207 1.49
      vertex 6.398356568610482 2.2113585389802966 0
    endloop
  endfacet
  facet normal -0.9832549075639554 -0.1822355254921426 0
    outer loop
      vertex 6.396306502178541 2.22693033951207 1.49
      vertex 6.393444280220141 2.2423735072453286 1.49
      vertex 6.393444280220141 2.2423735072453286 0
    endloop
  endfacet
  facet normal -0.9723699203976812 -0.23344536385588643 0
    outer loop
      vertex 6.393444280220141 2.2423735072453286 1.49
      vertex 6.38977774788672 2.257645713530757 1.49
      vertex 6.393444280220141 2.2423735072453286 0
    endloop
  endfacet
  facet normal -0.9238795325112884 -0.38268343236508595 0
    outer loop
      vertex 6.38007412794916 2.2875103848635905 1.49
      vertex 6.37406363729278 2.3020209929227406 1.49
      vertex 6.37406363729278 2.3020209929227406 0
    endloop
  endfacet
  facet normal -0.9025852843498579 -0.43051109680830074 0
    outer loop
      vertex 6.37406363729278 2.3020209929227406 1.49
      vertex 6.37406363729278 2.3020209929227406 1.5
      vertex 6.36730195725651 2.3161971499218645 0
    endloop
  endfacet
  facet normal -0.878817112661977 -0.477158760259587 0
    outer loop
      vertex 6.36730195725651 2.3161971499218645 1.5
      vertex 6.359807621135332 2.3300000000000005 1.5
      vertex 6.36730195725651 2.3161971499218645 0
    endloop
  endfacet
  facet normal -0.902585284349858 -0.43051109680830085 0
    outer loop
      vertex 6.37406363729278 2.3020209929227406 1.5
      vertex 6.36730195725651 2.3161971499218645 1.5
      vertex 6.36730195725651 2.3161971499218645 0
    endloop
  endfacet
  facet normal -0.8526401643540795 -0.5224985647159696 0
    outer loop
      vertex 6.359807621135332 2.3300000000000005 1.5
      vertex 6.351601170383627 2.3433917105045086 1.5
      vertex 6.351601170383627 2.3433917105045086 0
    endloop
  endfacet
  facet normal -0.9588197348681908 -0.28401534470392953 0
    outer loop
      vertex 6.385316954888546 2.272705098312485 1.49
      vertex 6.385316954888546 2.272705098312485 0
      vertex 6.38977774788672 2.257645713530757 1.49
    endloop
  endfacet
  facet normal -0.942641491092179 -0.3338068592337693 0
    outer loop
      vertex 6.385316954888546 2.272705098312485 1.49
      vertex 6.38007412794916 2.2875103848635905 1.49
      vertex 6.385316954888546 2.272705098312485 0
    endloop
  endfacet
  facet normal -0.608761429008713 -0.7933533402912412 0
    outer loop
      vertex 6.2763355756877415 2.422705098312485 1.5
      vertex 6.2763355756877415 2.422705098312485 0
      vertex 6.288796117314951 2.413143788437092 1.5
    endloop
  endfacet
  facet normal -0.6883545756937677 -0.7253743710122748 0
    outer loop
      vertex 6.3121320343559635 2.392132034355965 1.49
      vertex 6.300739181907657 2.402943447643219 1.5
      vertex 6.3121320343559635 2.392132034355965 0
    endloop
  endfacet
  facet normal -0.725374371012274 -0.6883545756937685 0
    outer loop
      vertex 6.3121320343559635 2.392132034355965 1.49
      vertex 6.322943447643218 2.380739181907658 0
      vertex 6.3121320343559635 2.392132034355965 1.5
    endloop
  endfacet
  facet normal -0.7253743710122741 -0.6883545756937685 0
    outer loop
      vertex 6.322943447643218 2.380739181907658 1.5
      vertex 6.3121320343559635 2.392132034355965 1.5
      vertex 6.322943447643218 2.380739181907658 0
    endloop
  endfacet
  facet normal -0.6494480483301904 -0.7604059656000252 0
    outer loop
      vertex 6.300739181907657 2.402943447643219 1.5
      vertex 6.288796117314951 2.413143788437092 1.5
      vertex 6.300739181907657 2.402943447643219 0
    endloop
  endfacet
  facet normal -0.43051109680830085 -0.902585284349858 0
    outer loop
      vertex 6.22202099292274 2.454063637292781 1.5
      vertex 6.236197149921864 2.447301957256511 0
      vertex 6.236197149921864 2.447301957256511 1.5
    endloop
  endfacet
  facet normal -0.522498564715949 -0.8526401643540921 0
    outer loop
      vertex 6.25 2.439807621135332 1.5
      vertex 6.25 2.439807621135332 0
      vertex 6.263391710504508 2.4316011703836278 1.5
    endloop
  endfacet
  facet normal -0.4771587602596088 -0.8788171126619652 0
    outer loop
      vertex 6.25 2.439807621135332 1.5
      vertex 6.236197149921864 2.447301957256511 1.5
      vertex 6.25 2.439807621135332 0
    endloop
  endfacet
  facet normal -0.5664062369248385 -0.8241261886220117 0
    outer loop
      vertex 6.2763355756877415 2.422705098312485 1.5
      vertex 6.263391710504508 2.4316011703836278 1.5
      vertex 6.2763355756877415 2.422705098312485 0
    endloop
  endfacet
  facet normal -0.8241261886220208 -0.5664062369248253 0
    outer loop
      vertex 6.351601170383627 2.3433917105045086 1.5
      vertex 6.342705098312484 2.3563355756877424 1.5
      vertex 6.351601170383627 2.3433917105045086 0
    endloop
  endfacet
  facet normal -0.7933533402912442 -0.6087614290087088 0
    outer loop
      vertex 6.342705098312484 2.3563355756877424 1.5
      vertex 6.333143788437091 2.3687961173149517 1.49
      vertex 6.333143788437091 2.3687961173149517 0
    endloop
  endfacet
  facet normal -0.7604059656000232 -0.6494480483301929 0
    outer loop
      vertex 6.322943447643218 2.380739181907658 1.5
      vertex 6.322943447643218 2.380739181907658 0
      vertex 6.333143788437091 2.3687961173149517 1.49
    endloop
  endfacet
  facet normal 0 0 -1
    outer loop
      vertex 5.800000002980232 -2.1800001138104776 1.5
      vertex 5.800000002980232 2.1800001138104776 1.5
      vertex 5.801643431389517 2.2113585389802966 1.5
    endloop
  endfacet
  facet normal 0 0 -1
    outer loop
      vertex 5.866856211562908 -2.3687961173149517 1.5
      vertex 5.801643431389517 2.2113585389802966 1.5
      vertex 6.3995888604263715 2.1957007868728837 1.5
    endloop
  endfacet
  facet normal 0 0 -1
    outer loop
      vertex 6.399999997019767 -2.1800001138104776 1.5
      vertex 6.3995888604263715 2.1957007868728837 1.5
      vertex 6.399999997019767 2.1800001138104776 1.5
    endloop
  endfacet
  facet normal 0 0 -1
    outer loop
      vertex 5.800000002980232 2.1800001138104776 1.5
      vertex 5.800411139573628 2.1957007868728837 1.5
      vertex 5.801643431389517 2.2113585389802966 1.5
    endloop
  endfacet
  facet normal 0 0 -1
    outer loop
      vertex 5.801643431389517 2.2113585389802966 1.5
      vertex 5.803693497821459 2.22693033951207 1.5
      vertex 5.810222252113279 2.257645713530757 1.5
    endloop
  endfacet
  facet normal 0 0 -1
    outer loop
      vertex 5.803693497821459 2.22693033951207 1.5
      vertex 5.806555719779858 2.2423735072453286 1.5
      vertex 5.810222252113279 2.257645713530757 1.5
    endloop
  endfacet
  facet normal 0 0 -1
    outer loop
      vertex 5.801643431389517 2.2113585389802966 1.5
      vertex 5.810222252113279 2.257645713530757 1.5
      vertex 5.832698042743489 2.3161971499218645 1.5
    endloop
  endfacet
  facet normal 0 0 -1
    outer loop
      vertex 5.810222252113279 2.257645713530757 1.5
      vertex 5.814683045111454 2.272705098312485 1.5
      vertex 5.819925872050839 2.2875103848635905 1.5
    endloop
  endfacet
  facet normal 0 0 -1
    outer loop
      vertex 5.810222252113279 2.257645713530757 1.5
      vertex 5.819925872050839 2.2875103848635905 1.5
      vertex 5.832698042743489 2.3161971499218645 1.5
    endloop
  endfacet
  facet normal 0 0 -1
    outer loop
      vertex 5.819925872050839 2.2875103848635905 1.5
      vertex 5.825936362707219 2.3020209929227406 1.5
      vertex 5.832698042743489 2.3161971499218645 1.5
    endloop
  endfacet
  facet normal 0 0 -1
    outer loop
      vertex 5.801643431389517 2.2113585389802966 1.5
      vertex 5.832698042743489 2.3161971499218645 1.5
      vertex 5.899260818092342 2.402943447643219 1.5
    endloop
  endfacet
  facet normal 0 0 -1
    outer loop
      vertex 5.832698042743489 2.3161971499218645 1.5
      vertex 5.840192378864668 2.3300000000000005 1.5
      vertex 5.857294901687515 2.3563355756877424 1.5
    endloop
  endfacet
  facet normal 0 0 -1
    outer loop
      vertex 5.840192378864668 2.3300000000000005 1.5
      vertex 5.8483988296163725 2.3433917105045086 1.5
      vertex 5.857294901687515 2.3563355756877424 1.5
    endloop
  endfacet
  facet normal 0 0 -1
    outer loop
      vertex 5.832698042743489 2.3161971499218645 1.5
      vertex 5.857294901687515 2.3563355756877424 1.5
      vertex 5.899260818092342 2.402943447643219 1.5
    endloop
  endfacet
  facet normal 0 0 -1
    outer loop
      vertex 5.857294901687515 2.3563355756877424 1.5
      vertex 5.866856211562908 2.3687961173149517 1.5
      vertex 5.877056552356781 2.380739181907658 1.5
    endloop
  endfacet
  facet normal 0 0 -1
    outer loop
      vertex 5.857294901687515 2.3563355756877424 1.5
      vertex 5.877056552356781 2.380739181907658 1.5
      vertex 5.899260818092342 2.402943447643219 1.5
    endloop
  endfacet
  facet normal 0 0 -1
    outer loop
      vertex 5.801643431389517 2.2113585389802966 1.5
      vertex 5.899260818092342 2.402943447643219 1.5
      vertex 6.100000113810477 2.4799999970197684 1.5
    endloop
  endfacet
  facet normal 0 0 -1
    outer loop
      vertex 5.877056552356781 2.380739181907658 1.5
      vertex 5.887867965644036 2.392132034355965 1.5
      vertex 5.899260818092342 2.402943447643219 1.5
    endloop
  endfacet
  facet normal 0 0 -1
    outer loop
      vertex 5.899260818092342 2.402943447643219 1.5
      vertex 5.911203882685048 2.413143788437092 1.5
      vertex 5.923664424312258 2.422705098312485 1.5
    endloop
  endfacet
  facet normal 0 0 -1
    outer loop
      vertex 5.899260818092342 2.402943447643219 1.5
      vertex 5.923664424312258 2.422705098312485 1.5
      vertex 5.936608289495491 2.4316011703836278 1.5
    endloop
  endfacet
  facet normal 0 0 -1
    outer loop
      vertex 5.899260818092342 2.402943447643219 1.5
      vertex 5.936608289495491 2.4316011703836278 1.5
      vertex 5.992489615136409 2.460074127949161 1.5
    endloop
  endfacet
  facet normal 0 0 -1
    outer loop
      vertex 5.936608289495491 2.4316011703836278 1.5
      vertex 5.949999999999999 2.439807621135332 1.5
      vertex 5.963802850078135 2.447301957256511 1.5
    endloop
  endfacet
  facet normal 0 0 -1
    outer loop
      vertex 5.936608289495491 2.4316011703836278 1.5
      vertex 5.963802850078135 2.447301957256511 1.5
      vertex 5.992489615136409 2.460074127949161 1.5
    endloop
  endfacet
  facet normal 0 0 -1
    outer loop
      vertex 5.963802850078135 2.447301957256511 1.5
      vertex 5.977979007077259 2.454063637292781 1.5
      vertex 5.992489615136409 2.460074127949161 1.5
    endloop
  endfacet
  facet normal 0 0 -1
    outer loop
      vertex 5.801643431389517 2.2113585389802966 1.5
      vertex 6.100000113810477 2.4799999970197684 1.5
      vertex 6.3995888604263715 2.1957007868728837 1.5
    endloop
  endfacet
  facet normal 0 0 -1
    outer loop
      vertex 5.899260818092342 2.402943447643219 1.5
      vertex 5.992489615136409 2.460074127949161 1.5
      vertex 6.100000113810477 2.4799999970197684 1.5
    endloop
  endfacet
  facet normal 0 0 -1
    outer loop
      vertex 5.992489615136409 2.460074127949161 1.5
      vertex 6.007294901687516 2.4653169548885465 1.5
      vertex 6.022354286469243 2.469777747886721 1.5
    endloop
  endfacet
  facet normal 0 0 -1
    outer loop
      vertex 5.992489615136409 2.460074127949161 1.5
      vertex 6.022354286469243 2.469777747886721 1.5
      vertex 6.053069660487931 2.476306502178542 1.5
    endloop
  endfacet
  facet normal 0 0 -1
    outer loop
      vertex 6.022354286469243 2.469777747886721 1.5
      vertex 6.037626492754672 2.4734442802201424 1.5
      vertex 6.053069660487931 2.476306502178542 1.5
    endloop
  endfacet
  facet normal 0 0 -1
    outer loop
      vertex 5.992489615136409 2.460074127949161 1.5
      vertex 6.053069660487931 2.476306502178542 1.5
      vertex 6.100000113810477 2.4799999970197684 1.5
    endloop
  endfacet
  facet normal 0.130526192220043 -0.9914448613738115 0
    outer loop
      vertex 6.053069660487931 2.476306502178542 1.5
      vertex 6.068641461019704 2.4783565686104825 1.49
      vertex 6.068641461019704 2.4783565686104825 1.5
    endloop
  endfacet
  facet normal 0 0 -1
    outer loop
      vertex 6.053069660487931 2.476306502178542 1.5
      vertex 6.068641461019704 2.4783565686104825 1.5
      vertex 6.0842992131271165 2.4795888604263725 1.5
    endloop
  endfacet
  facet normal 0.07845909572783626 -0.9969173337331287 0
    outer loop
      vertex 6.068641461019704 2.4783565686104825 1.49
      vertex 6.0842992131271165 2.4795888604263725 1.5
      vertex 6.068641461019704 2.4783565686104825 1.5
    endloop
  endfacet
  facet normal 0 0 -1
    outer loop
      vertex 6.053069660487931 2.476306502178542 1.5
      vertex 6.0842992131271165 2.4795888604263725 1.5
      vertex 6.100000113810477 2.4799999970197684 1.5
    endloop
  endfacet
  facet normal 0 0 -1
    outer loop
      vertex 6.100000113810477 2.4799999970197684 1.5
      vertex 6.115700786872883 2.4795888604263725 1.5
      vertex 6.1469303395120685 2.476306502178542 1.5
    endloop
  endfacet
  facet normal 0 0 -1
    outer loop
      vertex 6.115700786872883 2.4795888604263725 1.5
      vertex 6.131358538980296 2.4783565686104825 1.5
      vertex 6.1469303395120685 2.476306502178542 1.5
    endloop
  endfacet
  facet normal 0 0 -1
    outer loop
      vertex 6.100000113810477 2.4799999970197684 1.5
      vertex 6.1469303395120685 2.476306502178542 1.5
      vertex 6.162373507245327 2.4734442802201424 1.5
    endloop
  endfacet
  facet normal 0 0 -1
    outer loop
      vertex 6.100000113810477 2.4799999970197684 1.5
      vertex 6.22202099292274 2.454063637292781 1.5
      vertex 6.3121320343559635 2.392132034355965 1.5
    endloop
  endfacet
  facet normal 0 0 -1
    outer loop
      vertex 6.192705098312484 2.4653169548885465 1.5
      vertex 6.20751038486359 2.460074127949161 1.5
      vertex 6.22202099292274 2.454063637292781 1.5
    endloop
  endfacet
  facet normal 0 0 -1
    outer loop
      vertex 6.100000113810477 2.4799999970197684 1.5
      vertex 6.162373507245327 2.4734442802201424 1.5
      vertex 6.22202099292274 2.454063637292781 1.5
    endloop
  endfacet
  facet normal 0 0 -1
    outer loop
      vertex 6.162373507245327 2.4734442802201424 1.5
      vertex 6.177645713530756 2.469777747886721 1.5
      vertex 6.192705098312484 2.4653169548885465 1.5
    endloop
  endfacet
  facet normal 0 0 -1
    outer loop
      vertex 6.162373507245327 2.4734442802201424 1.5
      vertex 6.192705098312484 2.4653169548885465 1.5
      vertex 6.22202099292274 2.454063637292781 1.5
    endloop
  endfacet
  facet normal -0.996917333733131 -0.07845909572780817 0
    outer loop
      vertex 6.3995888604263715 2.1957007868728837 1.5
      vertex 6.398356568610482 2.2113585389802966 1.5
      vertex 6.398356568610482 2.2113585389802966 1.49
    endloop
  endfacet
  facet normal -0.9914448613738047 -0.13052619222009493 0
    outer loop
      vertex 6.398356568610482 2.2113585389802966 1.49
      vertex 6.398356568610482 2.2113585389802966 1.5
      vertex 6.396306502178541 2.22693033951207 1.49
    endloop
  endfacet
  facet normal 0 0 -1
    outer loop
      vertex 6.3995888604263715 2.1957007868728837 1.5
      vertex 6.393444280220141 2.2423735072453286 1.5
      vertex 6.398356568610482 2.2113585389802966 1.5
    endloop
  endfacet
  facet normal -0.9914448613738047 -0.13052619222009493 0
    outer loop
      vertex 6.396306502178541 2.22693033951207 1.49
      vertex 6.398356568610482 2.2113585389802966 1.5
      vertex 6.396306502178541 2.22693033951207 1.5
    endloop
  endfacet
  facet normal -0.9832549075639555 -0.18223552549214267 0
    outer loop
      vertex 6.396306502178541 2.22693033951207 1.49
      vertex 6.396306502178541 2.22693033951207 1.5
      vertex 6.393444280220141 2.2423735072453286 1.5
    endloop
  endfacet
  facet normal 0 0 -1
    outer loop
      vertex 6.398356568610482 2.2113585389802966 1.5
      vertex 6.393444280220141 2.2423735072453286 1.5
      vertex 6.396306502178541 2.22693033951207 1.5
    endloop
  endfacet
  facet normal -0.9832549075639555 -0.18223552549214267 0
    outer loop
      vertex 6.396306502178541 2.22693033951207 1.49
      vertex 6.393444280220141 2.2423735072453286 1.5
      vertex 6.393444280220141 2.2423735072453286 1.49
    endloop
  endfacet
  facet normal -0.9723699203976812 -0.2334453638558864 0
    outer loop
      vertex 6.393444280220141 2.2423735072453286 1.49
      vertex 6.393444280220141 2.2423735072453286 1.5
      vertex 6.38977774788672 2.257645713530757 1.49
    endloop
  endfacet
  facet normal 0 0 -1
    outer loop
      vertex 6.3995888604263715 2.1957007868728837 1.5
      vertex 6.37406363729278 2.3020209929227406 1.5
      vertex 6.393444280220141 2.2423735072453286 1.5
    endloop
  endfacet
  facet normal -0.9723699203976812 -0.2334453638558864 0
    outer loop
      vertex 6.393444280220141 2.2423735072453286 1.5
      vertex 6.38977774788672 2.257645713530757 1.5
      vertex 6.38977774788672 2.257645713530757 1.49
    endloop
  endfacet
  facet normal -0.9588197348681909 -0.28401534470392953 0
    outer loop
      vertex 6.385316954888546 2.272705098312485 1.5
      vertex 6.38977774788672 2.257645713530757 1.49
      vertex 6.38977774788672 2.257645713530757 1.5
    endloop
  endfacet
  facet normal 0 0 -1
    outer loop
      vertex 6.385316954888546 2.272705098312485 1.5
      vertex 6.38977774788672 2.257645713530757 1.5
      vertex 6.393444280220141 2.2423735072453286 1.5
    endloop
  endfacet
  facet normal 0 0 -1
    outer loop
      vertex 6.3995888604263715 2.1957007868728837 1.5
      vertex 6.3121320343559635 2.392132034355965 1.5
      vertex 6.37406363729278 2.3020209929227406 1.5
    endloop
  endfacet
  facet normal -0.9238795325112884 -0.382683432365086 0
    outer loop
      vertex 6.38007412794916 2.2875103848635905 1.49
      vertex 6.38007412794916 2.2875103848635905 1.5
      vertex 6.37406363729278 2.3020209929227406 1.5
    endloop
  endfacet
  facet normal -0.9238795325112884 -0.382683432365086 0
    outer loop
      vertex 6.38007412794916 2.2875103848635905 1.49
      vertex 6.37406363729278 2.3020209929227406 1.5
      vertex 6.37406363729278 2.3020209929227406 1.49
    endloop
  endfacet
  facet normal 0 0 -1
    outer loop
      vertex 6.37406363729278 2.3020209929227406 1.5
      vertex 6.359807621135332 2.3300000000000005 1.5
      vertex 6.36730195725651 2.3161971499218645 1.5
    endloop
  endfacet
  facet normal 0 0 -1
    outer loop
      vertex 6.37406363729278 2.3020209929227406 1.5
      vertex 6.342705098312484 2.3563355756877424 1.5
      vertex 6.359807621135332 2.3300000000000005 1.5
    endloop
  endfacet
  facet normal 0 0 -1
    outer loop
      vertex 6.359807621135332 2.3300000000000005 1.5
      vertex 6.342705098312484 2.3563355756877424 1.5
      vertex 6.351601170383627 2.3433917105045086 1.5
    endloop
  endfacet
  facet normal -0.9588197348681909 -0.28401534470392953 0
    outer loop
      vertex 6.385316954888546 2.272705098312485 1.49
      vertex 6.38977774788672 2.257645713530757 1.49
      vertex 6.385316954888546 2.272705098312485 1.5
    endloop
  endfacet
  facet normal 0 0 -1
    outer loop
      vertex 6.385316954888546 2.272705098312485 1.5
      vertex 6.393444280220141 2.2423735072453286 1.5
      vertex 6.37406363729278 2.3020209929227406 1.5
    endloop
  endfacet
  facet normal -0.942641491092179 -0.3338068592337693 0
    outer loop
      vertex 6.385316954888546 2.272705098312485 1.49
      vertex 6.385316954888546 2.272705098312485 1.5
      vertex 6.38007412794916 2.2875103848635905 1.49
    endloop
  endfacet
  facet normal -0.942641491092179 -0.3338068592337693 0
    outer loop
      vertex 6.38007412794916 2.2875103848635905 1.49
      vertex 6.385316954888546 2.272705098312485 1.5
      vertex 6.38007412794916 2.2875103848635905 1.5
    endloop
  endfacet
  facet normal 0 0 -1
    outer loop
      vertex 6.385316954888546 2.272705098312485 1.5
      vertex 6.37406363729278 2.3020209929227406 1.5
      vertex 6.38007412794916 2.2875103848635905 1.5
    endloop
  endfacet
  facet normal 0 0 -1
    outer loop
      vertex 6.100000113810477 2.4799999970197684 1.5
      vertex 6.3121320343559635 2.392132034355965 1.5
      vertex 6.3995888604263715 2.1957007868728837 1.5
    endloop
  endfacet
  facet normal 0 0 -1
    outer loop
      vertex 6.263391710504508 2.4316011703836278 1.5
      vertex 6.288796117314951 2.413143788437092 1.5
      vertex 6.3121320343559635 2.392132034355965 1.5
    endloop
  endfacet
  facet normal -0.6883545756937676 -0.7253743710122746 0
    outer loop
      vertex 6.3121320343559635 2.392132034355965 1.49
      vertex 6.3121320343559635 2.392132034355965 1.5
      vertex 6.300739181907657 2.402943447643219 1.5
    endloop
  endfacet
  facet normal 0 0 -1
    outer loop
      vertex 6.300739181907657 2.402943447643219 1.5
      vertex 6.3121320343559635 2.392132034355965 1.5
      vertex 6.288796117314951 2.413143788437092 1.5
    endloop
  endfacet
  facet normal 0 0 -1
    outer loop
      vertex 6.25 2.439807621135332 1.5
      vertex 6.263391710504508 2.4316011703836278 1.5
      vertex 6.236197149921864 2.447301957256511 1.5
    endloop
  endfacet
  facet normal 0 0 -1
    outer loop
      vertex 6.263391710504508 2.4316011703836278 1.5
      vertex 6.3121320343559635 2.392132034355965 1.5
      vertex 6.22202099292274 2.454063637292781 1.5
    endloop
  endfacet
  facet normal 0 0 -1
    outer loop
      vertex 6.263391710504508 2.4316011703836278 1.5
      vertex 6.22202099292274 2.454063637292781 1.5
      vertex 6.236197149921864 2.447301957256511 1.5
    endloop
  endfacet
  facet normal 0 0 -1
    outer loop
      vertex 6.2763355756877415 2.422705098312485 1.5
      vertex 6.288796117314951 2.413143788437092 1.5
      vertex 6.263391710504508 2.4316011703836278 1.5
    endloop
  endfacet
  facet normal 0 0 -1
    outer loop
      vertex 6.37406363729278 2.3020209929227406 1.5
      vertex 6.3121320343559635 2.392132034355965 1.5
      vertex 6.342705098312484 2.3563355756877424 1.5
    endloop
  endfacet
  facet normal -0.7933533402912443 -0.6087614290087089 0
    outer loop
      vertex 6.342705098312484 2.3563355756877424 1.5
      vertex 6.333143788437091 2.3687961173149517 1.5
      vertex 6.333143788437091 2.3687961173149517 1.49
    endloop
  endfacet
  facet normal -0.7604059656000232 -0.6494480483301928 0
    outer loop
      vertex 6.322943447643218 2.380739181907658 1.5
      vertex 6.333143788437091 2.3687961173149517 1.49
      vertex 6.333143788437091 2.3687961173149517 1.5
    endloop
  endfacet
  facet normal 0 0 -1
    outer loop
      vertex 6.342705098312484 2.3563355756877424 1.5
      vertex 6.322943447643218 2.380739181907658 1.5
      vertex 6.333143788437091 2.3687961173149517 1.5
    endloop
  endfacet
  facet normal 0 0 -1
    outer loop
      vertex 6.342705098312484 2.3563355756877424 1.5
      vertex 6.3121320343559635 2.392132034355965 1.5
      vertex 6.322943447643218 2.380739181907658 1.5
    endloop
  endfacet
  facet normal 0 0 1
    outer loop
      vertex -5.8 -2.4000000000000004 2.2
      vertex -5.1 -2.4000000000000004 2.2
      vertex -5.8 2.4000000000000004 2.2
    endloop
  endfacet
  facet normal 0 1 0
    outer loop
      vertex -5.8 -2.4000000000000004 2.2
      vertex -5.1 -2.4000000000000004 2.6000000000000005
      vertex -5.1 -2.4000000000000004 2.2
    endloop
  endfacet
  facet normal 0 1 0
    outer loop
      vertex -5.8 -2.4000000000000004 2.2
      vertex -5.8 -2.4000000000000004 2.6000000000000005
      vertex -5.1 -2.4000000000000004 2.6000000000000005
    endloop
  endfacet
  facet normal 1 0 0
    outer loop
      vertex -5.8 -2.4000000000000004 2.2
      vertex -5.8 2.4000000000000004 2.2
      vertex -5.8 -2.4000000000000004 2.6000000000000005
    endloop
  endfacet
  facet normal 0 0 -1
    outer loop
      vertex -5.8 -2.4000000000000004 2.6000000000000005
      vertex -5.1 2.4000000000000004 2.6000000000000005
      vertex -5.1 -2.4000000000000004 2.6000000000000005
    endloop
  endfacet
  facet normal 0 0 1
    outer loop
      vertex -5.8 2.4000000000000004 2.2
      vertex -5.1 -2.4000000000000004 2.2
      vertex -5.1 2.4000000000000004 2.2
    endloop
  endfacet
  facet normal 1 0 0
    outer loop
      vertex -5.8 -2.4000000000000004 2.6000000000000005
      vertex -5.8 2.4000000000000004 2.2
      vertex -5.8 2.4000000000000004 2.6000000000000005
    endloop
  endfacet
  facet normal 0 0 -1
    outer loop
      vertex -5.8 -2.4000000000000004 2.6000000000000005
      vertex -5.8 2.4000000000000004 2.6000000000000005
      vertex -5.1 2.4000000000000004 2.6000000000000005
    endloop
  endfacet
  facet normal 0 -1 0
    outer loop
      vertex -5.8 2.4000000000000004 2.2
      vertex -5.1 2.4000000000000004 2.2
      vertex -5.8 2.4000000000000004 2.6000000000000005
    endloop
  endfacet
  facet normal 0 -1 0
    outer loop
      vertex -5.8 2.4000000000000004 2.6000000000000005
      vertex -5.1 2.4000000000000004 2.2
      vertex -5.1 2.4000000000000004 2.6000000000000005
    endloop
  endfacet
  facet normal 0 1 0
    outer loop
      vertex -7.05 -0.275 4.4799999999999995
      vertex -7.05 -0.275 4.6
      vertex -6.95 -0.275 4.4799999999999995
    endloop
  endfacet
  facet normal 0 0 1
    outer loop
      vertex -7.05 -0.275 4.4799999999999995
      vertex -6.95 -0.275 4.4799999999999995
      vertex -7.010909090909091 -0.06 4.4799999999999995
    endloop
  endfacet
  facet normal -1 0 0
    outer loop
      vertex -6.95 -0.275 4.4799999999999995
      vertex -6.95 -0.275 4.6
      vertex -6.95 -0.06 4.4799999999999995
    endloop
  endfacet
  facet normal 1 0 0
    outer loop
      vertex -7.05 -0.275 4.4799999999999995
      vertex -7.05 -0.06 4.6
      vertex -7.05 -0.275 4.6
    endloop
  endfacet
  facet normal 0 1 0
    outer loop
      vertex -6.95 -0.275 4.4799999999999995
      vertex -7.05 -0.275 4.6
      vertex -6.95 -0.275 4.6
    endloop
  endfacet
  facet normal 0 0 1
    outer loop
      vertex -7.05 -0.275 4.4799999999999995
      vertex -7.010909090909091 -0.06 4.4799999999999995
      vertex -7.05 -0.06 4.4799999999999995
    endloop
  endfacet
  facet normal 1 0 0
    outer loop
      vertex -7.05 -0.275 4.4799999999999995
      vertex -7.05 -0.06 4.4799999999999995
      vertex -7.05 -0.06 4.6
    endloop
  endfacet
  facet normal 0 0 1
    outer loop
      vertex -6.95 -0.275 4.4799999999999995
      vertex -6.95 -0.06 4.4799999999999995
      vertex -7.010909090909091 -0.06 4.4799999999999995
    endloop
  endfacet
  facet normal -1 0 0
    outer loop
      vertex -6.95 -0.06 4.4799999999999995
      vertex -6.95 -0.275 4.6
      vertex -6.95 -0.06 4.6
    endloop
  endfacet
  facet normal 0 0 1
    outer loop
      vertex -7.05 0.06 4.4799999999999995
      vertex -6.989090909090909 0.06 4.4799999999999995
      vertex -7.05 0.275 4.4799999999999995
    endloop
  endfacet
  facet normal 0 0 1
    outer loop
      vertex -7.010601474582848 -0.05830811020566551 4.4799999999999995
      vertex -6.95 0.06 4.4799999999999995
      vertex -6.989090909090909 0.06 4.4799999999999995
    endloop
  endfacet
  facet normal 0 0 1
    outer loop
      vertex -6.989090909090909 0.06 4.4799999999999995
      vertex -6.95 0.06 4.4799999999999995
      vertex -6.95 0.275 4.4799999999999995
    endloop
  endfacet
  facet normal -1 0 0
    outer loop
      vertex -6.95 0.06 4.4799999999999995
      vertex -6.95 0.06 4.6
      vertex -6.95 0.275 4.4799999999999995
    endloop
  endfacet
  facet normal 1 0 0
    outer loop
      vertex -7.05 0.06 4.4799999999999995
      vertex -7.05 0.275 4.6
      vertex -7.05 0.06 4.6
    endloop
  endfacet
  facet normal 0 0 1
    outer loop
      vertex -6.989090909090909 0.06 4.4799999999999995
      vertex -6.95 0.275 4.4799999999999995
      vertex -7.05 0.275 4.4799999999999995
    endloop
  endfacet
  facet normal 1 0 0
    outer loop
      vertex -7.05 0.06 4.4799999999999995
      vertex -7.05 0.275 4.4799999999999995
      vertex -7.05 0.275 4.6
    endloop
  endfacet
  facet normal 0 -1 0
    outer loop
      vertex -7.05 0.275 4.4799999999999995
      vertex -6.95 0.275 4.4799999999999995
      vertex -6.95 0.275 4.6
    endloop
  endfacet
  facet normal 0 -1 0
    outer loop
      vertex -7.05 0.275 4.4799999999999995
      vertex -6.95 0.275 4.6
      vertex -7.05 0.275 4.6
    endloop
  endfacet
  facet normal -1 0 0
    outer loop
      vertex -6.95 0.275 4.4799999999999995
      vertex -6.95 0.06 4.6
      vertex -6.95 0.275 4.6
    endloop
  endfacet
  facet normal 0 1 0
    outer loop
      vertex -6.05 -0.275 4.4799999999999995
      vertex -6.05 -0.275 4.6
      vertex -5.95 -0.275 4.4799999999999995
    endloop
  endfacet
  facet normal 0 0 1
    outer loop
      vertex -6.05 -0.275 4.4799999999999995
      vertex -5.95 -0.275 4.4799999999999995
      vertex -6.010909090909091 -0.06 4.4799999999999995
    endloop
  endfacet
  facet normal 1 0 0
    outer loop
      vertex -6.05 -0.275 4.4799999999999995
      vertex -6.05 -0.06 4.6
      vertex -6.05 -0.275 4.6
    endloop
  endfacet
  facet normal 0 0 1
    outer loop
      vertex -6.05 -0.275 4.4799999999999995
      vertex -6.010909090909091 -0.06 4.4799999999999995
      vertex -6.05 -0.06 4.4799999999999995
    endloop
  endfacet
  facet normal 1 0 0
    outer loop
      vertex -6.05 -0.275 4.4799999999999995
      vertex -6.05 -0.06 4.4799999999999995
      vertex -6.05 -0.06 4.6
    endloop
  endfacet
  facet normal -1 0 0
    outer loop
      vertex -5.95 -0.275 4.4799999999999995
      vertex -5.95 -0.275 4.6
      vertex -5.95 -0.06 4.4799999999999995
    endloop
  endfacet
  facet normal 0 1 0
    outer loop
      vertex -5.95 -0.275 4.4799999999999995
      vertex -6.05 -0.275 4.6
      vertex -5.95 -0.275 4.6
    endloop
  endfacet
  facet normal 0 0 1
    outer loop
      vertex -6.010909090909091 -0.06 4.4799999999999995
      vertex -5.95 -0.275 4.4799999999999995
      vertex -5.95 -0.06 4.4799999999999995
    endloop
  endfacet
  facet normal -1 0 0
    outer loop
      vertex -5.95 -0.06 4.4799999999999995
      vertex -5.95 -0.275 4.6
      vertex -5.95 -0.06 4.6
    endloop
  endfacet
  facet normal 0 0 1
    outer loop
      vertex -6.05 0.06 4.4799999999999995
      vertex -5.989090909090909 0.06 4.4799999999999995
      vertex -6.05 0.275 4.4799999999999995
    endloop
  endfacet
  facet normal 1 0 0
    outer loop
      vertex -6.05 0.06 4.4799999999999995
      vertex -6.05 0.275 4.6
      vertex -6.05 0.06 4.6
    endloop
  endfacet
  facet normal 0 0 1
    outer loop
      vertex -6.05 0.275 4.4799999999999995
      vertex -5.989090909090909 0.06 4.4799999999999995
      vertex -5.95 0.275 4.4799999999999995
    endloop
  endfacet
  facet normal 1 0 0
    outer loop
      vertex -6.05 0.06 4.4799999999999995
      vertex -6.05 0.275 4.4799999999999995
      vertex -6.05 0.275 4.6
    endloop
  endfacet
  facet normal 0 -1 0
    outer loop
      vertex -6.05 0.275 4.4799999999999995
      vertex -5.95 0.275 4.6
      vertex -6.05 0.275 4.6
    endloop
  endfacet
  facet normal 0 0 1
    outer loop
      vertex -6.0074970896391156 -0.041233993015133884 4.4799999999999995
      vertex -5.95 0.06 4.4799999999999995
      vertex -5.989090909090909 0.06 4.4799999999999995
    endloop
  endfacet
  facet normal 0 0 1
    outer loop
      vertex -5.989090909090909 0.06 4.4799999999999995
      vertex -5.95 0.06 4.4799999999999995
      vertex -5.95 0.275 4.4799999999999995
    endloop
  endfacet
  facet normal -1 0 0
    outer loop
      vertex -5.95 0.06 4.4799999999999995
      vertex -5.95 0.06 4.6
      vertex -5.95 0.275 4.4799999999999995
    endloop
  endfacet
  facet normal 0 -1 0
    outer loop
      vertex -6.05 0.275 4.4799999999999995
      vertex -5.95 0.275 4.4799999999999995
      vertex -5.95 0.275 4.6
    endloop
  endfacet
  facet normal -1 0 0
    outer loop
      vertex -5.95 0.275 4.4799999999999995
      vertex -5.95 0.06 4.6
      vertex -5.95 0.275 4.6
    endloop
  endfacet
  facet normal 0 1 0
    outer loop
      vertex -5.05 -0.275 4.4799999999999995
      vertex -5.05 -0.275 4.6
      vertex -4.95 -0.275 4.4799999999999995
    endloop
  endfacet
  facet normal 0 0 1
    outer loop
      vertex -5.05 -0.275 4.4799999999999995
      vertex -4.95 -0.275 4.4799999999999995
      vertex -5.010909090909091 -0.06 4.4799999999999995
    endloop
  endfacet
  facet normal -1 0 0
    outer loop
      vertex -4.95 -0.275 4.4799999999999995
      vertex -4.95 -0.275 4.6
      vertex -4.95 -0.06 4.4799999999999995
    endloop
  endfacet
  facet normal 1 0 0
    outer loop
      vertex -5.05 -0.275 4.4799999999999995
      vertex -5.05 -0.06 4.6
      vertex -5.05 -0.275 4.6
    endloop
  endfacet
  facet normal 0 1 0
    outer loop
      vertex -4.95 -0.275 4.4799999999999995
      vertex -5.05 -0.275 4.6
      vertex -4.95 -0.275 4.6
    endloop
  endfacet
  facet normal 0 0 1
    outer loop
      vertex -5.05 -0.275 4.4799999999999995
      vertex -5.010909090909091 -0.06 4.4799999999999995
      vertex -5.05 -0.06 4.4799999999999995
    endloop
  endfacet
  facet normal 1 0 0
    outer loop
      vertex -5.05 -0.275 4.4799999999999995
      vertex -5.05 -0.06 4.4799999999999995
      vertex -5.05 -0.06 4.6
    endloop
  endfacet
  facet normal 0 0 1
    outer loop
      vertex -4.95 -0.275 4.4799999999999995
      vertex -4.95 -0.06 4.4799999999999995
      vertex -5.010909090909091 -0.06 4.4799999999999995
    endloop
  endfacet
  facet normal -1 0 0
    outer loop
      vertex -4.95 -0.06 4.4799999999999995
      vertex -4.95 -0.275 4.6
      vertex -4.95 -0.06 4.6
    endloop
  endfacet
  facet normal 0 0 1
    outer loop
      vertex -5.05 0.06 4.4799999999999995
      vertex -4.989090909090909 0.06 4.4799999999999995
      vertex -5.05 0.275 4.4799999999999995
    endloop
  endfacet
  facet normal 0 0 1
    outer loop
      vertex -5.004392704695382 -0.02415987582460226 4.4799999999999995
      vertex -4.95 0.06 4.4799999999999995
      vertex -4.989090909090909 0.06 4.4799999999999995
    endloop
  endfacet
  facet normal 0 0 1
    outer loop
      vertex -4.989090909090909 0.06 4.4799999999999995
      vertex -4.95 0.06 4.4799999999999995
      vertex -4.95 0.275 4.4799999999999995
    endloop
  endfacet
  facet normal -1 0 0
    outer loop
      vertex -4.95 0.06 4.4799999999999995
      vertex -4.95 0.06 4.6
      vertex -4.95 0.275 4.4799999999999995
    endloop
  endfacet
  facet normal 1 0 0
    outer loop
      vertex -5.05 0.06 4.4799999999999995
      vertex -5.05 0.275 4.6
      vertex -5.05 0.06 4.6
    endloop
  endfacet
  facet normal 0 0 1
    outer loop
      vertex -4.989090909090909 0.06 4.4799999999999995
      vertex -4.95 0.275 4.4799999999999995
      vertex -5.05 0.275 4.4799999999999995
    endloop
  endfacet
  facet normal 1 0 0
    outer loop
      vertex -5.05 0.06 4.4799999999999995
      vertex -5.05 0.275 4.4799999999999995
      vertex -5.05 0.275 4.6
    endloop
  endfacet
  facet normal 0 -1 0
    outer loop
      vertex -5.05 0.275 4.4799999999999995
      vertex -4.95 0.275 4.4799999999999995
      vertex -4.95 0.275 4.6
    endloop
  endfacet
  facet normal 0 -1 0
    outer loop
      vertex -5.05 0.275 4.4799999999999995
      vertex -4.95 0.275 4.6
      vertex -5.05 0.275 4.6
    endloop
  endfacet
  facet normal -1 0 0
    outer loop
      vertex -4.95 0.275 4.4799999999999995
      vertex -4.95 0.06 4.6
      vertex -4.95 0.275 4.6
    endloop
  endfacet
  facet normal 0 1 0
    outer loop
      vertex -4.05 -0.275 4.4799999999999995
      vertex -4.05 -0.275 4.6
      vertex -3.95 -0.275 4.4799999999999995
    endloop
  endfacet
  facet normal 0 0 1
    outer loop
      vertex -4.05 -0.275 4.4799999999999995
      vertex -3.95 -0.275 4.4799999999999995
      vertex -4.010909090909091 -0.06 4.4799999999999995
    endloop
  endfacet
  facet normal 1 0 0
    outer loop
      vertex -4.05 -0.275 4.4799999999999995
      vertex -4.05 -0.06 4.6
      vertex -4.05 -0.275 4.6
    endloop
  endfacet
  facet normal 0 0 1
    outer loop
      vertex -4.05 -0.275 4.4799999999999995
      vertex -4.010909090909091 -0.06 4.4799999999999995
      vertex -4.05 -0.06 4.4799999999999995
    endloop
  endfacet
  facet normal 1 0 0
    outer loop
      vertex -4.05 -0.275 4.4799999999999995
      vertex -4.05 -0.06 4.4799999999999995
      vertex -4.05 -0.06 4.6
    endloop
  endfacet
  facet normal -1 0 0
    outer loop
      vertex -3.95 -0.275 4.4799999999999995
      vertex -3.95 -0.275 4.6
      vertex -3.95 -0.06 4.4799999999999995
    endloop
  endfacet
  facet normal 0 1 0
    outer loop
      vertex -3.95 -0.275 4.4799999999999995
      vertex -4.05 -0.275 4.6
      vertex -3.95 -0.275 4.6
    endloop
  endfacet
  facet normal 0 0 1
    outer loop
      vertex -4.010909090909091 -0.06 4.4799999999999995
      vertex -3.95 -0.275 4.4799999999999995
      vertex -3.95 -0.06 4.4799999999999995
    endloop
  endfacet
  facet normal -1 0 0
    outer loop
      vertex -3.95 -0.06 4.4799999999999995
      vertex -3.95 -0.275 4.6
      vertex -3.95 -0.06 4.6
    endloop
  endfacet
  facet normal 0 0 1
    outer loop
      vertex -4.05 0.06 4.4799999999999995
      vertex -3.9890909090909092 0.06 4.4799999999999995
      vertex -4.05 0.275 4.4799999999999995
    endloop
  endfacet
  facet normal 1 0 0
    outer loop
      vertex -4.05 0.06 4.4799999999999995
      vertex -4.05 0.275 4.6
      vertex -4.05 0.06 4.6
    endloop
  endfacet
  facet normal 0 0 1
    outer loop
      vertex -4.05 0.275 4.4799999999999995
      vertex -3.9890909090909092 0.06 4.4799999999999995
      vertex -3.95 0.275 4.4799999999999995
    endloop
  endfacet
  facet normal 1 0 0
    outer loop
      vertex -4.05 0.06 4.4799999999999995
      vertex -4.05 0.275 4.4799999999999995
      vertex -4.05 0.275 4.6
    endloop
  endfacet
  facet normal 0 -1 0
    outer loop
      vertex -4.05 0.275 4.4799999999999995
      vertex -3.95 0.275 4.6
      vertex -4.05 0.275 4.6
    endloop
  endfacet
  facet normal 0 0 1
    outer loop
      vertex -4.001288319751649 -0.007085758634070631 4.4799999999999995
      vertex -3.95 0.06 4.4799999999999995
      vertex -3.9890909090909092 0.06 4.4799999999999995
    endloop
  endfacet
  facet normal 0 0 1
    outer loop
      vertex -3.9890909090909092 0.06 4.4799999999999995
      vertex -3.95 0.06 4.4799999999999995
      vertex -3.95 0.275 4.4799999999999995
    endloop
  endfacet
  facet normal -1 0 0
    outer loop
      vertex -3.95 0.06 4.4799999999999995
      vertex -3.95 0.06 4.6
      vertex -3.95 0.275 4.4799999999999995
    endloop
  endfacet
  facet normal 0 -1 0
    outer loop
      vertex -4.05 0.275 4.4799999999999995
      vertex -3.95 0.275 4.4799999999999995
      vertex -3.95 0.275 4.6
    endloop
  endfacet
  facet normal -1 0 0
    outer loop
      vertex -3.95 0.275 4.4799999999999995
      vertex -3.95 0.06 4.6
      vertex -3.95 0.275 4.6
    endloop
  endfacet
  facet normal 0 1 0
    outer loop
      vertex -3.05 -0.275 4.4799999999999995
      vertex -3.05 -0.275 4.6
      vertex -2.95 -0.275 4.4799999999999995
    endloop
  endfacet
  facet normal 0 0 1
    outer loop
      vertex -3.05 -0.275 4.4799999999999995
      vertex -2.95 -0.275 4.4799999999999995
      vertex -3.0109090909090908 -0.06 4.4799999999999995
    endloop
  endfacet
  facet normal -1 0 0
    outer loop
      vertex -2.95 -0.275 4.4799999999999995
      vertex -2.95 -0.275 4.6
      vertex -2.95 -0.06 4.4799999999999995
    endloop
  endfacet
  facet normal 1 0 0
    outer loop
      vertex -3.05 -0.275 4.4799999999999995
      vertex -3.05 -0.06 4.6
      vertex -3.05 -0.275 4.6
    endloop
  endfacet
  facet normal 0 1 0
    outer loop
      vertex -2.95 -0.275 4.4799999999999995
      vertex -3.05 -0.275 4.6
      vertex -2.95 -0.275 4.6
    endloop
  endfacet
  facet normal 0 0 1
    outer loop
      vertex -3.05 -0.275 4.4799999999999995
      vertex -3.0109090909090908 -0.06 4.4799999999999995
      vertex -3.05 -0.06 4.4799999999999995
    endloop
  endfacet
  facet normal 1 0 0
    outer loop
      vertex -3.05 -0.275 4.4799999999999995
      vertex -3.05 -0.06 4.4799999999999995
      vertex -3.05 -0.06 4.6
    endloop
  endfacet
  facet normal 0 0 1
    outer loop
      vertex -2.95 -0.275 4.4799999999999995
      vertex -2.95 -0.06 4.4799999999999995
      vertex -3.0109090909090908 -0.06 4.4799999999999995
    endloop
  endfacet
  facet normal -1 0 0
    outer loop
      vertex -2.95 -0.06 4.4799999999999995
      vertex -2.95 -0.275 4.6
      vertex -2.95 -0.06 4.6
    endloop
  endfacet
  facet normal 0 0 1
    outer loop
      vertex -3.05 0.06 4.4799999999999995
      vertex -2.9890909090909092 0.06 4.4799999999999995
      vertex -3.05 0.275 4.4799999999999995
    endloop
  endfacet
  facet normal 0 0 1
    outer loop
      vertex -2.998183934807916 0.009988358556460998 4.4799999999999995
      vertex -2.95 0.06 4.4799999999999995
      vertex -2.9890909090909092 0.06 4.4799999999999995
    endloop
  endfacet
  facet normal 0 0 1
    outer loop
      vertex -2.9890909090909092 0.06 4.4799999999999995
      vertex -2.95 0.06 4.4799999999999995
      vertex -2.95 0.275 4.4799999999999995
    endloop
  endfacet
  facet normal -1 0 0
    outer loop
      vertex -2.95 0.06 4.4799999999999995
      vertex -2.95 0.06 4.6
      vertex -2.95 0.275 4.4799999999999995
    endloop
  endfacet
  facet normal 1 0 0
    outer loop
      vertex -3.05 0.06 4.4799999999999995
      vertex -3.05 0.275 4.6
      vertex -3.05 0.06 4.6
    endloop
  endfacet
  facet normal 0 0 1
    outer loop
      vertex -2.9890909090909092 0.06 4.4799999999999995
      vertex -2.95 0.275 4.4799999999999995
      vertex -3.05 0.275 4.4799999999999995
    endloop
  endfacet
  facet normal 1 0 0
    outer loop
      vertex -3.05 0.06 4.4799999999999995
      vertex -3.05 0.275 4.4799999999999995
      vertex -3.05 0.275 4.6
    endloop
  endfacet
  facet normal 0 -1 0
    outer loop
      vertex -3.05 0.275 4.4799999999999995
      vertex -2.95 0.275 4.4799999999999995
      vertex -2.95 0.275 4.6
    endloop
  endfacet
  facet normal 0 -1 0
    outer loop
      vertex -3.05 0.275 4.4799999999999995
      vertex -2.95 0.275 4.6
      vertex -3.05 0.275 4.6
    endloop
  endfacet
  facet normal -1 0 0
    outer loop
      vertex -2.95 0.275 4.4799999999999995
      vertex -2.95 0.06 4.6
      vertex -2.95 0.275 4.6
    endloop
  endfacet
  facet normal 0 1 0
    outer loop
      vertex -2.05 -0.275 4.4799999999999995
      vertex -2.05 -0.275 4.6
      vertex -1.95 -0.275 4.4799999999999995
    endloop
  endfacet
  facet normal 0 0 1
    outer loop
      vertex -2.05 -0.275 4.4799999999999995
      vertex -1.95 -0.275 4.4799999999999995
      vertex -2.0109090909090908 -0.06 4.4799999999999995
    endloop
  endfacet
  facet normal 1 0 0
    outer loop
      vertex -2.05 -0.275 4.4799999999999995
      vertex -2.05 -0.06 4.6
      vertex -2.05 -0.275 4.6
    endloop
  endfacet
  facet normal 0 0 1
    outer loop
      vertex -2.05 -0.275 4.4799999999999995
      vertex -2.0109090909090908 -0.06 4.4799999999999995
      vertex -2.05 -0.06 4.4799999999999995
    endloop
  endfacet
  facet normal 1 0 0
    outer loop
      vertex -2.05 -0.275 4.4799999999999995
      vertex -2.05 -0.06 4.4799999999999995
      vertex -2.05 -0.06 4.6
    endloop
  endfacet
  facet normal -1 0 0
    outer loop
      vertex -1.95 -0.275 4.4799999999999995
      vertex -1.95 -0.275 4.6
      vertex -1.95 -0.06 4.4799999999999995
    endloop
  endfacet
  facet normal 0 1 0
    outer loop
      vertex -1.95 -0.275 4.4799999999999995
      vertex -2.05 -0.275 4.6
      vertex -1.95 -0.275 4.6
    endloop
  endfacet
  facet normal 0 0 1
    outer loop
      vertex -2.0109090909090908 -0.06 4.4799999999999995
      vertex -1.95 -0.275 4.4799999999999995
      vertex -1.95 -0.06 4.4799999999999995
    endloop
  endfacet
  facet normal -1 0 0
    outer loop
      vertex -1.95 -0.06 4.4799999999999995
      vertex -1.95 -0.275 4.6
      vertex -1.95 -0.06 4.6
    endloop
  endfacet
  facet normal 0 0 1
    outer loop
      vertex -2.05 0.06 4.4799999999999995
      vertex -1.989090909090909 0.06 4.4799999999999995
      vertex -2.05 0.275 4.4799999999999995
    endloop
  endfacet
  facet normal 1 0 0
    outer loop
      vertex -2.05 0.06 4.4799999999999995
      vertex -2.05 0.275 4.6
      vertex -2.05 0.06 4.6
    endloop
  endfacet
  facet normal 1 0 0
    outer loop
      vertex -2.05 0.06 4.4799999999999995
      vertex -2.05 0.275 4.4799999999999995
      vertex -2.05 0.275 4.6
    endloop
  endfacet
  facet normal 0 -1 0
    outer loop
      vertex -2.05 0.275 4.4799999999999995
      vertex -1.95 0.275 4.6
      vertex -2.05 0.275 4.6
    endloop
  endfacet
  facet normal 0 0 1
    outer loop
      vertex -1.9950795498641831 0.027062475746992627 4.4799999999999995
      vertex -1.95 0.06 4.4799999999999995
      vertex -1.989090909090909 0.06 4.4799999999999995
    endloop
  endfacet
  facet normal 0 0 1
    outer loop
      vertex -1.989090909090909 0.06 4.4799999999999995
      vertex -1.95 0.06 4.4799999999999995
      vertex -1.95 0.275 4.4799999999999995
    endloop
  endfacet
  facet normal -1 0 0
    outer loop
      vertex -1.95 0.06 4.4799999999999995
      vertex -1.95 0.06 4.6
      vertex -1.95 0.275 4.4799999999999995
    endloop
  endfacet
  facet normal 0 0 1
    outer loop
      vertex -2.05 0.275 4.4799999999999995
      vertex -1.989090909090909 0.06 4.4799999999999995
      vertex -1.95 0.275 4.4799999999999995
    endloop
  endfacet
  facet normal 0 -1 0
    outer loop
      vertex -2.05 0.275 4.4799999999999995
      vertex -1.95 0.275 4.4799999999999995
      vertex -1.95 0.275 4.6
    endloop
  endfacet
  facet normal -1 0 0
    outer loop
      vertex -1.95 0.275 4.4799999999999995
      vertex -1.95 0.06 4.6
      vertex -1.95 0.275 4.6
    endloop
  endfacet
  facet normal 0 1 0
    outer loop
      vertex -1.05 -0.275 4.4799999999999995
      vertex -1.05 -0.275 4.6
      vertex -0.95 -0.275 4.4799999999999995
    endloop
  endfacet
  facet normal 0 0 1
    outer loop
      vertex -1.05 -0.275 4.4799999999999995
      vertex -0.95 -0.275 4.4799999999999995
      vertex -1.010909090909091 -0.06 4.4799999999999995
    endloop
  endfacet
  facet normal -1 0 0
    outer loop
      vertex -0.95 -0.275 4.4799999999999995
      vertex -0.95 -0.275 4.6
      vertex -0.95 -0.06 4.4799999999999995
    endloop
  endfacet
  facet normal 1 0 0
    outer loop
      vertex -1.05 -0.275 4.4799999999999995
      vertex -1.05 -0.06 4.6
      vertex -1.05 -0.275 4.6
    endloop
  endfacet
  facet normal 0 1 0
    outer loop
      vertex -0.95 -0.275 4.4799999999999995
      vertex -1.05 -0.275 4.6
      vertex -0.95 -0.275 4.6
    endloop
  endfacet
  facet normal 0 0 1
    outer loop
      vertex -1.05 -0.275 4.4799999999999995
      vertex -1.010909090909091 -0.06 4.4799999999999995
      vertex -1.05 -0.06 4.4799999999999995
    endloop
  endfacet
  facet normal 1 0 0
    outer loop
      vertex -1.05 -0.275 4.4799999999999995
      vertex -1.05 -0.06 4.4799999999999995
      vertex -1.05 -0.06 4.6
    endloop
  endfacet
  facet normal 0 0 1
    outer loop
      vertex -0.95 -0.275 4.4799999999999995
      vertex -0.95 -0.06 4.4799999999999995
      vertex -1.010909090909091 -0.06 4.4799999999999995
    endloop
  endfacet
  facet normal -1 0 0
    outer loop
      vertex -0.95 -0.06 4.4799999999999995
      vertex -0.95 -0.275 4.6
      vertex -0.95 -0.06 4.6
    endloop
  endfacet
  facet normal 0 0 1
    outer loop
      vertex -1.05 0.06 4.4799999999999995
      vertex -0.9890909090909091 0.06 4.4799999999999995
      vertex -1.05 0.275 4.4799999999999995
    endloop
  endfacet
  facet normal 0 0 1
    outer loop
      vertex -0.9919751649204501 0.04413659293752425 4.4799999999999995
      vertex -0.95 0.06 4.4799999999999995
      vertex -0.9890909090909091 0.06 4.4799999999999995
    endloop
  endfacet
  facet normal 0 0 1
    outer loop
      vertex -0.9890909090909091 0.06 4.4799999999999995
      vertex -0.95 0.06 4.4799999999999995
      vertex -0.95 0.275 4.4799999999999995
    endloop
  endfacet
  facet normal -1 0 0
    outer loop
      vertex -0.95 0.06 4.4799999999999995
      vertex -0.95 0.06 4.6
      vertex -0.95 0.275 4.4799999999999995
    endloop
  endfacet
  facet normal 1 0 0
    outer loop
      vertex -1.05 0.06 4.4799999999999995
      vertex -1.05 0.275 4.6
      vertex -1.05 0.06 4.6
    endloop
  endfacet
  facet normal 1 0 0
    outer loop
      vertex -1.05 0.06 4.4799999999999995
      vertex -1.05 0.275 4.4799999999999995
      vertex -1.05 0.275 4.6
    endloop
  endfacet
  facet normal 0 0 1
    outer loop
      vertex -0.9890909090909091 0.06 4.4799999999999995
      vertex -0.95 0.275 4.4799999999999995
      vertex -1.05 0.275 4.4799999999999995
    endloop
  endfacet
  facet normal 0 -1 0
    outer loop
      vertex -1.05 0.275 4.4799999999999995
      vertex -0.95 0.275 4.4799999999999995
      vertex -0.95 0.275 4.6
    endloop
  endfacet
  facet normal 0 -1 0
    outer loop
      vertex -1.05 0.275 4.4799999999999995
      vertex -0.95 0.275 4.6
      vertex -1.05 0.275 4.6
    endloop
  endfacet
  facet normal -1 0 0
    outer loop
      vertex -0.95 0.275 4.4799999999999995
      vertex -0.95 0.06 4.6
      vertex -0.95 0.275 4.6
    endloop
  endfacet
  facet normal 0 1 0
    outer loop
      vertex 0.95 -0.275 4.4799999999999995
      vertex 0.95 -0.275 4.6
      vertex 1.05 -0.275 4.4799999999999995
    endloop
  endfacet
  facet normal 0 0 1
    outer loop
      vertex 0.95 -0.275 4.4799999999999995
      vertex 1.05 -0.275 4.4799999999999995
      vertex 1.05 -0.06 4.4799999999999995
    endloop
  endfacet
  facet normal -1 0 0
    outer loop
      vertex 1.05 -0.275 4.4799999999999995
      vertex 1.05 -0.275 4.6
      vertex 1.05 -0.06 4.4799999999999995
    endloop
  endfacet
  facet normal 1 0 0
    outer loop
      vertex 0.95 -0.275 4.4799999999999995
      vertex 0.95 -0.06 4.6
      vertex 0.95 -0.275 4.6
    endloop
  endfacet
  facet normal 0 1 0
    outer loop
      vertex 1.05 -0.275 4.4799999999999995
      vertex 0.95 -0.275 4.6
      vertex 1.05 -0.275 4.6
    endloop
  endfacet
  facet normal 0 0 1
    outer loop
      vertex 0.95 -0.275 4.4799999999999995
      vertex 0.9890909090909091 -0.06 4.4799999999999995
      vertex 0.95 -0.06 4.4799999999999995
    endloop
  endfacet
  facet normal 0 0 1
    outer loop
      vertex 0.95 -0.275 4.4799999999999995
      vertex 1.05 -0.06 4.4799999999999995
      vertex 0.9890909090909091 -0.06 4.4799999999999995
    endloop
  endfacet
  facet normal 1 0 0
    outer loop
      vertex 0.95 -0.275 4.4799999999999995
      vertex 0.95 -0.06 4.4799999999999995
      vertex 0.95 -0.06 4.6
    endloop
  endfacet
  facet normal 0 0 1
    outer loop
      vertex 0.9890909090909091 -0.06 4.4799999999999995
      vertex 1.05 -0.06 4.4799999999999995
      vertex 0.9919751649204501 -0.04413659293752425 4.4799999999999995
    endloop
  endfacet
  facet normal -1 0 0
    outer loop
      vertex 1.05 -0.06 4.4799999999999995
      vertex 1.05 -0.275 4.6
      vertex 1.05 -0.06 4.6
    endloop
  endfacet
  facet normal 0 0 1
    outer loop
      vertex 0.95 0.06 4.4799999999999995
      vertex 1.010909090909091 0.06 4.4799999999999995
      vertex 0.95 0.275 4.4799999999999995
    endloop
  endfacet
  facet normal 0 0 1
    outer loop
      vertex 1.0015366884364196 0.008451786400307339 4.4799999999999995
      vertex 1.05 0.06 4.4799999999999995
      vertex 1.010909090909091 0.06 4.4799999999999995
    endloop
  endfacet
  facet normal 0 0 1
    outer loop
      vertex 1.010909090909091 0.06 4.4799999999999995
      vertex 1.05 0.06 4.4799999999999995
      vertex 1.05 0.275 4.4799999999999995
    endloop
  endfacet
  facet normal -1 0 0
    outer loop
      vertex 1.05 0.06 4.4799999999999995
      vertex 1.05 0.06 4.6
      vertex 1.05 0.275 4.4799999999999995
    endloop
  endfacet
  facet normal 1 0 0
    outer loop
      vertex 0.95 0.06 4.4799999999999995
      vertex 0.95 0.275 4.6
      vertex 0.95 0.06 4.6
    endloop
  endfacet
  facet normal 1 0 0
    outer loop
      vertex 0.95 0.06 4.4799999999999995
      vertex 0.95 0.275 4.4799999999999995
      vertex 0.95 0.275 4.6
    endloop
  endfacet
  facet normal 0 0 1
    outer loop
      vertex 1.010909090909091 0.06 4.4799999999999995
      vertex 1.05 0.275 4.4799999999999995
      vertex 0.95 0.275 4.4799999999999995
    endloop
  endfacet
  facet normal 0 -1 0
    outer loop
      vertex 0.95 0.275 4.4799999999999995
      vertex 1.05 0.275 4.4799999999999995
      vertex 1.05 0.275 4.6
    endloop
  endfacet
  facet normal 0 -1 0
    outer loop
      vertex 0.95 0.275 4.4799999999999995
      vertex 1.05 0.275 4.6
      vertex 0.95 0.275 4.6
    endloop
  endfacet
  facet normal -1 0 0
    outer loop
      vertex 1.05 0.275 4.4799999999999995
      vertex 1.05 0.06 4.6
      vertex 1.05 0.275 4.6
    endloop
  endfacet
  facet normal 0 1 0
    outer loop
      vertex 1.95 -0.275 4.4799999999999995
      vertex 1.95 -0.275 4.6
      vertex 2.05 -0.275 4.4799999999999995
    endloop
  endfacet
  facet normal 1 0 0
    outer loop
      vertex 1.95 -0.275 4.4799999999999995
      vertex 1.95 -0.06 4.6
      vertex 1.95 -0.275 4.6
    endloop
  endfacet
  facet normal 0 0 1
    outer loop
      vertex 1.95 -0.275 4.4799999999999995
      vertex 1.989090909090909 -0.06 4.4799999999999995
      vertex 1.95 -0.06 4.4799999999999995
    endloop
  endfacet
  facet normal 0 0 1
    outer loop
      vertex 1.95 -0.275 4.4799999999999995
      vertex 2.05 -0.06 4.4799999999999995
      vertex 1.989090909090909 -0.06 4.4799999999999995
    endloop
  endfacet
  facet normal 1 0 0
    outer loop
      vertex 1.95 -0.275 4.4799999999999995
      vertex 1.95 -0.06 4.4799999999999995
      vertex 1.95 -0.06 4.6
    endloop
  endfacet
  facet normal 0 0 1
    outer loop
      vertex 1.95 -0.275 4.4799999999999995
      vertex 2.05 -0.275 4.4799999999999995
      vertex 2.05 -0.06 4.4799999999999995
    endloop
  endfacet
  facet normal -1 0 0
    outer loop
      vertex 2.05 -0.275 4.4799999999999995
      vertex 2.05 -0.275 4.6
      vertex 2.05 -0.06 4.4799999999999995
    endloop
  endfacet
  facet normal 0 1 0
    outer loop
      vertex 2.05 -0.275 4.4799999999999995
      vertex 1.95 -0.275 4.6
      vertex 2.05 -0.275 4.6
    endloop
  endfacet
  facet normal 0 0 1
    outer loop
      vertex 1.989090909090909 -0.06 4.4799999999999995
      vertex 2.05 -0.06 4.4799999999999995
      vertex 1.9950795498641831 -0.027062475746992627 4.4799999999999995
    endloop
  endfacet
  facet normal -1 0 0
    outer loop
      vertex 2.05 -0.06 4.4799999999999995
      vertex 2.05 -0.275 4.6
      vertex 2.05 -0.06 4.6
    endloop
  endfacet
  facet normal 0 0 1
    outer loop
      vertex 1.95 0.06 4.4799999999999995
      vertex 2.0109090909090908 0.06 4.4799999999999995
      vertex 1.95 0.275 4.4799999999999995
    endloop
  endfacet
  facet normal 1 0 0
    outer loop
      vertex 1.95 0.06 4.4799999999999995
      vertex 1.95 0.275 4.6
      vertex 1.95 0.06 4.6
    endloop
  endfacet
  facet normal 1 0 0
    outer loop
      vertex 1.95 0.06 4.4799999999999995
      vertex 1.95 0.275 4.4799999999999995
      vertex 1.95 0.275 4.6
    endloop
  endfacet
  facet normal 0 -1 0
    outer loop
      vertex 1.95 0.275 4.4799999999999995
      vertex 2.05 0.275 4.6
      vertex 1.95 0.275 4.6
    endloop
  endfacet
  facet normal 0 0 1
    outer loop
      vertex 2.003073376872839 0.016903572800614677 4.4799999999999995
      vertex 2.05 0.06 4.4799999999999995
      vertex 2.0109090909090908 0.06 4.4799999999999995
    endloop
  endfacet
  facet normal 0 0 1
    outer loop
      vertex 2.0109090909090908 0.06 4.4799999999999995
      vertex 2.05 0.06 4.4799999999999995
      vertex 2.05 0.275 4.4799999999999995
    endloop
  endfacet
  facet normal -1 0 0
    outer loop
      vertex 2.05 0.06 4.4799999999999995
      vertex 2.05 0.06 4.6
      vertex 2.05 0.275 4.4799999999999995
    endloop
  endfacet
  facet normal 0 0 1
    outer loop
      vertex 1.95 0.275 4.4799999999999995
      vertex 2.0109090909090908 0.06 4.4799999999999995
      vertex 2.05 0.275 4.4799999999999995
    endloop
  endfacet
  facet normal 0 -1 0
    outer loop
      vertex 1.95 0.275 4.4799999999999995
      vertex 2.05 0.275 4.4799999999999995
      vertex 2.05 0.275 4.6
    endloop
  endfacet
  facet normal -1 0 0
    outer loop
      vertex 2.05 0.275 4.4799999999999995
      vertex 2.05 0.06 4.6
      vertex 2.05 0.275 4.6
    endloop
  endfacet
  facet normal 0 1 0
    outer loop
      vertex 2.95 -0.275 4.4799999999999995
      vertex 2.95 -0.275 4.6
      vertex 3.05 -0.275 4.4799999999999995
    endloop
  endfacet
  facet normal 0 0 1
    outer loop
      vertex 2.95 -0.275 4.4799999999999995
      vertex 3.05 -0.275 4.4799999999999995
      vertex 3.05 -0.06 4.4799999999999995
    endloop
  endfacet
  facet normal -1 0 0
    outer loop
      vertex 3.05 -0.275 4.4799999999999995
      vertex 3.05 -0.275 4.6
      vertex 3.05 -0.06 4.4799999999999995
    endloop
  endfacet
  facet normal 1 0 0
    outer loop
      vertex 2.95 -0.275 4.4799999999999995
      vertex 2.95 -0.06 4.6
      vertex 2.95 -0.275 4.6
    endloop
  endfacet
  facet normal 0 1 0
    outer loop
      vertex 3.05 -0.275 4.4799999999999995
      vertex 2.95 -0.275 4.6
      vertex 3.05 -0.275 4.6
    endloop
  endfacet
  facet normal 0 0 1
    outer loop
      vertex 2.95 -0.275 4.4799999999999995
      vertex 2.9890909090909092 -0.06 4.4799999999999995
      vertex 2.95 -0.06 4.4799999999999995
    endloop
  endfacet
  facet normal 1 0 0
    outer loop
      vertex 2.95 -0.275 4.4799999999999995
      vertex 2.95 -0.06 4.4799999999999995
      vertex 2.95 -0.06 4.6
    endloop
  endfacet
  facet normal 0 0 1
    outer loop
      vertex 2.95 -0.275 4.4799999999999995
      vertex 3.05 -0.06 4.4799999999999995
      vertex 2.9890909090909092 -0.06 4.4799999999999995
    endloop
  endfacet
  facet normal 0 0 1
    outer loop
      vertex 2.9890909090909092 -0.06 4.4799999999999995
      vertex 3.05 -0.06 4.4799999999999995
      vertex 2.998183934807916 -0.009988358556460998 4.4799999999999995
    endloop
  endfacet
  facet normal -1 0 0
    outer loop
      vertex 3.05 -0.06 4.4799999999999995
      vertex 3.05 -0.275 4.6
      vertex 3.05 -0.06 4.6
    endloop
  endfacet
  facet normal 0 0 1
    outer loop
      vertex 2.95 0.06 4.4799999999999995
      vertex 3.0109090909090908 0.06 4.4799999999999995
      vertex 2.95 0.275 4.4799999999999995
    endloop
  endfacet
  facet normal 0 0 1
    outer loop
      vertex 3.0046100653092584 0.025355359200922013 4.4799999999999995
      vertex 3.05 0.06 4.4799999999999995
      vertex 3.0109090909090908 0.06 4.4799999999999995
    endloop
  endfacet
  facet normal 0 0 1
    outer loop
      vertex 3.0109090909090908 0.06 4.4799999999999995
      vertex 3.05 0.06 4.4799999999999995
      vertex 3.05 0.275 4.4799999999999995
    endloop
  endfacet
  facet normal -1 0 0
    outer loop
      vertex 3.05 0.06 4.4799999999999995
      vertex 3.05 0.06 4.6
      vertex 3.05 0.275 4.4799999999999995
    endloop
  endfacet
  facet normal 1 0 0
    outer loop
      vertex 2.95 0.06 4.4799999999999995
      vertex 2.95 0.275 4.6
      vertex 2.95 0.06 4.6
    endloop
  endfacet
  facet normal 1 0 0
    outer loop
      vertex 2.95 0.06 4.4799999999999995
      vertex 2.95 0.275 4.4799999999999995
      vertex 2.95 0.275 4.6
    endloop
  endfacet
  facet normal 0 0 1
    outer loop
      vertex 3.0109090909090908 0.06 4.4799999999999995
      vertex 3.05 0.275 4.4799999999999995
      vertex 2.95 0.275 4.4799999999999995
    endloop
  endfacet
  facet normal 0 -1 0
    outer loop
      vertex 2.95 0.275 4.4799999999999995
      vertex 3.05 0.275 4.4799999999999995
      vertex 3.05 0.275 4.6
    endloop
  endfacet
  facet normal 0 -1 0
    outer loop
      vertex 2.95 0.275 4.4799999999999995
      vertex 3.05 0.275 4.6
      vertex 2.95 0.275 4.6
    endloop
  endfacet
  facet normal -1 0 0
    outer loop
      vertex 3.05 0.275 4.4799999999999995
      vertex 3.05 0.06 4.6
      vertex 3.05 0.275 4.6
    endloop
  endfacet
  facet normal 0 1 0
    outer loop
      vertex 3.95 -0.275 4.4799999999999995
      vertex 3.95 -0.275 4.6
      vertex 4.05 -0.275 4.4799999999999995
    endloop
  endfacet
  facet normal 1 0 0
    outer loop
      vertex 3.95 -0.275 4.4799999999999995
      vertex 3.95 -0.06 4.6
      vertex 3.95 -0.275 4.6
    endloop
  endfacet
  facet normal 0 0 1
    outer loop
      vertex 3.95 -0.275 4.4799999999999995
      vertex 3.9890909090909092 -0.06 4.4799999999999995
      vertex 3.95 -0.06 4.4799999999999995
    endloop
  endfacet
  facet normal 1 0 0
    outer loop
      vertex 3.95 -0.275 4.4799999999999995
      vertex 3.95 -0.06 4.4799999999999995
      vertex 3.95 -0.06 4.6
    endloop
  endfacet
  facet normal 0 0 1
    outer loop
      vertex 3.95 -0.275 4.4799999999999995
      vertex 4.05 -0.275 4.4799999999999995
      vertex 4.05 -0.06 4.4799999999999995
    endloop
  endfacet
  facet normal -1 0 0
    outer loop
      vertex 4.05 -0.275 4.4799999999999995
      vertex 4.05 -0.275 4.6
      vertex 4.05 -0.06 4.4799999999999995
    endloop
  endfacet
  facet normal 0 1 0
    outer loop
      vertex 4.05 -0.275 4.4799999999999995
      vertex 3.95 -0.275 4.6
      vertex 4.05 -0.275 4.6
    endloop
  endfacet
  facet normal 0 0 1
    outer loop
      vertex 3.95 -0.275 4.4799999999999995
      vertex 4.05 -0.06 4.4799999999999995
      vertex 3.9890909090909092 -0.06 4.4799999999999995
    endloop
  endfacet
  facet normal 0 0 1
    outer loop
      vertex 3.9890909090909092 -0.06 4.4799999999999995
      vertex 4.05 -0.06 4.4799999999999995
      vertex 4.001288319751649 0.007085758634070631 4.4799999999999995
    endloop
  endfacet
  facet normal -1 0 0
    outer loop
      vertex 4.05 -0.06 4.4799999999999995
      vertex 4.05 -0.275 4.6
      vertex 4.05 -0.06 4.6
    endloop
  endfacet
  facet normal 0 0 1
    outer loop
      vertex 3.95 0.06 4.4799999999999995
      vertex 4.010909090909091 0.06 4.4799999999999995
      vertex 3.95 0.275 4.4799999999999995
    endloop
  endfacet
  facet normal 1 0 0
    outer loop
      vertex 3.95 0.06 4.4799999999999995
      vertex 3.95 0.275 4.6
      vertex 3.95 0.06 4.6
    endloop
  endfacet
  facet normal 1 0 0
    outer loop
      vertex 3.95 0.06 4.4799999999999995
      vertex 3.95 0.275 4.4799999999999995
      vertex 3.95 0.275 4.6
    endloop
  endfacet
  facet normal 0 -1 0
    outer loop
      vertex 3.95 0.275 4.4799999999999995
      vertex 4.05 0.275 4.6
      vertex 3.95 0.275 4.6
    endloop
  endfacet
  facet normal 0 0 1
    outer loop
      vertex 4.006146753745678 0.033807145601229355 4.4799999999999995
      vertex 4.05 0.06 4.4799999999999995
      vertex 4.010909090909091 0.06 4.4799999999999995
    endloop
  endfacet
  facet normal 0 0 1
    outer loop
      vertex 4.010909090909091 0.06 4.4799999999999995
      vertex 4.05 0.06 4.4799999999999995
      vertex 4.05 0.275 4.4799999999999995
    endloop
  endfacet
  facet normal -1 0 0
    outer loop
      vertex 4.05 0.06 4.4799999999999995
      vertex 4.05 0.06 4.6
      vertex 4.05 0.275 4.4799999999999995
    endloop
  endfacet
  facet normal 0 0 1
    outer loop
      vertex 3.95 0.275 4.4799999999999995
      vertex 4.010909090909091 0.06 4.4799999999999995
      vertex 4.05 0.275 4.4799999999999995
    endloop
  endfacet
  facet normal 0 -1 0
    outer loop
      vertex 3.95 0.275 4.4799999999999995
      vertex 4.05 0.275 4.4799999999999995
      vertex 4.05 0.275 4.6
    endloop
  endfacet
  facet normal -1 0 0
    outer loop
      vertex 4.05 0.275 4.4799999999999995
      vertex 4.05 0.06 4.6
      vertex 4.05 0.275 4.6
    endloop
  endfacet
  facet normal 0 1 0
    outer loop
      vertex 4.95 -0.275 4.4799999999999995
      vertex 4.95 -0.275 4.6
      vertex 5.05 -0.275 4.4799999999999995
    endloop
  endfacet
  facet normal 0 0 1
    outer loop
      vertex 4.95 -0.275 4.4799999999999995
      vertex 5.05 -0.275 4.4799999999999995
      vertex 5.05 -0.06 4.4799999999999995
    endloop
  endfacet
  facet normal -1 0 0
    outer loop
      vertex 5.05 -0.275 4.4799999999999995
      vertex 5.05 -0.275 4.6
      vertex 5.05 -0.06 4.4799999999999995
    endloop
  endfacet
  facet normal 1 0 0
    outer loop
      vertex 4.95 -0.275 4.4799999999999995
      vertex 4.95 -0.06 4.6
      vertex 4.95 -0.275 4.6
    endloop
  endfacet
  facet normal 0 1 0
    outer loop
      vertex 5.05 -0.275 4.4799999999999995
      vertex 4.95 -0.275 4.6
      vertex 5.05 -0.275 4.6
    endloop
  endfacet
  facet normal 0 0 1
    outer loop
      vertex 4.95 -0.275 4.4799999999999995
      vertex 4.989090909090909 -0.06 4.4799999999999995
      vertex 4.95 -0.06 4.4799999999999995
    endloop
  endfacet
  facet normal 1 0 0
    outer loop
      vertex 4.95 -0.275 4.4799999999999995
      vertex 4.95 -0.06 4.4799999999999995
      vertex 4.95 -0.06 4.6
    endloop
  endfacet
  facet normal 0 0 1
    outer loop
      vertex 4.95 -0.275 4.4799999999999995
      vertex 5.05 -0.06 4.4799999999999995
      vertex 4.989090909090909 -0.06 4.4799999999999995
    endloop
  endfacet
  facet normal 0 0 1
    outer loop
      vertex 4.989090909090909 -0.06 4.4799999999999995
      vertex 5.05 -0.06 4.4799999999999995
      vertex 5.004392704695382 0.02415987582460226 4.4799999999999995
    endloop
  endfacet
  facet normal -1 0 0
    outer loop
      vertex 5.05 -0.06 4.4799999999999995
      vertex 5.05 -0.275 4.6
      vertex 5.05 -0.06 4.6
    endloop
  endfacet
  facet normal 0 0 1
    outer loop
      vertex 4.95 0.06 4.4799999999999995
      vertex 5.010909090909091 0.06 4.4799999999999995
      vertex 4.95 0.275 4.4799999999999995
    endloop
  endfacet
  facet normal 0 0 1
    outer loop
      vertex 5.007683442182097 0.042258932001536686 4.4799999999999995
      vertex 5.05 0.06 4.4799999999999995
      vertex 5.010909090909091 0.06 4.4799999999999995
    endloop
  endfacet
  facet normal 0 0 1
    outer loop
      vertex 5.010909090909091 0.06 4.4799999999999995
      vertex 5.05 0.06 4.4799999999999995
      vertex 5.05 0.275 4.4799999999999995
    endloop
  endfacet
  facet normal -1 0 0
    outer loop
      vertex 5.05 0.06 4.4799999999999995
      vertex 5.05 0.06 4.6
      vertex 5.05 0.275 4.4799999999999995
    endloop
  endfacet
  facet normal 1 0 0
    outer loop
      vertex 4.95 0.06 4.4799999999999995
      vertex 4.95 0.275 4.6
      vertex 4.95 0.06 4.6
    endloop
  endfacet
  facet normal 1 0 0
    outer loop
      vertex 4.95 0.06 4.4799999999999995
      vertex 4.95 0.275 4.4799999999999995
      vertex 4.95 0.275 4.6
    endloop
  endfacet
  facet normal 0 0 1
    outer loop
      vertex 5.010909090909091 0.06 4.4799999999999995
      vertex 5.05 0.275 4.4799999999999995
      vertex 4.95 0.275 4.4799999999999995
    endloop
  endfacet
  facet normal 0 -1 0
    outer loop
      vertex 4.95 0.275 4.4799999999999995
      vertex 5.05 0.275 4.4799999999999995
      vertex 5.05 0.275 4.6
    endloop
  endfacet
  facet normal 0 -1 0
    outer loop
      vertex 4.95 0.275 4.4799999999999995
      vertex 5.05 0.275 4.6
      vertex 4.95 0.275 4.6
    endloop
  endfacet
  facet normal -1 0 0
    outer loop
      vertex 5.05 0.275 4.4799999999999995
      vertex 5.05 0.06 4.6
      vertex 5.05 0.275 4.6
    endloop
  endfacet
  facet normal 0 1 0
    outer loop
      vertex 5.95 -0.275 4.4799999999999995
      vertex 5.95 -0.275 4.6
      vertex 6.05 -0.275 4.4799999999999995
    endloop
  endfacet
  facet normal 1 0 0
    outer loop
      vertex 5.95 -0.275 4.4799999999999995
      vertex 5.95 -0.06 4.6
      vertex 5.95 -0.275 4.6
    endloop
  endfacet
  facet normal 0 0 1
    outer loop
      vertex 5.95 -0.275 4.4799999999999995
      vertex 5.989090909090909 -0.06 4.4799999999999995
      vertex 5.95 -0.06 4.4799999999999995
    endloop
  endfacet
  facet normal 1 0 0
    outer loop
      vertex 5.95 -0.275 4.4799999999999995
      vertex 5.95 -0.06 4.4799999999999995
      vertex 5.95 -0.06 4.6
    endloop
  endfacet
  facet normal 0 0 1
    outer loop
      vertex 5.95 -0.275 4.4799999999999995
      vertex 6.05 -0.275 4.4799999999999995
      vertex 6.05 -0.06 4.4799999999999995
    endloop
  endfacet
  facet normal -1 0 0
    outer loop
      vertex 6.05 -0.275 4.4799999999999995
      vertex 6.05 -0.275 4.6
      vertex 6.05 -0.06 4.4799999999999995
    endloop
  endfacet
  facet normal 0 1 0
    outer loop
      vertex 6.05 -0.275 4.4799999999999995
      vertex 5.95 -0.275 4.6
      vertex 6.05 -0.275 4.6
    endloop
  endfacet
  facet normal 0 0 1
    outer loop
      vertex 5.95 -0.275 4.4799999999999995
      vertex 6.05 -0.06 4.4799999999999995
      vertex 5.989090909090909 -0.06 4.4799999999999995
    endloop
  endfacet
  facet normal 0 0 1
    outer loop
      vertex 5.989090909090909 -0.06 4.4799999999999995
      vertex 6.05 -0.06 4.4799999999999995
      vertex 6.0074970896391156 0.041233993015133884 4.4799999999999995
    endloop
  endfacet
  facet normal -1 0 0
    outer loop
      vertex 6.05 -0.06 4.4799999999999995
      vertex 6.05 -0.275 4.6
      vertex 6.05 -0.06 4.6
    endloop
  endfacet
  facet normal 0 0 1
    outer loop
      vertex 5.95 0.06 4.4799999999999995
      vertex 6.010909090909091 0.06 4.4799999999999995
      vertex 5.95 0.275 4.4799999999999995
    endloop
  endfacet
  facet normal 1 0 0
    outer loop
      vertex 5.95 0.06 4.4799999999999995
      vertex 5.95 0.275 4.6
      vertex 5.95 0.06 4.6
    endloop
  endfacet
  facet normal 1 0 0
    outer loop
      vertex 5.95 0.06 4.4799999999999995
      vertex 5.95 0.275 4.4799999999999995
      vertex 5.95 0.275 4.6
    endloop
  endfacet
  facet normal 0 -1 0
    outer loop
      vertex 5.95 0.275 4.4799999999999995
      vertex 6.05 0.275 4.6
      vertex 5.95 0.275 4.6
    endloop
  endfacet
  facet normal 0 0 1
    outer loop
      vertex 6.009220130618517 0.05071071840184403 4.4799999999999995
      vertex 6.05 0.06 4.4799999999999995
      vertex 6.010909090909091 0.06 4.4799999999999995
    endloop
  endfacet
  facet normal 0 0 1
    outer loop
      vertex 6.010909090909091 0.06 4.4799999999999995
      vertex 6.05 0.06 4.4799999999999995
      vertex 6.05 0.275 4.4799999999999995
    endloop
  endfacet
  facet normal -1 0 0
    outer loop
      vertex 6.05 0.06 4.4799999999999995
      vertex 6.05 0.06 4.6
      vertex 6.05 0.275 4.4799999999999995
    endloop
  endfacet
  facet normal 0 0 1
    outer loop
      vertex 5.95 0.275 4.4799999999999995
      vertex 6.010909090909091 0.06 4.4799999999999995
      vertex 6.05 0.275 4.4799999999999995
    endloop
  endfacet
  facet normal 0 -1 0
    outer loop
      vertex 5.95 0.275 4.4799999999999995
      vertex 6.05 0.275 4.4799999999999995
      vertex 6.05 0.275 4.6
    endloop
  endfacet
  facet normal -1 0 0
    outer loop
      vertex 6.05 0.275 4.4799999999999995
      vertex 6.05 0.06 4.6
      vertex 6.05 0.275 4.6
    endloop
  endfacet
  facet normal 0 1 0
    outer loop
      vertex 6.95 -0.275 4.4799999999999995
      vertex 6.95 -0.275 4.6
      vertex 7.05 -0.275 4.4799999999999995
    endloop
  endfacet
  facet normal 0 0 1
    outer loop
      vertex 6.95 -0.275 4.4799999999999995
      vertex 7.05 -0.275 4.4799999999999995
      vertex 7.05 -0.06 4.4799999999999995
    endloop
  endfacet
  facet normal -1 0 0
    outer loop
      vertex 7.05 -0.275 4.4799999999999995
      vertex 7.05 -0.275 4.6
      vertex 7.05 -0.06 4.4799999999999995
    endloop
  endfacet
  facet normal 1 0 0
    outer loop
      vertex 6.95 -0.275 4.4799999999999995
      vertex 6.95 -0.06 4.6
      vertex 6.95 -0.275 4.6
    endloop
  endfacet
  facet normal 0 1 0
    outer loop
      vertex 7.05 -0.275 4.4799999999999995
      vertex 6.95 -0.275 4.6
      vertex 7.05 -0.275 4.6
    endloop
  endfacet
  facet normal 0 0 1
    outer loop
      vertex 6.95 -0.275 4.4799999999999995
      vertex 6.989090909090909 -0.06 4.4799999999999995
      vertex 6.95 -0.06 4.4799999999999995
    endloop
  endfacet
  facet normal 1 0 0
    outer loop
      vertex 6.95 -0.275 4.4799999999999995
      vertex 6.95 -0.06 4.4799999999999995
      vertex 6.95 -0.06 4.6
    endloop
  endfacet
  facet normal 0 0 1
    outer loop
      vertex 6.95 -0.275 4.4799999999999995
      vertex 7.05 -0.06 4.4799999999999995
      vertex 6.989090909090909 -0.06 4.4799999999999995
    endloop
  endfacet
  facet normal 0 0 1
    outer loop
      vertex 6.989090909090909 -0.06 4.4799999999999995
      vertex 7.05 -0.06 4.4799999999999995
      vertex 7.010601474582848 0.05830811020566551 4.4799999999999995
    endloop
  endfacet
  facet normal -1 0 0
    outer loop
      vertex 7.05 -0.06 4.4799999999999995
      vertex 7.05 -0.275 4.6
      vertex 7.05 -0.06 4.6
    endloop
  endfacet
  facet normal 0 0 1
    outer loop
      vertex 6.95 0.06 4.4799999999999995
      vertex 7.010909090909091 0.06 4.4799999999999995
      vertex 6.95 0.275 4.4799999999999995
    endloop
  endfacet
  facet normal 0 0 1
    outer loop
      vertex 7.0107568190549365 0.059162504802151364 4.4799999999999995
      vertex 7.05 0.06 4.4799999999999995
      vertex 7.010909090909091 0.06 4.4799999999999995
    endloop
  endfacet
  facet normal 0 0 1
    outer loop
      vertex 7.010909090909091 0.06 4.4799999999999995
      vertex 7.05 0.06 4.4799999999999995
      vertex 7.05 0.275 4.4799999999999995
    endloop
  endfacet
  facet normal -1 0 0
    outer loop
      vertex 7.05 0.06 4.4799999999999995
      vertex 7.05 0.06 4.6
      vertex 7.05 0.275 4.4799999999999995
    endloop
  endfacet
  facet normal 1 0 0
    outer loop
      vertex 6.95 0.06 4.4799999999999995
      vertex 6.95 0.275 4.6
      vertex 6.95 0.06 4.6
    endloop
  endfacet
  facet normal 1 0 0
    outer loop
      vertex 6.95 0.06 4.4799999999999995
      vertex 6.95 0.275 4.4799999999999995
      vertex 6.95 0.275 4.6
    endloop
  endfacet
  facet normal 0 0 1
    outer loop
      vertex 7.010909090909091 0.06 4.4799999999999995
      vertex 7.05 0.275 4.4799999999999995
      vertex 6.95 0.275 4.4799999999999995
    endloop
  endfacet
  facet normal 0 -1 0
    outer loop
      vertex 6.95 0.275 4.4799999999999995
      vertex 7.05 0.275 4.4799999999999995
      vertex 7.05 0.275 4.6
    endloop
  endfacet
  facet normal 0 -1 0
    outer loop
      vertex 6.95 0.275 4.4799999999999995
      vertex 7.05 0.275 4.6
      vertex 6.95 0.275 4.6
    endloop
  endfacet
  facet normal -1 0 0
    outer loop
      vertex 7.05 0.275 4.4799999999999995
      vertex 7.05 0.06 4.6
      vertex 7.05 0.275 4.6
    endloop
  endfacet
  facet normal 1 0 0
    outer loop
      vertex -0.275 -4.95 4.4799999999999995
      vertex -0.275 -5 4.6
      vertex -0.275 -5 4.4799999999999995
    endloop
  endfacet
  facet normal 1 0 0
    outer loop
      vertex -0.275 -4.95 4.4799999999999995
      vertex -0.275 -4.95 4.6
      vertex -0.275 -5 4.6
    endloop
  endfacet
  facet normal 0 0 1
    outer loop
      vertex -0.275 -4.95 4.4799999999999995
      vertex -0.275 -5 4.4799999999999995
      vertex -0.06 -4.95 4.4799999999999995
    endloop
  endfacet
  facet normal 0 0 1
    outer loop
      vertex -0.05854545454545455 -4.95 4.4799999999999995
      vertex -0.275 -5 4.4799999999999995
      vertex 5.065392549852277e-16 -5 4.4799999999999995
    endloop
  endfacet
  facet normal 0 0 1
    outer loop
      vertex -0.06 -4.95 4.4799999999999995
      vertex -0.275 -5 4.4799999999999995
      vertex -0.05854545454545455 -4.95 4.4799999999999995
    endloop
  endfacet
  facet normal 0 -1 0
    outer loop
      vertex -0.275 -4.95 4.4799999999999995
      vertex -0.06 -4.95 4.4799999999999995
      vertex -0.06 -4.95 4.6
    endloop
  endfacet
  facet normal 0 -1 0
    outer loop
      vertex -0.275 -4.95 4.4799999999999995
      vertex -0.06 -4.95 4.6
      vertex -0.275 -4.95 4.6
    endloop
  endfacet
  facet normal 0 0 1
    outer loop
      vertex -0.05854545454545455 -4.95 4.4799999999999995
      vertex 5.065392549852277e-16 -5 4.4799999999999995
      vertex 0.06 -4.989090909090909 4.4799999999999995
    endloop
  endfacet
  facet normal 0 0 1
    outer loop
      vertex 0.06 -4.989090909090909 4.4799999999999995
      vertex 5.065392549852277e-16 -5 4.4799999999999995
      vertex 0.275 -5 4.4799999999999995
    endloop
  endfacet
  facet normal 0 0 1
    outer loop
      vertex 0.06 -4.989090909090909 4.4799999999999995
      vertex 0.275 -4.95 4.4799999999999995
      vertex 0.06 -4.95 4.4799999999999995
    endloop
  endfacet
  facet normal 0 0 1
    outer loop
      vertex 0.06 -4.989090909090909 4.4799999999999995
      vertex 0.275 -5 4.4799999999999995
      vertex 0.275 -4.95 4.4799999999999995
    endloop
  endfacet
  facet normal 0 -1 0
    outer loop
      vertex 0.06 -4.95 4.4799999999999995
      vertex 0.275 -4.95 4.4799999999999995
      vertex 0.275 -4.95 4.6
    endloop
  endfacet
  facet normal 0 -1 0
    outer loop
      vertex 0.06 -4.95 4.4799999999999995
      vertex 0.275 -4.95 4.6
      vertex 0.06 -4.95 4.6
    endloop
  endfacet
  facet normal -1 0 0
    outer loop
      vertex 0.275 -4.95 4.4799999999999995
      vertex 0.275 -5 4.4799999999999995
      vertex 0.275 -4.95 4.6
    endloop
  endfacet
  facet normal -1 0 0
    outer loop
      vertex 0.275 -5 4.6
      vertex 0.275 -4.95 4.6
      vertex 0.275 -5 4.4799999999999995
    endloop
  endfacet
  facet normal 1 0 0
    outer loop
      vertex -0.275 -4.05 4.4799999999999995
      vertex -0.275 -3.95 4.4799999999999995
      vertex -0.275 -3.95 4.6
    endloop
  endfacet
  facet normal 1 0 0
    outer loop
      vertex -0.275 -4.05 4.4799999999999995
      vertex -0.275 -3.95 4.6
      vertex -0.275 -4.05 4.6
    endloop
  endfacet
  facet normal 0 0 1
    outer loop
      vertex -0.275 -4.05 4.4799999999999995
      vertex -0.06 -4.010909090909091 4.4799999999999995
      vertex -0.275 -3.95 4.4799999999999995
    endloop
  endfacet
  facet normal 0 0 1
    outer loop
      vertex -0.275 -4.05 4.4799999999999995
      vertex -0.06 -4.05 4.4799999999999995
      vertex -0.06 -4.010909090909091 4.4799999999999995
    endloop
  endfacet
  facet normal 0 1 0
    outer loop
      vertex -0.275 -4.05 4.4799999999999995
      vertex -0.275 -4.05 4.6
      vertex -0.06 -4.05 4.4799999999999995
    endloop
  endfacet
  facet normal 0 0 1
    outer loop
      vertex -0.275 -3.95 4.4799999999999995
      vertex -0.06 -4.010909090909091 4.4799999999999995
      vertex -0.06 -3.95 4.4799999999999995
    endloop
  endfacet
  facet normal 0 -1 0
    outer loop
      vertex -0.275 -3.95 4.4799999999999995
      vertex -0.06 -3.95 4.4799999999999995
      vertex -0.06 -3.95 4.6
    endloop
  endfacet
  facet normal 0 0 1
    outer loop
      vertex -0.06 -4.05 4.4799999999999995
      vertex -0.03567238516878804 -4.006485888212507 4.4799999999999995
      vertex -0.06 -4.010909090909091 4.4799999999999995
    endloop
  endfacet
  facet normal 0 1 0
    outer loop
      vertex -0.06 -4.05 4.4799999999999995
      vertex -0.275 -4.05 4.6
      vertex -0.06 -4.05 4.6
    endloop
  endfacet
  facet normal 0 -1 0
    outer loop
      vertex -0.275 -3.95 4.4799999999999995
      vertex -0.06 -3.95 4.6
      vertex -0.275 -3.95 4.6
    endloop
  endfacet
  facet normal 0 0 1
    outer loop
      vertex 0.06 -4.05 4.4799999999999995
      vertex 0.275 -4.05 4.4799999999999995
      vertex 0.06 -3.9890909090909092 4.4799999999999995
    endloop
  endfacet
  facet normal 0 0 1
    outer loop
      vertex 0.06 -3.9890909090909092 4.4799999999999995
      vertex 0.275 -4.05 4.4799999999999995
      vertex 0.275 -3.95 4.4799999999999995
    endloop
  endfacet
  facet normal 0 1 0
    outer loop
      vertex 0.06 -4.05 4.4799999999999995
      vertex 0.06 -4.05 4.6
      vertex 0.275 -4.05 4.4799999999999995
    endloop
  endfacet
  facet normal 0 0 1
    outer loop
      vertex 0.06 -3.9890909090909092 4.4799999999999995
      vertex 0.275 -3.95 4.4799999999999995
      vertex 0.06 -3.95 4.4799999999999995
    endloop
  endfacet
  facet normal 0 -1 0
    outer loop
      vertex 0.06 -3.95 4.4799999999999995
      vertex 0.275 -3.95 4.4799999999999995
      vertex 0.275 -3.95 4.6
    endloop
  endfacet
  facet normal 0 1 0
    outer loop
      vertex 0.275 -4.05 4.4799999999999995
      vertex 0.06 -4.05 4.6
      vertex 0.275 -4.05 4.6
    endloop
  endfacet
  facet normal 0 -1 0
    outer loop
      vertex 0.06 -3.95 4.4799999999999995
      vertex 0.275 -3.95 4.6
      vertex 0.06 -3.95 4.6
    endloop
  endfacet
  facet normal -1 0 0
    outer loop
      vertex 0.275 -4.05 4.4799999999999995
      vertex 0.275 -4.05 4.6
      vertex 0.275 -3.95 4.4799999999999995
    endloop
  endfacet
  facet normal -1 0 0
    outer loop
      vertex 0.275 -3.95 4.4799999999999995
      vertex 0.275 -4.05 4.6
      vertex 0.275 -3.95 4.6
    endloop
  endfacet
  facet normal 1 0 0
    outer loop
      vertex -0.275 -3.05 4.4799999999999995
      vertex -0.275 -2.95 4.4799999999999995
      vertex -0.275 -2.95 4.6
    endloop
  endfacet
  facet normal 1 0 0
    outer loop
      vertex -0.275 -3.05 4.4799999999999995
      vertex -0.275 -2.95 4.6
      vertex -0.275 -3.05 4.6
    endloop
  endfacet
  facet normal 0 1 0
    outer loop
      vertex -0.275 -3.05 4.4799999999999995
      vertex -0.275 -3.05 4.6
      vertex -0.06 -3.05 4.4799999999999995
    endloop
  endfacet
  facet normal 0 0 1
    outer loop
      vertex -0.275 -3.05 4.4799999999999995
      vertex -0.06 -3.0109090909090908 4.4799999999999995
      vertex -0.275 -2.95 4.4799999999999995
    endloop
  endfacet
  facet normal 0 0 1
    outer loop
      vertex -0.275 -3.05 4.4799999999999995
      vertex -0.06 -3.05 4.4799999999999995
      vertex -0.06 -3.0109090909090908 4.4799999999999995
    endloop
  endfacet
  facet normal 0 0 1
    outer loop
      vertex -0.275 -2.95 4.4799999999999995
      vertex -0.06 -3.0109090909090908 4.4799999999999995
      vertex -0.06 -2.95 4.4799999999999995
    endloop
  endfacet
  facet normal 0 0 1
    outer loop
      vertex -0.06 -3.05 4.4799999999999995
      vertex -0.01132263420033204 -3.0020586607636965 4.4799999999999995
      vertex -0.06 -3.0109090909090908 4.4799999999999995
    endloop
  endfacet
  facet normal 0 1 0
    outer loop
      vertex -0.06 -3.05 4.4799999999999995
      vertex -0.275 -3.05 4.6
      vertex -0.06 -3.05 4.6
    endloop
  endfacet
  facet normal 0 -1 0
    outer loop
      vertex -0.275 -2.95 4.4799999999999995
      vertex -0.06 -2.95 4.4799999999999995
      vertex -0.06 -2.95 4.6
    endloop
  endfacet
  facet normal 0 -1 0
    outer loop
      vertex -0.275 -2.95 4.4799999999999995
      vertex -0.06 -2.95 4.6
      vertex -0.275 -2.95 4.6
    endloop
  endfacet
  facet normal 0 1 0
    outer loop
      vertex 0.06 -3.05 4.4799999999999995
      vertex 0.06 -3.05 4.6
      vertex 0.275 -3.05 4.4799999999999995
    endloop
  endfacet
  facet normal 0 0 1
    outer loop
      vertex 0.06 -3.05 4.4799999999999995
      vertex 0.275 -3.05 4.4799999999999995
      vertex 0.06 -2.9890909090909092 4.4799999999999995
    endloop
  endfacet
  facet normal 0 0 1
    outer loop
      vertex 0.06 -2.9890909090909092 4.4799999999999995
      vertex 0.275 -3.05 4.4799999999999995
      vertex 0.275 -2.95 4.4799999999999995
    endloop
  endfacet
  facet normal 0 1 0
    outer loop
      vertex 0.275 -3.05 4.4799999999999995
      vertex 0.06 -3.05 4.6
      vertex 0.275 -3.05 4.6
    endloop
  endfacet
  facet normal 0 0 1
    outer loop
      vertex 0.06 -2.9890909090909092 4.4799999999999995
      vertex 0.275 -2.95 4.4799999999999995
      vertex 0.06 -2.95 4.4799999999999995
    endloop
  endfacet
  facet normal 0 -1 0
    outer loop
      vertex 0.06 -2.95 4.4799999999999995
      vertex 0.275 -2.95 4.4799999999999995
      vertex 0.275 -2.95 4.6
    endloop
  endfacet
  facet normal 0 -1 0
    outer loop
      vertex 0.06 -2.95 4.4799999999999995
      vertex 0.275 -2.95 4.6
      vertex 0.06 -2.95 4.6
    endloop
  endfacet
  facet normal -1 0 0
    outer loop
      vertex 0.275 -3.05 4.4799999999999995
      vertex 0.275 -3.05 4.6
      vertex 0.275 -2.95 4.4799999999999995
    endloop
  endfacet
  facet normal -1 0 0
    outer loop
      vertex 0.275 -2.95 4.4799999999999995
      vertex 0.275 -3.05 4.6
      vertex 0.275 -2.95 4.6
    endloop
  endfacet
  facet normal 1 0 0
    outer loop
      vertex -0.275 -2.05 4.4799999999999995
      vertex -0.275 -1.95 4.4799999999999995
      vertex -0.275 -1.95 4.6
    endloop
  endfacet
  facet normal 1 0 0
    outer loop
      vertex -0.275 -2.05 4.4799999999999995
      vertex -0.275 -1.95 4.6
      vertex -0.275 -2.05 4.6
    endloop
  endfacet
  facet normal 0 0 1
    outer loop
      vertex -0.275 -2.05 4.4799999999999995
      vertex -0.06 -2.05 4.4799999999999995
      vertex -0.06 -2.0109090909090908 4.4799999999999995
    endloop
  endfacet
  facet normal 0 1 0
    outer loop
      vertex -0.275 -2.05 4.4799999999999995
      vertex -0.275 -2.05 4.6
      vertex -0.06 -2.05 4.4799999999999995
    endloop
  endfacet
  facet normal 0 1 0
    outer loop
      vertex -0.06 -2.05 4.4799999999999995
      vertex -0.275 -2.05 4.6
      vertex -0.06 -2.05 4.6
    endloop
  endfacet
  facet normal 0 0 1
    outer loop
      vertex -0.275 -2.05 4.4799999999999995
      vertex -0.06 -2.0109090909090908 4.4799999999999995
      vertex -0.275 -1.95 4.4799999999999995
    endloop
  endfacet
  facet normal 0 0 1
    outer loop
      vertex -0.275 -1.95 4.4799999999999995
      vertex -0.06 -2.0109090909090908 4.4799999999999995
      vertex -0.06 -1.95 4.4799999999999995
    endloop
  endfacet
  facet normal 0 -1 0
    outer loop
      vertex -0.275 -1.95 4.4799999999999995
      vertex -0.06 -1.95 4.4799999999999995
      vertex -0.06 -1.95 4.6
    endloop
  endfacet
  facet normal 0 0 1
    outer loop
      vertex -0.06 -2.05 4.4799999999999995
      vertex 0.013027116768123959 -1.9976314333148864 4.4799999999999995
      vertex -0.06 -2.0109090909090908 4.4799999999999995
    endloop
  endfacet
  facet normal 0 -1 0
    outer loop
      vertex -0.275 -1.95 4.4799999999999995
      vertex -0.06 -1.95 4.6
      vertex -0.275 -1.95 4.6
    endloop
  endfacet
  facet normal 0 1 0
    outer loop
      vertex 0.06 -2.05 4.4799999999999995
      vertex 0.06 -2.05 4.6
      vertex 0.275 -2.05 4.4799999999999995
    endloop
  endfacet
  facet normal 0 1 0
    outer loop
      vertex 0.275 -2.05 4.4799999999999995
      vertex 0.06 -2.05 4.6
      vertex 0.275 -2.05 4.6
    endloop
  endfacet
  facet normal 0 0 1
    outer loop
      vertex 0.06 -2.05 4.4799999999999995
      vertex 0.275 -2.05 4.4799999999999995
      vertex 0.06 -1.989090909090909 4.4799999999999995
    endloop
  endfacet
  facet normal 0 0 1
    outer loop
      vertex 0.06 -1.989090909090909 4.4799999999999995
      vertex 0.275 -1.95 4.4799999999999995
      vertex 0.06 -1.95 4.4799999999999995
    endloop
  endfacet
  facet normal 0 0 1
    outer loop
      vertex 0.06 -1.989090909090909 4.4799999999999995
      vertex 0.275 -2.05 4.4799999999999995
      vertex 0.275 -1.95 4.4799999999999995
    endloop
  endfacet
  facet normal 0 -1 0
    outer loop
      vertex 0.06 -1.95 4.4799999999999995
      vertex 0.275 -1.95 4.4799999999999995
      vertex 0.275 -1.95 4.6
    endloop
  endfacet
  facet normal 0 -1 0
    outer loop
      vertex 0.06 -1.95 4.4799999999999995
      vertex 0.275 -1.95 4.6
      vertex 0.06 -1.95 4.6
    endloop
  endfacet
  facet normal -1 0 0
    outer loop
      vertex 0.275 -2.05 4.4799999999999995
      vertex 0.275 -2.05 4.6
      vertex 0.275 -1.95 4.4799999999999995
    endloop
  endfacet
  facet normal -1 0 0
    outer loop
      vertex 0.275 -1.95 4.4799999999999995
      vertex 0.275 -2.05 4.6
      vertex 0.275 -1.95 4.6
    endloop
  endfacet
  facet normal 1 0 0
    outer loop
      vertex -0.275 -1.05 4.4799999999999995
      vertex -0.275 -0.95 4.4799999999999995
      vertex -0.275 -0.95 4.6
    endloop
  endfacet
  facet normal 1 0 0
    outer loop
      vertex -0.275 -1.05 4.4799999999999995
      vertex -0.275 -0.95 4.6
      vertex -0.275 -1.05 4.6
    endloop
  endfacet
  facet normal 0 0 1
    outer loop
      vertex -0.275 -1.05 4.4799999999999995
      vertex -0.06 -1.05 4.4799999999999995
      vertex -0.06 -1.010909090909091 4.4799999999999995
    endloop
  endfacet
  facet normal 0 1 0
    outer loop
      vertex -0.275 -1.05 4.4799999999999995
      vertex -0.275 -1.05 4.6
      vertex -0.06 -1.05 4.4799999999999995
    endloop
  endfacet
  facet normal 0 0 1
    outer loop
      vertex -0.275 -1.05 4.4799999999999995
      vertex -0.06 -1.010909090909091 4.4799999999999995
      vertex -0.275 -0.95 4.4799999999999995
    endloop
  endfacet
  facet normal 0 0 1
    outer loop
      vertex -0.275 -0.95 4.4799999999999995
      vertex -0.06 -1.010909090909091 4.4799999999999995
      vertex -0.06 -0.95 4.4799999999999995
    endloop
  endfacet
  facet normal 0 -1 0
    outer loop
      vertex -0.275 -0.95 4.4799999999999995
      vertex -0.06 -0.95 4.4799999999999995
      vertex -0.06 -0.95 4.6
    endloop
  endfacet
  facet normal 0 0 1
    outer loop
      vertex -0.06 -1.05 4.4799999999999995
      vertex 0.03737686773657996 -0.9932042058660764 4.4799999999999995
      vertex -0.06 -1.010909090909091 4.4799999999999995
    endloop
  endfacet
  facet normal 0 1 0
    outer loop
      vertex -0.06 -1.05 4.4799999999999995
      vertex -0.275 -1.05 4.6
      vertex -0.06 -1.05 4.6
    endloop
  endfacet
  facet normal 0 -1 0
    outer loop
      vertex -0.275 -0.95 4.4799999999999995
      vertex -0.06 -0.95 4.6
      vertex -0.275 -0.95 4.6
    endloop
  endfacet
  facet normal 0 0 1
    outer loop
      vertex 0.06 -1.05 4.4799999999999995
      vertex 0.275 -1.05 4.4799999999999995
      vertex 0.06 -0.9890909090909091 4.4799999999999995
    endloop
  endfacet
  facet normal 0 1 0
    outer loop
      vertex 0.06 -1.05 4.4799999999999995
      vertex 0.06 -1.05 4.6
      vertex 0.275 -1.05 4.4799999999999995
    endloop
  endfacet
  facet normal 0 0 1
    outer loop
      vertex 0.06 -0.9890909090909091 4.4799999999999995
      vertex 0.275 -0.95 4.4799999999999995
      vertex 0.06 -0.95 4.4799999999999995
    endloop
  endfacet
  facet normal 0 0 1
    outer loop
      vertex 0.06 -0.9890909090909091 4.4799999999999995
      vertex 0.275 -1.05 4.4799999999999995
      vertex 0.275 -0.95 4.4799999999999995
    endloop
  endfacet
  facet normal 0 -1 0
    outer loop
      vertex 0.06 -0.95 4.4799999999999995
      vertex 0.275 -0.95 4.4799999999999995
      vertex 0.275 -0.95 4.6
    endloop
  endfacet
  facet normal 0 1 0
    outer loop
      vertex 0.275 -1.05 4.4799999999999995
      vertex 0.06 -1.05 4.6
      vertex 0.275 -1.05 4.6
    endloop
  endfacet
  facet normal 0 -1 0
    outer loop
      vertex 0.06 -0.95 4.4799999999999995
      vertex 0.275 -0.95 4.6
      vertex 0.06 -0.95 4.6
    endloop
  endfacet
  facet normal -1 0 0
    outer loop
      vertex 0.275 -1.05 4.4799999999999995
      vertex 0.275 -1.05 4.6
      vertex 0.275 -0.95 4.4799999999999995
    endloop
  endfacet
  facet normal -1 0 0
    outer loop
      vertex 0.275 -0.95 4.4799999999999995
      vertex 0.275 -1.05 4.6
      vertex 0.275 -0.95 4.6
    endloop
  endfacet
  facet normal 1 0 0
    outer loop
      vertex -0.275 0.95 4.4799999999999995
      vertex -0.275 1.05 4.4799999999999995
      vertex -0.275 1.05 4.6
    endloop
  endfacet
  facet normal 1 0 0
    outer loop
      vertex -0.275 0.95 4.4799999999999995
      vertex -0.275 1.05 4.6
      vertex -0.275 0.95 4.6
    endloop
  endfacet
  facet normal 0 0 1
    outer loop
      vertex -0.275 0.95 4.4799999999999995
      vertex -0.06 0.9890909090909091 4.4799999999999995
      vertex -0.275 1.05 4.4799999999999995
    endloop
  endfacet
  facet normal 0 0 1
    outer loop
      vertex -0.275 0.95 4.4799999999999995
      vertex -0.06 0.95 4.4799999999999995
      vertex -0.06 0.9890909090909091 4.4799999999999995
    endloop
  endfacet
  facet normal 0 1 0
    outer loop
      vertex -0.275 0.95 4.4799999999999995
      vertex -0.275 0.95 4.6
      vertex -0.06 0.95 4.4799999999999995
    endloop
  endfacet
  facet normal 0 0 1
    outer loop
      vertex -0.275 1.05 4.4799999999999995
      vertex -0.06 0.9890909090909091 4.4799999999999995
      vertex -0.06 1.05 4.4799999999999995
    endloop
  endfacet
  facet normal 0 -1 0
    outer loop
      vertex -0.275 1.05 4.4799999999999995
      vertex -0.06 1.05 4.4799999999999995
      vertex -0.06 1.05 4.6
    endloop
  endfacet
  facet normal 0 1 0
    outer loop
      vertex -0.06 0.95 4.4799999999999995
      vertex -0.275 0.95 4.6
      vertex -0.06 0.95 4.6
    endloop
  endfacet
  facet normal 0 -1 0
    outer loop
      vertex -0.275 1.05 4.4799999999999995
      vertex -0.06 1.05 4.6
      vertex -0.275 1.05 4.6
    endloop
  endfacet
  facet normal 0 0 1
    outer loop
      vertex -0.03737686773657996 0.9932042058660764 4.4799999999999995
      vertex 0.06 0.95 4.4799999999999995
      vertex 0.06 1.010909090909091 4.4799999999999995
    endloop
  endfacet
  facet normal 0 0 1
    outer loop
      vertex 0.06 0.95 4.4799999999999995
      vertex 0.275 1.05 4.4799999999999995
      vertex 0.06 1.010909090909091 4.4799999999999995
    endloop
  endfacet
  facet normal 0 0 1
    outer loop
      vertex 0.06 0.95 4.4799999999999995
      vertex 0.275 0.95 4.4799999999999995
      vertex 0.275 1.05 4.4799999999999995
    endloop
  endfacet
  facet normal 0 1 0
    outer loop
      vertex 0.06 0.95 4.4799999999999995
      vertex 0.06 0.95 4.6
      vertex 0.275 0.95 4.4799999999999995
    endloop
  endfacet
  facet normal 0 0 1
    outer loop
      vertex 0.06 1.010909090909091 4.4799999999999995
      vertex 0.275 1.05 4.4799999999999995
      vertex 0.06 1.05 4.4799999999999995
    endloop
  endfacet
  facet normal 0 -1 0
    outer loop
      vertex 0.06 1.05 4.4799999999999995
      vertex 0.275 1.05 4.4799999999999995
      vertex 0.275 1.05 4.6
    endloop
  endfacet
  facet normal 0 1 0
    outer loop
      vertex 0.275 0.95 4.4799999999999995
      vertex 0.06 0.95 4.6
      vertex 0.275 0.95 4.6
    endloop
  endfacet
  facet normal 0 -1 0
    outer loop
      vertex 0.06 1.05 4.4799999999999995
      vertex 0.275 1.05 4.6
      vertex 0.06 1.05 4.6
    endloop
  endfacet
  facet normal -1 0 0
    outer loop
      vertex 0.275 0.95 4.4799999999999995
      vertex 0.275 0.95 4.6
      vertex 0.275 1.05 4.4799999999999995
    endloop
  endfacet
  facet normal -1 0 0
    outer loop
      vertex 0.275 1.05 4.4799999999999995
      vertex 0.275 0.95 4.6
      vertex 0.275 1.05 4.6
    endloop
  endfacet
  facet normal 1 0 0
    outer loop
      vertex -0.275 1.95 4.4799999999999995
      vertex -0.275 2.05 4.4799999999999995
      vertex -0.275 2.05 4.6
    endloop
  endfacet
  facet normal 1 0 0
    outer loop
      vertex -0.275 1.95 4.4799999999999995
      vertex -0.275 2.05 4.6
      vertex -0.275 1.95 4.6
    endloop
  endfacet
  facet normal 0 1 0
    outer loop
      vertex -0.275 1.95 4.4799999999999995
      vertex -0.275 1.95 4.6
      vertex -0.06 1.95 4.4799999999999995
    endloop
  endfacet
  facet normal 0 0 1
    outer loop
      vertex -0.275 1.95 4.4799999999999995
      vertex -0.06 1.989090909090909 4.4799999999999995
      vertex -0.275 2.05 4.4799999999999995
    endloop
  endfacet
  facet normal 0 0 1
    outer loop
      vertex -0.275 1.95 4.4799999999999995
      vertex -0.06 1.95 4.4799999999999995
      vertex -0.06 1.989090909090909 4.4799999999999995
    endloop
  endfacet
  facet normal 0 0 1
    outer loop
      vertex -0.275 2.05 4.4799999999999995
      vertex -0.06 1.989090909090909 4.4799999999999995
      vertex -0.06 2.05 4.4799999999999995
    endloop
  endfacet
  facet normal 0 1 0
    outer loop
      vertex -0.06 1.95 4.4799999999999995
      vertex -0.275 1.95 4.6
      vertex -0.06 1.95 4.6
    endloop
  endfacet
  facet normal 0 -1 0
    outer loop
      vertex -0.275 2.05 4.4799999999999995
      vertex -0.06 2.05 4.4799999999999995
      vertex -0.06 2.05 4.6
    endloop
  endfacet
  facet normal 0 -1 0
    outer loop
      vertex -0.275 2.05 4.4799999999999995
      vertex -0.06 2.05 4.6
      vertex -0.275 2.05 4.6
    endloop
  endfacet
  facet normal 0 0 1
    outer loop
      vertex -0.013027116768123959 1.9976314333148864 4.4799999999999995
      vertex 0.06 1.95 4.4799999999999995
      vertex 0.06 2.0109090909090908 4.4799999999999995
    endloop
  endfacet
  facet normal 0 1 0
    outer loop
      vertex 0.06 1.95 4.4799999999999995
      vertex 0.06 1.95 4.6
      vertex 0.275 1.95 4.4799999999999995
    endloop
  endfacet
  facet normal 0 0 1
    outer loop
      vertex 0.06 1.95 4.4799999999999995
      vertex 0.275 2.05 4.4799999999999995
      vertex 0.06 2.0109090909090908 4.4799999999999995
    endloop
  endfacet
  facet normal 0 0 1
    outer loop
      vertex 0.06 1.95 4.4799999999999995
      vertex 0.275 1.95 4.4799999999999995
      vertex 0.275 2.05 4.4799999999999995
    endloop
  endfacet
  facet normal 0 1 0
    outer loop
      vertex 0.275 1.95 4.4799999999999995
      vertex 0.06 1.95 4.6
      vertex 0.275 1.95 4.6
    endloop
  endfacet
  facet normal 0 0 1
    outer loop
      vertex 0.06 2.0109090909090908 4.4799999999999995
      vertex 0.275 2.05 4.4799999999999995
      vertex 0.06 2.05 4.4799999999999995
    endloop
  endfacet
  facet normal 0 -1 0
    outer loop
      vertex 0.06 2.05 4.4799999999999995
      vertex 0.275 2.05 4.4799999999999995
      vertex 0.275 2.05 4.6
    endloop
  endfacet
  facet normal 0 -1 0
    outer loop
      vertex 0.06 2.05 4.4799999999999995
      vertex 0.275 2.05 4.6
      vertex 0.06 2.05 4.6
    endloop
  endfacet
  facet normal -1 0 0
    outer loop
      vertex 0.275 1.95 4.4799999999999995
      vertex 0.275 1.95 4.6
      vertex 0.275 2.05 4.4799999999999995
    endloop
  endfacet
  facet normal -1 0 0
    outer loop
      vertex 0.275 2.05 4.4799999999999995
      vertex 0.275 1.95 4.6
      vertex 0.275 2.05 4.6
    endloop
  endfacet
  facet normal 1 0 0
    outer loop
      vertex -0.275 2.95 4.4799999999999995
      vertex -0.275 3.05 4.4799999999999995
      vertex -0.275 3.05 4.6
    endloop
  endfacet
  facet normal 1 0 0
    outer loop
      vertex -0.275 2.95 4.4799999999999995
      vertex -0.275 3.05 4.6
      vertex -0.275 2.95 4.6
    endloop
  endfacet
  facet normal 0 0 1
    outer loop
      vertex -0.275 2.95 4.4799999999999995
      vertex -0.06 2.95 4.4799999999999995
      vertex -0.06 2.9890909090909092 4.4799999999999995
    endloop
  endfacet
  facet normal 0 1 0
    outer loop
      vertex -0.275 2.95 4.4799999999999995
      vertex -0.275 2.95 4.6
      vertex -0.06 2.95 4.4799999999999995
    endloop
  endfacet
  facet normal 0 1 0
    outer loop
      vertex -0.06 2.95 4.4799999999999995
      vertex -0.275 2.95 4.6
      vertex -0.06 2.95 4.6
    endloop
  endfacet
  facet normal 0 0 1
    outer loop
      vertex -0.275 2.95 4.4799999999999995
      vertex -0.06 2.9890909090909092 4.4799999999999995
      vertex -0.275 3.05 4.4799999999999995
    endloop
  endfacet
  facet normal 0 0 1
    outer loop
      vertex -0.275 3.05 4.4799999999999995
      vertex -0.06 2.9890909090909092 4.4799999999999995
      vertex -0.06 3.05 4.4799999999999995
    endloop
  endfacet
  facet normal 0 -1 0
    outer loop
      vertex -0.275 3.05 4.4799999999999995
      vertex -0.06 3.05 4.4799999999999995
      vertex -0.06 3.05 4.6
    endloop
  endfacet
  facet normal 0 -1 0
    outer loop
      vertex -0.275 3.05 4.4799999999999995
      vertex -0.06 3.05 4.6
      vertex -0.275 3.05 4.6
    endloop
  endfacet
  facet normal 0 1 0
    outer loop
      vertex 0.06 2.95 4.4799999999999995
      vertex 0.06 2.95 4.6
      vertex 0.275 2.95 4.4799999999999995
    endloop
  endfacet
  facet normal 0 1 0
    outer loop
      vertex 0.275 2.95 4.4799999999999995
      vertex 0.06 2.95 4.6
      vertex 0.275 2.95 4.6
    endloop
  endfacet
  facet normal 0 0 1
    outer loop
      vertex 0.06 2.95 4.4799999999999995
      vertex 0.06 3.0109090909090908 4.4799999999999995
      vertex 0.01132263420033204 3.0020586607636965 4.4799999999999995
    endloop
  endfacet
  facet normal 0 0 1
    outer loop
      vertex 0.06 2.95 4.4799999999999995
      vertex 0.275 3.05 4.4799999999999995
      vertex 0.06 3.0109090909090908 4.4799999999999995
    endloop
  endfacet
  facet normal 0 0 1
    outer loop
      vertex 0.06 3.0109090909090908 4.4799999999999995
      vertex 0.275 3.05 4.4799999999999995
      vertex 0.06 3.05 4.4799999999999995
    endloop
  endfacet
  facet normal 0 0 1
    outer loop
      vertex 0.06 2.95 4.4799999999999995
      vertex 0.275 2.95 4.4799999999999995
      vertex 0.275 3.05 4.4799999999999995
    endloop
  endfacet
  facet normal 0 -1 0
    outer loop
      vertex 0.06 3.05 4.4799999999999995
      vertex 0.275 3.05 4.4799999999999995
      vertex 0.275 3.05 4.6
    endloop
  endfacet
  facet normal 0 -1 0
    outer loop
      vertex 0.06 3.05 4.4799999999999995
      vertex 0.275 3.05 4.6
      vertex 0.06 3.05 4.6
    endloop
  endfacet
  facet normal -1 0 0
    outer loop
      vertex 0.275 2.95 4.4799999999999995
      vertex 0.275 2.95 4.6
      vertex 0.275 3.05 4.4799999999999995
    endloop
  endfacet
  facet normal -1 0 0
    outer loop
      vertex 0.275 3.05 4.4799999999999995
      vertex 0.275 2.95 4.6
      vertex 0.275 3.05 4.6
    endloop
  endfacet
  facet normal 1 0 0
    outer loop
      vertex -0.275 3.95 4.4799999999999995
      vertex -0.275 4.05 4.4799999999999995
      vertex -0.275 4.05 4.6
    endloop
  endfacet
  facet normal 1 0 0
    outer loop
      vertex -0.275 3.95 4.4799999999999995
      vertex -0.275 4.05 4.6
      vertex -0.275 3.95 4.6
    endloop
  endfacet
  facet normal 0 0 1
    outer loop
      vertex -0.275 3.95 4.4799999999999995
      vertex -0.06 3.95 4.4799999999999995
      vertex -0.06 3.9890909090909092 4.4799999999999995
    endloop
  endfacet
  facet normal 0 1 0
    outer loop
      vertex -0.275 3.95 4.4799999999999995
      vertex -0.275 3.95 4.6
      vertex -0.06 3.95 4.4799999999999995
    endloop
  endfacet
  facet normal 0 0 1
    outer loop
      vertex -0.275 3.95 4.4799999999999995
      vertex -0.06 3.9890909090909092 4.4799999999999995
      vertex -0.275 4.05 4.4799999999999995
    endloop
  endfacet
  facet normal 0 0 1
    outer loop
      vertex -0.275 4.05 4.4799999999999995
      vertex -0.06 3.9890909090909092 4.4799999999999995
      vertex -0.06 4.05 4.4799999999999995
    endloop
  endfacet
  facet normal 0 -1 0
    outer loop
      vertex -0.275 4.05 4.4799999999999995
      vertex -0.06 4.05 4.4799999999999995
      vertex -0.06 4.05 4.6
    endloop
  endfacet
  facet normal 0 1 0
    outer loop
      vertex -0.06 3.95 4.4799999999999995
      vertex -0.275 3.95 4.6
      vertex -0.06 3.95 4.6
    endloop
  endfacet
  facet normal 0 -1 0
    outer loop
      vertex -0.275 4.05 4.4799999999999995
      vertex -0.06 4.05 4.6
      vertex -0.275 4.05 4.6
    endloop
  endfacet
  facet normal 0 0 1
    outer loop
      vertex 0.03567238516878804 4.006485888212507 4.4799999999999995
      vertex 0.06 3.95 4.4799999999999995
      vertex 0.06 4.010909090909091 4.4799999999999995
    endloop
  endfacet
  facet normal 0 0 1
    outer loop
      vertex 0.06 3.95 4.4799999999999995
      vertex 0.275 3.95 4.4799999999999995
      vertex 0.275 4.05 4.4799999999999995
    endloop
  endfacet
  facet normal 0 1 0
    outer loop
      vertex 0.06 3.95 4.4799999999999995
      vertex 0.06 3.95 4.6
      vertex 0.275 3.95 4.4799999999999995
    endloop
  endfacet
  facet normal 0 0 1
    outer loop
      vertex 0.06 3.95 4.4799999999999995
      vertex 0.275 4.05 4.4799999999999995
      vertex 0.06 4.010909090909091 4.4799999999999995
    endloop
  endfacet
  facet normal 0 0 1
    outer loop
      vertex 0.06 4.010909090909091 4.4799999999999995
      vertex 0.275 4.05 4.4799999999999995
      vertex 0.06 4.05 4.4799999999999995
    endloop
  endfacet
  facet normal 0 -1 0
    outer loop
      vertex 0.06 4.05 4.4799999999999995
      vertex 0.275 4.05 4.4799999999999995
      vertex 0.275 4.05 4.6
    endloop
  endfacet
  facet normal 0 1 0
    outer loop
      vertex 0.275 3.95 4.4799999999999995
      vertex 0.06 3.95 4.6
      vertex 0.275 3.95 4.6
    endloop
  endfacet
  facet normal 0 -1 0
    outer loop
      vertex 0.06 4.05 4.4799999999999995
      vertex 0.275 4.05 4.6
      vertex 0.06 4.05 4.6
    endloop
  endfacet
  facet normal -1 0 0
    outer loop
      vertex 0.275 3.95 4.4799999999999995
      vertex 0.275 3.95 4.6
      vertex 0.275 4.05 4.4799999999999995
    endloop
  endfacet
  facet normal -1 0 0
    outer loop
      vertex 0.275 4.05 4.4799999999999995
      vertex 0.275 3.95 4.6
      vertex 0.275 4.05 4.6
    endloop
  endfacet
  facet normal 1 0 0
    outer loop
      vertex -0.275 4.95 4.4799999999999995
      vertex -0.275 5 4.4799999999999995
      vertex -0.275 4.95 4.6
    endloop
  endfacet
  facet normal 1 0 0
    outer loop
      vertex -0.275 5 4.6
      vertex -0.275 4.95 4.6
      vertex -0.275 5 4.4799999999999995
    endloop
  endfacet
  facet normal 0 1 0
    outer loop
      vertex -0.275 4.95 4.4799999999999995
      vertex -0.275 4.95 4.6
      vertex -0.06 4.95 4.4799999999999995
    endloop
  endfacet
  facet normal 0 0 1
    outer loop
      vertex -0.275 4.95 4.4799999999999995
      vertex 0.275 5 4.4799999999999995
      vertex -0.275 5 4.4799999999999995
    endloop
  endfacet
  facet normal 0 0 1
    outer loop
      vertex -0.275 4.95 4.4799999999999995
      vertex -0.06 4.95 4.4799999999999995
      vertex 0.275 5 4.4799999999999995
    endloop
  endfacet
  facet normal 0 1 0
    outer loop
      vertex -0.06 4.95 4.4799999999999995
      vertex -0.275 4.95 4.6
      vertex -0.06 4.95 4.6
    endloop
  endfacet
  facet normal 0 0 1
    outer loop
      vertex -0.06 4.95 4.4799999999999995
      vertex 0.06 4.95 4.4799999999999995
      vertex 0.275 5 4.4799999999999995
    endloop
  endfacet
  facet normal 0 0 1
    outer loop
      vertex 0.06 4.95 4.4799999999999995
      vertex 0.275 4.95 4.4799999999999995
      vertex 0.275 5 4.4799999999999995
    endloop
  endfacet
  facet normal 0 1 0
    outer loop
      vertex 0.06 4.95 4.4799999999999995
      vertex 0.06 4.95 4.6
      vertex 0.275 4.95 4.4799999999999995
    endloop
  endfacet
  facet normal 0 1 0
    outer loop
      vertex 0.275 4.95 4.4799999999999995
      vertex 0.06 4.95 4.6
      vertex 0.275 4.95 4.6
    endloop
  endfacet
  facet normal -1 0 0
    outer loop
      vertex 0.275 4.95 4.4799999999999995
      vertex 0.275 5 4.6
      vertex 0.275 5 4.4799999999999995
    endloop
  endfacet
  facet normal -1 0 0
    outer loop
      vertex 0.275 4.95 4.4799999999999995
      vertex 0.275 4.95 4.6
      vertex 0.275 5 4.6
    endloop
  endfacet
  facet normal 0 0 1
    outer loop
      vertex -7.010601474582848 -0.05830811020566551 4.4799999999999995
      vertex -7.1 0.06 4.4799999999999995
      vertex -7.1 -0.06 4.4799999999999995
    endloop
  endfacet
  facet normal 0 1 0
    outer loop
      vertex -7.05 -0.06 4.4799999999999995
      vertex -7.1 -0.06 4.4799999999999995
      vertex -7.05 -0.06 4.6
    endloop
  endfacet
  facet normal 0 1 0
    outer loop
      vertex -7.1 -0.06 4.6
      vertex -7.05 -0.06 4.6
      vertex -7.1 -0.06 4.4799999999999995
    endloop
  endfacet
  facet normal 0 0 1
    outer loop
      vertex -7.010601474582848 -0.05830811020566551 4.4799999999999995
      vertex -6.0074970896391156 -0.041233993015133884 4.4799999999999995
      vertex -6.95 0.06 4.4799999999999995
    endloop
  endfacet
  facet normal 0 1 0
    outer loop
      vertex -6.95 -0.06 4.4799999999999995
      vertex -6.95 -0.06 4.6
      vertex -6.05 -0.06 4.6
    endloop
  endfacet
  facet normal 0 1 0
    outer loop
      vertex -6.95 -0.06 4.4799999999999995
      vertex -6.05 -0.06 4.6
      vertex -6.05 -0.06 4.4799999999999995
    endloop
  endfacet
  facet normal 0 0 1
    outer loop
      vertex -6.0074970896391156 -0.041233993015133884 4.4799999999999995
      vertex -5.004392704695382 -0.02415987582460226 4.4799999999999995
      vertex -5.95 0.06 4.4799999999999995
    endloop
  endfacet
  facet normal 0 1 0
    outer loop
      vertex -5.95 -0.06 4.4799999999999995
      vertex -5.95 -0.06 4.6
      vertex -5.05 -0.06 4.4799999999999995
    endloop
  endfacet
  facet normal 0 1 0
    outer loop
      vertex -5.05 -0.06 4.4799999999999995
      vertex -5.95 -0.06 4.6
      vertex -5.05 -0.06 4.6
    endloop
  endfacet
  facet normal 0 0 1
    outer loop
      vertex -7.010601474582848 -0.05830811020566551 4.4799999999999995
      vertex -7.1 -0.06 4.4799999999999995
      vertex 0.06 0.06 4.4799999999999995
    endloop
  endfacet
  facet normal 0 1 0
    outer loop
      vertex -4.95 -0.06 4.4799999999999995
      vertex -4.95 -0.06 4.6
      vertex -4.05 -0.06 4.4799999999999995
    endloop
  endfacet
  facet normal 0 0 1
    outer loop
      vertex -7.05 -0.06 4.4799999999999995
      vertex 1.0015366884364196 0.008451786400307339 4.4799999999999995
      vertex -7.1 -0.06 4.4799999999999995
    endloop
  endfacet
  facet normal 0 0 1
    outer loop
      vertex -7.010601474582848 -0.05830811020566551 4.4799999999999995
      vertex 0.06 0.06 4.4799999999999995
      vertex -6.0074970896391156 -0.041233993015133884 4.4799999999999995
    endloop
  endfacet
  facet normal 0 1 0
    outer loop
      vertex -4.05 -0.06 4.4799999999999995
      vertex -4.95 -0.06 4.6
      vertex -4.05 -0.06 4.6
    endloop
  endfacet
  facet normal 0 0 1
    outer loop
      vertex -6.0074970896391156 -0.041233993015133884 4.4799999999999995
      vertex 0.06 0.06 4.4799999999999995
      vertex -5.004392704695382 -0.02415987582460226 4.4799999999999995
    endloop
  endfacet
  facet normal 0 1 0
    outer loop
      vertex -3.95 -0.06 4.4799999999999995
      vertex -3.95 -0.06 4.6
      vertex -3.05 -0.06 4.4799999999999995
    endloop
  endfacet
  facet normal 0 1 0
    outer loop
      vertex -3.05 -0.06 4.4799999999999995
      vertex -3.95 -0.06 4.6
      vertex -3.05 -0.06 4.6
    endloop
  endfacet
  facet normal 0 1 0
    outer loop
      vertex -2.95 -0.06 4.4799999999999995
      vertex -2.95 -0.06 4.6
      vertex -2.05 -0.06 4.4799999999999995
    endloop
  endfacet
  facet normal 0 0 1
    outer loop
      vertex -7.05 -0.06 4.4799999999999995
      vertex -7.010909090909091 -0.06 4.4799999999999995
      vertex 7.1 0.0598326359832636 4.4799999999999995
    endloop
  endfacet
  facet normal 0 0 1
    outer loop
      vertex -7.010909090909091 -0.06 4.4799999999999995
      vertex -6.95 -0.06 4.4799999999999995
      vertex 7.1 0.0598326359832636 4.4799999999999995
    endloop
  endfacet
  facet normal 0 1 0
    outer loop
      vertex -2.05 -0.06 4.4799999999999995
      vertex -2.95 -0.06 4.6
      vertex -2.05 -0.06 4.6
    endloop
  endfacet
  facet normal 0 0 1
    outer loop
      vertex -6.95 -0.06 4.4799999999999995
      vertex -6.05 -0.06 4.4799999999999995
      vertex 7.1 0.0598326359832636 4.4799999999999995
    endloop
  endfacet
  facet normal 0 0 1
    outer loop
      vertex -6.05 -0.06 4.4799999999999995
      vertex -6.010909090909091 -0.06 4.4799999999999995
      vertex 7.1 0.0598326359832636 4.4799999999999995
    endloop
  endfacet
  facet normal 0 0 1
    outer loop
      vertex -6.010909090909091 -0.06 4.4799999999999995
      vertex -5.95 -0.06 4.4799999999999995
      vertex 7.1 0.0598326359832636 4.4799999999999995
    endloop
  endfacet
  facet normal 0 1 0
    outer loop
      vertex -1.95 -0.06 4.4799999999999995
      vertex -1.95 -0.06 4.6
      vertex -1.05 -0.06 4.4799999999999995
    endloop
  endfacet
  facet normal 0 0 1
    outer loop
      vertex -7.05 -0.06 4.4799999999999995
      vertex 2.003073376872839 0.016903572800614677 4.4799999999999995
      vertex 1.0015366884364196 0.008451786400307339 4.4799999999999995
    endloop
  endfacet
  facet normal 0 1 0
    outer loop
      vertex -1.05 -0.06 4.4799999999999995
      vertex -1.95 -0.06 4.6
      vertex -1.05 -0.06 4.6
    endloop
  endfacet
  facet normal 0 0 1
    outer loop
      vertex -5.95 -0.06 4.4799999999999995
      vertex -5.05 -0.06 4.4799999999999995
      vertex 7.1 0.0598326359832636 4.4799999999999995
    endloop
  endfacet
  facet normal 0 0 1
    outer loop
      vertex -5.05 -0.06 4.4799999999999995
      vertex -5.010909090909091 -0.06 4.4799999999999995
      vertex 7.1 0.0598326359832636 4.4799999999999995
    endloop
  endfacet
  facet normal 0 0 1
    outer loop
      vertex -5.010909090909091 -0.06 4.4799999999999995
      vertex -4.95 -0.06 4.4799999999999995
      vertex 7.1 0.0598326359832636 4.4799999999999995
    endloop
  endfacet
  facet normal 0 0 1
    outer loop
      vertex -7.05 -0.06 4.4799999999999995
      vertex 3.0046100653092584 0.025355359200922013 4.4799999999999995
      vertex 2.003073376872839 0.016903572800614677 4.4799999999999995
    endloop
  endfacet
  facet normal 0 0 1
    outer loop
      vertex -4.95 -0.06 4.4799999999999995
      vertex -4.05 -0.06 4.4799999999999995
      vertex 7.1 0.0598326359832636 4.4799999999999995
    endloop
  endfacet
  facet normal 0 1 0
    outer loop
      vertex -0.95 -0.06 4.4799999999999995
      vertex -0.95 -0.06 4.6
      vertex -0.06 -0.06 4.4799999999999995
    endloop
  endfacet
  facet normal 0 0 1
    outer loop
      vertex -4.05 -0.06 4.4799999999999995
      vertex -4.010909090909091 -0.06 4.4799999999999995
      vertex 7.1 0.0598326359832636 4.4799999999999995
    endloop
  endfacet
  facet normal 0 0 1
    outer loop
      vertex -4.010909090909091 -0.06 4.4799999999999995
      vertex -3.95 -0.06 4.4799999999999995
      vertex 7.1 0.0598326359832636 4.4799999999999995
    endloop
  endfacet
  facet normal 0 1 0
    outer loop
      vertex -0.06 -0.06 4.4799999999999995
      vertex -0.95 -0.06 4.6
      vertex -0.06 -0.06 4.6
    endloop
  endfacet
  facet normal 0 0 1
    outer loop
      vertex -7.05 -0.06 4.4799999999999995
      vertex 4.006146753745678 0.033807145601229355 4.4799999999999995
      vertex 3.0046100653092584 0.025355359200922013 4.4799999999999995
    endloop
  endfacet
  facet normal 0 0 1
    outer loop
      vertex -7.010601474582848 -0.05830811020566551 4.4799999999999995
      vertex -7.05 0.06 4.4799999999999995
      vertex -7.1 0.06 4.4799999999999995
    endloop
  endfacet
  facet normal 0 0 1
    outer loop
      vertex -7.010601474582848 -0.05830811020566551 4.4799999999999995
      vertex -6.989090909090909 0.06 4.4799999999999995
      vertex -7.05 0.06 4.4799999999999995
    endloop
  endfacet
  facet normal 0 -1 0
    outer loop
      vertex -7.05 0.06 4.4799999999999995
      vertex -7.1 0.06 4.6
      vertex -7.1 0.06 4.4799999999999995
    endloop
  endfacet
  facet normal 0 -1 0
    outer loop
      vertex -7.05 0.06 4.4799999999999995
      vertex -7.05 0.06 4.6
      vertex -7.1 0.06 4.6
    endloop
  endfacet
  facet normal 0 -1 0
    outer loop
      vertex -6.95 0.06 4.4799999999999995
      vertex -6.05 0.06 4.6
      vertex -6.95 0.06 4.6
    endloop
  endfacet
  facet normal 0 0 1
    outer loop
      vertex -6.0074970896391156 -0.041233993015133884 4.4799999999999995
      vertex -6.05 0.06 4.4799999999999995
      vertex -6.95 0.06 4.4799999999999995
    endloop
  endfacet
  facet normal 0 -1 0
    outer loop
      vertex -6.95 0.06 4.4799999999999995
      vertex -6.05 0.06 4.4799999999999995
      vertex -6.05 0.06 4.6
    endloop
  endfacet
  facet normal 0 0 1
    outer loop
      vertex -6.0074970896391156 -0.041233993015133884 4.4799999999999995
      vertex -5.989090909090909 0.06 4.4799999999999995
      vertex -6.05 0.06 4.4799999999999995
    endloop
  endfacet
  facet normal 0 -1 0
    outer loop
      vertex -5.95 0.06 4.4799999999999995
      vertex -5.05 0.06 4.6
      vertex -5.95 0.06 4.6
    endloop
  endfacet
  facet normal 0 0 1
    outer loop
      vertex -5.004392704695382 -0.02415987582460226 4.4799999999999995
      vertex -5.05 0.06 4.4799999999999995
      vertex -5.95 0.06 4.4799999999999995
    endloop
  endfacet
  facet normal 0 -1 0
    outer loop
      vertex -5.95 0.06 4.4799999999999995
      vertex -5.05 0.06 4.4799999999999995
      vertex -5.05 0.06 4.6
    endloop
  endfacet
  facet normal 0 0 1
    outer loop
      vertex -5.004392704695382 -0.02415987582460226 4.4799999999999995
      vertex -4.989090909090909 0.06 4.4799999999999995
      vertex -5.05 0.06 4.4799999999999995
    endloop
  endfacet
  facet normal 0 0 1
    outer loop
      vertex -5.004392704695382 -0.02415987582460226 4.4799999999999995
      vertex -4.001288319751649 -0.007085758634070631 4.4799999999999995
      vertex -4.95 0.06 4.4799999999999995
    endloop
  endfacet
  facet normal 0 -1 0
    outer loop
      vertex -4.95 0.06 4.4799999999999995
      vertex -4.05 0.06 4.6
      vertex -4.95 0.06 4.6
    endloop
  endfacet
  facet normal 0 0 1
    outer loop
      vertex -4.001288319751649 -0.007085758634070631 4.4799999999999995
      vertex -4.05 0.06 4.4799999999999995
      vertex -4.95 0.06 4.4799999999999995
    endloop
  endfacet
  facet normal 0 -1 0
    outer loop
      vertex -4.95 0.06 4.4799999999999995
      vertex -4.05 0.06 4.4799999999999995
      vertex -4.05 0.06 4.6
    endloop
  endfacet
  facet normal 0 0 1
    outer loop
      vertex -4.001288319751649 -0.007085758634070631 4.4799999999999995
      vertex -3.9890909090909092 0.06 4.4799999999999995
      vertex -4.05 0.06 4.4799999999999995
    endloop
  endfacet
  facet normal 0 0 1
    outer loop
      vertex -4.001288319751649 -0.007085758634070631 4.4799999999999995
      vertex -2.998183934807916 0.009988358556460998 4.4799999999999995
      vertex -3.95 0.06 4.4799999999999995
    endloop
  endfacet
  facet normal 0 -1 0
    outer loop
      vertex -3.95 0.06 4.4799999999999995
      vertex -3.05 0.06 4.6
      vertex -3.95 0.06 4.6
    endloop
  endfacet
  facet normal 0 0 1
    outer loop
      vertex -3.95 0.06 4.4799999999999995
      vertex -2.998183934807916 0.009988358556460998 4.4799999999999995
      vertex -3.05 0.06 4.4799999999999995
    endloop
  endfacet
  facet normal 0 -1 0
    outer loop
      vertex -3.95 0.06 4.4799999999999995
      vertex -3.05 0.06 4.4799999999999995
      vertex -3.05 0.06 4.6
    endloop
  endfacet
  facet normal 0 0 1
    outer loop
      vertex -3.05 0.06 4.4799999999999995
      vertex -2.998183934807916 0.009988358556460998 4.4799999999999995
      vertex -2.9890909090909092 0.06 4.4799999999999995
    endloop
  endfacet
  facet normal 0 0 1
    outer loop
      vertex -5.004392704695382 -0.02415987582460226 4.4799999999999995
      vertex 0.06 0.06 4.4799999999999995
      vertex -4.001288319751649 -0.007085758634070631 4.4799999999999995
    endloop
  endfacet
  facet normal 0 0 1
    outer loop
      vertex -2.998183934807916 0.009988358556460998 4.4799999999999995
      vertex -1.9950795498641831 0.027062475746992627 4.4799999999999995
      vertex -2.95 0.06 4.4799999999999995
    endloop
  endfacet
  facet normal 0 -1 0
    outer loop
      vertex -2.95 0.06 4.4799999999999995
      vertex -2.05 0.06 4.6
      vertex -2.95 0.06 4.6
    endloop
  endfacet
  facet normal 0 0 1
    outer loop
      vertex -2.95 0.06 4.4799999999999995
      vertex -1.9950795498641831 0.027062475746992627 4.4799999999999995
      vertex -2.05 0.06 4.4799999999999995
    endloop
  endfacet
  facet normal 0 -1 0
    outer loop
      vertex -2.95 0.06 4.4799999999999995
      vertex -2.05 0.06 4.4799999999999995
      vertex -2.05 0.06 4.6
    endloop
  endfacet
  facet normal 0 0 1
    outer loop
      vertex -4.001288319751649 -0.007085758634070631 4.4799999999999995
      vertex 0.06 0.06 4.4799999999999995
      vertex -2.998183934807916 0.009988358556460998 4.4799999999999995
    endloop
  endfacet
  facet normal 0 0 1
    outer loop
      vertex 0.06 0.06 4.4799999999999995
      vertex -7.1 -0.06 4.4799999999999995
      vertex 1.0015366884364196 0.008451786400307339 4.4799999999999995
    endloop
  endfacet
  facet normal 0 0 1
    outer loop
      vertex -2.05 0.06 4.4799999999999995
      vertex -1.9950795498641831 0.027062475746992627 4.4799999999999995
      vertex -1.989090909090909 0.06 4.4799999999999995
    endloop
  endfacet
  facet normal 0 0 1
    outer loop
      vertex -2.998183934807916 0.009988358556460998 4.4799999999999995
      vertex 0.06 0.06 4.4799999999999995
      vertex -1.9950795498641831 0.027062475746992627 4.4799999999999995
    endloop
  endfacet
  facet normal 0 0 1
    outer loop
      vertex -1.9950795498641831 0.027062475746992627 4.4799999999999995
      vertex -0.9919751649204501 0.04413659293752425 4.4799999999999995
      vertex -1.95 0.06 4.4799999999999995
    endloop
  endfacet
  facet normal 0 -1 0
    outer loop
      vertex -1.95 0.06 4.4799999999999995
      vertex -1.05 0.06 4.6
      vertex -1.95 0.06 4.6
    endloop
  endfacet
  facet normal 0 -1 0
    outer loop
      vertex -1.95 0.06 4.4799999999999995
      vertex -1.05 0.06 4.4799999999999995
      vertex -1.05 0.06 4.6
    endloop
  endfacet
  facet normal 0 0 1
    outer loop
      vertex -1.95 0.06 4.4799999999999995
      vertex -0.9919751649204501 0.04413659293752425 4.4799999999999995
      vertex -1.05 0.06 4.4799999999999995
    endloop
  endfacet
  facet normal 0 0 1
    outer loop
      vertex -1.05 0.06 4.4799999999999995
      vertex -0.9919751649204501 0.04413659293752425 4.4799999999999995
      vertex -0.9890909090909091 0.06 4.4799999999999995
    endloop
  endfacet
  facet normal 0 0 1
    outer loop
      vertex -1.9950795498641831 0.027062475746992627 4.4799999999999995
      vertex 0.06 0.06 4.4799999999999995
      vertex -0.9919751649204501 0.04413659293752425 4.4799999999999995
    endloop
  endfacet
  facet normal 0 0 1
    outer loop
      vertex -0.9919751649204501 0.04413659293752425 4.4799999999999995
      vertex -0.06 0.06 4.4799999999999995
      vertex -0.95 0.06 4.4799999999999995
    endloop
  endfacet
  facet normal 0 -1 0
    outer loop
      vertex -0.95 0.06 4.4799999999999995
      vertex -0.06 0.06 4.6
      vertex -0.95 0.06 4.6
    endloop
  endfacet
  facet normal 0 -1 0
    outer loop
      vertex -0.95 0.06 4.4799999999999995
      vertex -0.06 0.06 4.4799999999999995
      vertex -0.06 0.06 4.6
    endloop
  endfacet
  facet normal 0 0 1
    outer loop
      vertex -0.9919751649204501 0.04413659293752425 4.4799999999999995
      vertex 0.06 0.06 4.4799999999999995
      vertex -0.06 0.06 4.4799999999999995
    endloop
  endfacet
  facet normal 0 0 1
    outer loop
      vertex -3.95 -0.06 4.4799999999999995
      vertex -3.05 -0.06 4.4799999999999995
      vertex 7.1 0.0598326359832636 4.4799999999999995
    endloop
  endfacet
  facet normal 0 0 1
    outer loop
      vertex -0.06 -0.06 4.4799999999999995
      vertex 0.06 -0.06 4.4799999999999995
      vertex 0.9919751649204501 -0.04413659293752425 4.4799999999999995
    endloop
  endfacet
  facet normal 0 0 1
    outer loop
      vertex -3.05 -0.06 4.4799999999999995
      vertex -3.0109090909090908 -0.06 4.4799999999999995
      vertex 7.1 0.0598326359832636 4.4799999999999995
    endloop
  endfacet
  facet normal 0 0 1
    outer loop
      vertex -3.0109090909090908 -0.06 4.4799999999999995
      vertex -2.95 -0.06 4.4799999999999995
      vertex 7.1 0.0598326359832636 4.4799999999999995
    endloop
  endfacet
  facet normal 0 1 0
    outer loop
      vertex 0.06 -0.06 4.4799999999999995
      vertex 0.06 -0.06 4.6
      vertex 0.95 -0.06 4.4799999999999995
    endloop
  endfacet
  facet normal 0 1 0
    outer loop
      vertex 0.95 -0.06 4.4799999999999995
      vertex 0.06 -0.06 4.6
      vertex 0.95 -0.06 4.6
    endloop
  endfacet
  facet normal 0 0 1
    outer loop
      vertex 0.06 -0.06 4.4799999999999995
      vertex 0.95 -0.06 4.4799999999999995
      vertex 0.9919751649204501 -0.04413659293752425 4.4799999999999995
    endloop
  endfacet
  facet normal 0 0 1
    outer loop
      vertex -2.95 -0.06 4.4799999999999995
      vertex -2.05 -0.06 4.4799999999999995
      vertex 7.1 0.0598326359832636 4.4799999999999995
    endloop
  endfacet
  facet normal 0 0 1
    outer loop
      vertex 0.95 -0.06 4.4799999999999995
      vertex 0.9890909090909091 -0.06 4.4799999999999995
      vertex 0.9919751649204501 -0.04413659293752425 4.4799999999999995
    endloop
  endfacet
  facet normal 0 0 1
    outer loop
      vertex -0.06 -0.06 4.4799999999999995
      vertex 0.9919751649204501 -0.04413659293752425 4.4799999999999995
      vertex 1.9950795498641831 -0.027062475746992627 4.4799999999999995
    endloop
  endfacet
  facet normal 0 0 1
    outer loop
      vertex -2.05 -0.06 4.4799999999999995
      vertex -2.0109090909090908 -0.06 4.4799999999999995
      vertex 7.1 0.0598326359832636 4.4799999999999995
    endloop
  endfacet
  facet normal 0 0 1
    outer loop
      vertex -2.0109090909090908 -0.06 4.4799999999999995
      vertex -1.95 -0.06 4.4799999999999995
      vertex 7.1 0.0598326359832636 4.4799999999999995
    endloop
  endfacet
  facet normal 0 0 1
    outer loop
      vertex 0.9919751649204501 -0.04413659293752425 4.4799999999999995
      vertex 1.05 -0.06 4.4799999999999995
      vertex 1.9950795498641831 -0.027062475746992627 4.4799999999999995
    endloop
  endfacet
  facet normal 0 0 1
    outer loop
      vertex -1.95 -0.06 4.4799999999999995
      vertex -1.05 -0.06 4.4799999999999995
      vertex 7.1 0.0598326359832636 4.4799999999999995
    endloop
  endfacet
  facet normal 0 1 0
    outer loop
      vertex 1.05 -0.06 4.4799999999999995
      vertex 1.05 -0.06 4.6
      vertex 1.95 -0.06 4.4799999999999995
    endloop
  endfacet
  facet normal 0 0 1
    outer loop
      vertex -0.06 -0.06 4.4799999999999995
      vertex 1.9950795498641831 -0.027062475746992627 4.4799999999999995
      vertex 2.998183934807916 -0.009988358556460998 4.4799999999999995
    endloop
  endfacet
  facet normal 0 0 1
    outer loop
      vertex 1.05 -0.06 4.4799999999999995
      vertex 1.95 -0.06 4.4799999999999995
      vertex 1.9950795498641831 -0.027062475746992627 4.4799999999999995
    endloop
  endfacet
  facet normal 0 0 1
    outer loop
      vertex -1.05 -0.06 4.4799999999999995
      vertex -1.010909090909091 -0.06 4.4799999999999995
      vertex 7.1 0.0598326359832636 4.4799999999999995
    endloop
  endfacet
  facet normal 0 0 1
    outer loop
      vertex -1.010909090909091 -0.06 4.4799999999999995
      vertex -0.95 -0.06 4.4799999999999995
      vertex 7.1 0.0598326359832636 4.4799999999999995
    endloop
  endfacet
  facet normal 0 1 0
    outer loop
      vertex 1.95 -0.06 4.4799999999999995
      vertex 1.05 -0.06 4.6
      vertex 1.95 -0.06 4.6
    endloop
  endfacet
  facet normal 0 0 1
    outer loop
      vertex 1.95 -0.06 4.4799999999999995
      vertex 1.989090909090909 -0.06 4.4799999999999995
      vertex 1.9950795498641831 -0.027062475746992627 4.4799999999999995
    endloop
  endfacet
  facet normal 0 0 1
    outer loop
      vertex -0.95 -0.06 4.4799999999999995
      vertex -0.06 -0.06 4.4799999999999995
      vertex 7.1 0.0598326359832636 4.4799999999999995
    endloop
  endfacet
  facet normal 0 0 1
    outer loop
      vertex -0.06 -0.06 4.4799999999999995
      vertex 2.998183934807916 -0.009988358556460998 4.4799999999999995
      vertex 4.001288319751649 0.007085758634070631 4.4799999999999995
    endloop
  endfacet
  facet normal 0 0 1
    outer loop
      vertex 1.9950795498641831 -0.027062475746992627 4.4799999999999995
      vertex 2.05 -0.06 4.4799999999999995
      vertex 2.998183934807916 -0.009988358556460998 4.4799999999999995
    endloop
  endfacet
  facet normal 0 1 0
    outer loop
      vertex 2.05 -0.06 4.4799999999999995
      vertex 2.05 -0.06 4.6
      vertex 2.95 -0.06 4.4799999999999995
    endloop
  endfacet
  facet normal 0 1 0
    outer loop
      vertex 2.95 -0.06 4.4799999999999995
      vertex 2.05 -0.06 4.6
      vertex 2.95 -0.06 4.6
    endloop
  endfacet
  facet normal 0 0 1
    outer loop
      vertex 2.05 -0.06 4.4799999999999995
      vertex 2.95 -0.06 4.4799999999999995
      vertex 2.998183934807916 -0.009988358556460998 4.4799999999999995
    endloop
  endfacet
  facet normal 0 0 1
    outer loop
      vertex 2.95 -0.06 4.4799999999999995
      vertex 2.9890909090909092 -0.06 4.4799999999999995
      vertex 2.998183934807916 -0.009988358556460998 4.4799999999999995
    endloop
  endfacet
  facet normal 0 0 1
    outer loop
      vertex -0.06 -0.06 4.4799999999999995
      vertex 4.001288319751649 0.007085758634070631 4.4799999999999995
      vertex 5.004392704695382 0.02415987582460226 4.4799999999999995
    endloop
  endfacet
  facet normal 0 0 1
    outer loop
      vertex 2.998183934807916 -0.009988358556460998 4.4799999999999995
      vertex 3.05 -0.06 4.4799999999999995
      vertex 4.001288319751649 0.007085758634070631 4.4799999999999995
    endloop
  endfacet
  facet normal 0 1 0
    outer loop
      vertex 3.05 -0.06 4.4799999999999995
      vertex 3.05 -0.06 4.6
      vertex 3.95 -0.06 4.4799999999999995
    endloop
  endfacet
  facet normal 0 0 1
    outer loop
      vertex 3.05 -0.06 4.4799999999999995
      vertex 3.95 -0.06 4.4799999999999995
      vertex 4.001288319751649 0.007085758634070631 4.4799999999999995
    endloop
  endfacet
  facet normal 0 1 0
    outer loop
      vertex 3.95 -0.06 4.4799999999999995
      vertex 3.05 -0.06 4.6
      vertex 3.95 -0.06 4.6
    endloop
  endfacet
  facet normal 0 0 1
    outer loop
      vertex 3.95 -0.06 4.4799999999999995
      vertex 3.9890909090909092 -0.06 4.4799999999999995
      vertex 4.001288319751649 0.007085758634070631 4.4799999999999995
    endloop
  endfacet
  facet normal 0 0 1
    outer loop
      vertex 4.05 -0.06 4.4799999999999995
      vertex 5.004392704695382 0.02415987582460226 4.4799999999999995
      vertex 4.001288319751649 0.007085758634070631 4.4799999999999995
    endloop
  endfacet
  facet normal 0 1 0
    outer loop
      vertex 4.05 -0.06 4.4799999999999995
      vertex 4.05 -0.06 4.6
      vertex 4.95 -0.06 4.4799999999999995
    endloop
  endfacet
  facet normal 0 1 0
    outer loop
      vertex 4.95 -0.06 4.4799999999999995
      vertex 4.05 -0.06 4.6
      vertex 4.95 -0.06 4.6
    endloop
  endfacet
  facet normal 0 0 1
    outer loop
      vertex 4.05 -0.06 4.4799999999999995
      vertex 4.95 -0.06 4.4799999999999995
      vertex 5.004392704695382 0.02415987582460226 4.4799999999999995
    endloop
  endfacet
  facet normal 0 0 1
    outer loop
      vertex 4.95 -0.06 4.4799999999999995
      vertex 4.989090909090909 -0.06 4.4799999999999995
      vertex 5.004392704695382 0.02415987582460226 4.4799999999999995
    endloop
  endfacet
  facet normal 0 1 0
    outer loop
      vertex 5.05 -0.06 4.4799999999999995
      vertex 5.05 -0.06 4.6
      vertex 5.95 -0.06 4.4799999999999995
    endloop
  endfacet
  facet normal 0 0 1
    outer loop
      vertex 5.05 -0.06 4.4799999999999995
      vertex 5.95 -0.06 4.4799999999999995
      vertex 6.0074970896391156 0.041233993015133884 4.4799999999999995
    endloop
  endfacet
  facet normal 0 1 0
    outer loop
      vertex 5.95 -0.06 4.4799999999999995
      vertex 5.05 -0.06 4.6
      vertex 5.95 -0.06 4.6
    endloop
  endfacet
  facet normal 0 0 1
    outer loop
      vertex 5.95 -0.06 4.4799999999999995
      vertex 5.989090909090909 -0.06 4.4799999999999995
      vertex 6.0074970896391156 0.041233993015133884 4.4799999999999995
    endloop
  endfacet
  facet normal 0 1 0
    outer loop
      vertex 6.05 -0.06 4.4799999999999995
      vertex 6.05 -0.06 4.6
      vertex 6.95 -0.06 4.4799999999999995
    endloop
  endfacet
  facet normal 0 1 0
    outer loop
      vertex 6.95 -0.06 4.4799999999999995
      vertex 6.05 -0.06 4.6
      vertex 6.95 -0.06 4.6
    endloop
  endfacet
  facet normal 0 0 1
    outer loop
      vertex 6.05 -0.06 4.4799999999999995
      vertex 6.95 -0.06 4.4799999999999995
      vertex 7.010601474582848 0.05830811020566551 4.4799999999999995
    endloop
  endfacet
  facet normal 0 0 1
    outer loop
      vertex 6.95 -0.06 4.4799999999999995
      vertex 6.989090909090909 -0.06 4.4799999999999995
      vertex 7.010601474582848 0.05830811020566551 4.4799999999999995
    endloop
  endfacet
  facet normal 0 0 1
    outer loop
      vertex 7.05 -0.06 4.4799999999999995
      vertex 7.1 -0.06 4.4799999999999995
      vertex 7.010601474582848 0.05830811020566551 4.4799999999999995
    endloop
  endfacet
  facet normal 0 1 0
    outer loop
      vertex 7.05 -0.06 4.4799999999999995
      vertex 7.1 -0.06 4.6
      vertex 7.1 -0.06 4.4799999999999995
    endloop
  endfacet
  facet normal 0 1 0
    outer loop
      vertex 7.05 -0.06 4.4799999999999995
      vertex 7.05 -0.06 4.6
      vertex 7.1 -0.06 4.6
    endloop
  endfacet
  facet normal 0 -1 0
    outer loop
      vertex 0.06 0.06 4.4799999999999995
      vertex 0.95 0.06 4.6
      vertex 0.06 0.06 4.6
    endloop
  endfacet
  facet normal 0 0 1
    outer loop
      vertex -7.05 -0.06 4.4799999999999995
      vertex 5.007683442182097 0.042258932001536686 4.4799999999999995
      vertex 4.006146753745678 0.033807145601229355 4.4799999999999995
    endloop
  endfacet
  facet normal 0 -1 0
    outer loop
      vertex 0.06 0.06 4.4799999999999995
      vertex 0.95 0.06 4.4799999999999995
      vertex 0.95 0.06 4.6
    endloop
  endfacet
  facet normal 0 0 1
    outer loop
      vertex 0.06 0.06 4.4799999999999995
      vertex 1.0015366884364196 0.008451786400307339 4.4799999999999995
      vertex 0.95 0.06 4.4799999999999995
    endloop
  endfacet
  facet normal 0 0 1
    outer loop
      vertex 0.95 0.06 4.4799999999999995
      vertex 1.0015366884364196 0.008451786400307339 4.4799999999999995
      vertex 1.010909090909091 0.06 4.4799999999999995
    endloop
  endfacet
  facet normal 0 0 1
    outer loop
      vertex -7.05 -0.06 4.4799999999999995
      vertex 6.009220130618517 0.05071071840184403 4.4799999999999995
      vertex 5.007683442182097 0.042258932001536686 4.4799999999999995
    endloop
  endfacet
  facet normal 0 0 1
    outer loop
      vertex 1.0015366884364196 0.008451786400307339 4.4799999999999995
      vertex 2.003073376872839 0.016903572800614677 4.4799999999999995
      vertex 1.05 0.06 4.4799999999999995
    endloop
  endfacet
  facet normal 0 -1 0
    outer loop
      vertex 1.05 0.06 4.4799999999999995
      vertex 1.95 0.06 4.6
      vertex 1.05 0.06 4.6
    endloop
  endfacet
  facet normal 0 -1 0
    outer loop
      vertex 1.05 0.06 4.4799999999999995
      vertex 1.95 0.06 4.4799999999999995
      vertex 1.95 0.06 4.6
    endloop
  endfacet
  facet normal 0 0 1
    outer loop
      vertex 1.05 0.06 4.4799999999999995
      vertex 2.003073376872839 0.016903572800614677 4.4799999999999995
      vertex 1.95 0.06 4.4799999999999995
    endloop
  endfacet
  facet normal 0 0 1
    outer loop
      vertex -7.05 -0.06 4.4799999999999995
      vertex 7.0107568190549365 0.059162504802151364 4.4799999999999995
      vertex 6.009220130618517 0.05071071840184403 4.4799999999999995
    endloop
  endfacet
  facet normal 0 0 1
    outer loop
      vertex 1.95 0.06 4.4799999999999995
      vertex 2.003073376872839 0.016903572800614677 4.4799999999999995
      vertex 2.0109090909090908 0.06 4.4799999999999995
    endloop
  endfacet
  facet normal 0 0 1
    outer loop
      vertex -7.05 -0.06 4.4799999999999995
      vertex 7.1 0.0598326359832636 4.4799999999999995
      vertex 7.0107568190549365 0.059162504802151364 4.4799999999999995
    endloop
  endfacet
  facet normal 0 0 1
    outer loop
      vertex 2.003073376872839 0.016903572800614677 4.4799999999999995
      vertex 3.0046100653092584 0.025355359200922013 4.4799999999999995
      vertex 2.05 0.06 4.4799999999999995
    endloop
  endfacet
  facet normal 0 -1 0
    outer loop
      vertex 2.05 0.06 4.4799999999999995
      vertex 2.95 0.06 4.6
      vertex 2.05 0.06 4.6
    endloop
  endfacet
  facet normal 0 -1 0
    outer loop
      vertex 2.05 0.06 4.4799999999999995
      vertex 2.95 0.06 4.4799999999999995
      vertex 2.95 0.06 4.6
    endloop
  endfacet
  facet normal 0 0 1
    outer loop
      vertex 2.05 0.06 4.4799999999999995
      vertex 3.0046100653092584 0.025355359200922013 4.4799999999999995
      vertex 2.95 0.06 4.4799999999999995
    endloop
  endfacet
  facet normal 0 0 1
    outer loop
      vertex 2.95 0.06 4.4799999999999995
      vertex 3.0046100653092584 0.025355359200922013 4.4799999999999995
      vertex 3.0109090909090908 0.06 4.4799999999999995
    endloop
  endfacet
  facet normal 0 0 1
    outer loop
      vertex 3.0046100653092584 0.025355359200922013 4.4799999999999995
      vertex 4.006146753745678 0.033807145601229355 4.4799999999999995
      vertex 3.05 0.06 4.4799999999999995
    endloop
  endfacet
  facet normal 0 -1 0
    outer loop
      vertex 3.05 0.06 4.4799999999999995
      vertex 3.95 0.06 4.6
      vertex 3.05 0.06 4.6
    endloop
  endfacet
  facet normal 0 0 1
    outer loop
      vertex -0.06 -0.06 4.4799999999999995
      vertex 5.004392704695382 0.02415987582460226 4.4799999999999995
      vertex 6.0074970896391156 0.041233993015133884 4.4799999999999995
    endloop
  endfacet
  facet normal 0 -1 0
    outer loop
      vertex 3.05 0.06 4.4799999999999995
      vertex 3.95 0.06 4.4799999999999995
      vertex 3.95 0.06 4.6
    endloop
  endfacet
  facet normal 0 0 1
    outer loop
      vertex 3.05 0.06 4.4799999999999995
      vertex 4.006146753745678 0.033807145601229355 4.4799999999999995
      vertex 3.95 0.06 4.4799999999999995
    endloop
  endfacet
  facet normal 0 0 1
    outer loop
      vertex 3.95 0.06 4.4799999999999995
      vertex 4.006146753745678 0.033807145601229355 4.4799999999999995
      vertex 4.010909090909091 0.06 4.4799999999999995
    endloop
  endfacet
  facet normal 0 0 1
    outer loop
      vertex -0.06 -0.06 4.4799999999999995
      vertex 6.0074970896391156 0.041233993015133884 4.4799999999999995
      vertex 7.010601474582848 0.05830811020566551 4.4799999999999995
    endloop
  endfacet
  facet normal 0 0 1
    outer loop
      vertex 4.006146753745678 0.033807145601229355 4.4799999999999995
      vertex 5.007683442182097 0.042258932001536686 4.4799999999999995
      vertex 4.05 0.06 4.4799999999999995
    endloop
  endfacet
  facet normal 0 -1 0
    outer loop
      vertex 4.05 0.06 4.4799999999999995
      vertex 4.95 0.06 4.6
      vertex 4.05 0.06 4.6
    endloop
  endfacet
  facet normal 0 -1 0
    outer loop
      vertex 4.05 0.06 4.4799999999999995
      vertex 4.95 0.06 4.4799999999999995
      vertex 4.95 0.06 4.6
    endloop
  endfacet
  facet normal 0 0 1
    outer loop
      vertex -0.06 -0.06 4.4799999999999995
      vertex 7.010601474582848 0.05830811020566551 4.4799999999999995
      vertex 7.1 0.0598326359832636 4.4799999999999995
    endloop
  endfacet
  facet normal 0 0 1
    outer loop
      vertex 4.05 0.06 4.4799999999999995
      vertex 5.007683442182097 0.042258932001536686 4.4799999999999995
      vertex 4.95 0.06 4.4799999999999995
    endloop
  endfacet
  facet normal 0 0 1
    outer loop
      vertex 4.95 0.06 4.4799999999999995
      vertex 5.007683442182097 0.042258932001536686 4.4799999999999995
      vertex 5.010909090909091 0.06 4.4799999999999995
    endloop
  endfacet
  facet normal 0 0 1
    outer loop
      vertex 5.05 -0.06 4.4799999999999995
      vertex 6.0074970896391156 0.041233993015133884 4.4799999999999995
      vertex 5.004392704695382 0.02415987582460226 4.4799999999999995
    endloop
  endfacet
  facet normal 0 0 1
    outer loop
      vertex 5.007683442182097 0.042258932001536686 4.4799999999999995
      vertex 6.009220130618517 0.05071071840184403 4.4799999999999995
      vertex 5.05 0.06 4.4799999999999995
    endloop
  endfacet
  facet normal 0 -1 0
    outer loop
      vertex 5.05 0.06 4.4799999999999995
      vertex 5.95 0.06 4.6
      vertex 5.05 0.06 4.6
    endloop
  endfacet
  facet normal 0 -1 0
    outer loop
      vertex 5.05 0.06 4.4799999999999995
      vertex 5.95 0.06 4.4799999999999995
      vertex 5.95 0.06 4.6
    endloop
  endfacet
  facet normal 0 0 1
    outer loop
      vertex 5.05 0.06 4.4799999999999995
      vertex 6.009220130618517 0.05071071840184403 4.4799999999999995
      vertex 5.95 0.06 4.4799999999999995
    endloop
  endfacet
  facet normal 0 0 1
    outer loop
      vertex 5.95 0.06 4.4799999999999995
      vertex 6.009220130618517 0.05071071840184403 4.4799999999999995
      vertex 6.010909090909091 0.06 4.4799999999999995
    endloop
  endfacet
  facet normal 0 0 1
    outer loop
      vertex 6.05 -0.06 4.4799999999999995
      vertex 7.010601474582848 0.05830811020566551 4.4799999999999995
      vertex 6.0074970896391156 0.041233993015133884 4.4799999999999995
    endloop
  endfacet
  facet normal 0 0 1
    outer loop
      vertex 6.009220130618517 0.05071071840184403 4.4799999999999995
      vertex 7.0107568190549365 0.059162504802151364 4.4799999999999995
      vertex 6.05 0.06 4.4799999999999995
    endloop
  endfacet
  facet normal 0 -1 0
    outer loop
      vertex 6.05 0.06 4.4799999999999995
      vertex 6.95 0.06 4.4799999999999995
      vertex 6.05 0.06 4.6
    endloop
  endfacet
  facet normal 0 -1 0
    outer loop
      vertex 6.95 0.06 4.4799999999999995
      vertex 6.95 0.06 4.6
      vertex 6.05 0.06 4.6
    endloop
  endfacet
  facet normal 0 0 1
    outer loop
      vertex 6.05 0.06 4.4799999999999995
      vertex 7.0107568190549365 0.059162504802151364 4.4799999999999995
      vertex 6.95 0.06 4.4799999999999995
    endloop
  endfacet
  facet normal 0 0 1
    outer loop
      vertex 6.95 0.06 4.4799999999999995
      vertex 7.0107568190549365 0.059162504802151364 4.4799999999999995
      vertex 7.010909090909091 0.06 4.4799999999999995
    endloop
  endfacet
  facet normal 0 0 1
    outer loop
      vertex 7.010601474582848 0.05830811020566551 4.4799999999999995
      vertex 7.1 -0.06 4.4799999999999995
      vertex 7.1 0.0598326359832636 4.4799999999999995
    endloop
  endfacet
  facet normal 0 0 1
    outer loop
      vertex 7.0107568190549365 0.059162504802151364 4.4799999999999995
      vertex 7.1 0.0598326359832636 4.4799999999999995
      vertex 7.05 0.06 4.4799999999999995
    endloop
  endfacet
  facet normal 0 0 1
    outer loop
      vertex 7.05 0.06 4.4799999999999995
      vertex 7.1 0.0598326359832636 4.4799999999999995
      vertex 7.1 0.06 4.4799999999999995
    endloop
  endfacet
  facet normal 0 -1 0
    outer loop
      vertex 7.05 0.06 4.4799999999999995
      vertex 7.1 0.06 4.4799999999999995
      vertex 7.05 0.06 4.6
    endloop
  endfacet
  facet normal 0 -1 0
    outer loop
      vertex 7.1 0.06 4.6
      vertex 7.05 0.06 4.6
      vertex 7.1 0.06 4.4799999999999995
    endloop
  endfacet
  facet normal 0 0 1
    outer loop
      vertex -0.06 -4.95 4.4799999999999995
      vertex -0.05854545454545455 -4.95 4.4799999999999995
      vertex -0.06 -4.05 4.4799999999999995
    endloop
  endfacet
  facet normal 1 0 0
    outer loop
      vertex -0.06 -4.95 4.4799999999999995
      vertex -0.06 -4.05 4.6
      vertex -0.06 -4.95 4.6
    endloop
  endfacet
  facet normal 0 0 1
    outer loop
      vertex -0.05854545454545455 -4.95 4.4799999999999995
      vertex -0.03567238516878804 -4.006485888212507 4.4799999999999995
      vertex -0.06 -4.05 4.4799999999999995
    endloop
  endfacet
  facet normal 1 0 0
    outer loop
      vertex -0.06 -4.95 4.4799999999999995
      vertex -0.06 -4.05 4.4799999999999995
      vertex -0.06 -4.05 4.6
    endloop
  endfacet
  facet normal 0 0 1
    outer loop
      vertex -0.06 -4.010909090909091 4.4799999999999995
      vertex -0.03567238516878804 -4.006485888212507 4.4799999999999995
      vertex -0.06 -3.95 4.4799999999999995
    endloop
  endfacet
  facet normal 0 0 1
    outer loop
      vertex -0.06 -3.95 4.4799999999999995
      vertex -0.03567238516878804 -4.006485888212507 4.4799999999999995
      vertex -0.06 -3.05 4.4799999999999995
    endloop
  endfacet
  facet normal 1 0 0
    outer loop
      vertex -0.06 -3.95 4.4799999999999995
      vertex -0.06 -3.05 4.6
      vertex -0.06 -3.95 4.6
    endloop
  endfacet
  facet normal 0 0 1
    outer loop
      vertex -0.03567238516878804 -4.006485888212507 4.4799999999999995
      vertex -0.01132263420033204 -3.0020586607636965 4.4799999999999995
      vertex -0.06 -3.05 4.4799999999999995
    endloop
  endfacet
  facet normal 0 0 1
    outer loop
      vertex -0.05854545454545455 -4.95 4.4799999999999995
      vertex 0.06 -0.9890909090909091 4.4799999999999995
      vertex -0.03567238516878804 -4.006485888212507 4.4799999999999995
    endloop
  endfacet
  facet normal 1 0 0
    outer loop
      vertex -0.06 -3.95 4.4799999999999995
      vertex -0.06 -3.05 4.4799999999999995
      vertex -0.06 -3.05 4.6
    endloop
  endfacet
  facet normal 0 0 1
    outer loop
      vertex -0.06 -3.0109090909090908 4.4799999999999995
      vertex -0.01132263420033204 -3.0020586607636965 4.4799999999999995
      vertex -0.06 -2.95 4.4799999999999995
    endloop
  endfacet
  facet normal 0 0 1
    outer loop
      vertex -0.01132263420033204 -3.0020586607636965 4.4799999999999995
      vertex -0.06 -2.05 4.4799999999999995
      vertex -0.06 -2.95 4.4799999999999995
    endloop
  endfacet
  facet normal 1 0 0
    outer loop
      vertex -0.06 -2.95 4.4799999999999995
      vertex -0.06 -2.05 4.6
      vertex -0.06 -2.95 4.6
    endloop
  endfacet
  facet normal 0 0 1
    outer loop
      vertex -0.01132263420033204 -3.0020586607636965 4.4799999999999995
      vertex 0.013027116768123959 -1.9976314333148864 4.4799999999999995
      vertex -0.06 -2.05 4.4799999999999995
    endloop
  endfacet
  facet normal 1 0 0
    outer loop
      vertex -0.06 -2.95 4.4799999999999995
      vertex -0.06 -2.05 4.4799999999999995
      vertex -0.06 -2.05 4.6
    endloop
  endfacet
  facet normal 0 0 1
    outer loop
      vertex -0.06 -2.0109090909090908 4.4799999999999995
      vertex 0.013027116768123959 -1.9976314333148864 4.4799999999999995
      vertex -0.06 -1.95 4.4799999999999995
    endloop
  endfacet
  facet normal 0 0 1
    outer loop
      vertex -0.06 -1.95 4.4799999999999995
      vertex 0.013027116768123959 -1.9976314333148864 4.4799999999999995
      vertex -0.06 -1.05 4.4799999999999995
    endloop
  endfacet
  facet normal 1 0 0
    outer loop
      vertex -0.06 -1.95 4.4799999999999995
      vertex -0.06 -1.05 4.6
      vertex -0.06 -1.95 4.6
    endloop
  endfacet
  facet normal 0 0 1
    outer loop
      vertex -0.06 -1.05 4.4799999999999995
      vertex 0.013027116768123959 -1.9976314333148864 4.4799999999999995
      vertex 0.03737686773657996 -0.9932042058660764 4.4799999999999995
    endloop
  endfacet
  facet normal 1 0 0
    outer loop
      vertex -0.06 -1.95 4.4799999999999995
      vertex -0.06 -1.05 4.4799999999999995
      vertex -0.06 -1.05 4.6
    endloop
  endfacet
  facet normal 0 0 1
    outer loop
      vertex -0.06 -1.010909090909091 4.4799999999999995
      vertex 0.03737686773657996 -0.9932042058660764 4.4799999999999995
      vertex -0.06 -0.95 4.4799999999999995
    endloop
  endfacet
  facet normal 0 0 1
    outer loop
      vertex -0.06 -0.95 4.4799999999999995
      vertex 0.03737686773657996 -0.9932042058660764 4.4799999999999995
      vertex -0.06 -0.06 4.4799999999999995
    endloop
  endfacet
  facet normal 1 0 0
    outer loop
      vertex -0.06 -0.95 4.4799999999999995
      vertex -0.06 -0.06 4.6
      vertex -0.06 -0.95 4.6
    endloop
  endfacet
  facet normal 1 0 0
    outer loop
      vertex -0.06 -0.95 4.4799999999999995
      vertex -0.06 -0.06 4.4799999999999995
      vertex -0.06 -0.06 4.6
    endloop
  endfacet
  facet normal 1 0 0
    outer loop
      vertex -0.06 0.06 4.4799999999999995
      vertex -0.06 0.95 4.6
      vertex -0.06 0.06 4.6
    endloop
  endfacet
  facet normal 0 0 1
    outer loop
      vertex -0.06 0.06 4.4799999999999995
      vertex -0.03737686773657996 0.9932042058660764 4.4799999999999995
      vertex -0.06 0.95 4.4799999999999995
    endloop
  endfacet
  facet normal 0 0 1
    outer loop
      vertex -0.06 0.06 4.4799999999999995
      vertex 0.06 0.95 4.4799999999999995
      vertex -0.03737686773657996 0.9932042058660764 4.4799999999999995
    endloop
  endfacet
  facet normal 1 0 0
    outer loop
      vertex -0.06 0.06 4.4799999999999995
      vertex -0.06 0.95 4.4799999999999995
      vertex -0.06 0.95 4.6
    endloop
  endfacet
  facet normal 0 0 1
    outer loop
      vertex -0.06 0.95 4.4799999999999995
      vertex -0.03737686773657996 0.9932042058660764 4.4799999999999995
      vertex -0.013027116768123959 1.9976314333148864 4.4799999999999995
    endloop
  endfacet
  facet normal 1 0 0
    outer loop
      vertex -0.06 1.05 4.4799999999999995
      vertex -0.06 1.95 4.6
      vertex -0.06 1.05 4.6
    endloop
  endfacet
  facet normal 1 0 0
    outer loop
      vertex -0.06 1.05 4.4799999999999995
      vertex -0.06 1.95 4.4799999999999995
      vertex -0.06 1.95 4.6
    endloop
  endfacet
  facet normal 0 0 1
    outer loop
      vertex -0.06 0.95 4.4799999999999995
      vertex 0.03567238516878804 4.006485888212507 4.4799999999999995
      vertex -0.06 0.9890909090909091 4.4799999999999995
    endloop
  endfacet
  facet normal 0 0 1
    outer loop
      vertex -0.06 0.95 4.4799999999999995
      vertex -0.013027116768123959 1.9976314333148864 4.4799999999999995
      vertex 0.01132263420033204 3.0020586607636965 4.4799999999999995
    endloop
  endfacet
  facet normal 0 0 1
    outer loop
      vertex -0.06 0.9890909090909091 4.4799999999999995
      vertex 0.03567238516878804 4.006485888212507 4.4799999999999995
      vertex -0.06 1.05 4.4799999999999995
    endloop
  endfacet
  facet normal 0 0 1
    outer loop
      vertex -0.06 1.05 4.4799999999999995
      vertex 0.03567238516878804 4.006485888212507 4.4799999999999995
      vertex -0.06 1.95 4.4799999999999995
    endloop
  endfacet
  facet normal 1 0 0
    outer loop
      vertex -0.06 2.05 4.4799999999999995
      vertex -0.06 2.95 4.6
      vertex -0.06 2.05 4.6
    endloop
  endfacet
  facet normal 0 0 1
    outer loop
      vertex -0.06 1.95 4.4799999999999995
      vertex 0.03567238516878804 4.006485888212507 4.4799999999999995
      vertex -0.06 1.989090909090909 4.4799999999999995
    endloop
  endfacet
  facet normal 0 0 1
    outer loop
      vertex -0.06 0.95 4.4799999999999995
      vertex 0.01132263420033204 3.0020586607636965 4.4799999999999995
      vertex 0.03567238516878804 4.006485888212507 4.4799999999999995
    endloop
  endfacet
  facet normal 1 0 0
    outer loop
      vertex -0.06 2.05 4.4799999999999995
      vertex -0.06 2.95 4.4799999999999995
      vertex -0.06 2.95 4.6
    endloop
  endfacet
  facet normal 0 0 1
    outer loop
      vertex -0.06 1.989090909090909 4.4799999999999995
      vertex 0.03567238516878804 4.006485888212507 4.4799999999999995
      vertex -0.06 2.05 4.4799999999999995
    endloop
  endfacet
  facet normal 0 0 1
    outer loop
      vertex -0.06 2.05 4.4799999999999995
      vertex 0.03567238516878804 4.006485888212507 4.4799999999999995
      vertex -0.06 2.95 4.4799999999999995
    endloop
  endfacet
  facet normal 0 0 1
    outer loop
      vertex -0.06 2.95 4.4799999999999995
      vertex 0.03567238516878804 4.006485888212507 4.4799999999999995
      vertex -0.06 2.9890909090909092 4.4799999999999995
    endloop
  endfacet
  facet normal 0 0 1
    outer loop
      vertex -0.06 2.9890909090909092 4.4799999999999995
      vertex 0.03567238516878804 4.006485888212507 4.4799999999999995
      vertex -0.06 3.05 4.4799999999999995
    endloop
  endfacet
  facet normal 1 0 0
    outer loop
      vertex -0.06 3.05 4.4799999999999995
      vertex -0.06 3.95 4.6
      vertex -0.06 3.05 4.6
    endloop
  endfacet
  facet normal 0 0 1
    outer loop
      vertex -0.06 3.05 4.4799999999999995
      vertex 0.03567238516878804 4.006485888212507 4.4799999999999995
      vertex -0.06 3.95 4.4799999999999995
    endloop
  endfacet
  facet normal 1 0 0
    outer loop
      vertex -0.06 3.05 4.4799999999999995
      vertex -0.06 3.95 4.4799999999999995
      vertex -0.06 3.95 4.6
    endloop
  endfacet
  facet normal 0 0 1
    outer loop
      vertex -0.06 3.95 4.4799999999999995
      vertex 0.03567238516878804 4.006485888212507 4.4799999999999995
      vertex -0.06 3.9890909090909092 4.4799999999999995
    endloop
  endfacet
  facet normal 0 0 1
    outer loop
      vertex -0.06 3.9890909090909092 4.4799999999999995
      vertex 0.03567238516878804 4.006485888212507 4.4799999999999995
      vertex -0.06 4.05 4.4799999999999995
    endloop
  endfacet
  facet normal 0 0 1
    outer loop
      vertex -0.06 4.05 4.4799999999999995
      vertex 0.03567238516878804 4.006485888212507 4.4799999999999995
      vertex -0.06 4.95 4.4799999999999995
    endloop
  endfacet
  facet normal 1 0 0
    outer loop
      vertex -0.06 4.05 4.4799999999999995
      vertex -0.06 4.95 4.6
      vertex -0.06 4.05 4.6
    endloop
  endfacet
  facet normal 1 0 0
    outer loop
      vertex -0.06 4.05 4.4799999999999995
      vertex -0.06 4.95 4.4799999999999995
      vertex -0.06 4.95 4.6
    endloop
  endfacet
  facet normal 0 0 1
    outer loop
      vertex -0.05854545454545455 -4.95 4.4799999999999995
      vertex 0.06 -4.989090909090909 4.4799999999999995
      vertex 0.06 -4.95 4.4799999999999995
    endloop
  endfacet
  facet normal 0 0 1
    outer loop
      vertex -0.05854545454545455 -4.95 4.4799999999999995
      vertex 0.06 -4.95 4.4799999999999995
      vertex 0.06 -4.05 4.4799999999999995
    endloop
  endfacet
  facet normal -1 0 0
    outer loop
      vertex 0.06 -4.95 4.4799999999999995
      vertex 0.06 -4.95 4.6
      vertex 0.06 -4.05 4.4799999999999995
    endloop
  endfacet
  facet normal 0 0 1
    outer loop
      vertex -0.05854545454545455 -4.95 4.4799999999999995
      vertex 0.06 -4.05 4.4799999999999995
      vertex 0.06 -3.9890909090909092 4.4799999999999995
    endloop
  endfacet
  facet normal 0 0 1
    outer loop
      vertex -0.05854545454545455 -4.95 4.4799999999999995
      vertex 0.06 -3.9890909090909092 4.4799999999999995
      vertex 0.06 -3.95 4.4799999999999995
    endloop
  endfacet
  facet normal -1 0 0
    outer loop
      vertex 0.06 -4.05 4.4799999999999995
      vertex 0.06 -4.95 4.6
      vertex 0.06 -4.05 4.6
    endloop
  endfacet
  facet normal 0 0 1
    outer loop
      vertex -0.05854545454545455 -4.95 4.4799999999999995
      vertex 0.06 -3.95 4.4799999999999995
      vertex 0.06 -3.05 4.4799999999999995
    endloop
  endfacet
  facet normal 0 0 1
    outer loop
      vertex -0.05854545454545455 -4.95 4.4799999999999995
      vertex 0.06 -3.05 4.4799999999999995
      vertex 0.06 -2.9890909090909092 4.4799999999999995
    endloop
  endfacet
  facet normal 0 0 1
    outer loop
      vertex -0.05854545454545455 -4.95 4.4799999999999995
      vertex 0.06 -2.9890909090909092 4.4799999999999995
      vertex 0.06 -2.95 4.4799999999999995
    endloop
  endfacet
  facet normal -1 0 0
    outer loop
      vertex 0.06 -3.95 4.4799999999999995
      vertex 0.06 -3.95 4.6
      vertex 0.06 -3.05 4.4799999999999995
    endloop
  endfacet
  facet normal 0 0 1
    outer loop
      vertex -0.05854545454545455 -4.95 4.4799999999999995
      vertex 0.06 -2.95 4.4799999999999995
      vertex 0.06 -2.05 4.4799999999999995
    endloop
  endfacet
  facet normal -1 0 0
    outer loop
      vertex 0.06 -3.05 4.4799999999999995
      vertex 0.06 -3.95 4.6
      vertex 0.06 -3.05 4.6
    endloop
  endfacet
  facet normal 0 0 1
    outer loop
      vertex -0.05854545454545455 -4.95 4.4799999999999995
      vertex 0.06 -2.05 4.4799999999999995
      vertex 0.06 -1.989090909090909 4.4799999999999995
    endloop
  endfacet
  facet normal 0 0 1
    outer loop
      vertex -0.05854545454545455 -4.95 4.4799999999999995
      vertex 0.06 -1.989090909090909 4.4799999999999995
      vertex 0.06 -1.95 4.4799999999999995
    endloop
  endfacet
  facet normal 0 0 1
    outer loop
      vertex -0.03567238516878804 -4.006485888212507 4.4799999999999995
      vertex 0.06 -0.9890909090909091 4.4799999999999995
      vertex -0.01132263420033204 -3.0020586607636965 4.4799999999999995
    endloop
  endfacet
  facet normal 0 0 1
    outer loop
      vertex -0.05854545454545455 -4.95 4.4799999999999995
      vertex 0.06 -1.95 4.4799999999999995
      vertex 0.06 -1.05 4.4799999999999995
    endloop
  endfacet
  facet normal -1 0 0
    outer loop
      vertex 0.06 -2.95 4.4799999999999995
      vertex 0.06 -2.95 4.6
      vertex 0.06 -2.05 4.4799999999999995
    endloop
  endfacet
  facet normal -1 0 0
    outer loop
      vertex 0.06 -2.05 4.4799999999999995
      vertex 0.06 -2.95 4.6
      vertex 0.06 -2.05 4.6
    endloop
  endfacet
  facet normal 0 0 1
    outer loop
      vertex -0.05854545454545455 -4.95 4.4799999999999995
      vertex 0.06 -1.05 4.4799999999999995
      vertex 0.06 -0.9890909090909091 4.4799999999999995
    endloop
  endfacet
  facet normal 0 0 1
    outer loop
      vertex -0.01132263420033204 -3.0020586607636965 4.4799999999999995
      vertex 0.06 -0.9890909090909091 4.4799999999999995
      vertex 0.013027116768123959 -1.9976314333148864 4.4799999999999995
    endloop
  endfacet
  facet normal -1 0 0
    outer loop
      vertex 0.06 -1.95 4.4799999999999995
      vertex 0.06 -1.95 4.6
      vertex 0.06 -1.05 4.4799999999999995
    endloop
  endfacet
  facet normal 0 0 1
    outer loop
      vertex 0.013027116768123959 -1.9976314333148864 4.4799999999999995
      vertex 0.06 -0.9890909090909091 4.4799999999999995
      vertex 0.03737686773657996 -0.9932042058660764 4.4799999999999995
    endloop
  endfacet
  facet normal -1 0 0
    outer loop
      vertex 0.06 -1.05 4.4799999999999995
      vertex 0.06 -1.95 4.6
      vertex 0.06 -1.05 4.6
    endloop
  endfacet
  facet normal 0 0 1
    outer loop
      vertex 0.03737686773657996 -0.9932042058660764 4.4799999999999995
      vertex 0.06 -0.9890909090909091 4.4799999999999995
      vertex 0.06 -0.95 4.4799999999999995
    endloop
  endfacet
  facet normal 0 0 1
    outer loop
      vertex 0.03737686773657996 -0.9932042058660764 4.4799999999999995
      vertex 0.06 -0.95 4.4799999999999995
      vertex 0.06 -0.06 4.4799999999999995
    endloop
  endfacet
  facet normal -1 0 0
    outer loop
      vertex 0.06 -0.95 4.4799999999999995
      vertex 0.06 -0.95 4.6
      vertex 0.06 -0.06 4.4799999999999995
    endloop
  endfacet
  facet normal 0 0 1
    outer loop
      vertex -0.06 -0.06 4.4799999999999995
      vertex 0.03737686773657996 -0.9932042058660764 4.4799999999999995
      vertex 0.06 -0.06 4.4799999999999995
    endloop
  endfacet
  facet normal -1 0 0
    outer loop
      vertex 0.06 -0.06 4.4799999999999995
      vertex 0.06 -0.95 4.6
      vertex 0.06 -0.06 4.6
    endloop
  endfacet
  facet normal 0 0 1
    outer loop
      vertex -0.06 0.06 4.4799999999999995
      vertex 0.06 0.06 4.4799999999999995
      vertex 0.06 0.95 4.4799999999999995
    endloop
  endfacet
  facet normal -1 0 0
    outer loop
      vertex 0.06 0.06 4.4799999999999995
      vertex 0.06 0.06 4.6
      vertex 0.06 0.95 4.4799999999999995
    endloop
  endfacet
  facet normal -1 0 0
    outer loop
      vertex 0.06 0.95 4.4799999999999995
      vertex 0.06 0.06 4.6
      vertex 0.06 0.95 4.6
    endloop
  endfacet
  facet normal 0 0 1
    outer loop
      vertex -0.03737686773657996 0.9932042058660764 4.4799999999999995
      vertex 0.06 1.010909090909091 4.4799999999999995
      vertex 0.06 1.05 4.4799999999999995
    endloop
  endfacet
  facet normal 0 0 1
    outer loop
      vertex -0.03737686773657996 0.9932042058660764 4.4799999999999995
      vertex 0.06 1.05 4.4799999999999995
      vertex 0.06 1.95 4.4799999999999995
    endloop
  endfacet
  facet normal -1 0 0
    outer loop
      vertex 0.06 1.05 4.4799999999999995
      vertex 0.06 1.05 4.6
      vertex 0.06 1.95 4.4799999999999995
    endloop
  endfacet
  facet normal 0 0 1
    outer loop
      vertex -0.03737686773657996 0.9932042058660764 4.4799999999999995
      vertex 0.06 1.95 4.4799999999999995
      vertex -0.013027116768123959 1.9976314333148864 4.4799999999999995
    endloop
  endfacet
  facet normal -1 0 0
    outer loop
      vertex 0.06 1.95 4.4799999999999995
      vertex 0.06 1.05 4.6
      vertex 0.06 1.95 4.6
    endloop
  endfacet
  facet normal 0 0 1
    outer loop
      vertex -0.013027116768123959 1.9976314333148864 4.4799999999999995
      vertex 0.06 2.0109090909090908 4.4799999999999995
      vertex 0.06 2.05 4.4799999999999995
    endloop
  endfacet
  facet normal 0 0 1
    outer loop
      vertex -0.013027116768123959 1.9976314333148864 4.4799999999999995
      vertex 0.06 2.05 4.4799999999999995
      vertex 0.06 2.95 4.4799999999999995
    endloop
  endfacet
  facet normal -1 0 0
    outer loop
      vertex 0.06 2.05 4.4799999999999995
      vertex 0.06 2.05 4.6
      vertex 0.06 2.95 4.4799999999999995
    endloop
  endfacet
  facet normal 0 0 1
    outer loop
      vertex -0.013027116768123959 1.9976314333148864 4.4799999999999995
      vertex 0.06 2.95 4.4799999999999995
      vertex 0.01132263420033204 3.0020586607636965 4.4799999999999995
    endloop
  endfacet
  facet normal -1 0 0
    outer loop
      vertex 0.06 2.95 4.4799999999999995
      vertex 0.06 2.05 4.6
      vertex 0.06 2.95 4.6
    endloop
  endfacet
  facet normal 0 0 1
    outer loop
      vertex 0.01132263420033204 3.0020586607636965 4.4799999999999995
      vertex 0.06 3.0109090909090908 4.4799999999999995
      vertex 0.06 3.05 4.4799999999999995
    endloop
  endfacet
  facet normal 0 0 1
    outer loop
      vertex 0.01132263420033204 3.0020586607636965 4.4799999999999995
      vertex 0.06 3.05 4.4799999999999995
      vertex 0.06 3.95 4.4799999999999995
    endloop
  endfacet
  facet normal -1 0 0
    outer loop
      vertex 0.06 3.05 4.4799999999999995
      vertex 0.06 3.05 4.6
      vertex 0.06 3.95 4.4799999999999995
    endloop
  endfacet
  facet normal 0 0 1
    outer loop
      vertex 0.01132263420033204 3.0020586607636965 4.4799999999999995
      vertex 0.06 3.95 4.4799999999999995
      vertex 0.03567238516878804 4.006485888212507 4.4799999999999995
    endloop
  endfacet
  facet normal -1 0 0
    outer loop
      vertex 0.06 3.95 4.4799999999999995
      vertex 0.06 3.05 4.6
      vertex 0.06 3.95 4.6
    endloop
  endfacet
  facet normal 0 0 1
    outer loop
      vertex -0.06 4.95 4.4799999999999995
      vertex 0.03567238516878804 4.006485888212507 4.4799999999999995
      vertex 0.06 4.010909090909091 4.4799999999999995
    endloop
  endfacet
  facet normal 0 0 1
    outer loop
      vertex -0.06 4.95 4.4799999999999995
      vertex 0.06 4.010909090909091 4.4799999999999995
      vertex 0.06 4.05 4.4799999999999995
    endloop
  endfacet
  facet normal -1 0 0
    outer loop
      vertex 0.06 4.05 4.4799999999999995
      vertex 0.06 4.05 4.6
      vertex 0.06 4.95 4.4799999999999995
    endloop
  endfacet
  facet normal 0 0 1
    outer loop
      vertex -0.06 4.95 4.4799999999999995
      vertex 0.06 4.05 4.4799999999999995
      vertex 0.06 4.95 4.4799999999999995
    endloop
  endfacet
  facet normal -1 0 0
    outer loop
      vertex 0.06 4.95 4.4799999999999995
      vertex 0.06 4.05 4.6
      vertex 0.06 4.95 4.6
    endloop
  endfacet
  facet normal 0 0 1
    outer loop
      vertex 5.8 -2.4000000000000004 2.2
      vertex 5.1 2.4000000000000004 2.2
      vertex 5.1 -2.4000000000000004 2.2
    endloop
  endfacet
  facet normal 0 1 0
    outer loop
      vertex 5.8 -2.4000000000000004 2.2
      vertex 5.1 -2.4000000000000004 2.2
      vertex 5.8 -2.4000000000000004 2.6000000000000005
    endloop
  endfacet
  facet normal 0 1 0
    outer loop
      vertex 5.8 -2.4000000000000004 2.6000000000000005
      vertex 5.1 -2.4000000000000004 2.2
      vertex 5.1 -2.4000000000000004 2.6000000000000005
    endloop
  endfacet
  facet normal -1 0 0
    outer loop
      vertex 5.8 -2.4000000000000004 2.2
      vertex 5.8 -2.4000000000000004 2.6000000000000005
      vertex 5.8 2.4000000000000004 2.2
    endloop
  endfacet
  facet normal 0 0 -1
    outer loop
      vertex 5.8 -2.4000000000000004 2.6000000000000005
      vertex 5.1 -2.4000000000000004 2.6000000000000005
      vertex 5.8 2.4000000000000004 2.6000000000000005
    endloop
  endfacet
  facet normal 0 0 1
    outer loop
      vertex 5.8 -2.4000000000000004 2.2
      vertex 5.8 2.4000000000000004 2.2
      vertex 5.1 2.4000000000000004 2.2
    endloop
  endfacet
  facet normal -1 0 0
    outer loop
      vertex 5.8 -2.4000000000000004 2.6000000000000005
      vertex 5.8 2.4000000000000004 2.6000000000000005
      vertex 5.8 2.4000000000000004 2.2
    endloop
  endfacet
  facet normal 0 0 -1
    outer loop
      vertex 5.8 2.4000000000000004 2.6000000000000005
      vertex 5.1 -2.4000000000000004 2.6000000000000005
      vertex 5.1 2.4000000000000004 2.6000000000000005
    endloop
  endfacet
  facet normal 0 -1 0
    outer loop
      vertex 5.8 2.4000000000000004 2.2
      vertex 5.1 2.4000000000000004 2.6000000000000005
      vertex 5.1 2.4000000000000004 2.2
    endloop
  endfacet
  facet normal 0 -1 0
    outer loop
      vertex 5.8 2.4000000000000004 2.2
      vertex 5.8 2.4000000000000004 2.6000000000000005
      vertex 5.1 2.4000000000000004 2.6000000000000005
    endloop
  endfacet
endsolid OpenSCAD_Model
