solid OpenSCAD_Model
  facet normal 1 0 0
    outer loop
      vertex 4.299999997019768 -4 0
      vertex 4.299999997019768 4 0
      vertex 4.299999997019768 -4 1.6000000014901161
    endloop
  endfacet
  facet normal 0 1 0
    outer loop
      vertex 4.300000000000001 -4 0
      vertex 4.300000000000001 -4 1.6
      vertex 5 -4 0
    endloop
  endfacet
  facet normal 0 1 0
    outer loop
      vertex 4.300000000000001 -4 0
      vertex 4.299999997019768 -4 0
      vertex 5 -4 2.585915497403856
    endloop
  endfacet
  facet normal 0 1 0
    outer loop
      vertex 4.300000000000001 -4 0
      vertex 5 -4 2.585915497403856
      vertex 5 -4 0
    endloop
  endfacet
  facet normal 0 1 0
    outer loop
      vertex 4.299999997019768 -4 0
      vertex 4.299999997019768 -4 1.6000000014901161
      vertex 5 -4 2.585915497403856
    endloop
  endfacet
  facet normal 0 1 0
    outer loop
      vertex 5 -4 0
      vertex 4.300000000000001 -4 1.6
      vertex 5 -4 2.585915492957747
    endloop
  endfacet
  facet normal 0.8153829842761532 0 -0.5789219195650779
    outer loop
      vertex 4.299999997019768 -4 1.6000000014901161
      vertex 5 4 2.585915497403856
      vertex 5 -4 2.585915497403856
    endloop
  endfacet
  facet normal 0 -1 0
    outer loop
      vertex 4.299999997019768 4 0
      vertex 5 4 0
      vertex 4.299999997019768 4 1.6000000014901161
    endloop
  endfacet
  facet normal 0 -1 0
    outer loop
      vertex 4.300000000000001 4 0
      vertex 5 4 0
      vertex 4.300000000000001 4 1.6
    endloop
  endfacet
  facet normal 1 0 0
    outer loop
      vertex 4.299999997019768 -4 1.6000000014901161
      vertex 4.299999997019768 4 0
      vertex 4.299999997019768 4 1.6000000014901161
    endloop
  endfacet
  facet normal 0 -1 0
    outer loop
      vertex 5 4 0
      vertex 5 4 2.585915492957747
      vertex 4.300000000000001 4 1.6
    endloop
  endfacet
  facet normal 0 -1 0
    outer loop
      vertex 5 4 0
      vertex 5 4 2.585915497403856
      vertex 4.299999997019768 4 1.6000000014901161
    endloop
  endfacet
  facet normal 0.8153829842761532 0 -0.5789219195650779
    outer loop
      vertex 4.299999997019768 -4 1.6000000014901161
      vertex 4.299999997019768 4 1.6000000014901161
      vertex 5 4 2.585915497403856
    endloop
  endfacet
  facet normal 0 1 0
    outer loop
      vertex -5 -4 0
      vertex -4.300000000000001 -4 1.6
      vertex -4.300000000000001 -4 0
    endloop
  endfacet
  facet normal 0 1 0
    outer loop
      vertex -5 -4 0
      vertex -4.299999997019768 -4 1.6000000014901161
      vertex -4.299999997019768 -4 0
    endloop
  endfacet
  facet normal -1 0 0
    outer loop
      vertex -4.299999997019768 -4 0
      vertex -4.299999997019768 -4 1.6000000014901161
      vertex -4.299999997019768 4 0
    endloop
  endfacet
  facet normal 0 1 0
    outer loop
      vertex -5 -4 0
      vertex -5 -4 2.585915492957747
      vertex -4.299999997019768 -4 1.6000000014901161
    endloop
  endfacet
  facet normal 0 1 0
    outer loop
      vertex -5 -4 0
      vertex -5 -4 2.585915492957747
      vertex -4.300000000000001 -4 1.6
    endloop
  endfacet
  facet normal -0.8153829842761532 0 -0.5789219195650779
    outer loop
      vertex -4.299999997019768 -4 1.6000000014901161
      vertex -5 -4 2.585915497403856
      vertex -4.299999997019768 4 1.6000000014901161
    endloop
  endfacet
  facet normal 0 1 0
    outer loop
      vertex -4.299999997019768 -4 1.6000000014901161
      vertex -5 -4 2.585915492957747
      vertex -5 -4 2.585915497403856
    endloop
  endfacet
  facet normal 0 -1 0
    outer loop
      vertex -5 4 0
      vertex -4.300000000000001 4 0
      vertex -4.299999997019768 4 1.6000000014901161
    endloop
  endfacet
  facet normal 0 -1 0
    outer loop
      vertex -5 4 0
      vertex -4.300000000000001 4 0
      vertex -5 4 2.585915492957747
    endloop
  endfacet
  facet normal 0 -1 0
    outer loop
      vertex -4.299999997019768 4 0
      vertex -4.299999997019768 4 1.6000000014901161
      vertex -4.300000000000001 4 0
    endloop
  endfacet
  facet normal 0 -1 0
    outer loop
      vertex -5 4 0
      vertex -4.299999997019768 4 1.6000000014901161
      vertex -5 4 2.585915497403856
    endloop
  endfacet
  facet normal 0 -1 0
    outer loop
      vertex -4.300000000000001 4 0
      vertex -4.300000000000001 4 1.6
      vertex -5 4 2.585915492957747
    endloop
  endfacet
  facet normal -1 0 0
    outer loop
      vertex -4.299999997019768 -4 1.6000000014901161
      vertex -4.299999997019768 4 1.6000000014901161
      vertex -4.299999997019768 4 0
    endloop
  endfacet
  facet normal -0.8153829842761532 0 -0.5789219195650779
    outer loop
      vertex -5 -4 2.585915497403856
      vertex -5 4 2.585915497403856
      vertex -4.299999997019768 4 1.6000000014901161
    endloop
  endfacet
  facet normal -0.6997928045290969 -0.14345752492846495 -0.6997928045290978
    outer loop
      vertex 5 -6.902439024390246 4
      vertex 4.609999999999999 -5 4
      vertex 5 -5 3.61
    endloop
  endfacet
  facet normal -0.7071067811865471 0 -0.7071067811865479
    outer loop
      vertex 5 -5 3.61
      vertex 4.609999999999999 -5 4
      vertex 5 5 3.61
    endloop
  endfacet
  facet normal -0.7071067811865476 0 -0.7071067811865476
    outer loop
      vertex 4.609999999999999 -5 4
      vertex 4.609999999999999 -0.06 4
      vertex 4.7299999999999995 -0.06 3.88
    endloop
  endfacet
  facet normal -0.7071067811865464 -5.402189852338884e-17 -0.7071067811865486
    outer loop
      vertex 4.609999999999999 -5 4
      vertex 4.7299999999999995 -0.06 3.88
      vertex 5 5 3.61
    endloop
  endfacet
  facet normal -0.7071067811865475 0 -0.7071067811865475
    outer loop
      vertex 5 5 3.61
      vertex 4.7299999999999995 -0.06 3.88
      vertex 4.7299999999999995 0.06 3.88
    endloop
  endfacet
  facet normal -0.7071067811865475 6.621510031561122e-17 -0.7071067811865475
    outer loop
      vertex 5 5 3.61
      vertex 4.7299999999999995 0.06 3.88
      vertex 4.609999999999999 0.06 4
    endloop
  endfacet
  facet normal -0.7071067811865471 0 -0.7071067811865479
    outer loop
      vertex 5 5 3.61
      vertex 4.609999999999999 0.06 4
      vertex 4.609999999999999 5 4
    endloop
  endfacet
  facet normal -0.6997928045290969 0.14345752492846495 -0.6997928045290978
    outer loop
      vertex 5 5 3.61
      vertex 4.609999999999999 5 4
      vertex 5 6.902439024390246 4
    endloop
  endfacet
  facet normal 0.6997928045290969 -0.14345752492846495 -0.6997928045290978
    outer loop
      vertex -5 -6.902439024390246 4
      vertex -5 -5 3.61
      vertex -4.609999999999999 -5 4
    endloop
  endfacet
  facet normal 0.7071067811865471 0 -0.7071067811865479
    outer loop
      vertex -5 -5 3.61
      vertex -4.609999999999999 -0.06 4
      vertex -4.609999999999999 -5 4
    endloop
  endfacet
  facet normal 0.7071067811866009 -5.404302633960156e-15 -0.7071067811864941
    outer loop
      vertex -5 -5 3.61
      vertex -4.7299999999999995 0.06 3.88
      vertex -4.73 -0.054327509047292256 3.88
    endloop
  endfacet
  facet normal 0.7071067811855737 1.0892224658067311e-13 -0.7071067811875215
    outer loop
      vertex -5 -5 3.61
      vertex -4.73 -0.054327509047292256 3.88
      vertex -4.7299999999999995 -0.06 3.88
    endloop
  endfacet
  facet normal 0.7071067811865475 -6.621510031561122e-17 -0.7071067811865475
    outer loop
      vertex -5 -5 3.61
      vertex -4.7299999999999995 -0.06 3.88
      vertex -4.609999999999999 -0.06 4
    endloop
  endfacet
  facet normal 0.7071067811865471 0 -0.7071067811865479
    outer loop
      vertex -5 -5 3.61
      vertex -5 5 3.61
      vertex -4.609999999999999 5 4
    endloop
  endfacet
  facet normal 0.7071067811865464 5.402189852338884e-17 -0.7071067811865486
    outer loop
      vertex -5 -5 3.61
      vertex -4.609999999999999 5 4
      vertex -4.7299999999999995 0.06 3.88
    endloop
  endfacet
  facet normal 0.7071067811865476 0 -0.7071067811865476
    outer loop
      vertex -4.609999999999999 5 4
      vertex -4.609999999999999 0.06 4
      vertex -4.7299999999999995 0.06 3.88
    endloop
  endfacet
  facet normal 0.6997928045290969 0.14345752492846495 -0.6997928045290978
    outer loop
      vertex -5 5 3.61
      vertex -5 6.902439024390246 4
      vertex -4.609999999999999 5 4
    endloop
  endfacet
  facet normal -0.8153829846202773 0.578921919080396 0
    outer loop
      vertex 4.300000000000001 4 0
      vertex 4.300000000000001 4 1.6
      vertex 5 4.985915492957747 0
    endloop
  endfacet
  facet normal -0.8153829846202774 0.578921919080396 0
    outer loop
      vertex 5 4.985915492957747 0
      vertex 4.300000000000001 4 1.6
      vertex 5 4.985915492957747 2.585915492957747
    endloop
  endfacet
  facet normal -0.8153829846202773 0 0.578921919080396
    outer loop
      vertex 4.300000000000001 4 1.6
      vertex 5 4 2.585915492957747
      vertex 5 4.985915492957747 2.585915492957747
    endloop
  endfacet
  facet normal 0.8153829846202773 0.578921919080396 0
    outer loop
      vertex -5 4.985915492957747 0
      vertex -4.300000000000001 4 1.6
      vertex -4.300000000000001 4 0
    endloop
  endfacet
  facet normal 0.8153829846202774 0.578921919080396 0
    outer loop
      vertex -5 4.985915492957747 0
      vertex -5 4.985915492957747 2.585915492957747
      vertex -4.300000000000001 4 1.6
    endloop
  endfacet
  facet normal 0.8153829846202773 0 0.578921919080396
    outer loop
      vertex -4.300000000000001 4 1.6
      vertex -5 4.985915492957747 2.585915492957747
      vertex -5 4 2.585915492957747
    endloop
  endfacet
  facet normal -0.8153829846202773 -0.578921919080396 0
    outer loop
      vertex 4.300000000000001 -4 0
      vertex 5 -4.985915492957747 0
      vertex 4.300000000000001 -4 1.6
    endloop
  endfacet
  facet normal -0.8153829846202774 -0.578921919080396 0
    outer loop
      vertex 5 -4.985915492957747 0
      vertex 5 -4.985915492957747 2.585915492957747
      vertex 4.300000000000001 -4 1.6
    endloop
  endfacet
  facet normal -0.8153829846202773 0 0.578921919080396
    outer loop
      vertex 4.300000000000001 -4 1.6
      vertex 5 -4.985915492957747 2.585915492957747
      vertex 5 -4 2.585915492957747
    endloop
  endfacet
  facet normal 0.8153829846202774 -0.578921919080396 0
    outer loop
      vertex -5 -4.985915492957747 0
      vertex -4.300000000000001 -4 0
      vertex -5 -4.985915492957747 2.585915492957747
    endloop
  endfacet
  facet normal 0.8153829846202773 -0.578921919080396 0
    outer loop
      vertex -4.300000000000001 -4 0
      vertex -4.300000000000001 -4 1.6
      vertex -5 -4.985915492957747 2.585915492957747
    endloop
  endfacet
  facet normal 0.8153829846202773 0 0.578921919080396
    outer loop
      vertex -4.300000000000001 -4 1.6
      vertex -5 -4 2.585915492957747
      vertex -5 -4.985915492957747 2.585915492957747
    endloop
  endfacet
  facet normal 0 0 -1
    outer loop
      vertex -5 -25 0
      vertex -5 -4.985915492957747 0
      vertex -4.299999997019768 -4 0
    endloop
  endfacet
  facet normal -1 0 0
    outer loop
      vertex -5 -25 0
      vertex -5 -4 2.585915492957747
      vertex -5 -4.985915492957747 0
    endloop
  endfacet
  facet normal 0 0 -1
    outer loop
      vertex -5 -4.985915492957747 0
      vertex -5 -4 0
      vertex -4.300000000000001 -4 0
    endloop
  endfacet
  facet normal 0 0 -1
    outer loop
      vertex -5 -4.985915492957747 0
      vertex -5 -4 0
      vertex -4.299999997019768 -4 0
    endloop
  endfacet
  facet normal -1 0 0
    outer loop
      vertex -5 -4.985915492957747 0
      vertex -5 -4.985915492957747 2.585915492957747
      vertex -5 -4 0
    endloop
  endfacet
  facet normal -1 0 0
    outer loop
      vertex -5 -4.985915492957747 0
      vertex -5 -4 2.585915492957747
      vertex -5 -4 0
    endloop
  endfacet
  facet normal -1 0 0
    outer loop
      vertex -5 -25 0
      vertex -5 -4 2.585915497403856
      vertex -5 -4 2.585915492957747
    endloop
  endfacet
  facet normal -1 0 0
    outer loop
      vertex -5 -4 0
      vertex -5 -4.985915492957747 2.585915492957747
      vertex -5 -4 2.585915492957747
    endloop
  endfacet
  facet normal 0 0 -1
    outer loop
      vertex -5 -25 0
      vertex -4.299999997019768 -4 0
      vertex 5 25 0
    endloop
  endfacet
  facet normal -1 0 0
    outer loop
      vertex -5 -25 0
      vertex -5 -25 4
      vertex -5 -4 2.585915497403856
    endloop
  endfacet
  facet normal 0 -1 0
    outer loop
      vertex -5 -25 0
      vertex -0.275 -25 3.88
      vertex -5 -25 4
    endloop
  endfacet
  facet normal -1 0 0
    outer loop
      vertex -5 -25 4
      vertex -5 -0.275 4
      vertex -5 -4 2.585915497403856
    endloop
  endfacet
  facet normal -1 0 0
    outer loop
      vertex -5 -4 2.585915497403856
      vertex -5 -0.275 3.88
      vertex -5 0.275 3.88
    endloop
  endfacet
  facet normal -1 0 0
    outer loop
      vertex -5 -4 2.585915497403856
      vertex -5 -0.275 4
      vertex -5 -0.275 3.88
    endloop
  endfacet
  facet normal -1 0 0
    outer loop
      vertex -5 -6.902439024390246 4
      vertex -5 -0.275 4
      vertex -5 -5 3.61
    endloop
  endfacet
  facet normal 0 0 1
    outer loop
      vertex -5 -6.902439024390246 4
      vertex -4.609999999999999 -5 4
      vertex -4.609999999999999 -0.06 4
    endloop
  endfacet
  facet normal -1 0 0
    outer loop
      vertex -5 -5 3.61
      vertex -5 -0.275 3.88
      vertex -5 0.275 3.88
    endloop
  endfacet
  facet normal -1 0 0
    outer loop
      vertex -5 -5 3.61
      vertex -5 -0.275 4
      vertex -5 -0.275 3.88
    endloop
  endfacet
  facet normal 0 0 1
    outer loop
      vertex -5 -6.902439024390246 4
      vertex -4.95 -0.275 4
      vertex -5 -0.275 4
    endloop
  endfacet
  facet normal 0 0 1
    outer loop
      vertex -5 -6.902439024390246 4
      vertex -4.609999999999999 -0.06 4
      vertex -4.95 -0.275 4
    endloop
  endfacet
  facet normal 0 0 1
    outer loop
      vertex -4.95 -0.06 4
      vertex -4.95 -0.275 4
      vertex -4.609999999999999 -0.06 4
    endloop
  endfacet
  facet normal 0 0 1
    outer loop
      vertex -4.95 -0.275 4
      vertex -4.05 -0.275 4
      vertex -4.95 -0.06 4
    endloop
  endfacet
  facet normal 0 0 1
    outer loop
      vertex -4.95 -0.06 4
      vertex -4.05 -0.275 4
      vertex -4.05 -0.06 4
    endloop
  endfacet
  facet normal 0 0 1
    outer loop
      vertex -5 -25 4
      vertex -0.275 -9.95 4
      vertex -5 -0.275 4
    endloop
  endfacet
  facet normal 0 0 1
    outer loop
      vertex -3.95 -0.275 4
      vertex -3.05 -0.275 4
      vertex -3.95 -0.06 4
    endloop
  endfacet
  facet normal 0 0 1
    outer loop
      vertex -4.95 -0.275 4
      vertex -5 -0.275 4
      vertex -0.275 -4.95 4
    endloop
  endfacet
  facet normal 0 0 1
    outer loop
      vertex -3.95 -0.06 4
      vertex -3.05 -0.275 4
      vertex -3.05 -0.06 4
    endloop
  endfacet
  facet normal 0 0 1
    outer loop
      vertex -4.95 -0.275 4
      vertex -0.275 -4.95 4
      vertex -4.05 -0.275 4
    endloop
  endfacet
  facet normal 0 0 1
    outer loop
      vertex -3.95 -0.275 4
      vertex -4.05 -0.275 4
      vertex -0.275 -3.95 4
    endloop
  endfacet
  facet normal 0 0 1
    outer loop
      vertex -2.95 -0.275 4
      vertex -2.05 -0.275 4
      vertex -2.95 -0.06 4
    endloop
  endfacet
  facet normal 0 -1 0
    outer loop
      vertex -5 -25 0
      vertex -2.6367796834847468e-15 -25 3.88
      vertex -0.275 -25 3.88
    endloop
  endfacet
  facet normal 0 -1 0
    outer loop
      vertex -5 -25 0
      vertex 0.275 -25 3.88
      vertex -2.6367796834847468e-15 -25 3.88
    endloop
  endfacet
  facet normal 0 -1 0
    outer loop
      vertex -5 -25 4
      vertex -0.275 -25 3.88
      vertex -0.275 -25 4
    endloop
  endfacet
  facet normal 0 0 1
    outer loop
      vertex -5 -25 4
      vertex -0.275 -25 4
      vertex -0.275 -24.95 4
    endloop
  endfacet
  facet normal 0 0 1
    outer loop
      vertex -5 -25 4
      vertex -0.275 -24.95 4
      vertex -0.275 -24.05 4
    endloop
  endfacet
  facet normal 0 0 1
    outer loop
      vertex -5 -25 4
      vertex -0.275 -24.05 4
      vertex -0.275 -23.95 4
    endloop
  endfacet
  facet normal 0 0 1
    outer loop
      vertex -5 -25 4
      vertex -0.275 -23.95 4
      vertex -0.275 -23.05 4
    endloop
  endfacet
  facet normal 0 0 1
    outer loop
      vertex -5 -25 4
      vertex -0.275 -23.05 4
      vertex -0.275 -22.95 4
    endloop
  endfacet
  facet normal 0 0 1
    outer loop
      vertex -5 -25 4
      vertex -0.275 -22.95 4
      vertex -0.275 -22.05 4
    endloop
  endfacet
  facet normal 0 0 1
    outer loop
      vertex -5 -25 4
      vertex -0.275 -22.05 4
      vertex -0.275 -21.95 4
    endloop
  endfacet
  facet normal 0 0 1
    outer loop
      vertex -5 -25 4
      vertex -0.275 -21.95 4
      vertex -0.275 -21.05 4
    endloop
  endfacet
  facet normal 0 0 1
    outer loop
      vertex -5 -25 4
      vertex -0.275 -21.05 4
      vertex -0.275 -20.95 4
    endloop
  endfacet
  facet normal 0 0 1
    outer loop
      vertex -5 -25 4
      vertex -0.275 -20.95 4
      vertex -0.275 -20.05 4
    endloop
  endfacet
  facet normal 0 0 1
    outer loop
      vertex -5 -25 4
      vertex -0.275 -20.05 4
      vertex -0.275 -19.95 4
    endloop
  endfacet
  facet normal 0 0 1
    outer loop
      vertex -5 -25 4
      vertex -0.275 -19.95 4
      vertex -0.275 -19.05 4
    endloop
  endfacet
  facet normal 0 0 1
    outer loop
      vertex -5 -25 4
      vertex -0.275 -19.05 4
      vertex -0.275 -18.95 4
    endloop
  endfacet
  facet normal 0 0 1
    outer loop
      vertex -5 -25 4
      vertex -0.275 -18.95 4
      vertex -0.275 -18.05 4
    endloop
  endfacet
  facet normal 0 0 1
    outer loop
      vertex -5 -25 4
      vertex -0.275 -18.05 4
      vertex -0.275 -17.95 4
    endloop
  endfacet
  facet normal 0 0 1
    outer loop
      vertex -5 -25 4
      vertex -0.275 -17.95 4
      vertex -0.275 -17.05 4
    endloop
  endfacet
  facet normal 0 0 1
    outer loop
      vertex -5 -25 4
      vertex -0.275 -17.05 4
      vertex -0.275 -16.95 4
    endloop
  endfacet
  facet normal 0 0 1
    outer loop
      vertex -5 -25 4
      vertex -0.275 -16.95 4
      vertex -0.275 -16.05 4
    endloop
  endfacet
  facet normal 0 0 1
    outer loop
      vertex -5 -25 4
      vertex -0.275 -16.05 4
      vertex -0.275 -15.95 4
    endloop
  endfacet
  facet normal 0 0 1
    outer loop
      vertex -5 -25 4
      vertex -0.275 -15.95 4
      vertex -0.275 -15.05 4
    endloop
  endfacet
  facet normal 0 0 1
    outer loop
      vertex -5 -25 4
      vertex -0.275 -15.05 4
      vertex -0.275 -14.95 4
    endloop
  endfacet
  facet normal 0 0 1
    outer loop
      vertex -5 -25 4
      vertex -0.275 -14.95 4
      vertex -0.275 -14.05 4
    endloop
  endfacet
  facet normal 0 0 1
    outer loop
      vertex -5 -25 4
      vertex -0.275 -14.05 4
      vertex -0.275 -13.95 4
    endloop
  endfacet
  facet normal 0 0 1
    outer loop
      vertex -5 -25 4
      vertex -0.275 -13.95 4
      vertex -0.275 -13.05 4
    endloop
  endfacet
  facet normal 0 0 1
    outer loop
      vertex -5 -25 4
      vertex -0.275 -13.05 4
      vertex -0.275 -12.95 4
    endloop
  endfacet
  facet normal 0 0 1
    outer loop
      vertex -5 -25 4
      vertex -0.275 -12.95 4
      vertex -0.275 -12.05 4
    endloop
  endfacet
  facet normal 0 0 1
    outer loop
      vertex -5 -25 4
      vertex -0.275 -12.05 4
      vertex -0.275 -11.95 4
    endloop
  endfacet
  facet normal 0 0 1
    outer loop
      vertex -5 -25 4
      vertex -0.275 -11.95 4
      vertex -0.275 -11.05 4
    endloop
  endfacet
  facet normal 0 0 1
    outer loop
      vertex -5 -25 4
      vertex -0.275 -11.05 4
      vertex -0.275 -10.95 4
    endloop
  endfacet
  facet normal 0 0 1
    outer loop
      vertex -5 -25 4
      vertex -0.275 -10.95 4
      vertex -0.275 -10.05 4
    endloop
  endfacet
  facet normal 0 0 1
    outer loop
      vertex -5 -25 4
      vertex -0.275 -10.05 4
      vertex -0.275 -9.95 4
    endloop
  endfacet
  facet normal 0 0 1
    outer loop
      vertex -0.275 -24.95 4
      vertex -0.06 -24.05 4
      vertex -0.275 -24.05 4
    endloop
  endfacet
  facet normal 0 0 1
    outer loop
      vertex -0.275 -24.95 4
      vertex -0.06 -24.95 4
      vertex -0.06 -24.05 4
    endloop
  endfacet
  facet normal 0 0 1
    outer loop
      vertex -0.275 -23.95 4
      vertex -0.06 -23.95 4
      vertex -0.06 -23.05 4
    endloop
  endfacet
  facet normal 0 0 1
    outer loop
      vertex -0.275 -23.95 4
      vertex -0.06 -23.05 4
      vertex -0.275 -23.05 4
    endloop
  endfacet
  facet normal 0 0 1
    outer loop
      vertex -0.275 -22.95 4
      vertex -0.06 -22.05 4
      vertex -0.275 -22.05 4
    endloop
  endfacet
  facet normal 0 0 1
    outer loop
      vertex -0.275 -22.95 4
      vertex -0.06 -22.95 4
      vertex -0.06 -22.05 4
    endloop
  endfacet
  facet normal 0 0 1
    outer loop
      vertex -0.275 -21.95 4
      vertex -0.06 -21.05 4
      vertex -0.275 -21.05 4
    endloop
  endfacet
  facet normal 0 0 1
    outer loop
      vertex -0.275 -20.95 4
      vertex -0.06 -20.05 4
      vertex -0.275 -20.05 4
    endloop
  endfacet
  facet normal 0 0 1
    outer loop
      vertex -0.275 -21.95 4
      vertex -0.06 -21.95 4
      vertex -0.06 -21.05 4
    endloop
  endfacet
  facet normal 0 0 1
    outer loop
      vertex -0.275 -20.95 4
      vertex -0.06 -20.95 4
      vertex -0.06 -20.05 4
    endloop
  endfacet
  facet normal 0 0 1
    outer loop
      vertex -0.275 -19.95 4
      vertex -0.06 -19.05 4
      vertex -0.275 -19.05 4
    endloop
  endfacet
  facet normal 0 0 1
    outer loop
      vertex -0.275 -19.95 4
      vertex -0.06 -19.95 4
      vertex -0.06 -19.05 4
    endloop
  endfacet
  facet normal 0 0 1
    outer loop
      vertex -0.275 -18.95 4
      vertex -0.06 -18.05 4
      vertex -0.275 -18.05 4
    endloop
  endfacet
  facet normal 0 0 1
    outer loop
      vertex -0.275 -17.95 4
      vertex -0.06 -17.05 4
      vertex -0.275 -17.05 4
    endloop
  endfacet
  facet normal 0 0 1
    outer loop
      vertex -0.275 -18.95 4
      vertex -0.06 -18.95 4
      vertex -0.06 -18.05 4
    endloop
  endfacet
  facet normal 0 0 1
    outer loop
      vertex -0.275 -17.95 4
      vertex -0.06 -17.95 4
      vertex -0.06 -17.05 4
    endloop
  endfacet
  facet normal 0 0 1
    outer loop
      vertex -0.275 -16.95 4
      vertex -0.06 -16.05 4
      vertex -0.275 -16.05 4
    endloop
  endfacet
  facet normal 0 0 1
    outer loop
      vertex -0.275 -16.95 4
      vertex -0.06 -16.95 4
      vertex -0.06 -16.05 4
    endloop
  endfacet
  facet normal 0 0 1
    outer loop
      vertex -0.275 -15.95 4
      vertex -0.06 -15.95 4
      vertex -0.06 -15.05 4
    endloop
  endfacet
  facet normal 0 0 1
    outer loop
      vertex -0.275 -15.95 4
      vertex -0.06 -15.05 4
      vertex -0.275 -15.05 4
    endloop
  endfacet
  facet normal 0 0 1
    outer loop
      vertex -0.275 -14.95 4
      vertex -0.06 -14.05 4
      vertex -0.275 -14.05 4
    endloop
  endfacet
  facet normal 0 0 1
    outer loop
      vertex -0.275 -14.95 4
      vertex -0.06 -14.95 4
      vertex -0.06 -14.05 4
    endloop
  endfacet
  facet normal 0 0 1
    outer loop
      vertex -0.275 -13.95 4
      vertex -0.06 -13.05 4
      vertex -0.275 -13.05 4
    endloop
  endfacet
  facet normal 0 0 1
    outer loop
      vertex -0.275 -13.95 4
      vertex -0.06 -13.95 4
      vertex -0.06 -13.05 4
    endloop
  endfacet
  facet normal 0 0 1
    outer loop
      vertex -0.275 -12.95 4
      vertex -0.06 -12.95 4
      vertex -0.06 -12.05 4
    endloop
  endfacet
  facet normal 0 0 1
    outer loop
      vertex -5 -0.275 4
      vertex -0.275 -9.95 4
      vertex -0.275 -9.05 4
    endloop
  endfacet
  facet normal 0 0 1
    outer loop
      vertex -3.95 -0.275 4
      vertex -0.275 -3.95 4
      vertex -3.05 -0.275 4
    endloop
  endfacet
  facet normal 0 0 1
    outer loop
      vertex -2.95 -0.06 4
      vertex -2.05 -0.275 4
      vertex -2.05 -0.06 4
    endloop
  endfacet
  facet normal 0 0 1
    outer loop
      vertex -2.95 -0.275 4
      vertex -3.05 -0.275 4
      vertex -0.275 -2.95 4
    endloop
  endfacet
  facet normal 0 0 1
    outer loop
      vertex -5 -0.275 4
      vertex -0.275 -9.05 4
      vertex -0.275 -8.95 4
    endloop
  endfacet
  facet normal 0 0 1
    outer loop
      vertex -5 -0.275 4
      vertex -0.275 -8.95 4
      vertex -0.275 -8.05 4
    endloop
  endfacet
  facet normal 0 0 1
    outer loop
      vertex -5 -0.275 4
      vertex -0.275 -8.05 4
      vertex -0.275 -7.95 4
    endloop
  endfacet
  facet normal 0 0 1
    outer loop
      vertex -5 -0.275 4
      vertex -0.275 -7.95 4
      vertex -0.275 -7.05 4
    endloop
  endfacet
  facet normal 0 0 1
    outer loop
      vertex -5 -0.275 4
      vertex -0.275 -7.05 4
      vertex -0.275 -6.95 4
    endloop
  endfacet
  facet normal 0 0 1
    outer loop
      vertex -5 -0.275 4
      vertex -0.275 -6.95 4
      vertex -0.275 -6.05 4
    endloop
  endfacet
  facet normal 0 0 1
    outer loop
      vertex -5 -0.275 4
      vertex -0.275 -6.05 4
      vertex -0.275 -5.95 4
    endloop
  endfacet
  facet normal 0 0 1
    outer loop
      vertex -5 -0.275 4
      vertex -0.275 -5.95 4
      vertex -0.275 -5.05 4
    endloop
  endfacet
  facet normal 0 0 1
    outer loop
      vertex -0.275 -4.95 4
      vertex -5 -0.275 4
      vertex -0.275 -5.05 4
    endloop
  endfacet
  facet normal 0 0 1
    outer loop
      vertex -2.95 -0.275 4
      vertex -0.275 -2.95 4
      vertex -2.05 -0.275 4
    endloop
  endfacet
  facet normal 0 0 1
    outer loop
      vertex -1.95 -0.275 4
      vertex -1.05 -0.275 4
      vertex -1.95 -0.06 4
    endloop
  endfacet
  facet normal 0 0 1
    outer loop
      vertex -4.05 -0.275 4
      vertex -0.275 -4.95 4
      vertex -0.275 -4.05 4
    endloop
  endfacet
  facet normal 0 0 1
    outer loop
      vertex -0.275 -3.95 4
      vertex -4.05 -0.275 4
      vertex -0.275 -4.05 4
    endloop
  endfacet
  facet normal 0 0 1
    outer loop
      vertex -1.95 -0.275 4
      vertex -2.05 -0.275 4
      vertex -0.275 -1.95 4
    endloop
  endfacet
  facet normal 0 0 1
    outer loop
      vertex -1.95 -0.06 4
      vertex -1.05 -0.275 4
      vertex -1.05 -0.06 4
    endloop
  endfacet
  facet normal 0 0 1
    outer loop
      vertex -0.275 -12.95 4
      vertex -0.06 -12.05 4
      vertex -0.275 -12.05 4
    endloop
  endfacet
  facet normal 0 0 1
    outer loop
      vertex -0.275 -11.95 4
      vertex -0.06 -11.05 4
      vertex -0.275 -11.05 4
    endloop
  endfacet
  facet normal 0 0 1
    outer loop
      vertex -0.275 -11.95 4
      vertex -0.06 -11.95 4
      vertex -0.06 -11.05 4
    endloop
  endfacet
  facet normal 0 0 1
    outer loop
      vertex -0.275 -10.95 4
      vertex -0.06 -10.05 4
      vertex -0.275 -10.05 4
    endloop
  endfacet
  facet normal 0 0 1
    outer loop
      vertex -0.275 -10.95 4
      vertex -0.06 -10.95 4
      vertex -0.06 -10.05 4
    endloop
  endfacet
  facet normal 0 0 1
    outer loop
      vertex -0.275 -9.95 4
      vertex -0.06 -9.95 4
      vertex -0.06 -9.05 4
    endloop
  endfacet
  facet normal 0 0 1
    outer loop
      vertex -0.275 -9.95 4
      vertex -0.06 -9.05 4
      vertex -0.275 -9.05 4
    endloop
  endfacet
  facet normal 0 0 1
    outer loop
      vertex -0.275 -8.95 4
      vertex -0.06 -8.05 4
      vertex -0.275 -8.05 4
    endloop
  endfacet
  facet normal 0 0 1
    outer loop
      vertex -0.275 -8.95 4
      vertex -0.06 -8.95 4
      vertex -0.06 -8.05 4
    endloop
  endfacet
  facet normal 0 0 1
    outer loop
      vertex -0.275 -7.95 4
      vertex -0.06 -7.05 4
      vertex -0.275 -7.05 4
    endloop
  endfacet
  facet normal 0 0 1
    outer loop
      vertex -0.275 -6.95 4
      vertex -0.06 -6.05 4
      vertex -0.275 -6.05 4
    endloop
  endfacet
  facet normal 0 0 1
    outer loop
      vertex -0.275 -7.95 4
      vertex -0.06 -7.95 4
      vertex -0.06 -7.05 4
    endloop
  endfacet
  facet normal 0 0 1
    outer loop
      vertex -0.275 -6.95 4
      vertex -0.06 -6.95 4
      vertex -0.06 -6.05 4
    endloop
  endfacet
  facet normal 0 0 1
    outer loop
      vertex -3.05 -0.275 4
      vertex -0.275 -3.95 4
      vertex -0.275 -3.05 4
    endloop
  endfacet
  facet normal 0 0 1
    outer loop
      vertex -0.275 -2.95 4
      vertex -3.05 -0.275 4
      vertex -0.275 -3.05 4
    endloop
  endfacet
  facet normal 0 0 1
    outer loop
      vertex -1.95 -0.275 4
      vertex -0.275 -1.95 4
      vertex -1.05 -0.275 4
    endloop
  endfacet
  facet normal 0 0 1
    outer loop
      vertex -2.05 -0.275 4
      vertex -0.275 -2.95 4
      vertex -0.275 -2.05 4
    endloop
  endfacet
  facet normal 0 0 1
    outer loop
      vertex -0.275 -1.95 4
      vertex -2.05 -0.275 4
      vertex -0.275 -2.05 4
    endloop
  endfacet
  facet normal 0 0 1
    outer loop
      vertex -0.95 -0.275 4
      vertex -1.05 -0.275 4
      vertex -0.275 -0.95 4
    endloop
  endfacet
  facet normal 0 0 1
    outer loop
      vertex -0.95 -0.275 4
      vertex -0.275 -0.95 4
      vertex -0.95 -0.06 4
    endloop
  endfacet
  facet normal 0 0 1
    outer loop
      vertex -0.275 -5.95 4
      vertex -0.06 -5.05 4
      vertex -0.275 -5.05 4
    endloop
  endfacet
  facet normal 0 0 1
    outer loop
      vertex -0.275 -5.95 4
      vertex -0.06 -5.95 4
      vertex -0.06 -5.05 4
    endloop
  endfacet
  facet normal 0 0 1
    outer loop
      vertex -0.275 -4.95 4
      vertex -0.06 -4.05 4
      vertex -0.275 -4.05 4
    endloop
  endfacet
  facet normal 0 0 1
    outer loop
      vertex -0.275 -3.95 4
      vertex -0.06 -3.05 4
      vertex -0.275 -3.05 4
    endloop
  endfacet
  facet normal 0 0 1
    outer loop
      vertex -0.275 -4.95 4
      vertex -0.06 -4.95 4
      vertex -0.06 -4.05 4
    endloop
  endfacet
  facet normal 0 0 1
    outer loop
      vertex -0.275 -3.95 4
      vertex -0.06 -3.95 4
      vertex -0.06 -3.05 4
    endloop
  endfacet
  facet normal 0 0 1
    outer loop
      vertex -1.05 -0.275 4
      vertex -0.275 -1.95 4
      vertex -0.275 -1.05 4
    endloop
  endfacet
  facet normal 0 0 1
    outer loop
      vertex -0.275 -0.95 4
      vertex -1.05 -0.275 4
      vertex -0.275 -1.05 4
    endloop
  endfacet
  facet normal 0 0 1
    outer loop
      vertex -0.95 -0.06 4
      vertex -0.275 -0.95 4
      vertex -0.06 -0.95 4
    endloop
  endfacet
  facet normal 0 0 1
    outer loop
      vertex -0.95 -0.06 4
      vertex -0.06 -0.95 4
      vertex -0.06 -0.06 4
    endloop
  endfacet
  facet normal 0 0 1
    outer loop
      vertex -0.275 -2.95 4
      vertex -0.06 -2.05 4
      vertex -0.275 -2.05 4
    endloop
  endfacet
  facet normal 0 0 1
    outer loop
      vertex -0.275 -2.95 4
      vertex -0.06 -2.95 4
      vertex -0.06 -2.05 4
    endloop
  endfacet
  facet normal 0 0 1
    outer loop
      vertex -0.275 -1.95 4
      vertex -0.06 -1.95 4
      vertex -0.06 -1.05 4
    endloop
  endfacet
  facet normal 0 0 1
    outer loop
      vertex -0.275 -1.95 4
      vertex -0.06 -1.05 4
      vertex -0.275 -1.05 4
    endloop
  endfacet
  facet normal 0 0 -1
    outer loop
      vertex -5 4 0
      vertex -5 4.985915492957747 0
      vertex -4.300000000000001 4 0
    endloop
  endfacet
  facet normal 0 0 -1
    outer loop
      vertex -5 4 0
      vertex -5 4.985915492957747 0
      vertex -4.300000000000001 4 0
    endloop
  endfacet
  facet normal 0 0 -1
    outer loop
      vertex -5 4.985915492957747 0
      vertex -4.299999997019768 4 0
      vertex -4.300000000000001 4 0
    endloop
  endfacet
  facet normal -1 0 0
    outer loop
      vertex -5 4 0
      vertex -5 4 2.585915492957747
      vertex -5 4.985915492957747 0
    endloop
  endfacet
  facet normal -1 0 0
    outer loop
      vertex -5 4 0
      vertex -5 4 2.585915497403856
      vertex -5 4.985915492957747 0
    endloop
  endfacet
  facet normal 0 0 -1
    outer loop
      vertex -5 4.985915492957747 0
      vertex -5 25 0
      vertex -4.299999997019768 4 0
    endloop
  endfacet
  facet normal -1 0 0
    outer loop
      vertex -5 4.985915492957747 0
      vertex -5 4 2.585915492957747
      vertex -5 4.985915492957747 2.585915492957747
    endloop
  endfacet
  facet normal -1 0 0
    outer loop
      vertex -5 4.985915492957747 0
      vertex -5 25 4
      vertex -5 25 0
    endloop
  endfacet
  facet normal 0 0 -1
    outer loop
      vertex -4.299999997019768 -4 0
      vertex -4.299999997019768 4 0
      vertex 5 25 0
    endloop
  endfacet
  facet normal 0 0 -1
    outer loop
      vertex -4.299999997019768 4 0
      vertex -5 25 0
      vertex 5 25 0
    endloop
  endfacet
  facet normal 0 1 0
    outer loop
      vertex -5 25 0
      vertex -5 25 4
      vertex 5 25 0
    endloop
  endfacet
  facet normal -1 0 0
    outer loop
      vertex -5 4.985915492957747 0
      vertex -5 4 2.585915497403856
      vertex -5 25 4
    endloop
  endfacet
  facet normal -1 0 0
    outer loop
      vertex -5 -5 3.61
      vertex -5 6.902439024390246 4
      vertex -5 5 3.61
    endloop
  endfacet
  facet normal -1 0 0
    outer loop
      vertex -5 -5 3.61
      vertex -5 0.275 3.88
      vertex -5 6.902439024390246 4
    endloop
  endfacet
  facet normal 0 0 1
    outer loop
      vertex -4.609999999999999 0.06 4
      vertex -4.95 0.275 4
      vertex -4.95 0.06 4
    endloop
  endfacet
  facet normal 0 0 1
    outer loop
      vertex -4.609999999999999 5 4
      vertex -5 0.275 4
      vertex -4.95 0.275 4
    endloop
  endfacet
  facet normal -1 0 0
    outer loop
      vertex -5 6.902439024390246 4
      vertex -5 0.275 3.88
      vertex -5 0.275 3.9499999999999997
    endloop
  endfacet
  facet normal -1 0 0
    outer loop
      vertex -5 6.902439024390246 4
      vertex -5 0.275 3.9499999999999997
      vertex -5 0.275 4
    endloop
  endfacet
  facet normal 0 0 1
    outer loop
      vertex -4.609999999999999 5 4
      vertex -4.95 0.275 4
      vertex -4.95 0.06 4
    endloop
  endfacet
  facet normal 0 0 1
    outer loop
      vertex -4.609999999999999 5 4
      vertex -4.95 0.06 4
      vertex -4.609999999999999 0.06 4
    endloop
  endfacet
  facet normal 0 0 1
    outer loop
      vertex -4.95 0.275 4
      vertex -4.609999999999999 0.06 4
      vertex -4.05 0.06 4
    endloop
  endfacet
  facet normal 0 0 1
    outer loop
      vertex -4.609999999999999 5 4
      vertex -5 6.902439024390246 4
      vertex -5 0.275 4
    endloop
  endfacet
  facet normal 0 0 1
    outer loop
      vertex -4.95 0.275 4
      vertex -4.05 0.06 4
      vertex -4.05 0.275 4
    endloop
  endfacet
  facet normal -1 0 0
    outer loop
      vertex -5 -4 2.585915497403856
      vertex -5 25 4
      vertex -5 4 2.585915497403856
    endloop
  endfacet
  facet normal -1 0 0
    outer loop
      vertex -5 -4 2.585915497403856
      vertex -5 0.275 3.88
      vertex -5 25 4
    endloop
  endfacet
  facet normal -1 0 0
    outer loop
      vertex -5 25 4
      vertex -5 0.275 3.88
      vertex -5 0.275 3.9499999999999997
    endloop
  endfacet
  facet normal -1 0 0
    outer loop
      vertex -5 25 4
      vertex -5 0.275 3.9499999999999997
      vertex -5 0.275 4
    endloop
  endfacet
  facet normal 0 0 1
    outer loop
      vertex -5 25 4
      vertex -5 0.275 4
      vertex -4.95 0.275 4
    endloop
  endfacet
  facet normal 0 0 1
    outer loop
      vertex -5 25 4
      vertex -4.95 0.275 4
      vertex -4.05 0.275 4
    endloop
  endfacet
  facet normal 0 0 1
    outer loop
      vertex -5 25 4
      vertex -4.05 0.275 4
      vertex -3.95 0.275 4
    endloop
  endfacet
  facet normal 0 0 1
    outer loop
      vertex -5 25 4
      vertex -3.95 0.275 4
      vertex -3.05 0.275 4
    endloop
  endfacet
  facet normal 0 0 1
    outer loop
      vertex -3.95 0.275 4
      vertex -3.95 0.06 4
      vertex -3.05 0.06 4
    endloop
  endfacet
  facet normal 0 0 1
    outer loop
      vertex -3.95 0.275 4
      vertex -3.05 0.06 4
      vertex -3.05 0.275 4
    endloop
  endfacet
  facet normal 0 0 1
    outer loop
      vertex -2.95 0.275 4
      vertex -2.95 0.06 4
      vertex -2.05 0.06 4
    endloop
  endfacet
  facet normal 0 0 1
    outer loop
      vertex -5 25 4
      vertex -3.05 0.275 4
      vertex -2.95 0.275 4
    endloop
  endfacet
  facet normal 0 0 1
    outer loop
      vertex -5 25 4
      vertex -2.95 0.275 4
      vertex -2.05 0.275 4
    endloop
  endfacet
  facet normal 0 0 1
    outer loop
      vertex -5 25 4
      vertex -2.05 0.275 4
      vertex -1.95 0.275 4
    endloop
  endfacet
  facet normal 0 0 1
    outer loop
      vertex -5 25 4
      vertex -1.95 0.275 4
      vertex -1.05 0.275 4
    endloop
  endfacet
  facet normal 0 0 1
    outer loop
      vertex -2.95 0.275 4
      vertex -2.05 0.06 4
      vertex -2.05 0.275 4
    endloop
  endfacet
  facet normal 0 0 1
    outer loop
      vertex -1.95 0.275 4
      vertex -1.95 0.06 4
      vertex -1.05 0.06 4
    endloop
  endfacet
  facet normal 0 0 1
    outer loop
      vertex -1.95 0.275 4
      vertex -1.05 0.06 4
      vertex -1.05 0.275 4
    endloop
  endfacet
  facet normal 0 0 1
    outer loop
      vertex -5 25 4
      vertex -1.05 0.275 4
      vertex -0.95 0.275 4
    endloop
  endfacet
  facet normal 0 0 1
    outer loop
      vertex -5 25 4
      vertex -0.95 0.275 4
      vertex -0.275 0.95 4
    endloop
  endfacet
  facet normal 0 0 1
    outer loop
      vertex -5 25 4
      vertex -0.275 0.95 4
      vertex -0.275 1.05 4
    endloop
  endfacet
  facet normal 0 0 1
    outer loop
      vertex -5 25 4
      vertex -0.275 1.05 4
      vertex -0.275 1.95 4
    endloop
  endfacet
  facet normal 0 0 1
    outer loop
      vertex -5 25 4
      vertex -0.275 1.95 4
      vertex -0.275 2.05 4
    endloop
  endfacet
  facet normal 0 0 1
    outer loop
      vertex -5 25 4
      vertex -0.275 2.05 4
      vertex -0.275 2.95 4
    endloop
  endfacet
  facet normal 0 0 1
    outer loop
      vertex -5 25 4
      vertex -0.275 2.95 4
      vertex -0.275 3.05 4
    endloop
  endfacet
  facet normal 0 0 1
    outer loop
      vertex -5 25 4
      vertex -0.275 3.05 4
      vertex -0.275 3.95 4
    endloop
  endfacet
  facet normal 0 0 1
    outer loop
      vertex -5 25 4
      vertex -0.275 3.95 4
      vertex -0.275 4.05 4
    endloop
  endfacet
  facet normal 0 0 1
    outer loop
      vertex -5 25 4
      vertex -0.275 4.05 4
      vertex -0.275 4.95 4
    endloop
  endfacet
  facet normal 0 0 1
    outer loop
      vertex -5 25 4
      vertex -0.275 4.95 4
      vertex -0.275 5.05 4
    endloop
  endfacet
  facet normal 0 0 1
    outer loop
      vertex -5 25 4
      vertex -0.275 5.05 4
      vertex -0.275 5.95 4
    endloop
  endfacet
  facet normal 0 0 1
    outer loop
      vertex -5 25 4
      vertex -0.275 5.95 4
      vertex -0.275 6.05 4
    endloop
  endfacet
  facet normal 0 0 1
    outer loop
      vertex -0.95 0.275 4
      vertex -0.95 0.06 4
      vertex -0.06 0.06 4
    endloop
  endfacet
  facet normal 0 0 1
    outer loop
      vertex -0.06 0.95 4
      vertex -0.275 0.95 4
      vertex -0.95 0.275 4
    endloop
  endfacet
  facet normal 0 0 1
    outer loop
      vertex -0.06 0.95 4
      vertex -0.95 0.275 4
      vertex -0.06 0.06 4
    endloop
  endfacet
  facet normal 0 0 1
    outer loop
      vertex -0.275 1.05 4
      vertex -0.06 1.05 4
      vertex -0.06 1.95 4
    endloop
  endfacet
  facet normal 0 0 1
    outer loop
      vertex -0.275 1.05 4
      vertex -0.06 1.95 4
      vertex -0.275 1.95 4
    endloop
  endfacet
  facet normal 0 0 1
    outer loop
      vertex -0.275 2.05 4
      vertex -0.06 2.95 4
      vertex -0.275 2.95 4
    endloop
  endfacet
  facet normal 0 0 1
    outer loop
      vertex -0.275 2.05 4
      vertex -0.06 2.05 4
      vertex -0.06 2.95 4
    endloop
  endfacet
  facet normal 0 0 1
    outer loop
      vertex -0.275 3.05 4
      vertex -0.06 3.95 4
      vertex -0.275 3.95 4
    endloop
  endfacet
  facet normal 0 0 1
    outer loop
      vertex -0.275 4.05 4
      vertex -0.06 4.95 4
      vertex -0.275 4.95 4
    endloop
  endfacet
  facet normal 0 0 1
    outer loop
      vertex -0.275 3.05 4
      vertex -0.06 3.05 4
      vertex -0.06 3.95 4
    endloop
  endfacet
  facet normal 0 0 1
    outer loop
      vertex -0.275 4.05 4
      vertex -0.06 4.05 4
      vertex -0.06 4.95 4
    endloop
  endfacet
  facet normal 0 0 1
    outer loop
      vertex -0.275 5.05 4
      vertex -0.06 5.95 4
      vertex -0.275 5.95 4
    endloop
  endfacet
  facet normal 0 0 1
    outer loop
      vertex -0.275 5.05 4
      vertex -0.06 5.05 4
      vertex -0.06 5.95 4
    endloop
  endfacet
  facet normal 0 0 1
    outer loop
      vertex -0.275 6.05 4
      vertex -0.06 6.95 4
      vertex -0.275 6.95 4
    endloop
  endfacet
  facet normal 0 0 1
    outer loop
      vertex -0.275 7.05 4
      vertex -0.06 7.95 4
      vertex -0.275 7.95 4
    endloop
  endfacet
  facet normal 0 0 1
    outer loop
      vertex -0.275 6.05 4
      vertex -0.06 6.05 4
      vertex -0.06 6.95 4
    endloop
  endfacet
  facet normal 0 0 1
    outer loop
      vertex -0.275 7.05 4
      vertex -0.06 7.05 4
      vertex -0.06 7.95 4
    endloop
  endfacet
  facet normal 0 0 1
    outer loop
      vertex -0.275 8.05 4
      vertex -0.06 8.95 4
      vertex -0.275 8.95 4
    endloop
  endfacet
  facet normal 0 0 1
    outer loop
      vertex -0.275 8.05 4
      vertex -0.06 8.05 4
      vertex -0.06 8.95 4
    endloop
  endfacet
  facet normal 0 0 1
    outer loop
      vertex -0.275 9.05 4
      vertex -0.06 9.05 4
      vertex -0.06 9.95 4
    endloop
  endfacet
  facet normal 0 0 1
    outer loop
      vertex -0.275 9.05 4
      vertex -0.06 9.95 4
      vertex -0.275 9.95 4
    endloop
  endfacet
  facet normal 0 0 1
    outer loop
      vertex -0.275 10.05 4
      vertex -0.06 10.95 4
      vertex -0.275 10.95 4
    endloop
  endfacet
  facet normal 0 0 1
    outer loop
      vertex -0.275 10.05 4
      vertex -0.06 10.05 4
      vertex -0.06 10.95 4
    endloop
  endfacet
  facet normal 0 0 1
    outer loop
      vertex -0.275 11.05 4
      vertex -0.06 11.95 4
      vertex -0.275 11.95 4
    endloop
  endfacet
  facet normal 0 0 1
    outer loop
      vertex -0.275 11.05 4
      vertex -0.06 11.05 4
      vertex -0.06 11.95 4
    endloop
  endfacet
  facet normal 0 0 1
    outer loop
      vertex -0.275 12.05 4
      vertex -0.06 12.05 4
      vertex -0.06 12.95 4
    endloop
  endfacet
  facet normal 0 1 0
    outer loop
      vertex -5 25 4
      vertex -0.275 25 3.88
      vertex 5 25 0
    endloop
  endfacet
  facet normal 0 0 1
    outer loop
      vertex -5 25 4
      vertex -0.275 6.05 4
      vertex -0.275 6.95 4
    endloop
  endfacet
  facet normal 0 0 1
    outer loop
      vertex -5 25 4
      vertex -0.275 6.95 4
      vertex -0.275 7.05 4
    endloop
  endfacet
  facet normal 0 0 1
    outer loop
      vertex -5 25 4
      vertex -0.275 7.05 4
      vertex -0.275 7.95 4
    endloop
  endfacet
  facet normal 0 0 1
    outer loop
      vertex -5 25 4
      vertex -0.275 7.95 4
      vertex -0.275 8.05 4
    endloop
  endfacet
  facet normal 0 0 1
    outer loop
      vertex -5 25 4
      vertex -0.275 8.05 4
      vertex -0.275 8.95 4
    endloop
  endfacet
  facet normal 0 0 1
    outer loop
      vertex -5 25 4
      vertex -0.275 8.95 4
      vertex -0.275 9.05 4
    endloop
  endfacet
  facet normal 0 0 1
    outer loop
      vertex -5 25 4
      vertex -0.275 9.05 4
      vertex -0.275 9.95 4
    endloop
  endfacet
  facet normal 0 0 1
    outer loop
      vertex -5 25 4
      vertex -0.275 9.95 4
      vertex -0.275 10.05 4
    endloop
  endfacet
  facet normal 0 0 1
    outer loop
      vertex -5 25 4
      vertex -0.275 10.05 4
      vertex -0.275 10.95 4
    endloop
  endfacet
  facet normal 0 0 1
    outer loop
      vertex -5 25 4
      vertex -0.275 10.95 4
      vertex -0.275 11.05 4
    endloop
  endfacet
  facet normal 0 0 1
    outer loop
      vertex -5 25 4
      vertex -0.275 11.05 4
      vertex -0.275 11.95 4
    endloop
  endfacet
  facet normal 0 0 1
    outer loop
      vertex -5 25 4
      vertex -0.275 11.95 4
      vertex -0.275 12.05 4
    endloop
  endfacet
  facet normal 0 0 1
    outer loop
      vertex -5 25 4
      vertex -0.275 12.05 4
      vertex -0.275 12.95 4
    endloop
  endfacet
  facet normal 0 0 1
    outer loop
      vertex -5 25 4
      vertex -0.275 12.95 4
      vertex -0.275 13.05 4
    endloop
  endfacet
  facet normal 0 0 1
    outer loop
      vertex -5 25 4
      vertex -0.275 13.05 4
      vertex -0.275 13.95 4
    endloop
  endfacet
  facet normal 0 0 1
    outer loop
      vertex -5 25 4
      vertex -0.275 13.95 4
      vertex -0.275 14.05 4
    endloop
  endfacet
  facet normal 0 0 1
    outer loop
      vertex -5 25 4
      vertex -0.275 14.05 4
      vertex -0.275 14.95 4
    endloop
  endfacet
  facet normal 0 0 1
    outer loop
      vertex -5 25 4
      vertex -0.275 14.95 4
      vertex -0.275 15.05 4
    endloop
  endfacet
  facet normal 0 0 1
    outer loop
      vertex -5 25 4
      vertex -0.275 15.05 4
      vertex -0.275 15.95 4
    endloop
  endfacet
  facet normal 0 0 1
    outer loop
      vertex -5 25 4
      vertex -0.275 15.95 4
      vertex -0.275 16.05 4
    endloop
  endfacet
  facet normal 0 0 1
    outer loop
      vertex -5 25 4
      vertex -0.275 16.05 4
      vertex -0.275 16.95 4
    endloop
  endfacet
  facet normal 0 0 1
    outer loop
      vertex -5 25 4
      vertex -0.275 16.95 4
      vertex -0.275 17.05 4
    endloop
  endfacet
  facet normal 0 0 1
    outer loop
      vertex -5 25 4
      vertex -0.275 17.05 4
      vertex -0.275 17.95 4
    endloop
  endfacet
  facet normal 0 0 1
    outer loop
      vertex -5 25 4
      vertex -0.275 17.95 4
      vertex -0.275 18.05 4
    endloop
  endfacet
  facet normal 0 0 1
    outer loop
      vertex -5 25 4
      vertex -0.275 18.05 4
      vertex -0.275 18.95 4
    endloop
  endfacet
  facet normal 0 0 1
    outer loop
      vertex -5 25 4
      vertex -0.275 18.95 4
      vertex -0.275 19.05 4
    endloop
  endfacet
  facet normal 0 0 1
    outer loop
      vertex -5 25 4
      vertex -0.275 19.05 4
      vertex -0.275 19.95 4
    endloop
  endfacet
  facet normal 0 0 1
    outer loop
      vertex -5 25 4
      vertex -0.275 19.95 4
      vertex -0.275 20.05 4
    endloop
  endfacet
  facet normal 0 0 1
    outer loop
      vertex -5 25 4
      vertex -0.275 20.05 4
      vertex -0.275 20.95 4
    endloop
  endfacet
  facet normal 0 0 1
    outer loop
      vertex -5 25 4
      vertex -0.275 20.95 4
      vertex -0.275 21.05 4
    endloop
  endfacet
  facet normal 0 0 1
    outer loop
      vertex -5 25 4
      vertex -0.275 21.05 4
      vertex -0.275 21.95 4
    endloop
  endfacet
  facet normal 0 0 1
    outer loop
      vertex -5 25 4
      vertex -0.275 21.95 4
      vertex -0.275 22.05 4
    endloop
  endfacet
  facet normal 0 0 1
    outer loop
      vertex -5 25 4
      vertex -0.275 22.05 4
      vertex -0.275 22.95 4
    endloop
  endfacet
  facet normal 0 0 1
    outer loop
      vertex -5 25 4
      vertex -0.275 22.95 4
      vertex -0.275 23.05 4
    endloop
  endfacet
  facet normal 0 0 1
    outer loop
      vertex -5 25 4
      vertex -0.275 23.05 4
      vertex -0.275 23.95 4
    endloop
  endfacet
  facet normal 0 0 1
    outer loop
      vertex -5 25 4
      vertex -0.275 23.95 4
      vertex -0.275 24.05 4
    endloop
  endfacet
  facet normal 0 1 0
    outer loop
      vertex -5 25 4
      vertex -0.275 25 4
      vertex -0.275 25 3.88
    endloop
  endfacet
  facet normal 0 0 1
    outer loop
      vertex -5 25 4
      vertex -0.275 24.05 4
      vertex -0.275 24.95 4
    endloop
  endfacet
  facet normal 0 0 1
    outer loop
      vertex -5 25 4
      vertex -0.275 24.95 4
      vertex -0.275 25 4
    endloop
  endfacet
  facet normal 0 0 1
    outer loop
      vertex -0.275 12.05 4
      vertex -0.06 12.95 4
      vertex -0.275 12.95 4
    endloop
  endfacet
  facet normal 0 0 1
    outer loop
      vertex -0.275 13.05 4
      vertex -0.06 13.95 4
      vertex -0.275 13.95 4
    endloop
  endfacet
  facet normal 0 0 1
    outer loop
      vertex -0.275 13.05 4
      vertex -0.06 13.05 4
      vertex -0.06 13.95 4
    endloop
  endfacet
  facet normal 0 0 1
    outer loop
      vertex -0.275 14.05 4
      vertex -0.06 14.95 4
      vertex -0.275 14.95 4
    endloop
  endfacet
  facet normal 0 0 1
    outer loop
      vertex -0.275 14.05 4
      vertex -0.06 14.05 4
      vertex -0.06 14.95 4
    endloop
  endfacet
  facet normal 0 0 1
    outer loop
      vertex -0.275 15.05 4
      vertex -0.06 15.05 4
      vertex -0.06 15.95 4
    endloop
  endfacet
  facet normal 0 0 1
    outer loop
      vertex -0.275 15.05 4
      vertex -0.06 15.95 4
      vertex -0.275 15.95 4
    endloop
  endfacet
  facet normal 0 0 1
    outer loop
      vertex -0.275 16.05 4
      vertex -0.06 16.95 4
      vertex -0.275 16.95 4
    endloop
  endfacet
  facet normal 0 0 1
    outer loop
      vertex -0.275 16.05 4
      vertex -0.06 16.05 4
      vertex -0.06 16.95 4
    endloop
  endfacet
  facet normal 0 0 1
    outer loop
      vertex -0.275 17.05 4
      vertex -0.06 17.95 4
      vertex -0.275 17.95 4
    endloop
  endfacet
  facet normal 0 0 1
    outer loop
      vertex -0.275 18.05 4
      vertex -0.06 18.95 4
      vertex -0.275 18.95 4
    endloop
  endfacet
  facet normal 0 0 1
    outer loop
      vertex -0.275 17.05 4
      vertex -0.06 17.05 4
      vertex -0.06 17.95 4
    endloop
  endfacet
  facet normal 0 0 1
    outer loop
      vertex -0.275 18.05 4
      vertex -0.06 18.05 4
      vertex -0.06 18.95 4
    endloop
  endfacet
  facet normal 0 0 1
    outer loop
      vertex -0.275 19.05 4
      vertex -0.06 19.95 4
      vertex -0.275 19.95 4
    endloop
  endfacet
  facet normal 0 0 1
    outer loop
      vertex -0.275 19.05 4
      vertex -0.06 19.05 4
      vertex -0.06 19.95 4
    endloop
  endfacet
  facet normal 0 0 1
    outer loop
      vertex -0.275 20.05 4
      vertex -0.06 20.95 4
      vertex -0.275 20.95 4
    endloop
  endfacet
  facet normal 0 0 1
    outer loop
      vertex -0.275 21.05 4
      vertex -0.06 21.95 4
      vertex -0.275 21.95 4
    endloop
  endfacet
  facet normal 0 0 1
    outer loop
      vertex -0.275 20.05 4
      vertex -0.06 20.05 4
      vertex -0.06 20.95 4
    endloop
  endfacet
  facet normal 0 0 1
    outer loop
      vertex -0.275 21.05 4
      vertex -0.06 21.05 4
      vertex -0.06 21.95 4
    endloop
  endfacet
  facet normal 0 0 1
    outer loop
      vertex -0.275 22.05 4
      vertex -0.06 22.95 4
      vertex -0.275 22.95 4
    endloop
  endfacet
  facet normal 0 0 1
    outer loop
      vertex -0.275 22.05 4
      vertex -0.06 22.05 4
      vertex -0.06 22.95 4
    endloop
  endfacet
  facet normal 0 0 1
    outer loop
      vertex -0.275 23.05 4
      vertex -0.06 23.05 4
      vertex -0.06 23.95 4
    endloop
  endfacet
  facet normal 0 0 1
    outer loop
      vertex -0.275 23.05 4
      vertex -0.06 23.95 4
      vertex -0.275 23.95 4
    endloop
  endfacet
  facet normal 0 0 1
    outer loop
      vertex -0.275 24.05 4
      vertex -0.06 24.95 4
      vertex -0.275 24.95 4
    endloop
  endfacet
  facet normal 0 0 1
    outer loop
      vertex -0.275 24.05 4
      vertex -0.06 24.05 4
      vertex -0.06 24.95 4
    endloop
  endfacet
  facet normal 0 0 -1
    outer loop
      vertex -5 -25 0
      vertex 4.299999997019768 -4 0
      vertex 5 -25 0
    endloop
  endfacet
  facet normal 0 -1 0
    outer loop
      vertex -5 -25 0
      vertex 5 -25 0
      vertex 5 -25 4
    endloop
  endfacet
  facet normal 0 0 -1
    outer loop
      vertex -5 -25 0
      vertex 4.299999997019768 4 0
      vertex 4.299999997019768 -4 0
    endloop
  endfacet
  facet normal 1 0 0
    outer loop
      vertex 5 -25 0
      vertex 5 -4 0
      vertex 5 -25 4
    endloop
  endfacet
  facet normal 0 0 -1
    outer loop
      vertex 5 -25 0
      vertex 4.299999997019768 -4 0
      vertex 4.300000000000001 -4 0
    endloop
  endfacet
  facet normal 0 0 -1
    outer loop
      vertex 5 -25 0
      vertex 4.300000000000001 -4 0
      vertex 5 -4 0
    endloop
  endfacet
  facet normal 0 0 -1
    outer loop
      vertex 4.300000000000001 -4 0
      vertex 5 -4 0
      vertex 5 -4.985915492957747 0
    endloop
  endfacet
  facet normal 1 0 0
    outer loop
      vertex 5 -4.985915492957747 0
      vertex 5 -4 0
      vertex 5 -4 2.585915497403856
    endloop
  endfacet
  facet normal 1 0 0
    outer loop
      vertex 5 -4.985915492957747 0
      vertex 5 -4 2.585915497403856
      vertex 5 -4.985915492957747 2.585915492957747
    endloop
  endfacet
  facet normal 1 0 0
    outer loop
      vertex 5 -4 0
      vertex 5 -4 2.585915492957747
      vertex 5 -4.985915492957747 2.585915492957747
    endloop
  endfacet
  facet normal 0 -1 0
    outer loop
      vertex -5 -25 0
      vertex 5 -25 4
      vertex 0.275 -25 3.88
    endloop
  endfacet
  facet normal 0 0 1
    outer loop
      vertex 0.06 -24.95 4
      vertex 0.275 -24.05 4
      vertex 0.06 -24.05 4
    endloop
  endfacet
  facet normal 0 0 1
    outer loop
      vertex 0.06 -24.95 4
      vertex 0.275 -24.95 4
      vertex 0.275 -24.05 4
    endloop
  endfacet
  facet normal 0 0 1
    outer loop
      vertex 0.06 -23.95 4
      vertex 0.275 -23.95 4
      vertex 0.275 -23.05 4
    endloop
  endfacet
  facet normal 0 0 1
    outer loop
      vertex 0.06 -23.95 4
      vertex 0.275 -23.05 4
      vertex 0.06 -23.05 4
    endloop
  endfacet
  facet normal 0 0 1
    outer loop
      vertex 0.06 -22.95 4
      vertex 0.275 -22.05 4
      vertex 0.06 -22.05 4
    endloop
  endfacet
  facet normal 0 0 1
    outer loop
      vertex 0.06 -22.95 4
      vertex 0.275 -22.95 4
      vertex 0.275 -22.05 4
    endloop
  endfacet
  facet normal 0 0 1
    outer loop
      vertex 0.06 -21.95 4
      vertex 0.275 -21.05 4
      vertex 0.06 -21.05 4
    endloop
  endfacet
  facet normal 0 0 1
    outer loop
      vertex 0.06 -20.95 4
      vertex 0.275 -20.05 4
      vertex 0.06 -20.05 4
    endloop
  endfacet
  facet normal 0 0 1
    outer loop
      vertex 0.06 -21.95 4
      vertex 0.275 -21.95 4
      vertex 0.275 -21.05 4
    endloop
  endfacet
  facet normal 0 0 1
    outer loop
      vertex 0.06 -20.95 4
      vertex 0.275 -20.95 4
      vertex 0.275 -20.05 4
    endloop
  endfacet
  facet normal 0 0 1
    outer loop
      vertex 0.06 -19.95 4
      vertex 0.275 -19.05 4
      vertex 0.06 -19.05 4
    endloop
  endfacet
  facet normal 0 0 1
    outer loop
      vertex 0.06 -19.95 4
      vertex 0.275 -19.95 4
      vertex 0.275 -19.05 4
    endloop
  endfacet
  facet normal 0 0 1
    outer loop
      vertex 0.06 -18.95 4
      vertex 0.275 -18.05 4
      vertex 0.06 -18.05 4
    endloop
  endfacet
  facet normal 0 0 1
    outer loop
      vertex 0.06 -17.95 4
      vertex 0.275 -17.05 4
      vertex 0.06 -17.05 4
    endloop
  endfacet
  facet normal 0 0 1
    outer loop
      vertex 0.06 -18.95 4
      vertex 0.275 -18.95 4
      vertex 0.275 -18.05 4
    endloop
  endfacet
  facet normal 0 0 1
    outer loop
      vertex 0.06 -17.95 4
      vertex 0.275 -17.95 4
      vertex 0.275 -17.05 4
    endloop
  endfacet
  facet normal 0 0 1
    outer loop
      vertex 0.06 -16.95 4
      vertex 0.275 -16.05 4
      vertex 0.06 -16.05 4
    endloop
  endfacet
  facet normal 0 0 1
    outer loop
      vertex 0.06 -16.95 4
      vertex 0.275 -16.95 4
      vertex 0.275 -16.05 4
    endloop
  endfacet
  facet normal 0 0 1
    outer loop
      vertex 0.06 -15.95 4
      vertex 0.275 -15.95 4
      vertex 0.275 -15.05 4
    endloop
  endfacet
  facet normal 0 0 1
    outer loop
      vertex 0.06 -15.95 4
      vertex 0.275 -15.05 4
      vertex 0.06 -15.05 4
    endloop
  endfacet
  facet normal 0 0 1
    outer loop
      vertex 0.06 -14.95 4
      vertex 0.275 -14.05 4
      vertex 0.06 -14.05 4
    endloop
  endfacet
  facet normal 0 0 1
    outer loop
      vertex 0.06 -14.95 4
      vertex 0.275 -14.95 4
      vertex 0.275 -14.05 4
    endloop
  endfacet
  facet normal 0 0 1
    outer loop
      vertex 0.06 -13.95 4
      vertex 0.275 -13.05 4
      vertex 0.06 -13.05 4
    endloop
  endfacet
  facet normal 0 0 1
    outer loop
      vertex 0.06 -13.95 4
      vertex 0.275 -13.95 4
      vertex 0.275 -13.05 4
    endloop
  endfacet
  facet normal 0 0 1
    outer loop
      vertex 0.06 -12.95 4
      vertex 0.275 -12.95 4
      vertex 0.275 -12.05 4
    endloop
  endfacet
  facet normal 0 -1 0
    outer loop
      vertex 5 -25 4
      vertex 0.275 -25 4
      vertex 0.275 -25 3.88
    endloop
  endfacet
  facet normal 0 0 1
    outer loop
      vertex 5 -25 4
      vertex 0.275 -24.95 4
      vertex 0.275 -25 4
    endloop
  endfacet
  facet normal 0 0 1
    outer loop
      vertex 5 -25 4
      vertex 0.275 -24.05 4
      vertex 0.275 -24.95 4
    endloop
  endfacet
  facet normal 0 0 1
    outer loop
      vertex 5 -25 4
      vertex 0.275 -23.95 4
      vertex 0.275 -24.05 4
    endloop
  endfacet
  facet normal 0 0 1
    outer loop
      vertex 5 -25 4
      vertex 0.275 -23.05 4
      vertex 0.275 -23.95 4
    endloop
  endfacet
  facet normal 0 0 1
    outer loop
      vertex 5 -25 4
      vertex 0.275 -22.95 4
      vertex 0.275 -23.05 4
    endloop
  endfacet
  facet normal 0 0 1
    outer loop
      vertex 5 -25 4
      vertex 0.275 -22.05 4
      vertex 0.275 -22.95 4
    endloop
  endfacet
  facet normal 0 0 1
    outer loop
      vertex 5 -25 4
      vertex 0.275 -21.95 4
      vertex 0.275 -22.05 4
    endloop
  endfacet
  facet normal 0 0 1
    outer loop
      vertex 5 -25 4
      vertex 0.275 -21.05 4
      vertex 0.275 -21.95 4
    endloop
  endfacet
  facet normal 0 0 1
    outer loop
      vertex 5 -25 4
      vertex 0.275 -20.95 4
      vertex 0.275 -21.05 4
    endloop
  endfacet
  facet normal 0 0 1
    outer loop
      vertex 5 -25 4
      vertex 0.275 -20.05 4
      vertex 0.275 -20.95 4
    endloop
  endfacet
  facet normal 0 0 1
    outer loop
      vertex 5 -25 4
      vertex 0.275 -19.95 4
      vertex 0.275 -20.05 4
    endloop
  endfacet
  facet normal 0 0 1
    outer loop
      vertex 5 -25 4
      vertex 0.275 -19.05 4
      vertex 0.275 -19.95 4
    endloop
  endfacet
  facet normal 0 0 1
    outer loop
      vertex 5 -25 4
      vertex 0.275 -18.95 4
      vertex 0.275 -19.05 4
    endloop
  endfacet
  facet normal 0 0 1
    outer loop
      vertex 5 -25 4
      vertex 0.275 -18.05 4
      vertex 0.275 -18.95 4
    endloop
  endfacet
  facet normal 0 0 1
    outer loop
      vertex 5 -25 4
      vertex 0.275 -17.95 4
      vertex 0.275 -18.05 4
    endloop
  endfacet
  facet normal 0 0 1
    outer loop
      vertex 5 -25 4
      vertex 0.275 -17.05 4
      vertex 0.275 -17.95 4
    endloop
  endfacet
  facet normal 0 0 1
    outer loop
      vertex 5 -25 4
      vertex 0.275 -16.95 4
      vertex 0.275 -17.05 4
    endloop
  endfacet
  facet normal 0 0 1
    outer loop
      vertex 5 -25 4
      vertex 0.275 -16.05 4
      vertex 0.275 -16.95 4
    endloop
  endfacet
  facet normal 0 0 1
    outer loop
      vertex 5 -25 4
      vertex 0.275 -15.95 4
      vertex 0.275 -16.05 4
    endloop
  endfacet
  facet normal 0 0 1
    outer loop
      vertex 5 -25 4
      vertex 0.275 -15.05 4
      vertex 0.275 -15.95 4
    endloop
  endfacet
  facet normal 0 0 1
    outer loop
      vertex 5 -25 4
      vertex 0.275 -14.95 4
      vertex 0.275 -15.05 4
    endloop
  endfacet
  facet normal 0 0 1
    outer loop
      vertex 5 -25 4
      vertex 0.275 -14.05 4
      vertex 0.275 -14.95 4
    endloop
  endfacet
  facet normal 0 0 1
    outer loop
      vertex 5 -25 4
      vertex 0.275 -13.95 4
      vertex 0.275 -14.05 4
    endloop
  endfacet
  facet normal 0 0 1
    outer loop
      vertex 5 -25 4
      vertex 0.275 -13.05 4
      vertex 0.275 -13.95 4
    endloop
  endfacet
  facet normal 0 0 1
    outer loop
      vertex 5 -25 4
      vertex 0.275 -12.95 4
      vertex 0.275 -13.05 4
    endloop
  endfacet
  facet normal 0 0 1
    outer loop
      vertex 5 -25 4
      vertex 0.275 -12.05 4
      vertex 0.275 -12.95 4
    endloop
  endfacet
  facet normal 0 0 1
    outer loop
      vertex 5 -25 4
      vertex 0.275 -11.95 4
      vertex 0.275 -12.05 4
    endloop
  endfacet
  facet normal 0 0 1
    outer loop
      vertex 5 -25 4
      vertex 0.275 -11.05 4
      vertex 0.275 -11.95 4
    endloop
  endfacet
  facet normal 0 0 1
    outer loop
      vertex 5 -25 4
      vertex 0.275 -10.95 4
      vertex 0.275 -11.05 4
    endloop
  endfacet
  facet normal 0 0 1
    outer loop
      vertex 5 -25 4
      vertex 0.275 -10.05 4
      vertex 0.275 -10.95 4
    endloop
  endfacet
  facet normal 0 0 1
    outer loop
      vertex 5 -25 4
      vertex 0.275 -9.95 4
      vertex 0.275 -10.05 4
    endloop
  endfacet
  facet normal 0 0 1
    outer loop
      vertex 5 -25 4
      vertex 0.275 -9.05 4
      vertex 0.275 -9.95 4
    endloop
  endfacet
  facet normal 0 0 1
    outer loop
      vertex 5 -25 4
      vertex 0.275 -8.95 4
      vertex 0.275 -9.05 4
    endloop
  endfacet
  facet normal 0 0 1
    outer loop
      vertex 5 -25 4
      vertex 0.275 -8.05 4
      vertex 0.275 -8.95 4
    endloop
  endfacet
  facet normal 0 0 1
    outer loop
      vertex 5 -25 4
      vertex 0.275 -7.95 4
      vertex 0.275 -8.05 4
    endloop
  endfacet
  facet normal 0 0 1
    outer loop
      vertex 5 -25 4
      vertex 0.275 -7.05 4
      vertex 0.275 -7.95 4
    endloop
  endfacet
  facet normal 0 0 1
    outer loop
      vertex 5 -25 4
      vertex 0.275 -6.95 4
      vertex 0.275 -7.05 4
    endloop
  endfacet
  facet normal 0 0 1
    outer loop
      vertex 5 -25 4
      vertex 0.275 -6.05 4
      vertex 0.275 -6.95 4
    endloop
  endfacet
  facet normal 0 0 1
    outer loop
      vertex 0.06 -12.95 4
      vertex 0.275 -12.05 4
      vertex 0.06 -12.05 4
    endloop
  endfacet
  facet normal 0 0 1
    outer loop
      vertex 0.06 -11.95 4
      vertex 0.275 -11.05 4
      vertex 0.06 -11.05 4
    endloop
  endfacet
  facet normal 0 0 1
    outer loop
      vertex 0.06 -11.95 4
      vertex 0.275 -11.95 4
      vertex 0.275 -11.05 4
    endloop
  endfacet
  facet normal 0 0 1
    outer loop
      vertex 0.06 -10.95 4
      vertex 0.275 -10.05 4
      vertex 0.06 -10.05 4
    endloop
  endfacet
  facet normal 0 0 1
    outer loop
      vertex 0.06 -10.95 4
      vertex 0.275 -10.95 4
      vertex 0.275 -10.05 4
    endloop
  endfacet
  facet normal 0 0 1
    outer loop
      vertex 0.06 -9.95 4
      vertex 0.275 -9.95 4
      vertex 0.275 -9.05 4
    endloop
  endfacet
  facet normal 0 0 1
    outer loop
      vertex 0.06 -9.95 4
      vertex 0.275 -9.05 4
      vertex 0.06 -9.05 4
    endloop
  endfacet
  facet normal 0 0 1
    outer loop
      vertex 0.06 -8.95 4
      vertex 0.275 -8.05 4
      vertex 0.06 -8.05 4
    endloop
  endfacet
  facet normal 0 0 1
    outer loop
      vertex 0.06 -8.95 4
      vertex 0.275 -8.95 4
      vertex 0.275 -8.05 4
    endloop
  endfacet
  facet normal 0 0 1
    outer loop
      vertex 0.06 -7.95 4
      vertex 0.275 -7.05 4
      vertex 0.06 -7.05 4
    endloop
  endfacet
  facet normal 0 0 1
    outer loop
      vertex 0.06 -6.95 4
      vertex 0.275 -6.05 4
      vertex 0.06 -6.05 4
    endloop
  endfacet
  facet normal 0 0 1
    outer loop
      vertex 0.06 -7.95 4
      vertex 0.275 -7.95 4
      vertex 0.275 -7.05 4
    endloop
  endfacet
  facet normal 0 0 1
    outer loop
      vertex 0.06 -6.95 4
      vertex 0.275 -6.95 4
      vertex 0.275 -6.05 4
    endloop
  endfacet
  facet normal 0 0 1
    outer loop
      vertex 0.06 -5.95 4
      vertex 0.275 -5.05 4
      vertex 0.06 -5.05 4
    endloop
  endfacet
  facet normal 0 0 1
    outer loop
      vertex 0.06 -5.95 4
      vertex 0.275 -5.95 4
      vertex 0.275 -5.05 4
    endloop
  endfacet
  facet normal 0 0 1
    outer loop
      vertex 0.06 -4.95 4
      vertex 0.275 -4.05 4
      vertex 0.06 -4.05 4
    endloop
  endfacet
  facet normal 0 0 1
    outer loop
      vertex 0.06 -3.95 4
      vertex 0.275 -3.05 4
      vertex 0.06 -3.05 4
    endloop
  endfacet
  facet normal 0 0 1
    outer loop
      vertex 0.06 -4.95 4
      vertex 0.275 -4.95 4
      vertex 0.275 -4.05 4
    endloop
  endfacet
  facet normal 0 0 1
    outer loop
      vertex 0.06 -3.95 4
      vertex 0.275 -3.95 4
      vertex 0.275 -3.05 4
    endloop
  endfacet
  facet normal 0 0 1
    outer loop
      vertex 0.06 -2.95 4
      vertex 0.275 -2.05 4
      vertex 0.06 -2.05 4
    endloop
  endfacet
  facet normal 0 0 1
    outer loop
      vertex 0.06 -2.95 4
      vertex 0.275 -2.95 4
      vertex 0.275 -2.05 4
    endloop
  endfacet
  facet normal 0 0 1
    outer loop
      vertex 0.275 -1.05 4
      vertex 0.06 -1.95 4
      vertex 0.275 -1.95 4
    endloop
  endfacet
  facet normal 0 0 1
    outer loop
      vertex 0.275 -1.05 4
      vertex 0.06 -1.05 4
      vertex 0.06 -1.95 4
    endloop
  endfacet
  facet normal 0 0 1
    outer loop
      vertex 0.06 -0.95 4
      vertex 0.95 -0.275 4
      vertex 0.06 -0.06 4
    endloop
  endfacet
  facet normal 0 0 1
    outer loop
      vertex 0.06 -0.95 4
      vertex 0.275 -0.95 4
      vertex 0.95 -0.275 4
    endloop
  endfacet
  facet normal 0 0 1
    outer loop
      vertex 0.06 -0.06 4
      vertex 0.95 -0.275 4
      vertex 0.95 -0.06 4
    endloop
  endfacet
  facet normal 0 0 1
    outer loop
      vertex 5 -25 4
      vertex 0.275 -5.95 4
      vertex 0.275 -6.05 4
    endloop
  endfacet
  facet normal 0 0 1
    outer loop
      vertex 5 -25 4
      vertex 0.275 -5.05 4
      vertex 0.275 -5.95 4
    endloop
  endfacet
  facet normal 0 0 1
    outer loop
      vertex 5 -25 4
      vertex 0.275 -4.95 4
      vertex 0.275 -5.05 4
    endloop
  endfacet
  facet normal 0 0 1
    outer loop
      vertex 5 -25 4
      vertex 0.275 -4.05 4
      vertex 0.275 -4.95 4
    endloop
  endfacet
  facet normal 0 0 1
    outer loop
      vertex 5 -25 4
      vertex 0.275 -3.95 4
      vertex 0.275 -4.05 4
    endloop
  endfacet
  facet normal 0 0 1
    outer loop
      vertex 5 -25 4
      vertex 0.275 -3.05 4
      vertex 0.275 -3.95 4
    endloop
  endfacet
  facet normal 0 0 1
    outer loop
      vertex 5 -25 4
      vertex 0.275 -2.95 4
      vertex 0.275 -3.05 4
    endloop
  endfacet
  facet normal 0 0 1
    outer loop
      vertex 5 -25 4
      vertex 0.275 -2.05 4
      vertex 0.275 -2.95 4
    endloop
  endfacet
  facet normal 0 0 1
    outer loop
      vertex 5 -25 4
      vertex 0.275 -1.95 4
      vertex 0.275 -2.05 4
    endloop
  endfacet
  facet normal 0 0 1
    outer loop
      vertex 5 -25 4
      vertex 0.275 -1.05 4
      vertex 0.275 -1.95 4
    endloop
  endfacet
  facet normal 0 0 1
    outer loop
      vertex 5 -25 4
      vertex 0.275 -0.95 4
      vertex 0.275 -1.05 4
    endloop
  endfacet
  facet normal 0 0 1
    outer loop
      vertex 5 -25 4
      vertex 0.95 -0.275 4
      vertex 0.275 -0.95 4
    endloop
  endfacet
  facet normal 0 0 1
    outer loop
      vertex 5 -25 4
      vertex 1.05 -0.275 4
      vertex 0.95 -0.275 4
    endloop
  endfacet
  facet normal 0 0 1
    outer loop
      vertex 1.05 -0.275 4
      vertex 1.95 -0.275 4
      vertex 1.05 -0.06 4
    endloop
  endfacet
  facet normal 0 0 1
    outer loop
      vertex 1.05 -0.06 4
      vertex 1.95 -0.275 4
      vertex 1.95 -0.06 4
    endloop
  endfacet
  facet normal 0 0 1
    outer loop
      vertex 2.05 -0.275 4
      vertex 2.95 -0.275 4
      vertex 2.05 -0.06 4
    endloop
  endfacet
  facet normal 1 0 0
    outer loop
      vertex 5 -4 0
      vertex 5 -4.985915492957747 2.585915492957747
      vertex 5 -25 4
    endloop
  endfacet
  facet normal 0 0 1
    outer loop
      vertex 5 -25 4
      vertex 1.95 -0.275 4
      vertex 1.05 -0.275 4
    endloop
  endfacet
  facet normal 0 0 1
    outer loop
      vertex 5 -25 4
      vertex 2.05 -0.275 4
      vertex 1.95 -0.275 4
    endloop
  endfacet
  facet normal 0 0 1
    outer loop
      vertex 5 -25 4
      vertex 2.95 -0.275 4
      vertex 2.05 -0.275 4
    endloop
  endfacet
  facet normal 0 0 1
    outer loop
      vertex 5 -25 4
      vertex 3.05 -0.275 4
      vertex 2.95 -0.275 4
    endloop
  endfacet
  facet normal 0 0 1
    outer loop
      vertex 2.05 -0.06 4
      vertex 2.95 -0.275 4
      vertex 2.95 -0.06 4
    endloop
  endfacet
  facet normal 0 0 1
    outer loop
      vertex 3.05 -0.275 4
      vertex 3.95 -0.275 4
      vertex 3.05 -0.06 4
    endloop
  endfacet
  facet normal 0 0 1
    outer loop
      vertex 3.05 -0.06 4
      vertex 3.95 -0.275 4
      vertex 3.95 -0.06 4
    endloop
  endfacet
  facet normal 1 0 0
    outer loop
      vertex 5 -25 4
      vertex 5 -4.985915492957747 2.585915492957747
      vertex 5 -4 2.585915497403856
    endloop
  endfacet
  facet normal 1 0 0
    outer loop
      vertex 5 -25 4
      vertex 5 -4 2.585915497403856
      vertex 5 4 2.585915497403856
    endloop
  endfacet
  facet normal 1 0 0
    outer loop
      vertex 5 -25 4
      vertex 5 4 2.585915497403856
      vertex 5 -0.275 3.88
    endloop
  endfacet
  facet normal 0 0 1
    outer loop
      vertex 5 -25 4
      vertex 3.95 -0.275 4
      vertex 3.05 -0.275 4
    endloop
  endfacet
  facet normal 0 0 1
    outer loop
      vertex 5 -25 4
      vertex 4.05 -0.275 4
      vertex 3.95 -0.275 4
    endloop
  endfacet
  facet normal 0 0 1
    outer loop
      vertex 5 -25 4
      vertex 4.95 -0.275 4
      vertex 4.05 -0.275 4
    endloop
  endfacet
  facet normal 1 0 0
    outer loop
      vertex 5 -25 4
      vertex 5 -0.275 3.88
      vertex 5 -0.275 4
    endloop
  endfacet
  facet normal 0 0 1
    outer loop
      vertex 5 -25 4
      vertex 5 -0.275 4
      vertex 4.95 -0.275 4
    endloop
  endfacet
  facet normal 0 0 1
    outer loop
      vertex 4.05 -0.275 4
      vertex 4.95 -0.275 4
      vertex 4.05 -0.06 4
    endloop
  endfacet
  facet normal 0 0 1
    outer loop
      vertex 5 -6.902439024390246 4
      vertex 5 -0.275 4
      vertex 4.609999999999999 -5 4
    endloop
  endfacet
  facet normal 1 0 0
    outer loop
      vertex 5 -6.902439024390246 4
      vertex 5 -5 3.61
      vertex 5 5 3.61
    endloop
  endfacet
  facet normal 0 0 1
    outer loop
      vertex 4.05 -0.06 4
      vertex 4.95 -0.275 4
      vertex 4.95 -0.06 4
    endloop
  endfacet
  facet normal 0 0 1
    outer loop
      vertex 4.609999999999999 -5 4
      vertex 4.95 -0.06 4
      vertex 4.609999999999999 -0.06 4
    endloop
  endfacet
  facet normal 0 0 1
    outer loop
      vertex 4.609999999999999 -5 4
      vertex 4.95 -0.275 4
      vertex 4.95 -0.06 4
    endloop
  endfacet
  facet normal 1 0 0
    outer loop
      vertex 5 -6.902439024390246 4
      vertex 5 -0.275 3.88
      vertex 5 -0.275 4
    endloop
  endfacet
  facet normal 0 0 1
    outer loop
      vertex 4.609999999999999 -5 4
      vertex 5 -0.275 4
      vertex 4.95 -0.275 4
    endloop
  endfacet
  facet normal 1 0 0
    outer loop
      vertex 5 -6.902439024390246 4
      vertex 5 5 3.61
      vertex 5 -0.275 3.88
    endloop
  endfacet
  facet normal 0 0 -1
    outer loop
      vertex -5 -25 0
      vertex 5 25 0
      vertex 4.299999997019768 4 0
    endloop
  endfacet
  facet normal 0 0 -1
    outer loop
      vertex 4.300000000000001 4 0
      vertex 5 4.985915492957747 0
      vertex 5 4 0
    endloop
  endfacet
  facet normal 1 0 0
    outer loop
      vertex 5 4 0
      vertex 5 4.985915492957747 0
      vertex 5 4.985915492957747 2.585915492957747
    endloop
  endfacet
  facet normal 0 0 -1
    outer loop
      vertex 4.299999997019768 4 0
      vertex 5 25 0
      vertex 5 4 0
    endloop
  endfacet
  facet normal 1 0 0
    outer loop
      vertex 5 4 0
      vertex 5 25 0
      vertex 5 4 2.585915497403856
    endloop
  endfacet
  facet normal 1 0 0
    outer loop
      vertex 5 4 0
      vertex 5 4.985915492957747 2.585915492957747
      vertex 5 4 2.585915492957747
    endloop
  endfacet
  facet normal 0 0 1
    outer loop
      vertex 0.06 1.05 4
      vertex 0.275 1.05 4
      vertex 0.275 1.95 4
    endloop
  endfacet
  facet normal 0 0 1
    outer loop
      vertex 0.06 1.05 4
      vertex 0.275 1.95 4
      vertex 0.06 1.95 4
    endloop
  endfacet
  facet normal 0 0 1
    outer loop
      vertex 0.06 2.05 4
      vertex 0.275 2.95 4
      vertex 0.06 2.95 4
    endloop
  endfacet
  facet normal 0 0 1
    outer loop
      vertex 0.06 2.05 4
      vertex 0.275 2.05 4
      vertex 0.275 2.95 4
    endloop
  endfacet
  facet normal 0 0 1
    outer loop
      vertex 0.06 0.06 4
      vertex 0.95 0.06 4
      vertex 0.06 0.95 4
    endloop
  endfacet
  facet normal 0 0 1
    outer loop
      vertex 0.275 0.95 4
      vertex 0.06 0.95 4
      vertex 0.95 0.06 4
    endloop
  endfacet
  facet normal 0 0 1
    outer loop
      vertex 0.275 0.95 4
      vertex 1.05 0.275 4
      vertex 0.275 1.05 4
    endloop
  endfacet
  facet normal 0 0 1
    outer loop
      vertex 0.275 1.95 4
      vertex 0.275 1.05 4
      vertex 1.05 0.275 4
    endloop
  endfacet
  facet normal 0 0 1
    outer loop
      vertex 0.06 3.05 4
      vertex 0.275 3.95 4
      vertex 0.06 3.95 4
    endloop
  endfacet
  facet normal 0 0 1
    outer loop
      vertex 0.06 4.05 4
      vertex 0.275 4.95 4
      vertex 0.06 4.95 4
    endloop
  endfacet
  facet normal 0 0 1
    outer loop
      vertex 0.06 3.05 4
      vertex 0.275 3.05 4
      vertex 0.275 3.95 4
    endloop
  endfacet
  facet normal 0 0 1
    outer loop
      vertex 0.06 4.05 4
      vertex 0.275 4.05 4
      vertex 0.275 4.95 4
    endloop
  endfacet
  facet normal 0 0 1
    outer loop
      vertex 0.06 5.05 4
      vertex 0.275 5.95 4
      vertex 0.06 5.95 4
    endloop
  endfacet
  facet normal 0 0 1
    outer loop
      vertex 0.06 5.05 4
      vertex 0.275 5.05 4
      vertex 0.275 5.95 4
    endloop
  endfacet
  facet normal 0 0 1
    outer loop
      vertex 0.275 0.95 4
      vertex 0.95 0.06 4
      vertex 0.95 0.275 4
    endloop
  endfacet
  facet normal 0 0 1
    outer loop
      vertex 0.275 0.95 4
      vertex 0.95 0.275 4
      vertex 1.05 0.275 4
    endloop
  endfacet
  facet normal 0 0 1
    outer loop
      vertex 0.275 1.95 4
      vertex 2.05 0.275 4
      vertex 0.275 2.05 4
    endloop
  endfacet
  facet normal 0 0 1
    outer loop
      vertex 0.275 2.95 4
      vertex 0.275 2.05 4
      vertex 2.05 0.275 4
    endloop
  endfacet
  facet normal 0 0 1
    outer loop
      vertex 0.275 1.95 4
      vertex 1.05 0.275 4
      vertex 1.95 0.275 4
    endloop
  endfacet
  facet normal 0 0 1
    outer loop
      vertex 0.275 2.95 4
      vertex 3.05 0.275 4
      vertex 0.275 3.05 4
    endloop
  endfacet
  facet normal 0 0 1
    outer loop
      vertex 0.275 3.95 4
      vertex 0.275 3.05 4
      vertex 3.05 0.275 4
    endloop
  endfacet
  facet normal 0 0 1
    outer loop
      vertex 0.06 6.05 4
      vertex 0.275 6.95 4
      vertex 0.06 6.95 4
    endloop
  endfacet
  facet normal 0 0 1
    outer loop
      vertex 0.06 7.05 4
      vertex 0.275 7.95 4
      vertex 0.06 7.95 4
    endloop
  endfacet
  facet normal 0 0 1
    outer loop
      vertex 0.06 6.05 4
      vertex 0.275 6.05 4
      vertex 0.275 6.95 4
    endloop
  endfacet
  facet normal 0 0 1
    outer loop
      vertex 0.06 7.05 4
      vertex 0.275 7.05 4
      vertex 0.275 7.95 4
    endloop
  endfacet
  facet normal 0 0 1
    outer loop
      vertex 0.06 8.05 4
      vertex 0.275 8.95 4
      vertex 0.06 8.95 4
    endloop
  endfacet
  facet normal 0 0 1
    outer loop
      vertex 0.06 8.05 4
      vertex 0.275 8.05 4
      vertex 0.275 8.95 4
    endloop
  endfacet
  facet normal 0 0 1
    outer loop
      vertex 0.06 9.05 4
      vertex 0.275 9.05 4
      vertex 0.275 9.95 4
    endloop
  endfacet
  facet normal 0 0 1
    outer loop
      vertex 0.06 9.05 4
      vertex 0.275 9.95 4
      vertex 0.06 9.95 4
    endloop
  endfacet
  facet normal 0 0 1
    outer loop
      vertex 0.06 10.05 4
      vertex 0.275 10.95 4
      vertex 0.06 10.95 4
    endloop
  endfacet
  facet normal 0 0 1
    outer loop
      vertex 0.06 10.05 4
      vertex 0.275 10.05 4
      vertex 0.275 10.95 4
    endloop
  endfacet
  facet normal 0 0 1
    outer loop
      vertex 0.06 11.05 4
      vertex 0.275 11.95 4
      vertex 0.06 11.95 4
    endloop
  endfacet
  facet normal 0 0 1
    outer loop
      vertex 0.06 11.05 4
      vertex 0.275 11.05 4
      vertex 0.275 11.95 4
    endloop
  endfacet
  facet normal 0 0 1
    outer loop
      vertex 0.06 12.05 4
      vertex 0.275 12.05 4
      vertex 0.275 12.95 4
    endloop
  endfacet
  facet normal 0 0 1
    outer loop
      vertex 1.05 0.275 4
      vertex 1.05 0.06 4
      vertex 1.95 0.06 4
    endloop
  endfacet
  facet normal 0 0 1
    outer loop
      vertex 0.275 1.95 4
      vertex 1.95 0.275 4
      vertex 2.05 0.275 4
    endloop
  endfacet
  facet normal 0 0 1
    outer loop
      vertex 0.275 3.95 4
      vertex 4.05 0.275 4
      vertex 0.275 4.05 4
    endloop
  endfacet
  facet normal 0 0 1
    outer loop
      vertex 0.275 4.95 4
      vertex 0.275 4.05 4
      vertex 4.05 0.275 4
    endloop
  endfacet
  facet normal 0 0 1
    outer loop
      vertex 1.05 0.275 4
      vertex 1.95 0.06 4
      vertex 1.95 0.275 4
    endloop
  endfacet
  facet normal 0 0 1
    outer loop
      vertex 0.275 2.95 4
      vertex 2.05 0.275 4
      vertex 2.95 0.275 4
    endloop
  endfacet
  facet normal 0 0 1
    outer loop
      vertex 0.275 4.95 4
      vertex 4.964285714285714 0.275 4
      vertex 0.275 5.05 4
    endloop
  endfacet
  facet normal 0 0 1
    outer loop
      vertex 5 0.275 4
      vertex 0.275 5.95 4
      vertex 0.275 5.05 4
    endloop
  endfacet
  facet normal 0 0 1
    outer loop
      vertex 5 0.275 4
      vertex 0.275 6.05 4
      vertex 0.275 5.95 4
    endloop
  endfacet
  facet normal 0 0 1
    outer loop
      vertex 5 0.275 4
      vertex 0.275 6.95 4
      vertex 0.275 6.05 4
    endloop
  endfacet
  facet normal 0 0 1
    outer loop
      vertex 5 0.275 4
      vertex 0.275 7.05 4
      vertex 0.275 6.95 4
    endloop
  endfacet
  facet normal 0 0 1
    outer loop
      vertex 5 0.275 4
      vertex 0.275 7.95 4
      vertex 0.275 7.05 4
    endloop
  endfacet
  facet normal 0 0 1
    outer loop
      vertex 5 0.275 4
      vertex 0.275 8.05 4
      vertex 0.275 7.95 4
    endloop
  endfacet
  facet normal 0 0 1
    outer loop
      vertex 5 0.275 4
      vertex 0.275 8.95 4
      vertex 0.275 8.05 4
    endloop
  endfacet
  facet normal 0 0 1
    outer loop
      vertex 5 0.275 4
      vertex 0.275 9.05 4
      vertex 0.275 8.95 4
    endloop
  endfacet
  facet normal 0 0 1
    outer loop
      vertex 0.275 2.95 4
      vertex 2.95 0.275 4
      vertex 3.05 0.275 4
    endloop
  endfacet
  facet normal 0 0 1
    outer loop
      vertex 2.05 0.275 4
      vertex 2.05 0.06 4
      vertex 2.95 0.06 4
    endloop
  endfacet
  facet normal 0 0 1
    outer loop
      vertex 0.275 3.95 4
      vertex 3.05 0.275 4
      vertex 3.95 0.275 4
    endloop
  endfacet
  facet normal 0 0 1
    outer loop
      vertex 5 0.275 4
      vertex 0.275 9.95 4
      vertex 0.275 9.05 4
    endloop
  endfacet
  facet normal 0 1 0
    outer loop
      vertex 5 25 0
      vertex -0.275 25 3.88
      vertex 0.275 25 3.88
    endloop
  endfacet
  facet normal 0 0 1
    outer loop
      vertex 0.06 12.05 4
      vertex 0.275 12.95 4
      vertex 0.06 12.95 4
    endloop
  endfacet
  facet normal 0 0 1
    outer loop
      vertex 0.06 13.05 4
      vertex 0.275 13.95 4
      vertex 0.06 13.95 4
    endloop
  endfacet
  facet normal 0 0 1
    outer loop
      vertex 0.06 13.05 4
      vertex 0.275 13.05 4
      vertex 0.275 13.95 4
    endloop
  endfacet
  facet normal 0 0 1
    outer loop
      vertex 0.06 14.05 4
      vertex 0.275 14.95 4
      vertex 0.06 14.95 4
    endloop
  endfacet
  facet normal 0 0 1
    outer loop
      vertex 0.06 14.05 4
      vertex 0.275 14.05 4
      vertex 0.275 14.95 4
    endloop
  endfacet
  facet normal 0 0 1
    outer loop
      vertex 0.06 15.05 4
      vertex 0.275 15.05 4
      vertex 0.275 15.95 4
    endloop
  endfacet
  facet normal 0 0 1
    outer loop
      vertex 0.06 15.05 4
      vertex 0.275 15.95 4
      vertex 0.06 15.95 4
    endloop
  endfacet
  facet normal 0 0 1
    outer loop
      vertex 0.06 16.05 4
      vertex 0.275 16.95 4
      vertex 0.06 16.95 4
    endloop
  endfacet
  facet normal 0 0 1
    outer loop
      vertex 0.06 16.05 4
      vertex 0.275 16.05 4
      vertex 0.275 16.95 4
    endloop
  endfacet
  facet normal 0 0 1
    outer loop
      vertex 0.06 17.05 4
      vertex 0.275 17.95 4
      vertex 0.06 17.95 4
    endloop
  endfacet
  facet normal 0 0 1
    outer loop
      vertex 0.06 18.05 4
      vertex 0.275 18.95 4
      vertex 0.06 18.95 4
    endloop
  endfacet
  facet normal 0 0 1
    outer loop
      vertex 0.06 17.05 4
      vertex 0.275 17.05 4
      vertex 0.275 17.95 4
    endloop
  endfacet
  facet normal 0 0 1
    outer loop
      vertex 0.06 18.05 4
      vertex 0.275 18.05 4
      vertex 0.275 18.95 4
    endloop
  endfacet
  facet normal 0 0 1
    outer loop
      vertex 0.06 19.05 4
      vertex 0.275 19.95 4
      vertex 0.06 19.95 4
    endloop
  endfacet
  facet normal 0 0 1
    outer loop
      vertex 0.06 19.05 4
      vertex 0.275 19.05 4
      vertex 0.275 19.95 4
    endloop
  endfacet
  facet normal 0 0 1
    outer loop
      vertex 0.06 20.05 4
      vertex 0.275 20.95 4
      vertex 0.06 20.95 4
    endloop
  endfacet
  facet normal 0 0 1
    outer loop
      vertex 0.06 21.05 4
      vertex 0.275 21.95 4
      vertex 0.06 21.95 4
    endloop
  endfacet
  facet normal 0 0 1
    outer loop
      vertex 0.06 20.05 4
      vertex 0.275 20.05 4
      vertex 0.275 20.95 4
    endloop
  endfacet
  facet normal 0 0 1
    outer loop
      vertex 0.06 21.05 4
      vertex 0.275 21.05 4
      vertex 0.275 21.95 4
    endloop
  endfacet
  facet normal 0 0 1
    outer loop
      vertex 0.06 22.05 4
      vertex 0.275 22.95 4
      vertex 0.06 22.95 4
    endloop
  endfacet
  facet normal 0 0 1
    outer loop
      vertex 0.06 22.05 4
      vertex 0.275 22.05 4
      vertex 0.275 22.95 4
    endloop
  endfacet
  facet normal 0 0 1
    outer loop
      vertex 0.06 23.05 4
      vertex 0.275 23.05 4
      vertex 0.275 23.95 4
    endloop
  endfacet
  facet normal 0 0 1
    outer loop
      vertex 0.06 23.05 4
      vertex 0.275 23.95 4
      vertex 0.06 23.95 4
    endloop
  endfacet
  facet normal 0 0 1
    outer loop
      vertex 0.06 24.05 4
      vertex 0.275 24.95 4
      vertex 0.06 24.95 4
    endloop
  endfacet
  facet normal 0 0 1
    outer loop
      vertex 0.06 24.05 4
      vertex 0.275 24.05 4
      vertex 0.275 24.95 4
    endloop
  endfacet
  facet normal 0 0 1
    outer loop
      vertex 5 25 4
      vertex 0.275 10.05 4
      vertex 0.275 9.95 4
    endloop
  endfacet
  facet normal 0 0 1
    outer loop
      vertex 5 25 4
      vertex 0.275 10.95 4
      vertex 0.275 10.05 4
    endloop
  endfacet
  facet normal 0 0 1
    outer loop
      vertex 5 25 4
      vertex 0.275 11.05 4
      vertex 0.275 10.95 4
    endloop
  endfacet
  facet normal 0 0 1
    outer loop
      vertex 5 25 4
      vertex 0.275 11.95 4
      vertex 0.275 11.05 4
    endloop
  endfacet
  facet normal 0 0 1
    outer loop
      vertex 5 25 4
      vertex 0.275 12.05 4
      vertex 0.275 11.95 4
    endloop
  endfacet
  facet normal 0 0 1
    outer loop
      vertex 5 25 4
      vertex 0.275 12.95 4
      vertex 0.275 12.05 4
    endloop
  endfacet
  facet normal 0 0 1
    outer loop
      vertex 5 25 4
      vertex 0.275 13.05 4
      vertex 0.275 12.95 4
    endloop
  endfacet
  facet normal 0 0 1
    outer loop
      vertex 5 25 4
      vertex 0.275 13.95 4
      vertex 0.275 13.05 4
    endloop
  endfacet
  facet normal 0 0 1
    outer loop
      vertex 5 25 4
      vertex 0.275 14.05 4
      vertex 0.275 13.95 4
    endloop
  endfacet
  facet normal 0 0 1
    outer loop
      vertex 5 25 4
      vertex 0.275 14.95 4
      vertex 0.275 14.05 4
    endloop
  endfacet
  facet normal 0 0 1
    outer loop
      vertex 5 25 4
      vertex 0.275 15.05 4
      vertex 0.275 14.95 4
    endloop
  endfacet
  facet normal 0 0 1
    outer loop
      vertex 5 25 4
      vertex 0.275 15.95 4
      vertex 0.275 15.05 4
    endloop
  endfacet
  facet normal 0 0 1
    outer loop
      vertex 5 25 4
      vertex 0.275 16.05 4
      vertex 0.275 15.95 4
    endloop
  endfacet
  facet normal 0 0 1
    outer loop
      vertex 5 25 4
      vertex 0.275 16.95 4
      vertex 0.275 16.05 4
    endloop
  endfacet
  facet normal 0 0 1
    outer loop
      vertex 5 25 4
      vertex 0.275 17.05 4
      vertex 0.275 16.95 4
    endloop
  endfacet
  facet normal 0 0 1
    outer loop
      vertex 5 25 4
      vertex 0.275 17.95 4
      vertex 0.275 17.05 4
    endloop
  endfacet
  facet normal 0 0 1
    outer loop
      vertex 5 25 4
      vertex 0.275 18.05 4
      vertex 0.275 17.95 4
    endloop
  endfacet
  facet normal 0 0 1
    outer loop
      vertex 5 25 4
      vertex 0.275 18.95 4
      vertex 0.275 18.05 4
    endloop
  endfacet
  facet normal 0 0 1
    outer loop
      vertex 5 25 4
      vertex 0.275 19.05 4
      vertex 0.275 18.95 4
    endloop
  endfacet
  facet normal 0 0 1
    outer loop
      vertex 5 25 4
      vertex 0.275 19.95 4
      vertex 0.275 19.05 4
    endloop
  endfacet
  facet normal 0 0 1
    outer loop
      vertex 5 25 4
      vertex 0.275 20.05 4
      vertex 0.275 19.95 4
    endloop
  endfacet
  facet normal 0 0 1
    outer loop
      vertex 5 25 4
      vertex 0.275 20.95 4
      vertex 0.275 20.05 4
    endloop
  endfacet
  facet normal 0 0 1
    outer loop
      vertex 5 25 4
      vertex 0.275 21.05 4
      vertex 0.275 20.95 4
    endloop
  endfacet
  facet normal 0 0 1
    outer loop
      vertex 5 25 4
      vertex 0.275 21.95 4
      vertex 0.275 21.05 4
    endloop
  endfacet
  facet normal 0 0 1
    outer loop
      vertex 5 25 4
      vertex 0.275 22.05 4
      vertex 0.275 21.95 4
    endloop
  endfacet
  facet normal 0 0 1
    outer loop
      vertex 5 25 4
      vertex 0.275 22.95 4
      vertex 0.275 22.05 4
    endloop
  endfacet
  facet normal 0 0 1
    outer loop
      vertex 5 25 4
      vertex 0.275 23.05 4
      vertex 0.275 22.95 4
    endloop
  endfacet
  facet normal 0 0 1
    outer loop
      vertex 5 25 4
      vertex 0.275 23.95 4
      vertex 0.275 23.05 4
    endloop
  endfacet
  facet normal 0 0 1
    outer loop
      vertex 5 25 4
      vertex 0.275 24.05 4
      vertex 0.275 23.95 4
    endloop
  endfacet
  facet normal 0 1 0
    outer loop
      vertex 5 25 4
      vertex 0.275 25 3.88
      vertex 0.275 25 4
    endloop
  endfacet
  facet normal 0 0 1
    outer loop
      vertex 5 25 4
      vertex 0.275 24.95 4
      vertex 0.275 24.05 4
    endloop
  endfacet
  facet normal 0 0 1
    outer loop
      vertex 5 25 4
      vertex 0.275 25 4
      vertex 0.275 24.95 4
    endloop
  endfacet
  facet normal 0 0 1
    outer loop
      vertex 2.05 0.275 4
      vertex 2.95 0.06 4
      vertex 2.95 0.275 4
    endloop
  endfacet
  facet normal 0 0 1
    outer loop
      vertex 0.275 3.95 4
      vertex 3.95 0.275 4
      vertex 4.05 0.275 4
    endloop
  endfacet
  facet normal 0 0 1
    outer loop
      vertex 0.275 4.95 4
      vertex 4.05 0.275 4
      vertex 4.95 0.275 4
    endloop
  endfacet
  facet normal 0 0 1
    outer loop
      vertex 3.05 0.275 4
      vertex 3.05 0.06 4
      vertex 3.95 0.06 4
    endloop
  endfacet
  facet normal 0 0 1
    outer loop
      vertex 0.275 4.95 4
      vertex 4.95 0.275 4
      vertex 4.964285714285714 0.275 4
    endloop
  endfacet
  facet normal 0 0 1
    outer loop
      vertex 5 0.275 4
      vertex 0.275 5.05 4
      vertex 4.964285714285714 0.275 4
    endloop
  endfacet
  facet normal 0 0 1
    outer loop
      vertex 3.05 0.275 4
      vertex 3.95 0.06 4
      vertex 3.95 0.275 4
    endloop
  endfacet
  facet normal 0 0 1
    outer loop
      vertex 5 25 4
      vertex 0.275 9.95 4
      vertex 5 0.275 4
    endloop
  endfacet
  facet normal 1 0 0
    outer loop
      vertex 5 4 2.585915497403856
      vertex 5 0.275 3.88
      vertex 5 -0.275 3.88
    endloop
  endfacet
  facet normal 1 0 0
    outer loop
      vertex 5 4 2.585915497403856
      vertex 5 0.275 4
      vertex 5 0.275 3.88
    endloop
  endfacet
  facet normal 0 0 1
    outer loop
      vertex 4.05 0.275 4
      vertex 4.05 0.06 4
      vertex 4.95 0.06 4
    endloop
  endfacet
  facet normal 0 0 1
    outer loop
      vertex 4.05 0.275 4
      vertex 4.95 0.06 4
      vertex 4.95 0.275 4
    endloop
  endfacet
  facet normal 0 0 1
    outer loop
      vertex 4.609999999999999 0.06 4
      vertex 4.95 0.06 4
      vertex 4.95 0.275 4
    endloop
  endfacet
  facet normal 1 0 0
    outer loop
      vertex 5 5 3.61
      vertex 5 0.275 3.88
      vertex 5 -0.275 3.88
    endloop
  endfacet
  facet normal 1 0 0
    outer loop
      vertex 5 5 3.61
      vertex 5 0.275 4
      vertex 5 0.275 3.88
    endloop
  endfacet
  facet normal 0 0 1
    outer loop
      vertex 5 6.902439024390246 4
      vertex 4.609999999999999 0.06 4
      vertex 4.95 0.275 4
    endloop
  endfacet
  facet normal 0 0 1
    outer loop
      vertex 5 6.902439024390246 4
      vertex 4.95 0.275 4
      vertex 4.964285714285714 0.275 4
    endloop
  endfacet
  facet normal 0 0 1
    outer loop
      vertex 5 6.902439024390246 4
      vertex 4.964285714285714 0.275 4
      vertex 5 0.275 4
    endloop
  endfacet
  facet normal 1 0 0
    outer loop
      vertex 5 5 3.61
      vertex 5 6.902439024390246 4
      vertex 5 0.275 4
    endloop
  endfacet
  facet normal 0 0 1
    outer loop
      vertex 4.609999999999999 5 4
      vertex 4.609999999999999 0.06 4
      vertex 5 6.902439024390246 4
    endloop
  endfacet
  facet normal 1 0 0
    outer loop
      vertex 5 4 2.585915497403856
      vertex 5 25 4
      vertex 5 0.275 4
    endloop
  endfacet
  facet normal 0 1 0
    outer loop
      vertex 5 25 0
      vertex 0.275 25 3.88
      vertex 5 25 4
    endloop
  endfacet
  facet normal 1 0 0
    outer loop
      vertex 5 25 0
      vertex 5 25 4
      vertex 5 4 2.585915497403856
    endloop
  endfacet
  facet normal 0 0 1
    outer loop
      vertex -4.95 -0.275 3.88
      vertex -5 0.275 3.88
      vertex -5 -0.275 3.88
    endloop
  endfacet
  facet normal 0 0 1
    outer loop
      vertex -4.95 -0.275 3.88
      vertex -5 0.275 3.88
      vertex -5 -0.275 3.88
    endloop
  endfacet
  facet normal 0 0 1
    outer loop
      vertex -4.95 -0.275 3.88
      vertex -4.95 -0.06 3.88
      vertex -5 0.275 3.88
    endloop
  endfacet
  facet normal 0 0 1
    outer loop
      vertex -4.95 -0.275 3.88
      vertex -4.95 -0.06 3.88
      vertex -5 0.275 3.88
    endloop
  endfacet
  facet normal 0 1 0
    outer loop
      vertex -4.95 -0.275 3.88
      vertex -5 -0.275 3.88
      vertex -5 -0.275 4
    endloop
  endfacet
  facet normal 0 1 0
    outer loop
      vertex -4.95 -0.275 3.88
      vertex -5 -0.275 3.88
      vertex -4.95 -0.275 4
    endloop
  endfacet
  facet normal -1 0 0
    outer loop
      vertex -4.95 -0.275 3.88
      vertex -4.95 -0.275 4
      vertex -4.95 -0.06 3.88
    endloop
  endfacet
  facet normal -1 0 0
    outer loop
      vertex -4.95 -0.275 3.88
      vertex -4.95 -0.275 4
      vertex -4.95 -0.06 3.88
    endloop
  endfacet
  facet normal 0 1 0
    outer loop
      vertex -4.95 -0.275 4
      vertex -5 -0.275 3.88
      vertex -5 -0.275 4
    endloop
  endfacet
  facet normal 0 1 0
    outer loop
      vertex -4.95 -0.275 3.88
      vertex -5 -0.275 4
      vertex -4.95 -0.275 4
    endloop
  endfacet
  facet normal -1 0 0
    outer loop
      vertex -4.95 -0.06 3.88
      vertex -4.95 -0.275 4
      vertex -4.95 -0.06 4
    endloop
  endfacet
  facet normal -1 0 0
    outer loop
      vertex -4.95 -0.06 3.88
      vertex -4.95 -0.275 4
      vertex -4.95 -0.06 4
    endloop
  endfacet
  facet normal 0 0 1
    outer loop
      vertex -4.95 -0.06 3.88
      vertex -4.95 0.06 3.88
      vertex -5 0.275 3.88
    endloop
  endfacet
  facet normal 0 0 1
    outer loop
      vertex -4.95 -0.06 3.88
      vertex -4.95 0.06 3.88
      vertex -5 0.275 3.88
    endloop
  endfacet
  facet normal 0 0 1
    outer loop
      vertex -4.95 0.06 3.88
      vertex -4.95 0.275 3.88
      vertex -5 0.275 3.88
    endloop
  endfacet
  facet normal 0 0 1
    outer loop
      vertex -4.95 0.06 3.88
      vertex -4.95 0.275 3.88
      vertex -5 0.275 3.88
    endloop
  endfacet
  facet normal 0 -1 0
    outer loop
      vertex -4.95 0.275 3.88
      vertex -5 0.275 3.9499999999999997
      vertex -5 0.275 3.88
    endloop
  endfacet
  facet normal 0 -1 0
    outer loop
      vertex -4.95 0.275 3.88
      vertex -5 0.275 3.9499999999999997
      vertex -5 0.275 3.88
    endloop
  endfacet
  facet normal -1 0 0
    outer loop
      vertex -4.95 0.06 3.88
      vertex -4.95 0.06 4
      vertex -4.95 0.275 3.88
    endloop
  endfacet
  facet normal -1 0 0
    outer loop
      vertex -4.95 0.06 3.88
      vertex -4.95 0.06 4
      vertex -4.95 0.275 3.88
    endloop
  endfacet
  facet normal 0 -1 0
    outer loop
      vertex -4.95 0.275 3.88
      vertex -4.95 0.275 4
      vertex -5 0.275 3.9499999999999997
    endloop
  endfacet
  facet normal 0 -1 0
    outer loop
      vertex -4.95 0.275 3.88
      vertex -4.95 0.275 4
      vertex -5 0.275 3.9499999999999997
    endloop
  endfacet
  facet normal -1 0 0
    outer loop
      vertex -4.95 0.275 3.88
      vertex -4.95 0.06 4
      vertex -4.95 0.275 4
    endloop
  endfacet
  facet normal -1 0 0
    outer loop
      vertex -4.95 0.275 3.88
      vertex -4.95 0.06 4
      vertex -4.95 0.275 4
    endloop
  endfacet
  facet normal 0 -1 0
    outer loop
      vertex -5 0.275 4
      vertex -5 0.275 3.9499999999999997
      vertex -4.95 0.275 4
    endloop
  endfacet
  facet normal 0 -1 0
    outer loop
      vertex -5 0.275 4
      vertex -5 0.275 3.9499999999999997
      vertex -4.95 0.275 4
    endloop
  endfacet
  facet normal 0 0 1
    outer loop
      vertex -4.05 -0.275 3.88
      vertex -4.010909090909091 -0.06 3.88
      vertex -4.05 -0.06 3.88
    endloop
  endfacet
  facet normal 0 0 1
    outer loop
      vertex -4.05 -0.275 3.88
      vertex -3.95 -0.275 3.88
      vertex -4.010909090909091 -0.06 3.88
    endloop
  endfacet
  facet normal 1 0 0
    outer loop
      vertex -4.05 -0.275 3.88
      vertex -4.05 -0.06 3.88
      vertex -4.05 -0.06 4
    endloop
  endfacet
  facet normal 0 1 0
    outer loop
      vertex -4.05 -0.275 3.88
      vertex -4.05 -0.275 4
      vertex -3.95 -0.275 3.88
    endloop
  endfacet
  facet normal 0 0 1
    outer loop
      vertex -4.010909090909091 -0.06 3.88
      vertex -3.95 -0.275 3.88
      vertex -3.95 -0.06 3.88
    endloop
  endfacet
  facet normal -1 0 0
    outer loop
      vertex -3.95 -0.275 3.88
      vertex -3.95 -0.275 4
      vertex -3.95 -0.06 3.88
    endloop
  endfacet
  facet normal 1 0 0
    outer loop
      vertex -4.05 -0.275 3.88
      vertex -4.05 -0.06 4
      vertex -4.05 -0.275 4
    endloop
  endfacet
  facet normal 0 1 0
    outer loop
      vertex -3.95 -0.275 3.88
      vertex -4.05 -0.275 4
      vertex -3.95 -0.275 4
    endloop
  endfacet
  facet normal -1 0 0
    outer loop
      vertex -3.95 -0.06 3.88
      vertex -3.95 -0.275 4
      vertex -3.95 -0.06 4
    endloop
  endfacet
  facet normal 0 0 1
    outer loop
      vertex -4.05 0.06 3.88
      vertex -3.9890909090909092 0.06 3.88
      vertex -4.05 0.275 3.88
    endloop
  endfacet
  facet normal 0 0 1
    outer loop
      vertex -4.05 0.275 3.88
      vertex -3.9890909090909092 0.06 3.88
      vertex -3.95 0.275 3.88
    endloop
  endfacet
  facet normal 1 0 0
    outer loop
      vertex -4.05 0.06 3.88
      vertex -4.05 0.275 3.88
      vertex -4.05 0.275 4
    endloop
  endfacet
  facet normal 0 0 1
    outer loop
      vertex -4.006485888212507 -0.035672385168788054 3.88
      vertex -3.95 0.06 3.88
      vertex -3.9890909090909092 0.06 3.88
    endloop
  endfacet
  facet normal 0 0 1
    outer loop
      vertex -3.9890909090909092 0.06 3.88
      vertex -3.95 0.06 3.88
      vertex -3.95 0.275 3.88
    endloop
  endfacet
  facet normal -1 0 0
    outer loop
      vertex -3.95 0.06 3.88
      vertex -3.95 0.06 4
      vertex -3.95 0.275 3.88
    endloop
  endfacet
  facet normal 0 -1 0
    outer loop
      vertex -4.05 0.275 3.88
      vertex -3.95 0.275 3.88
      vertex -3.95 0.275 4
    endloop
  endfacet
  facet normal 1 0 0
    outer loop
      vertex -4.05 0.06 3.88
      vertex -4.05 0.275 4
      vertex -4.05 0.06 4
    endloop
  endfacet
  facet normal 0 -1 0
    outer loop
      vertex -4.05 0.275 3.88
      vertex -3.95 0.275 4
      vertex -4.05 0.275 4
    endloop
  endfacet
  facet normal -1 0 0
    outer loop
      vertex -3.95 0.275 3.88
      vertex -3.95 0.06 4
      vertex -3.95 0.275 4
    endloop
  endfacet
  facet normal 1 0 0
    outer loop
      vertex -3.05 -0.275 3.88
      vertex -3.05 -0.06 3.88
      vertex -3.05 -0.06 4
    endloop
  endfacet
  facet normal 0 0 1
    outer loop
      vertex -3.05 -0.275 3.88
      vertex -3.0109090909090908 -0.06 3.88
      vertex -3.05 -0.06 3.88
    endloop
  endfacet
  facet normal 0 0 1
    outer loop
      vertex -3.05 -0.275 3.88
      vertex -2.95 -0.275 3.88
      vertex -3.0109090909090908 -0.06 3.88
    endloop
  endfacet
  facet normal 0 0 1
    outer loop
      vertex -3.0109090909090908 -0.06 3.88
      vertex -2.95 -0.275 3.88
      vertex -2.95 -0.06 3.88
    endloop
  endfacet
  facet normal 0 1 0
    outer loop
      vertex -3.05 -0.275 3.88
      vertex -3.05 -0.275 4
      vertex -2.95 -0.275 3.88
    endloop
  endfacet
  facet normal 1 0 0
    outer loop
      vertex -3.05 -0.275 3.88
      vertex -3.05 -0.06 4
      vertex -3.05 -0.275 4
    endloop
  endfacet
  facet normal 0 1 0
    outer loop
      vertex -2.95 -0.275 3.88
      vertex -3.05 -0.275 4
      vertex -2.95 -0.275 4
    endloop
  endfacet
  facet normal -1 0 0
    outer loop
      vertex -2.95 -0.275 3.88
      vertex -2.95 -0.275 4
      vertex -2.95 -0.06 3.88
    endloop
  endfacet
  facet normal -1 0 0
    outer loop
      vertex -2.95 -0.06 3.88
      vertex -2.95 -0.275 4
      vertex -2.95 -0.06 4
    endloop
  endfacet
  facet normal 1 0 0
    outer loop
      vertex -3.05 0.06 3.88
      vertex -3.05 0.275 3.88
      vertex -3.05 0.275 4
    endloop
  endfacet
  facet normal 0 0 1
    outer loop
      vertex -3.05 0.06 3.88
      vertex -2.9890909090909092 0.06 3.88
      vertex -3.05 0.275 3.88
    endloop
  endfacet
  facet normal 0 0 1
    outer loop
      vertex -3.0020586607636965 -0.011322634200332048 3.88
      vertex -2.95 0.06 3.88
      vertex -2.9890909090909092 0.06 3.88
    endloop
  endfacet
  facet normal 0 0 1
    outer loop
      vertex -3.05 0.275 3.88
      vertex -2.9890909090909092 0.06 3.88
      vertex -2.95 0.275 3.88
    endloop
  endfacet
  facet normal 0 -1 0
    outer loop
      vertex -3.05 0.275 3.88
      vertex -2.95 0.275 3.88
      vertex -2.95 0.275 4
    endloop
  endfacet
  facet normal 1 0 0
    outer loop
      vertex -3.05 0.06 3.88
      vertex -3.05 0.275 4
      vertex -3.05 0.06 4
    endloop
  endfacet
  facet normal 0 -1 0
    outer loop
      vertex -3.05 0.275 3.88
      vertex -2.95 0.275 4
      vertex -3.05 0.275 4
    endloop
  endfacet
  facet normal 0 0 1
    outer loop
      vertex -2.9890909090909092 0.06 3.88
      vertex -2.95 0.06 3.88
      vertex -2.95 0.275 3.88
    endloop
  endfacet
  facet normal -1 0 0
    outer loop
      vertex -2.95 0.06 3.88
      vertex -2.95 0.06 4
      vertex -2.95 0.275 3.88
    endloop
  endfacet
  facet normal -1 0 0
    outer loop
      vertex -2.95 0.275 3.88
      vertex -2.95 0.06 4
      vertex -2.95 0.275 4
    endloop
  endfacet
  facet normal 0 0 1
    outer loop
      vertex -2.05 -0.275 3.88
      vertex -2.0109090909090908 -0.06 3.88
      vertex -2.05 -0.06 3.88
    endloop
  endfacet
  facet normal 1 0 0
    outer loop
      vertex -2.05 -0.275 3.88
      vertex -2.05 -0.06 3.88
      vertex -2.05 -0.06 4
    endloop
  endfacet
  facet normal 1 0 0
    outer loop
      vertex -2.05 -0.275 3.88
      vertex -2.05 -0.06 4
      vertex -2.05 -0.275 4
    endloop
  endfacet
  facet normal 0 0 1
    outer loop
      vertex -2.05 -0.275 3.88
      vertex -1.95 -0.275 3.88
      vertex -2.0109090909090908 -0.06 3.88
    endloop
  endfacet
  facet normal 0 0 1
    outer loop
      vertex -2.0109090909090908 -0.06 3.88
      vertex -1.95 -0.275 3.88
      vertex -1.95 -0.06 3.88
    endloop
  endfacet
  facet normal 0 1 0
    outer loop
      vertex -2.05 -0.275 3.88
      vertex -2.05 -0.275 4
      vertex -1.95 -0.275 3.88
    endloop
  endfacet
  facet normal -1 0 0
    outer loop
      vertex -1.95 -0.275 3.88
      vertex -1.95 -0.275 4
      vertex -1.95 -0.06 3.88
    endloop
  endfacet
  facet normal 0 1 0
    outer loop
      vertex -1.95 -0.275 3.88
      vertex -2.05 -0.275 4
      vertex -1.95 -0.275 4
    endloop
  endfacet
  facet normal -1 0 0
    outer loop
      vertex -1.95 -0.06 3.88
      vertex -1.95 -0.275 4
      vertex -1.95 -0.06 4
    endloop
  endfacet
  facet normal 1 0 0
    outer loop
      vertex -2.05 0.06 3.88
      vertex -2.05 0.275 3.88
      vertex -2.05 0.275 4
    endloop
  endfacet
  facet normal 1 0 0
    outer loop
      vertex -2.05 0.06 3.88
      vertex -2.05 0.275 4
      vertex -2.05 0.06 4
    endloop
  endfacet
  facet normal 0 0 1
    outer loop
      vertex -2.05 0.06 3.88
      vertex -1.989090909090909 0.06 3.88
      vertex -2.05 0.275 3.88
    endloop
  endfacet
  facet normal 0 0 1
    outer loop
      vertex -2.05 0.275 3.88
      vertex -1.989090909090909 0.06 3.88
      vertex -1.95 0.275 3.88
    endloop
  endfacet
  facet normal 0 0 1
    outer loop
      vertex -1.9976314333148864 0.013027116768123967 3.88
      vertex -1.95 0.06 3.88
      vertex -1.989090909090909 0.06 3.88
    endloop
  endfacet
  facet normal 0 0 1
    outer loop
      vertex -1.989090909090909 0.06 3.88
      vertex -1.95 0.06 3.88
      vertex -1.95 0.275 3.88
    endloop
  endfacet
  facet normal 0 -1 0
    outer loop
      vertex -2.05 0.275 3.88
      vertex -1.95 0.275 3.88
      vertex -1.95 0.275 4
    endloop
  endfacet
  facet normal -1 0 0
    outer loop
      vertex -1.95 0.06 3.88
      vertex -1.95 0.06 4
      vertex -1.95 0.275 3.88
    endloop
  endfacet
  facet normal 0 -1 0
    outer loop
      vertex -2.05 0.275 3.88
      vertex -1.95 0.275 4
      vertex -2.05 0.275 4
    endloop
  endfacet
  facet normal -1 0 0
    outer loop
      vertex -1.95 0.275 3.88
      vertex -1.95 0.06 4
      vertex -1.95 0.275 4
    endloop
  endfacet
  facet normal 0 0 1
    outer loop
      vertex -1.05 -0.275 3.88
      vertex -1.010909090909091 -0.06 3.88
      vertex -1.05 -0.06 3.88
    endloop
  endfacet
  facet normal 0 1 0
    outer loop
      vertex -1.05 -0.275 3.88
      vertex -1.05 -0.275 4
      vertex -0.95 -0.275 3.88
    endloop
  endfacet
  facet normal 1 0 0
    outer loop
      vertex -1.05 -0.275 3.88
      vertex -1.05 -0.06 3.88
      vertex -1.05 -0.06 4
    endloop
  endfacet
  facet normal 0 0 1
    outer loop
      vertex -1.05 -0.275 3.88
      vertex -0.95 -0.275 3.88
      vertex -1.010909090909091 -0.06 3.88
    endloop
  endfacet
  facet normal 0 0 1
    outer loop
      vertex -1.010909090909091 -0.06 3.88
      vertex -0.95 -0.275 3.88
      vertex -0.95 -0.06 3.88
    endloop
  endfacet
  facet normal -1 0 0
    outer loop
      vertex -0.95 -0.275 3.88
      vertex -0.95 -0.275 4
      vertex -0.95 -0.06 3.88
    endloop
  endfacet
  facet normal 1 0 0
    outer loop
      vertex -1.05 -0.275 3.88
      vertex -1.05 -0.06 4
      vertex -1.05 -0.275 4
    endloop
  endfacet
  facet normal 0 1 0
    outer loop
      vertex -0.95 -0.275 3.88
      vertex -1.05 -0.275 4
      vertex -0.95 -0.275 4
    endloop
  endfacet
  facet normal -1 0 0
    outer loop
      vertex -0.95 -0.06 3.88
      vertex -0.95 -0.275 4
      vertex -0.95 -0.06 4
    endloop
  endfacet
  facet normal 0 0 1
    outer loop
      vertex -1.05 0.06 3.88
      vertex -0.9890909090909091 0.06 3.88
      vertex -1.05 0.275 3.88
    endloop
  endfacet
  facet normal 1 0 0
    outer loop
      vertex -1.05 0.06 3.88
      vertex -1.05 0.275 3.88
      vertex -1.05 0.275 4
    endloop
  endfacet
  facet normal 0 0 1
    outer loop
      vertex -0.9932042058660764 0.03737686773657997 3.88
      vertex -0.95 0.06 3.88
      vertex -0.9890909090909091 0.06 3.88
    endloop
  endfacet
  facet normal 0 0 1
    outer loop
      vertex -1.05 0.275 3.88
      vertex -0.9890909090909091 0.06 3.88
      vertex -0.95 0.275 3.88
    endloop
  endfacet
  facet normal 0 0 1
    outer loop
      vertex -0.9890909090909091 0.06 3.88
      vertex -0.95 0.06 3.88
      vertex -0.95 0.275 3.88
    endloop
  endfacet
  facet normal 0 -1 0
    outer loop
      vertex -1.05 0.275 3.88
      vertex -0.95 0.275 3.88
      vertex -0.95 0.275 4
    endloop
  endfacet
  facet normal -1 0 0
    outer loop
      vertex -0.95 0.06 3.88
      vertex -0.95 0.06 4
      vertex -0.95 0.275 3.88
    endloop
  endfacet
  facet normal 1 0 0
    outer loop
      vertex -1.05 0.06 3.88
      vertex -1.05 0.275 4
      vertex -1.05 0.06 4
    endloop
  endfacet
  facet normal 0 -1 0
    outer loop
      vertex -1.05 0.275 3.88
      vertex -0.95 0.275 4
      vertex -1.05 0.275 4
    endloop
  endfacet
  facet normal -1 0 0
    outer loop
      vertex -0.95 0.275 3.88
      vertex -0.95 0.06 4
      vertex -0.95 0.275 4
    endloop
  endfacet
  facet normal 0 0 1
    outer loop
      vertex 0.95 -0.275 3.88
      vertex 0.9890909090909091 -0.06 3.88
      vertex 0.95 -0.06 3.88
    endloop
  endfacet
  facet normal 0 0 1
    outer loop
      vertex 0.95 -0.275 3.88
      vertex 1.05 -0.06 3.88
      vertex 0.9890909090909091 -0.06 3.88
    endloop
  endfacet
  facet normal 0 0 1
    outer loop
      vertex 0.9890909090909091 -0.06 3.88
      vertex 1.05 -0.06 3.88
      vertex 0.9932042058660764 -0.03737686773657997 3.88
    endloop
  endfacet
  facet normal 1 0 0
    outer loop
      vertex 0.95 -0.275 3.88
      vertex 0.95 -0.06 3.88
      vertex 0.95 -0.06 4
    endloop
  endfacet
  facet normal 0 1 0
    outer loop
      vertex 0.95 -0.275 3.88
      vertex 0.95 -0.275 4
      vertex 1.05 -0.275 3.88
    endloop
  endfacet
  facet normal 0 0 1
    outer loop
      vertex 0.95 -0.275 3.88
      vertex 1.05 -0.275 3.88
      vertex 1.05 -0.06 3.88
    endloop
  endfacet
  facet normal -1 0 0
    outer loop
      vertex 1.05 -0.275 3.88
      vertex 1.05 -0.275 4
      vertex 1.05 -0.06 3.88
    endloop
  endfacet
  facet normal 1 0 0
    outer loop
      vertex 0.95 -0.275 3.88
      vertex 0.95 -0.06 4
      vertex 0.95 -0.275 4
    endloop
  endfacet
  facet normal 0 1 0
    outer loop
      vertex 1.05 -0.275 3.88
      vertex 0.95 -0.275 4
      vertex 1.05 -0.275 4
    endloop
  endfacet
  facet normal -1 0 0
    outer loop
      vertex 1.05 -0.06 3.88
      vertex 1.05 -0.275 4
      vertex 1.05 -0.06 4
    endloop
  endfacet
  facet normal 0 0 1
    outer loop
      vertex 0.95 0.06 3.88
      vertex 1.010909090909091 0.06 3.88
      vertex 0.95 0.275 3.88
    endloop
  endfacet
  facet normal 0 0 1
    outer loop
      vertex 0.95 0.275 3.88
      vertex 1.010909090909091 0.06 3.88
      vertex 1.05 0.275 3.88
    endloop
  endfacet
  facet normal 1 0 0
    outer loop
      vertex 0.95 0.06 3.88
      vertex 0.95 0.275 3.88
      vertex 0.95 0.275 4
    endloop
  endfacet
  facet normal 0 0 1
    outer loop
      vertex 1.0021822149481725 0.012002182214948172 3.88
      vertex 1.05 0.06 3.88
      vertex 1.010909090909091 0.06 3.88
    endloop
  endfacet
  facet normal 0 0 1
    outer loop
      vertex 1.010909090909091 0.06 3.88
      vertex 1.05 0.06 3.88
      vertex 1.05 0.275 3.88
    endloop
  endfacet
  facet normal -1 0 0
    outer loop
      vertex 1.05 0.06 3.88
      vertex 1.05 0.06 4
      vertex 1.05 0.275 3.88
    endloop
  endfacet
  facet normal 0 -1 0
    outer loop
      vertex 0.95 0.275 3.88
      vertex 1.05 0.275 3.88
      vertex 1.05 0.275 4
    endloop
  endfacet
  facet normal 1 0 0
    outer loop
      vertex 0.95 0.06 3.88
      vertex 0.95 0.275 4
      vertex 0.95 0.06 4
    endloop
  endfacet
  facet normal 0 -1 0
    outer loop
      vertex 0.95 0.275 3.88
      vertex 1.05 0.275 4
      vertex 0.95 0.275 4
    endloop
  endfacet
  facet normal -1 0 0
    outer loop
      vertex 1.05 0.275 3.88
      vertex 1.05 0.06 4
      vertex 1.05 0.275 4
    endloop
  endfacet
  facet normal 1 0 0
    outer loop
      vertex 1.95 -0.275 3.88
      vertex 1.95 -0.06 3.88
      vertex 1.95 -0.06 4
    endloop
  endfacet
  facet normal 0 0 1
    outer loop
      vertex 1.95 -0.275 3.88
      vertex 1.989090909090909 -0.06 3.88
      vertex 1.95 -0.06 3.88
    endloop
  endfacet
  facet normal 0 0 1
    outer loop
      vertex 1.95 -0.275 3.88
      vertex 2.05 -0.275 3.88
      vertex 2.05 -0.06 3.88
    endloop
  endfacet
  facet normal 0 0 1
    outer loop
      vertex 1.95 -0.275 3.88
      vertex 2.05 -0.06 3.88
      vertex 1.989090909090909 -0.06 3.88
    endloop
  endfacet
  facet normal 0 0 1
    outer loop
      vertex 1.989090909090909 -0.06 3.88
      vertex 2.05 -0.06 3.88
      vertex 1.9976314333148864 -0.013027116768123967 3.88
    endloop
  endfacet
  facet normal 0 1 0
    outer loop
      vertex 1.95 -0.275 3.88
      vertex 1.95 -0.275 4
      vertex 2.05 -0.275 3.88
    endloop
  endfacet
  facet normal 1 0 0
    outer loop
      vertex 1.95 -0.275 3.88
      vertex 1.95 -0.06 4
      vertex 1.95 -0.275 4
    endloop
  endfacet
  facet normal 0 1 0
    outer loop
      vertex 2.05 -0.275 3.88
      vertex 1.95 -0.275 4
      vertex 2.05 -0.275 4
    endloop
  endfacet
  facet normal -1 0 0
    outer loop
      vertex 2.05 -0.275 3.88
      vertex 2.05 -0.275 4
      vertex 2.05 -0.06 3.88
    endloop
  endfacet
  facet normal -1 0 0
    outer loop
      vertex 2.05 -0.06 3.88
      vertex 2.05 -0.275 4
      vertex 2.05 -0.06 4
    endloop
  endfacet
  facet normal 1 0 0
    outer loop
      vertex 1.95 0.06 3.88
      vertex 1.95 0.275 3.88
      vertex 1.95 0.275 4
    endloop
  endfacet
  facet normal 0 0 1
    outer loop
      vertex 1.95 0.06 3.88
      vertex 2.0109090909090908 0.06 3.88
      vertex 1.95 0.275 3.88
    endloop
  endfacet
  facet normal 0 0 1
    outer loop
      vertex 2.0043644298963446 0.024004364429896344 3.88
      vertex 2.05 0.06 3.88
      vertex 2.0109090909090908 0.06 3.88
    endloop
  endfacet
  facet normal 0 0 1
    outer loop
      vertex 1.95 0.275 3.88
      vertex 2.0109090909090908 0.06 3.88
      vertex 2.05 0.275 3.88
    endloop
  endfacet
  facet normal 0 -1 0
    outer loop
      vertex 1.95 0.275 3.88
      vertex 2.05 0.275 3.88
      vertex 2.05 0.275 4
    endloop
  endfacet
  facet normal 1 0 0
    outer loop
      vertex 1.95 0.06 3.88
      vertex 1.95 0.275 4
      vertex 1.95 0.06 4
    endloop
  endfacet
  facet normal 0 -1 0
    outer loop
      vertex 1.95 0.275 3.88
      vertex 2.05 0.275 4
      vertex 1.95 0.275 4
    endloop
  endfacet
  facet normal 0 0 1
    outer loop
      vertex 2.0109090909090908 0.06 3.88
      vertex 2.05 0.06 3.88
      vertex 2.05 0.275 3.88
    endloop
  endfacet
  facet normal -1 0 0
    outer loop
      vertex 2.05 0.06 3.88
      vertex 2.05 0.06 4
      vertex 2.05 0.275 3.88
    endloop
  endfacet
  facet normal -1 0 0
    outer loop
      vertex 2.05 0.275 3.88
      vertex 2.05 0.06 4
      vertex 2.05 0.275 4
    endloop
  endfacet
  facet normal 0 0 1
    outer loop
      vertex 2.95 -0.275 3.88
      vertex 2.9890909090909092 -0.06 3.88
      vertex 2.95 -0.06 3.88
    endloop
  endfacet
  facet normal 1 0 0
    outer loop
      vertex 2.95 -0.275 3.88
      vertex 2.95 -0.06 3.88
      vertex 2.95 -0.06 4
    endloop
  endfacet
  facet normal 1 0 0
    outer loop
      vertex 2.95 -0.275 3.88
      vertex 2.95 -0.06 4
      vertex 2.95 -0.275 4
    endloop
  endfacet
  facet normal 0 0 1
    outer loop
      vertex 2.95 -0.275 3.88
      vertex 3.05 -0.06 3.88
      vertex 2.9890909090909092 -0.06 3.88
    endloop
  endfacet
  facet normal 0 0 1
    outer loop
      vertex 2.95 -0.275 3.88
      vertex 3.05 -0.275 3.88
      vertex 3.05 -0.06 3.88
    endloop
  endfacet
  facet normal 0 0 1
    outer loop
      vertex 2.9890909090909092 -0.06 3.88
      vertex 3.05 -0.06 3.88
      vertex 3.0020586607636965 0.011322634200332048 3.88
    endloop
  endfacet
  facet normal 0 1 0
    outer loop
      vertex 2.95 -0.275 3.88
      vertex 2.95 -0.275 4
      vertex 3.05 -0.275 3.88
    endloop
  endfacet
  facet normal -1 0 0
    outer loop
      vertex 3.05 -0.275 3.88
      vertex 3.05 -0.275 4
      vertex 3.05 -0.06 3.88
    endloop
  endfacet
  facet normal 0 1 0
    outer loop
      vertex 3.05 -0.275 3.88
      vertex 2.95 -0.275 4
      vertex 3.05 -0.275 4
    endloop
  endfacet
  facet normal -1 0 0
    outer loop
      vertex 3.05 -0.06 3.88
      vertex 3.05 -0.275 4
      vertex 3.05 -0.06 4
    endloop
  endfacet
  facet normal 1 0 0
    outer loop
      vertex 2.95 0.06 3.88
      vertex 2.95 0.275 3.88
      vertex 2.95 0.275 4
    endloop
  endfacet
  facet normal 1 0 0
    outer loop
      vertex 2.95 0.06 3.88
      vertex 2.95 0.275 4
      vertex 2.95 0.06 4
    endloop
  endfacet
  facet normal 0 0 1
    outer loop
      vertex 2.95 0.06 3.88
      vertex 3.0109090909090908 0.06 3.88
      vertex 2.95 0.275 3.88
    endloop
  endfacet
  facet normal 0 0 1
    outer loop
      vertex 2.95 0.275 3.88
      vertex 3.0109090909090908 0.06 3.88
      vertex 3.05 0.275 3.88
    endloop
  endfacet
  facet normal 0 0 1
    outer loop
      vertex 3.006546644844517 0.03600654664484452 3.88
      vertex 3.05 0.06 3.88
      vertex 3.0109090909090908 0.06 3.88
    endloop
  endfacet
  facet normal 0 0 1
    outer loop
      vertex 3.0109090909090908 0.06 3.88
      vertex 3.05 0.06 3.88
      vertex 3.05 0.275 3.88
    endloop
  endfacet
  facet normal 0 -1 0
    outer loop
      vertex 2.95 0.275 3.88
      vertex 3.05 0.275 3.88
      vertex 3.05 0.275 4
    endloop
  endfacet
  facet normal -1 0 0
    outer loop
      vertex 3.05 0.06 3.88
      vertex 3.05 0.06 4
      vertex 3.05 0.275 3.88
    endloop
  endfacet
  facet normal 0 -1 0
    outer loop
      vertex 2.95 0.275 3.88
      vertex 3.05 0.275 4
      vertex 2.95 0.275 4
    endloop
  endfacet
  facet normal -1 0 0
    outer loop
      vertex 3.05 0.275 3.88
      vertex 3.05 0.06 4
      vertex 3.05 0.275 4
    endloop
  endfacet
  facet normal 0 0 1
    outer loop
      vertex 3.95 -0.275 3.88
      vertex 3.9890909090909092 -0.06 3.88
      vertex 3.95 -0.06 3.88
    endloop
  endfacet
  facet normal 0 1 0
    outer loop
      vertex 3.95 -0.275 3.88
      vertex 3.95 -0.275 4
      vertex 4.05 -0.275 3.88
    endloop
  endfacet
  facet normal 1 0 0
    outer loop
      vertex 3.95 -0.275 3.88
      vertex 3.95 -0.06 3.88
      vertex 3.95 -0.06 4
    endloop
  endfacet
  facet normal 0 0 1
    outer loop
      vertex 3.95 -0.275 3.88
      vertex 4.05 -0.275 3.88
      vertex 4.05 -0.06 3.88
    endloop
  endfacet
  facet normal 0 0 1
    outer loop
      vertex 3.95 -0.275 3.88
      vertex 4.05 -0.06 3.88
      vertex 3.9890909090909092 -0.06 3.88
    endloop
  endfacet
  facet normal 0 0 1
    outer loop
      vertex 3.9890909090909092 -0.06 3.88
      vertex 4.05 -0.06 3.88
      vertex 4.006485888212507 0.035672385168788054 3.88
    endloop
  endfacet
  facet normal -1 0 0
    outer loop
      vertex 4.05 -0.275 3.88
      vertex 4.05 -0.275 4
      vertex 4.05 -0.06 3.88
    endloop
  endfacet
  facet normal 1 0 0
    outer loop
      vertex 3.95 -0.275 3.88
      vertex 3.95 -0.06 4
      vertex 3.95 -0.275 4
    endloop
  endfacet
  facet normal 0 1 0
    outer loop
      vertex 4.05 -0.275 3.88
      vertex 3.95 -0.275 4
      vertex 4.05 -0.275 4
    endloop
  endfacet
  facet normal -1 0 0
    outer loop
      vertex 4.05 -0.06 3.88
      vertex 4.05 -0.275 4
      vertex 4.05 -0.06 4
    endloop
  endfacet
  facet normal 0 0 1
    outer loop
      vertex 3.95 0.06 3.88
      vertex 4.010909090909091 0.06 3.88
      vertex 3.95 0.275 3.88
    endloop
  endfacet
  facet normal 1 0 0
    outer loop
      vertex 3.95 0.06 3.88
      vertex 3.95 0.275 3.88
      vertex 3.95 0.275 4
    endloop
  endfacet
  facet normal 0 0 1
    outer loop
      vertex 4.008728859792689 0.04800872885979269 3.88
      vertex 4.05 0.06 3.88
      vertex 4.010909090909091 0.06 3.88
    endloop
  endfacet
  facet normal 0 0 1
    outer loop
      vertex 3.95 0.275 3.88
      vertex 4.010909090909091 0.06 3.88
      vertex 4.05 0.275 3.88
    endloop
  endfacet
  facet normal 0 0 1
    outer loop
      vertex 4.010909090909091 0.06 3.88
      vertex 4.05 0.06 3.88
      vertex 4.05 0.275 3.88
    endloop
  endfacet
  facet normal 0 -1 0
    outer loop
      vertex 3.95 0.275 3.88
      vertex 4.05 0.275 3.88
      vertex 4.05 0.275 4
    endloop
  endfacet
  facet normal -1 0 0
    outer loop
      vertex 4.05 0.06 3.88
      vertex 4.05 0.06 4
      vertex 4.05 0.275 3.88
    endloop
  endfacet
  facet normal 1 0 0
    outer loop
      vertex 3.95 0.06 3.88
      vertex 3.95 0.275 4
      vertex 3.95 0.06 4
    endloop
  endfacet
  facet normal 0 -1 0
    outer loop
      vertex 3.95 0.275 3.88
      vertex 4.05 0.275 4
      vertex 3.95 0.275 4
    endloop
  endfacet
  facet normal -1 0 0
    outer loop
      vertex 4.05 0.275 3.88
      vertex 4.05 0.06 4
      vertex 4.05 0.275 4
    endloop
  endfacet
  facet normal 0 0 1
    outer loop
      vertex 4.95 -0.275 3.88
      vertex 5 -0.275 3.88
      vertex 4.989090909090909 -0.06 3.88
    endloop
  endfacet
  facet normal 0 0 1
    outer loop
      vertex 4.95 -0.275 3.88
      vertex 5 -0.275 3.88
      vertex 4.989090909090909 -0.06 3.88
    endloop
  endfacet
  facet normal 0 0 1
    outer loop
      vertex 4.95 -0.275 3.88
      vertex 4.989090909090909 -0.06 3.88
      vertex 4.95 -0.06 3.88
    endloop
  endfacet
  facet normal 0 0 1
    outer loop
      vertex 4.95 -0.275 3.88
      vertex 4.989090909090909 -0.06 3.88
      vertex 4.95 -0.06 3.88
    endloop
  endfacet
  facet normal 0 0 1
    outer loop
      vertex 4.989090909090909 -0.06 3.88
      vertex 5 -0.275 3.88
      vertex 5 0.275 3.88
    endloop
  endfacet
  facet normal 0 0 1
    outer loop
      vertex 4.989090909090909 -0.06 3.88
      vertex 5 -0.275 3.88
      vertex 5 0.275 3.88
    endloop
  endfacet
  facet normal 0 0 0
    outer loop
      vertex 4.95 -0.275 3.88
      vertex 4.95 -0.275 4
      vertex 4.95 -0.275 3.88
    endloop
  endfacet
  facet normal 1 0 0
    outer loop
      vertex 4.95 -0.275 3.88
      vertex 4.95 -0.06 3.88
      vertex 4.95 -0.06 4
    endloop
  endfacet
  facet normal 1 0 0
    outer loop
      vertex 4.95 -0.275 3.88
      vertex 4.95 -0.06 3.88
      vertex 4.95 -0.06 4
    endloop
  endfacet
  facet normal 0 0 0
    outer loop
      vertex 4.95 -0.275 3.88
      vertex 4.95 -0.275 3.88
      vertex 5 -0.275 4
    endloop
  endfacet
  facet normal 0 1 0
    outer loop
      vertex 4.95 -0.275 3.88
      vertex 5 -0.275 4
      vertex 5 -0.275 3.88
    endloop
  endfacet
  facet normal 0 1 0
    outer loop
      vertex 4.95 -0.275 3.88
      vertex 5 -0.275 4
      vertex 5 -0.275 3.88
    endloop
  endfacet
  facet normal 1 0 0
    outer loop
      vertex 4.95 -0.275 3.88
      vertex 4.95 -0.06 4
      vertex 4.95 -0.275 4
    endloop
  endfacet
  facet normal 1 0 0
    outer loop
      vertex 4.95 -0.275 3.88
      vertex 4.95 -0.06 4
      vertex 4.95 -0.275 4
    endloop
  endfacet
  facet normal 0 1 0
    outer loop
      vertex 4.95 -0.275 3.88
      vertex 4.95 -0.275 4
      vertex 5 -0.275 4
    endloop
  endfacet
  facet normal 0 1 0
    outer loop
      vertex 4.95 -0.275 3.88
      vertex 4.95 -0.275 4
      vertex 5 -0.275 4
    endloop
  endfacet
  facet normal 0 0 1
    outer loop
      vertex 4.989090909090909 -0.06 3.88
      vertex 5 0.275 3.88
      vertex 4.95 0.05854545454545455 3.88
    endloop
  endfacet
  facet normal 0 0 1
    outer loop
      vertex 4.989090909090909 -0.06 3.88
      vertex 5 0.275 3.88
      vertex 4.95 0.05854545454545455 3.88
    endloop
  endfacet
  facet normal 0 0 1
    outer loop
      vertex 4.95 0.06 3.88
      vertex 4.95 0.05854545454545455 3.88
      vertex 5 0.275 3.88
    endloop
  endfacet
  facet normal 0 0 1
    outer loop
      vertex 4.95 0.06 3.88
      vertex 4.95 0.05854545454545455 3.88
      vertex 5 0.275 3.88
    endloop
  endfacet
  facet normal 0 0 1
    outer loop
      vertex 4.95 0.06 3.88
      vertex 5 0.275 3.88
      vertex 4.95 0.275 3.88
    endloop
  endfacet
  facet normal 0 0 1
    outer loop
      vertex 4.95 0.06 3.88
      vertex 5 0.275 3.88
      vertex 4.95 0.275 3.88
    endloop
  endfacet
  facet normal 1 0 0
    outer loop
      vertex 4.95 0.06 3.88
      vertex 4.95 0.275 3.88
      vertex 4.95 0.275 4
    endloop
  endfacet
  facet normal 1 0 0
    outer loop
      vertex 4.95 0.06 3.88
      vertex 4.95 0.275 3.88
      vertex 4.95 0.275 4
    endloop
  endfacet
  facet normal 0 -1 0
    outer loop
      vertex 4.95 0.275 3.88
      vertex 5 0.275 3.88
      vertex 4.964285714285714 0.275 4
    endloop
  endfacet
  facet normal 0 -1 0
    outer loop
      vertex 4.95 0.275 3.88
      vertex 5 0.275 3.88
      vertex 4.964285714285714 0.275 4
    endloop
  endfacet
  facet normal 1 0 0
    outer loop
      vertex 4.95 0.06 3.88
      vertex 4.95 0.275 4
      vertex 4.95 0.06 4
    endloop
  endfacet
  facet normal 1 0 0
    outer loop
      vertex 4.95 0.06 3.88
      vertex 4.95 0.275 4
      vertex 4.95 0.06 4
    endloop
  endfacet
  facet normal 0 -1 0
    outer loop
      vertex 4.95 0.275 3.88
      vertex 4.964285714285714 0.275 4
      vertex 4.95 0.275 4
    endloop
  endfacet
  facet normal 0 -1 0
    outer loop
      vertex 4.95 0.275 3.88
      vertex 4.964285714285714 0.275 4
      vertex 4.95 0.275 4
    endloop
  endfacet
  facet normal 0 -1 0
    outer loop
      vertex 5 0.275 4
      vertex 4.964285714285714 0.275 4
      vertex 5 0.275 3.88
    endloop
  endfacet
  facet normal 0 -1 0
    outer loop
      vertex 5 0.275 4
      vertex 4.964285714285714 0.275 4
      vertex 5 0.275 3.88
    endloop
  endfacet
  facet normal 1 0 0
    outer loop
      vertex -0.275 -24.95 3.88
      vertex -0.275 -25 4
      vertex -0.275 -25 3.88
    endloop
  endfacet
  facet normal 0 0 1
    outer loop
      vertex -0.275 -24.95 3.88
      vertex -0.275 -25 3.88
      vertex -0.06 -24.95 3.88
    endloop
  endfacet
  facet normal 1 0 0
    outer loop
      vertex -0.275 -24.95 3.88
      vertex -0.275 -24.95 4
      vertex -0.275 -25 4
    endloop
  endfacet
  facet normal 0 -1 0
    outer loop
      vertex -0.275 -24.95 3.88
      vertex -0.06 -24.95 4
      vertex -0.275 -24.95 4
    endloop
  endfacet
  facet normal 0 0 1
    outer loop
      vertex -0.06 -24.95 3.88
      vertex -0.275 -25 3.88
      vertex -0.05971142284569137 -24.95 3.88
    endloop
  endfacet
  facet normal 0 0 1
    outer loop
      vertex -0.05971142284569137 -24.95 3.88
      vertex -0.275 -25 3.88
      vertex -2.6367796834847468e-15 -25 3.88
    endloop
  endfacet
  facet normal 0 -1 0
    outer loop
      vertex -0.275 -24.95 3.88
      vertex -0.06 -24.95 3.88
      vertex -0.06 -24.95 4
    endloop
  endfacet
  facet normal 0 0 1
    outer loop
      vertex -0.05971142284569137 -24.95 3.88
      vertex -2.6367796834847468e-15 -25 3.88
      vertex 0.06 -24.98909090909091 3.88
    endloop
  endfacet
  facet normal 0 0 1
    outer loop
      vertex 0.06 -24.98909090909091 3.88
      vertex -2.6367796834847468e-15 -25 3.88
      vertex 0.275 -25 3.88
    endloop
  endfacet
  facet normal 0 0 1
    outer loop
      vertex 0.06 -24.98909090909091 3.88
      vertex 0.275 -24.95 3.88
      vertex 0.06 -24.95 3.88
    endloop
  endfacet
  facet normal 0 -1 0
    outer loop
      vertex 0.06 -24.95 3.88
      vertex 0.275 -24.95 4
      vertex 0.06 -24.95 4
    endloop
  endfacet
  facet normal 0 0 1
    outer loop
      vertex 0.06 -24.98909090909091 3.88
      vertex 0.275 -25 3.88
      vertex 0.275 -24.95 3.88
    endloop
  endfacet
  facet normal 0 -1 0
    outer loop
      vertex 0.06 -24.95 3.88
      vertex 0.275 -24.95 3.88
      vertex 0.275 -24.95 4
    endloop
  endfacet
  facet normal -1 0 0
    outer loop
      vertex 0.275 -24.95 3.88
      vertex 0.275 -25 3.88
      vertex 0.275 -24.95 4
    endloop
  endfacet
  facet normal -1 0 0
    outer loop
      vertex 0.275 -25 4
      vertex 0.275 -24.95 4
      vertex 0.275 -25 3.88
    endloop
  endfacet
  facet normal 1 0 0
    outer loop
      vertex -0.275 -24.05 3.88
      vertex -0.275 -23.95 3.88
      vertex -0.275 -23.95 4
    endloop
  endfacet
  facet normal 0 0 1
    outer loop
      vertex -0.275 -24.05 3.88
      vertex -0.06 -24.01090909090909 3.88
      vertex -0.275 -23.95 3.88
    endloop
  endfacet
  facet normal 0 1 0
    outer loop
      vertex -0.275 -24.05 3.88
      vertex -0.275 -24.05 4
      vertex -0.06 -24.05 3.88
    endloop
  endfacet
  facet normal 1 0 0
    outer loop
      vertex -0.275 -24.05 3.88
      vertex -0.275 -23.95 4
      vertex -0.275 -24.05 4
    endloop
  endfacet
  facet normal 0 -1 0
    outer loop
      vertex -0.275 -23.95 3.88
      vertex -0.06 -23.95 4
      vertex -0.275 -23.95 4
    endloop
  endfacet
  facet normal 0 0 1
    outer loop
      vertex -0.275 -24.05 3.88
      vertex -0.06 -24.05 3.88
      vertex -0.06 -24.01090909090909 3.88
    endloop
  endfacet
  facet normal 0 0 1
    outer loop
      vertex -0.275 -23.95 3.88
      vertex -0.06 -24.01090909090909 3.88
      vertex -0.06 -23.95 3.88
    endloop
  endfacet
  facet normal 0 -1 0
    outer loop
      vertex -0.275 -23.95 3.88
      vertex -0.06 -23.95 3.88
      vertex -0.06 -23.95 4
    endloop
  endfacet
  facet normal 0 0 1
    outer loop
      vertex -0.06 -24.05 3.88
      vertex -0.05519054739068596 -24.010034644980124 3.88
      vertex -0.06 -24.01090909090909 3.88
    endloop
  endfacet
  facet normal 0 1 0
    outer loop
      vertex -0.06 -24.05 3.88
      vertex -0.275 -24.05 4
      vertex -0.06 -24.05 4
    endloop
  endfacet
  facet normal 0 0 1
    outer loop
      vertex 0.06 -24.05 3.88
      vertex 0.275 -24.05 3.88
      vertex 0.06 -23.98909090909091 3.88
    endloop
  endfacet
  facet normal 0 0 1
    outer loop
      vertex 0.06 -23.98909090909091 3.88
      vertex 0.275 -23.95 3.88
      vertex 0.06 -23.95 3.88
    endloop
  endfacet
  facet normal 0 1 0
    outer loop
      vertex 0.06 -24.05 3.88
      vertex 0.06 -24.05 4
      vertex 0.275 -24.05 3.88
    endloop
  endfacet
  facet normal 0 -1 0
    outer loop
      vertex 0.06 -23.95 3.88
      vertex 0.275 -23.95 4
      vertex 0.06 -23.95 4
    endloop
  endfacet
  facet normal 0 0 1
    outer loop
      vertex 0.06 -23.98909090909091 3.88
      vertex 0.275 -24.05 3.88
      vertex 0.275 -23.95 3.88
    endloop
  endfacet
  facet normal 0 -1 0
    outer loop
      vertex 0.06 -23.95 3.88
      vertex 0.275 -23.95 3.88
      vertex 0.275 -23.95 4
    endloop
  endfacet
  facet normal -1 0 0
    outer loop
      vertex 0.275 -24.05 3.88
      vertex 0.275 -24.05 4
      vertex 0.275 -23.95 3.88
    endloop
  endfacet
  facet normal 0 1 0
    outer loop
      vertex 0.275 -24.05 3.88
      vertex 0.06 -24.05 4
      vertex 0.275 -24.05 4
    endloop
  endfacet
  facet normal -1 0 0
    outer loop
      vertex 0.275 -23.95 3.88
      vertex 0.275 -24.05 4
      vertex 0.275 -23.95 4
    endloop
  endfacet
  facet normal 1 0 0
    outer loop
      vertex -0.275 -23.05 3.88
      vertex -0.275 -22.95 3.88
      vertex -0.275 -22.95 4
    endloop
  endfacet
  facet normal 0 1 0
    outer loop
      vertex -0.275 -23.05 3.88
      vertex -0.275 -23.05 4
      vertex -0.06 -23.05 3.88
    endloop
  endfacet
  facet normal 0 0 1
    outer loop
      vertex -0.275 -23.05 3.88
      vertex -0.06 -23.01090909090909 3.88
      vertex -0.275 -22.95 3.88
    endloop
  endfacet
  facet normal 1 0 0
    outer loop
      vertex -0.275 -23.05 3.88
      vertex -0.275 -22.95 4
      vertex -0.275 -23.05 4
    endloop
  endfacet
  facet normal 0 -1 0
    outer loop
      vertex -0.275 -22.95 3.88
      vertex -0.06 -22.95 4
      vertex -0.275 -22.95 4
    endloop
  endfacet
  facet normal 0 0 1
    outer loop
      vertex -0.275 -23.05 3.88
      vertex -0.06 -23.05 3.88
      vertex -0.06 -23.01090909090909 3.88
    endloop
  endfacet
  facet normal 0 0 1
    outer loop
      vertex -0.275 -22.95 3.88
      vertex -0.06 -23.01090909090909 3.88
      vertex -0.06 -22.95 3.88
    endloop
  endfacet
  facet normal 0 -1 0
    outer loop
      vertex -0.275 -22.95 3.88
      vertex -0.06 -22.95 3.88
      vertex -0.06 -22.95 4
    endloop
  endfacet
  facet normal 0 0 1
    outer loop
      vertex -0.06 -23.05 3.88
      vertex -0.05037671857335618 -23.009159403376973 3.88
      vertex -0.06 -23.01090909090909 3.88
    endloop
  endfacet
  facet normal 0 1 0
    outer loop
      vertex -0.06 -23.05 3.88
      vertex -0.275 -23.05 4
      vertex -0.06 -23.05 4
    endloop
  endfacet
  facet normal 0 1 0
    outer loop
      vertex 0.06 -23.05 3.88
      vertex 0.06 -23.05 4
      vertex 0.275 -23.05 3.88
    endloop
  endfacet
  facet normal 0 0 1
    outer loop
      vertex 0.06 -23.05 3.88
      vertex 0.275 -23.05 3.88
      vertex 0.06 -22.98909090909091 3.88
    endloop
  endfacet
  facet normal 0 0 1
    outer loop
      vertex 0.06 -22.95 3.88
      vertex 0.06 -22.98909090909091 3.88
      vertex 0.275 -22.95 3.88
    endloop
  endfacet
  facet normal 0 -1 0
    outer loop
      vertex 0.06 -22.95 3.88
      vertex 0.275 -22.95 4
      vertex 0.06 -22.95 4
    endloop
  endfacet
  facet normal 0 0 1
    outer loop
      vertex 0.06 -22.98909090909091 3.88
      vertex 0.275 -23.05 3.88
      vertex 0.275 -22.95 3.88
    endloop
  endfacet
  facet normal 0 -1 0
    outer loop
      vertex 0.06 -22.95 3.88
      vertex 0.275 -22.95 3.88
      vertex 0.275 -22.95 4
    endloop
  endfacet
  facet normal -1 0 0
    outer loop
      vertex 0.275 -23.05 3.88
      vertex 0.275 -23.05 4
      vertex 0.275 -22.95 3.88
    endloop
  endfacet
  facet normal 0 1 0
    outer loop
      vertex 0.275 -23.05 3.88
      vertex 0.06 -23.05 4
      vertex 0.275 -23.05 4
    endloop
  endfacet
  facet normal -1 0 0
    outer loop
      vertex 0.275 -22.95 3.88
      vertex 0.275 -23.05 4
      vertex 0.275 -22.95 4
    endloop
  endfacet
  facet normal 1 0 0
    outer loop
      vertex -0.275 -22.05 3.88
      vertex -0.275 -21.95 3.88
      vertex -0.275 -21.95 4
    endloop
  endfacet
  facet normal 0 0 1
    outer loop
      vertex -0.275 -22.05 3.88
      vertex -0.06 -22.01090909090909 3.88
      vertex -0.275 -21.95 3.88
    endloop
  endfacet
  facet normal 0 1 0
    outer loop
      vertex -0.275 -22.05 3.88
      vertex -0.275 -22.05 4
      vertex -0.06 -22.05 3.88
    endloop
  endfacet
  facet normal 1 0 0
    outer loop
      vertex -0.275 -22.05 3.88
      vertex -0.275 -21.95 4
      vertex -0.275 -22.05 4
    endloop
  endfacet
  facet normal 0 -1 0
    outer loop
      vertex -0.275 -21.95 3.88
      vertex -0.06 -21.95 4
      vertex -0.275 -21.95 4
    endloop
  endfacet
  facet normal 0 0 1
    outer loop
      vertex -0.275 -22.05 3.88
      vertex -0.06 -22.05 3.88
      vertex -0.06 -22.01090909090909 3.88
    endloop
  endfacet
  facet normal 0 0 1
    outer loop
      vertex -0.275 -21.95 3.88
      vertex -0.06 -22.01090909090909 3.88
      vertex -0.06 -21.95 3.88
    endloop
  endfacet
  facet normal 0 -1 0
    outer loop
      vertex -0.275 -21.95 3.88
      vertex -0.06 -21.95 3.88
      vertex -0.06 -21.95 4
    endloop
  endfacet
  facet normal 0 0 1
    outer loop
      vertex -0.06 -22.05 3.88
      vertex -0.045562889756026397 -22.008284161773823 3.88
      vertex -0.06 -22.01090909090909 3.88
    endloop
  endfacet
  facet normal 0 1 0
    outer loop
      vertex -0.06 -22.05 3.88
      vertex -0.275 -22.05 4
      vertex -0.06 -22.05 4
    endloop
  endfacet
  facet normal 0 0 1
    outer loop
      vertex 0.06 -22.05 3.88
      vertex 0.275 -22.05 3.88
      vertex 0.06 -21.98909090909091 3.88
    endloop
  endfacet
  facet normal 0 0 1
    outer loop
      vertex 0.06 -21.98909090909091 3.88
      vertex 0.275 -21.95 3.88
      vertex 0.06 -21.95 3.88
    endloop
  endfacet
  facet normal 0 1 0
    outer loop
      vertex 0.06 -22.05 3.88
      vertex 0.06 -22.05 4
      vertex 0.275 -22.05 3.88
    endloop
  endfacet
  facet normal 0 -1 0
    outer loop
      vertex 0.06 -21.95 3.88
      vertex 0.275 -21.95 4
      vertex 0.06 -21.95 4
    endloop
  endfacet
  facet normal 0 0 1
    outer loop
      vertex 0.06 -21.98909090909091 3.88
      vertex 0.275 -22.05 3.88
      vertex 0.275 -21.95 3.88
    endloop
  endfacet
  facet normal 0 -1 0
    outer loop
      vertex 0.06 -21.95 3.88
      vertex 0.275 -21.95 3.88
      vertex 0.275 -21.95 4
    endloop
  endfacet
  facet normal -1 0 0
    outer loop
      vertex 0.275 -22.05 3.88
      vertex 0.275 -22.05 4
      vertex 0.275 -21.95 3.88
    endloop
  endfacet
  facet normal 0 1 0
    outer loop
      vertex 0.275 -22.05 3.88
      vertex 0.06 -22.05 4
      vertex 0.275 -22.05 4
    endloop
  endfacet
  facet normal -1 0 0
    outer loop
      vertex 0.275 -21.95 3.88
      vertex 0.275 -22.05 4
      vertex 0.275 -21.95 4
    endloop
  endfacet
  facet normal 1 0 0
    outer loop
      vertex -0.275 -21.05 3.88
      vertex -0.275 -20.95 3.88
      vertex -0.275 -20.95 4
    endloop
  endfacet
  facet normal 0 0 1
    outer loop
      vertex -0.275 -21.05 3.88
      vertex -0.06 -21.01090909090909 3.88
      vertex -0.275 -20.95 3.88
    endloop
  endfacet
  facet normal 0 1 0
    outer loop
      vertex -0.275 -21.05 3.88
      vertex -0.275 -21.05 4
      vertex -0.06 -21.05 3.88
    endloop
  endfacet
  facet normal 1 0 0
    outer loop
      vertex -0.275 -21.05 3.88
      vertex -0.275 -20.95 4
      vertex -0.275 -21.05 4
    endloop
  endfacet
  facet normal 0 -1 0
    outer loop
      vertex -0.275 -20.95 3.88
      vertex -0.06 -20.95 4
      vertex -0.275 -20.95 4
    endloop
  endfacet
  facet normal 0 0 1
    outer loop
      vertex -0.275 -21.05 3.88
      vertex -0.06 -21.05 3.88
      vertex -0.06 -21.01090909090909 3.88
    endloop
  endfacet
  facet normal 0 0 1
    outer loop
      vertex -0.275 -20.95 3.88
      vertex -0.06 -21.01090909090909 3.88
      vertex -0.06 -20.95 3.88
    endloop
  endfacet
  facet normal 0 -1 0
    outer loop
      vertex -0.275 -20.95 3.88
      vertex -0.06 -20.95 3.88
      vertex -0.06 -20.95 4
    endloop
  endfacet
  facet normal 0 0 1
    outer loop
      vertex -0.06 -21.05 3.88
      vertex -0.04074906093869662 -21.007408920170672 3.88
      vertex -0.06 -21.01090909090909 3.88
    endloop
  endfacet
  facet normal 0 1 0
    outer loop
      vertex -0.06 -21.05 3.88
      vertex -0.275 -21.05 4
      vertex -0.06 -21.05 4
    endloop
  endfacet
  facet normal 0 0 1
    outer loop
      vertex 0.06 -21.05 3.88
      vertex 0.275 -21.05 3.88
      vertex 0.06 -20.98909090909091 3.88
    endloop
  endfacet
  facet normal 0 0 1
    outer loop
      vertex 0.06 -20.95 3.88
      vertex 0.06 -20.98909090909091 3.88
      vertex 0.275 -20.95 3.88
    endloop
  endfacet
  facet normal 0 1 0
    outer loop
      vertex 0.06 -21.05 3.88
      vertex 0.06 -21.05 4
      vertex 0.275 -21.05 3.88
    endloop
  endfacet
  facet normal 0 -1 0
    outer loop
      vertex 0.06 -20.95 3.88
      vertex 0.275 -20.95 4
      vertex 0.06 -20.95 4
    endloop
  endfacet
  facet normal 0 0 1
    outer loop
      vertex 0.06 -20.98909090909091 3.88
      vertex 0.275 -21.05 3.88
      vertex 0.275 -20.95 3.88
    endloop
  endfacet
  facet normal 0 -1 0
    outer loop
      vertex 0.06 -20.95 3.88
      vertex 0.275 -20.95 3.88
      vertex 0.275 -20.95 4
    endloop
  endfacet
  facet normal -1 0 0
    outer loop
      vertex 0.275 -21.05 3.88
      vertex 0.275 -21.05 4
      vertex 0.275 -20.95 3.88
    endloop
  endfacet
  facet normal 0 1 0
    outer loop
      vertex 0.275 -21.05 3.88
      vertex 0.06 -21.05 4
      vertex 0.275 -21.05 4
    endloop
  endfacet
  facet normal -1 0 0
    outer loop
      vertex 0.275 -20.95 3.88
      vertex 0.275 -21.05 4
      vertex 0.275 -20.95 4
    endloop
  endfacet
  facet normal 1 0 0
    outer loop
      vertex -0.275 -20.05 3.88
      vertex -0.275 -19.95 3.88
      vertex -0.275 -19.95 4
    endloop
  endfacet
  facet normal 0 0 1
    outer loop
      vertex -0.275 -20.05 3.88
      vertex -0.06 -20.01090909090909 3.88
      vertex -0.275 -19.95 3.88
    endloop
  endfacet
  facet normal 0 1 0
    outer loop
      vertex -0.275 -20.05 3.88
      vertex -0.275 -20.05 4
      vertex -0.06 -20.05 3.88
    endloop
  endfacet
  facet normal 1 0 0
    outer loop
      vertex -0.275 -20.05 3.88
      vertex -0.275 -19.95 4
      vertex -0.275 -20.05 4
    endloop
  endfacet
  facet normal 0 -1 0
    outer loop
      vertex -0.275 -19.95 3.88
      vertex -0.06 -19.95 4
      vertex -0.275 -19.95 4
    endloop
  endfacet
  facet normal 0 0 1
    outer loop
      vertex -0.275 -20.05 3.88
      vertex -0.06 -20.05 3.88
      vertex -0.06 -20.01090909090909 3.88
    endloop
  endfacet
  facet normal 0 0 1
    outer loop
      vertex -0.275 -19.95 3.88
      vertex -0.06 -20.01090909090909 3.88
      vertex -0.06 -19.95 3.88
    endloop
  endfacet
  facet normal 0 -1 0
    outer loop
      vertex -0.275 -19.95 3.88
      vertex -0.06 -19.95 3.88
      vertex -0.06 -19.95 4
    endloop
  endfacet
  facet normal 0 0 1
    outer loop
      vertex -0.06 -20.05 3.88
      vertex -0.03593523212136683 -20.00653367856752 3.88
      vertex -0.06 -20.01090909090909 3.88
    endloop
  endfacet
  facet normal 0 1 0
    outer loop
      vertex -0.06 -20.05 3.88
      vertex -0.275 -20.05 4
      vertex -0.06 -20.05 4
    endloop
  endfacet
  facet normal 0 0 1
    outer loop
      vertex 0.06 -20.05 3.88
      vertex 0.275 -20.05 3.88
      vertex 0.06 -19.98909090909091 3.88
    endloop
  endfacet
  facet normal 0 0 1
    outer loop
      vertex 0.06 -19.98909090909091 3.88
      vertex 0.275 -19.95 3.88
      vertex 0.06 -19.95 3.88
    endloop
  endfacet
  facet normal 0 1 0
    outer loop
      vertex 0.06 -20.05 3.88
      vertex 0.06 -20.05 4
      vertex 0.275 -20.05 3.88
    endloop
  endfacet
  facet normal 0 -1 0
    outer loop
      vertex 0.06 -19.95 3.88
      vertex 0.275 -19.95 4
      vertex 0.06 -19.95 4
    endloop
  endfacet
  facet normal 0 0 1
    outer loop
      vertex 0.06 -19.98909090909091 3.88
      vertex 0.275 -20.05 3.88
      vertex 0.275 -19.95 3.88
    endloop
  endfacet
  facet normal 0 -1 0
    outer loop
      vertex 0.06 -19.95 3.88
      vertex 0.275 -19.95 3.88
      vertex 0.275 -19.95 4
    endloop
  endfacet
  facet normal -1 0 0
    outer loop
      vertex 0.275 -20.05 3.88
      vertex 0.275 -20.05 4
      vertex 0.275 -19.95 3.88
    endloop
  endfacet
  facet normal 0 1 0
    outer loop
      vertex 0.275 -20.05 3.88
      vertex 0.06 -20.05 4
      vertex 0.275 -20.05 4
    endloop
  endfacet
  facet normal -1 0 0
    outer loop
      vertex 0.275 -19.95 3.88
      vertex 0.275 -20.05 4
      vertex 0.275 -19.95 4
    endloop
  endfacet
  facet normal 1 0 0
    outer loop
      vertex -0.275 -19.05 3.88
      vertex -0.275 -18.95 3.88
      vertex -0.275 -18.95 4
    endloop
  endfacet
  facet normal 0 0 1
    outer loop
      vertex -0.275 -19.05 3.88
      vertex -0.06 -19.01090909090909 3.88
      vertex -0.275 -18.95 3.88
    endloop
  endfacet
  facet normal 0 1 0
    outer loop
      vertex -0.275 -19.05 3.88
      vertex -0.275 -19.05 4
      vertex -0.06 -19.05 3.88
    endloop
  endfacet
  facet normal 1 0 0
    outer loop
      vertex -0.275 -19.05 3.88
      vertex -0.275 -18.95 4
      vertex -0.275 -19.05 4
    endloop
  endfacet
  facet normal 0 -1 0
    outer loop
      vertex -0.275 -18.95 3.88
      vertex -0.06 -18.95 4
      vertex -0.275 -18.95 4
    endloop
  endfacet
  facet normal 0 0 1
    outer loop
      vertex -0.275 -19.05 3.88
      vertex -0.06 -19.05 3.88
      vertex -0.06 -19.01090909090909 3.88
    endloop
  endfacet
  facet normal 0 0 1
    outer loop
      vertex -0.275 -18.95 3.88
      vertex -0.06 -19.01090909090909 3.88
      vertex -0.06 -18.95 3.88
    endloop
  endfacet
  facet normal 0 -1 0
    outer loop
      vertex -0.275 -18.95 3.88
      vertex -0.06 -18.95 3.88
      vertex -0.06 -18.95 4
    endloop
  endfacet
  facet normal 0 0 1
    outer loop
      vertex -0.06 -19.05 3.88
      vertex -0.031121403304037048 -19.00565843696437 3.88
      vertex -0.06 -19.01090909090909 3.88
    endloop
  endfacet
  facet normal 0 1 0
    outer loop
      vertex -0.06 -19.05 3.88
      vertex -0.275 -19.05 4
      vertex -0.06 -19.05 4
    endloop
  endfacet
  facet normal 0 0 1
    outer loop
      vertex 0.06 -19.05 3.88
      vertex 0.275 -19.05 3.88
      vertex 0.06 -18.98909090909091 3.88
    endloop
  endfacet
  facet normal 0 0 1
    outer loop
      vertex 0.06 -18.98909090909091 3.88
      vertex 0.275 -18.95 3.88
      vertex 0.06 -18.95 3.88
    endloop
  endfacet
  facet normal 0 1 0
    outer loop
      vertex 0.06 -19.05 3.88
      vertex 0.06 -19.05 4
      vertex 0.275 -19.05 3.88
    endloop
  endfacet
  facet normal 0 -1 0
    outer loop
      vertex 0.06 -18.95 3.88
      vertex 0.275 -18.95 4
      vertex 0.06 -18.95 4
    endloop
  endfacet
  facet normal 0 0 1
    outer loop
      vertex 0.06 -18.98909090909091 3.88
      vertex 0.275 -19.05 3.88
      vertex 0.275 -18.95 3.88
    endloop
  endfacet
  facet normal 0 -1 0
    outer loop
      vertex 0.06 -18.95 3.88
      vertex 0.275 -18.95 3.88
      vertex 0.275 -18.95 4
    endloop
  endfacet
  facet normal -1 0 0
    outer loop
      vertex 0.275 -19.05 3.88
      vertex 0.275 -19.05 4
      vertex 0.275 -18.95 3.88
    endloop
  endfacet
  facet normal 0 1 0
    outer loop
      vertex 0.275 -19.05 3.88
      vertex 0.06 -19.05 4
      vertex 0.275 -19.05 4
    endloop
  endfacet
  facet normal -1 0 0
    outer loop
      vertex 0.275 -18.95 3.88
      vertex 0.275 -19.05 4
      vertex 0.275 -18.95 4
    endloop
  endfacet
  facet normal 1 0 0
    outer loop
      vertex -0.275 -18.05 3.88
      vertex -0.275 -17.95 3.88
      vertex -0.275 -17.95 4
    endloop
  endfacet
  facet normal 0 0 1
    outer loop
      vertex -0.275 -18.05 3.88
      vertex -0.06 -18.01090909090909 3.88
      vertex -0.275 -17.95 3.88
    endloop
  endfacet
  facet normal 0 1 0
    outer loop
      vertex -0.275 -18.05 3.88
      vertex -0.275 -18.05 4
      vertex -0.06 -18.05 3.88
    endloop
  endfacet
  facet normal 1 0 0
    outer loop
      vertex -0.275 -18.05 3.88
      vertex -0.275 -17.95 4
      vertex -0.275 -18.05 4
    endloop
  endfacet
  facet normal 0 -1 0
    outer loop
      vertex -0.275 -17.95 3.88
      vertex -0.06 -17.95 4
      vertex -0.275 -17.95 4
    endloop
  endfacet
  facet normal 0 0 1
    outer loop
      vertex -0.275 -18.05 3.88
      vertex -0.06 -18.05 3.88
      vertex -0.06 -18.01090909090909 3.88
    endloop
  endfacet
  facet normal 0 0 1
    outer loop
      vertex -0.275 -17.95 3.88
      vertex -0.06 -18.01090909090909 3.88
      vertex -0.06 -17.95 3.88
    endloop
  endfacet
  facet normal 0 0 1
    outer loop
      vertex -0.06 -18.05 3.88
      vertex -0.026307574486707265 -18.00478319536122 3.88
      vertex -0.06 -18.01090909090909 3.88
    endloop
  endfacet
  facet normal 0 1 0
    outer loop
      vertex -0.06 -18.05 3.88
      vertex -0.275 -18.05 4
      vertex -0.06 -18.05 4
    endloop
  endfacet
  facet normal 0 -1 0
    outer loop
      vertex -0.275 -17.95 3.88
      vertex -0.06 -17.95 3.88
      vertex -0.06 -17.95 4
    endloop
  endfacet
  facet normal 0 0 1
    outer loop
      vertex 0.06 -18.05 3.88
      vertex 0.275 -18.05 3.88
      vertex 0.06 -17.98909090909091 3.88
    endloop
  endfacet
  facet normal 0 1 0
    outer loop
      vertex 0.06 -18.05 3.88
      vertex 0.06 -18.05 4
      vertex 0.275 -18.05 3.88
    endloop
  endfacet
  facet normal 0 0 1
    outer loop
      vertex 0.06 -17.98909090909091 3.88
      vertex 0.275 -17.95 3.88
      vertex 0.06 -17.95 3.88
    endloop
  endfacet
  facet normal 0 -1 0
    outer loop
      vertex 0.06 -17.95 3.88
      vertex 0.275 -17.95 4
      vertex 0.06 -17.95 4
    endloop
  endfacet
  facet normal 0 0 1
    outer loop
      vertex 0.06 -17.98909090909091 3.88
      vertex 0.275 -18.05 3.88
      vertex 0.275 -17.95 3.88
    endloop
  endfacet
  facet normal -1 0 0
    outer loop
      vertex 0.275 -18.05 3.88
      vertex 0.275 -18.05 4
      vertex 0.275 -17.95 3.88
    endloop
  endfacet
  facet normal 0 1 0
    outer loop
      vertex 0.275 -18.05 3.88
      vertex 0.06 -18.05 4
      vertex 0.275 -18.05 4
    endloop
  endfacet
  facet normal -1 0 0
    outer loop
      vertex 0.275 -17.95 3.88
      vertex 0.275 -18.05 4
      vertex 0.275 -17.95 4
    endloop
  endfacet
  facet normal 0 -1 0
    outer loop
      vertex 0.06 -17.95 3.88
      vertex 0.275 -17.95 3.88
      vertex 0.275 -17.95 4
    endloop
  endfacet
  facet normal 1 0 0
    outer loop
      vertex -0.275 -17.05 3.88
      vertex -0.275 -16.95 3.88
      vertex -0.275 -16.95 4
    endloop
  endfacet
  facet normal 0 0 1
    outer loop
      vertex -0.275 -17.05 3.88
      vertex -0.06 -17.01090909090909 3.88
      vertex -0.275 -16.95 3.88
    endloop
  endfacet
  facet normal 0 1 0
    outer loop
      vertex -0.275 -17.05 3.88
      vertex -0.275 -17.05 4
      vertex -0.06 -17.05 3.88
    endloop
  endfacet
  facet normal 1 0 0
    outer loop
      vertex -0.275 -17.05 3.88
      vertex -0.275 -16.95 4
      vertex -0.275 -17.05 4
    endloop
  endfacet
  facet normal 0 -1 0
    outer loop
      vertex -0.275 -16.95 3.88
      vertex -0.06 -16.95 4
      vertex -0.275 -16.95 4
    endloop
  endfacet
  facet normal 0 0 1
    outer loop
      vertex -0.275 -17.05 3.88
      vertex -0.06 -17.05 3.88
      vertex -0.06 -17.01090909090909 3.88
    endloop
  endfacet
  facet normal 0 0 1
    outer loop
      vertex -0.275 -16.95 3.88
      vertex -0.06 -17.01090909090909 3.88
      vertex -0.06 -16.95 3.88
    endloop
  endfacet
  facet normal 0 -1 0
    outer loop
      vertex -0.275 -16.95 3.88
      vertex -0.06 -16.95 3.88
      vertex -0.06 -16.95 4
    endloop
  endfacet
  facet normal 0 0 1
    outer loop
      vertex -0.06 -17.05 3.88
      vertex -0.02149374566937748 -17.00390795375807 3.88
      vertex -0.06 -17.01090909090909 3.88
    endloop
  endfacet
  facet normal 0 1 0
    outer loop
      vertex -0.06 -17.05 3.88
      vertex -0.275 -17.05 4
      vertex -0.06 -17.05 4
    endloop
  endfacet
  facet normal 0 0 1
    outer loop
      vertex 0.06 -17.05 3.88
      vertex 0.275 -17.05 3.88
      vertex 0.06 -16.98909090909091 3.88
    endloop
  endfacet
  facet normal 0 0 1
    outer loop
      vertex 0.06 -16.98909090909091 3.88
      vertex 0.275 -16.95 3.88
      vertex 0.06 -16.95 3.88
    endloop
  endfacet
  facet normal 0 1 0
    outer loop
      vertex 0.06 -17.05 3.88
      vertex 0.06 -17.05 4
      vertex 0.275 -17.05 3.88
    endloop
  endfacet
  facet normal 0 -1 0
    outer loop
      vertex 0.06 -16.95 3.88
      vertex 0.275 -16.95 4
      vertex 0.06 -16.95 4
    endloop
  endfacet
  facet normal 0 0 1
    outer loop
      vertex 0.06 -16.98909090909091 3.88
      vertex 0.275 -17.05 3.88
      vertex 0.275 -16.95 3.88
    endloop
  endfacet
  facet normal 0 -1 0
    outer loop
      vertex 0.06 -16.95 3.88
      vertex 0.275 -16.95 3.88
      vertex 0.275 -16.95 4
    endloop
  endfacet
  facet normal -1 0 0
    outer loop
      vertex 0.275 -17.05 3.88
      vertex 0.275 -17.05 4
      vertex 0.275 -16.95 3.88
    endloop
  endfacet
  facet normal 0 1 0
    outer loop
      vertex 0.275 -17.05 3.88
      vertex 0.06 -17.05 4
      vertex 0.275 -17.05 4
    endloop
  endfacet
  facet normal -1 0 0
    outer loop
      vertex 0.275 -16.95 3.88
      vertex 0.275 -17.05 4
      vertex 0.275 -16.95 4
    endloop
  endfacet
  facet normal 1 0 0
    outer loop
      vertex -0.275 -16.05 3.88
      vertex -0.275 -15.95 3.88
      vertex -0.275 -15.95 4
    endloop
  endfacet
  facet normal 0 1 0
    outer loop
      vertex -0.275 -16.05 3.88
      vertex -0.275 -16.05 4
      vertex -0.06 -16.05 3.88
    endloop
  endfacet
  facet normal 0 0 1
    outer loop
      vertex -0.275 -16.05 3.88
      vertex -0.06 -16.01090909090909 3.88
      vertex -0.275 -15.95 3.88
    endloop
  endfacet
  facet normal 1 0 0
    outer loop
      vertex -0.275 -16.05 3.88
      vertex -0.275 -15.95 4
      vertex -0.275 -16.05 4
    endloop
  endfacet
  facet normal 0 -1 0
    outer loop
      vertex -0.275 -15.95 3.88
      vertex -0.06 -15.95 4
      vertex -0.275 -15.95 4
    endloop
  endfacet
  facet normal 0 0 1
    outer loop
      vertex -0.275 -16.05 3.88
      vertex -0.06 -16.05 3.88
      vertex -0.06 -16.01090909090909 3.88
    endloop
  endfacet
  facet normal 0 0 1
    outer loop
      vertex -0.275 -15.95 3.88
      vertex -0.06 -16.01090909090909 3.88
      vertex -0.06 -15.95 3.88
    endloop
  endfacet
  facet normal 0 -1 0
    outer loop
      vertex -0.275 -15.95 3.88
      vertex -0.06 -15.95 3.88
      vertex -0.06 -15.95 4
    endloop
  endfacet
  facet normal 0 0 1
    outer loop
      vertex -0.06 -16.05 3.88
      vertex -0.0166799168520477 -16.00303271215492 3.88
      vertex -0.06 -16.01090909090909 3.88
    endloop
  endfacet
  facet normal 0 1 0
    outer loop
      vertex -0.06 -16.05 3.88
      vertex -0.275 -16.05 4
      vertex -0.06 -16.05 4
    endloop
  endfacet
  facet normal 0 0 1
    outer loop
      vertex 0.06 -16.05 3.88
      vertex 0.275 -16.05 3.88
      vertex 0.06 -15.989090909090908 3.88
    endloop
  endfacet
  facet normal 0 1 0
    outer loop
      vertex 0.06 -16.05 3.88
      vertex 0.06 -16.05 4
      vertex 0.275 -16.05 3.88
    endloop
  endfacet
  facet normal 0 0 1
    outer loop
      vertex 0.06 -15.95 3.88
      vertex 0.06 -15.989090909090908 3.88
      vertex 0.275 -15.95 3.88
    endloop
  endfacet
  facet normal 0 -1 0
    outer loop
      vertex 0.06 -15.95 3.88
      vertex 0.275 -15.95 4
      vertex 0.06 -15.95 4
    endloop
  endfacet
  facet normal 0 0 1
    outer loop
      vertex 0.06 -15.989090909090908 3.88
      vertex 0.275 -16.05 3.88
      vertex 0.275 -15.95 3.88
    endloop
  endfacet
  facet normal 0 -1 0
    outer loop
      vertex 0.06 -15.95 3.88
      vertex 0.275 -15.95 3.88
      vertex 0.275 -15.95 4
    endloop
  endfacet
  facet normal -1 0 0
    outer loop
      vertex 0.275 -16.05 3.88
      vertex 0.275 -16.05 4
      vertex 0.275 -15.95 3.88
    endloop
  endfacet
  facet normal 0 1 0
    outer loop
      vertex 0.275 -16.05 3.88
      vertex 0.06 -16.05 4
      vertex 0.275 -16.05 4
    endloop
  endfacet
  facet normal -1 0 0
    outer loop
      vertex 0.275 -15.95 3.88
      vertex 0.275 -16.05 4
      vertex 0.275 -15.95 4
    endloop
  endfacet
  facet normal 1 0 0
    outer loop
      vertex -0.275 -15.05 3.88
      vertex -0.275 -14.95 3.88
      vertex -0.275 -14.95 4
    endloop
  endfacet
  facet normal 0 0 1
    outer loop
      vertex -0.275 -15.05 3.88
      vertex -0.06 -15.010909090909092 3.88
      vertex -0.275 -14.95 3.88
    endloop
  endfacet
  facet normal 0 1 0
    outer loop
      vertex -0.275 -15.05 3.88
      vertex -0.275 -15.05 4
      vertex -0.06 -15.05 3.88
    endloop
  endfacet
  facet normal 1 0 0
    outer loop
      vertex -0.275 -15.05 3.88
      vertex -0.275 -14.95 4
      vertex -0.275 -15.05 4
    endloop
  endfacet
  facet normal 0 -1 0
    outer loop
      vertex -0.275 -14.95 3.88
      vertex -0.06 -14.95 4
      vertex -0.275 -14.95 4
    endloop
  endfacet
  facet normal 0 0 1
    outer loop
      vertex -0.275 -15.05 3.88
      vertex -0.06 -15.05 3.88
      vertex -0.06 -15.010909090909092 3.88
    endloop
  endfacet
  facet normal 0 0 1
    outer loop
      vertex -0.275 -14.95 3.88
      vertex -0.06 -15.010909090909092 3.88
      vertex -0.06 -14.95 3.88
    endloop
  endfacet
  facet normal 0 -1 0
    outer loop
      vertex -0.275 -14.95 3.88
      vertex -0.06 -14.95 3.88
      vertex -0.06 -14.95 4
    endloop
  endfacet
  facet normal 0 0 1
    outer loop
      vertex -0.06 -15.05 3.88
      vertex -0.011866088034717913 -15.002157470551767 3.88
      vertex -0.06 -15.010909090909092 3.88
    endloop
  endfacet
  facet normal 0 1 0
    outer loop
      vertex -0.06 -15.05 3.88
      vertex -0.275 -15.05 4
      vertex -0.06 -15.05 4
    endloop
  endfacet
  facet normal 0 0 1
    outer loop
      vertex 0.06 -15.05 3.88
      vertex 0.275 -15.05 3.88
      vertex 0.06 -14.989090909090908 3.88
    endloop
  endfacet
  facet normal 0 0 1
    outer loop
      vertex 0.06 -14.989090909090908 3.88
      vertex 0.275 -14.95 3.88
      vertex 0.06 -14.95 3.88
    endloop
  endfacet
  facet normal 0 1 0
    outer loop
      vertex 0.06 -15.05 3.88
      vertex 0.06 -15.05 4
      vertex 0.275 -15.05 3.88
    endloop
  endfacet
  facet normal 0 -1 0
    outer loop
      vertex 0.06 -14.95 3.88
      vertex 0.275 -14.95 4
      vertex 0.06 -14.95 4
    endloop
  endfacet
  facet normal 0 0 1
    outer loop
      vertex 0.06 -14.989090909090908 3.88
      vertex 0.275 -15.05 3.88
      vertex 0.275 -14.95 3.88
    endloop
  endfacet
  facet normal 0 -1 0
    outer loop
      vertex 0.06 -14.95 3.88
      vertex 0.275 -14.95 3.88
      vertex 0.275 -14.95 4
    endloop
  endfacet
  facet normal -1 0 0
    outer loop
      vertex 0.275 -15.05 3.88
      vertex 0.275 -15.05 4
      vertex 0.275 -14.95 3.88
    endloop
  endfacet
  facet normal 0 1 0
    outer loop
      vertex 0.275 -15.05 3.88
      vertex 0.06 -15.05 4
      vertex 0.275 -15.05 4
    endloop
  endfacet
  facet normal -1 0 0
    outer loop
      vertex 0.275 -14.95 3.88
      vertex 0.275 -15.05 4
      vertex 0.275 -14.95 4
    endloop
  endfacet
  facet normal 1 0 0
    outer loop
      vertex -0.275 -14.05 3.88
      vertex -0.275 -13.95 3.88
      vertex -0.275 -13.95 4
    endloop
  endfacet
  facet normal 0 0 1
    outer loop
      vertex -0.275 -14.05 3.88
      vertex -0.06 -14.010909090909092 3.88
      vertex -0.275 -13.95 3.88
    endloop
  endfacet
  facet normal 0 1 0
    outer loop
      vertex -0.275 -14.05 3.88
      vertex -0.275 -14.05 4
      vertex -0.06 -14.05 3.88
    endloop
  endfacet
  facet normal 1 0 0
    outer loop
      vertex -0.275 -14.05 3.88
      vertex -0.275 -13.95 4
      vertex -0.275 -14.05 4
    endloop
  endfacet
  facet normal 0 -1 0
    outer loop
      vertex -0.275 -13.95 3.88
      vertex -0.06 -13.95 4
      vertex -0.275 -13.95 4
    endloop
  endfacet
  facet normal 0 0 1
    outer loop
      vertex -0.275 -14.05 3.88
      vertex -0.06 -14.05 3.88
      vertex -0.06 -14.010909090909092 3.88
    endloop
  endfacet
  facet normal 0 0 1
    outer loop
      vertex -0.275 -13.95 3.88
      vertex -0.06 -14.010909090909092 3.88
      vertex -0.06 -13.95 3.88
    endloop
  endfacet
  facet normal 0 -1 0
    outer loop
      vertex -0.275 -13.95 3.88
      vertex -0.06 -13.95 3.88
      vertex -0.06 -13.95 4
    endloop
  endfacet
  facet normal 0 0 1
    outer loop
      vertex -0.06 -14.05 3.88
      vertex -0.0070522592173881335 -14.001282228948616 3.88
      vertex -0.06 -14.010909090909092 3.88
    endloop
  endfacet
  facet normal 0 1 0
    outer loop
      vertex -0.06 -14.05 3.88
      vertex -0.275 -14.05 4
      vertex -0.06 -14.05 4
    endloop
  endfacet
  facet normal 0 0 1
    outer loop
      vertex 0.06 -14.05 3.88
      vertex 0.275 -14.05 3.88
      vertex 0.06 -13.989090909090908 3.88
    endloop
  endfacet
  facet normal 0 0 1
    outer loop
      vertex 0.06 -13.95 3.88
      vertex 0.06 -13.989090909090908 3.88
      vertex 0.275 -13.95 3.88
    endloop
  endfacet
  facet normal 0 1 0
    outer loop
      vertex 0.06 -14.05 3.88
      vertex 0.06 -14.05 4
      vertex 0.275 -14.05 3.88
    endloop
  endfacet
  facet normal 0 -1 0
    outer loop
      vertex 0.06 -13.95 3.88
      vertex 0.275 -13.95 4
      vertex 0.06 -13.95 4
    endloop
  endfacet
  facet normal 0 0 1
    outer loop
      vertex 0.06 -13.989090909090908 3.88
      vertex 0.275 -14.05 3.88
      vertex 0.275 -13.95 3.88
    endloop
  endfacet
  facet normal 0 -1 0
    outer loop
      vertex 0.06 -13.95 3.88
      vertex 0.275 -13.95 3.88
      vertex 0.275 -13.95 4
    endloop
  endfacet
  facet normal -1 0 0
    outer loop
      vertex 0.275 -14.05 3.88
      vertex 0.275 -14.05 4
      vertex 0.275 -13.95 3.88
    endloop
  endfacet
  facet normal 0 1 0
    outer loop
      vertex 0.275 -14.05 3.88
      vertex 0.06 -14.05 4
      vertex 0.275 -14.05 4
    endloop
  endfacet
  facet normal -1 0 0
    outer loop
      vertex 0.275 -13.95 3.88
      vertex 0.275 -14.05 4
      vertex 0.275 -13.95 4
    endloop
  endfacet
  facet normal 1 0 0
    outer loop
      vertex -0.275 -13.05 3.88
      vertex -0.275 -12.95 3.88
      vertex -0.275 -12.95 4
    endloop
  endfacet
  facet normal 0 0 1
    outer loop
      vertex -0.275 -13.05 3.88
      vertex -0.06 -13.010909090909092 3.88
      vertex -0.275 -12.95 3.88
    endloop
  endfacet
  facet normal 0 1 0
    outer loop
      vertex -0.275 -13.05 3.88
      vertex -0.275 -13.05 4
      vertex -0.06 -13.05 3.88
    endloop
  endfacet
  facet normal 1 0 0
    outer loop
      vertex -0.275 -13.05 3.88
      vertex -0.275 -12.95 4
      vertex -0.275 -13.05 4
    endloop
  endfacet
  facet normal 0 -1 0
    outer loop
      vertex -0.275 -12.95 3.88
      vertex -0.06 -12.95 4
      vertex -0.275 -12.95 4
    endloop
  endfacet
  facet normal 0 0 1
    outer loop
      vertex -0.275 -13.05 3.88
      vertex -0.06 -13.05 3.88
      vertex -0.06 -13.010909090909092 3.88
    endloop
  endfacet
  facet normal 0 0 1
    outer loop
      vertex -0.275 -12.95 3.88
      vertex -0.06 -13.010909090909092 3.88
      vertex -0.06 -12.95 3.88
    endloop
  endfacet
  facet normal 0 -1 0
    outer loop
      vertex -0.275 -12.95 3.88
      vertex -0.06 -12.95 3.88
      vertex -0.06 -12.95 4
    endloop
  endfacet
  facet normal 0 0 1
    outer loop
      vertex -0.06 -13.05 3.88
      vertex -0.002238430400058347 -13.000406987345466 3.88
      vertex -0.06 -13.010909090909092 3.88
    endloop
  endfacet
  facet normal 0 1 0
    outer loop
      vertex -0.06 -13.05 3.88
      vertex -0.275 -13.05 4
      vertex -0.06 -13.05 4
    endloop
  endfacet
  facet normal 0 0 1
    outer loop
      vertex 0.06 -13.05 3.88
      vertex 0.275 -13.05 3.88
      vertex 0.06 -12.989090909090908 3.88
    endloop
  endfacet
  facet normal 0 0 1
    outer loop
      vertex 0.06 -12.989090909090908 3.88
      vertex 0.275 -12.95 3.88
      vertex 0.06 -12.95 3.88
    endloop
  endfacet
  facet normal 0 1 0
    outer loop
      vertex 0.06 -13.05 3.88
      vertex 0.06 -13.05 4
      vertex 0.275 -13.05 3.88
    endloop
  endfacet
  facet normal 0 -1 0
    outer loop
      vertex 0.06 -12.95 3.88
      vertex 0.275 -12.95 4
      vertex 0.06 -12.95 4
    endloop
  endfacet
  facet normal 0 0 1
    outer loop
      vertex 0.06 -12.989090909090908 3.88
      vertex 0.275 -13.05 3.88
      vertex 0.275 -12.95 3.88
    endloop
  endfacet
  facet normal 0 -1 0
    outer loop
      vertex 0.06 -12.95 3.88
      vertex 0.275 -12.95 3.88
      vertex 0.275 -12.95 4
    endloop
  endfacet
  facet normal -1 0 0
    outer loop
      vertex 0.275 -13.05 3.88
      vertex 0.275 -13.05 4
      vertex 0.275 -12.95 3.88
    endloop
  endfacet
  facet normal 0 1 0
    outer loop
      vertex 0.275 -13.05 3.88
      vertex 0.06 -13.05 4
      vertex 0.275 -13.05 4
    endloop
  endfacet
  facet normal -1 0 0
    outer loop
      vertex 0.275 -12.95 3.88
      vertex 0.275 -13.05 4
      vertex 0.275 -12.95 4
    endloop
  endfacet
  facet normal 1 0 0
    outer loop
      vertex -0.275 -12.05 3.88
      vertex -0.275 -11.95 3.88
      vertex -0.275 -11.95 4
    endloop
  endfacet
  facet normal 0 0 1
    outer loop
      vertex -0.275 -12.05 3.88
      vertex -0.06 -12.010909090909092 3.88
      vertex -0.275 -11.95 3.88
    endloop
  endfacet
  facet normal 0 1 0
    outer loop
      vertex -0.275 -12.05 3.88
      vertex -0.275 -12.05 4
      vertex -0.06 -12.05 3.88
    endloop
  endfacet
  facet normal 1 0 0
    outer loop
      vertex -0.275 -12.05 3.88
      vertex -0.275 -11.95 4
      vertex -0.275 -12.05 4
    endloop
  endfacet
  facet normal 0 -1 0
    outer loop
      vertex -0.275 -11.95 3.88
      vertex -0.06 -11.95 4
      vertex -0.275 -11.95 4
    endloop
  endfacet
  facet normal 0 0 1
    outer loop
      vertex -0.275 -12.05 3.88
      vertex -0.06 -12.05 3.88
      vertex -0.06 -12.010909090909092 3.88
    endloop
  endfacet
  facet normal 0 0 1
    outer loop
      vertex -0.275 -11.95 3.88
      vertex -0.06 -12.010909090909092 3.88
      vertex -0.06 -11.95 3.88
    endloop
  endfacet
  facet normal 0 -1 0
    outer loop
      vertex -0.275 -11.95 3.88
      vertex -0.06 -11.95 3.88
      vertex -0.06 -11.95 4
    endloop
  endfacet
  facet normal 0 0 1
    outer loop
      vertex -0.06 -12.05 3.88
      vertex 0.002575398417271446 -11.999531745742313 3.88
      vertex -0.06 -12.010909090909092 3.88
    endloop
  endfacet
  facet normal 0 1 0
    outer loop
      vertex -0.06 -12.05 3.88
      vertex -0.275 -12.05 4
      vertex -0.06 -12.05 4
    endloop
  endfacet
  facet normal 0 0 1
    outer loop
      vertex 0.06 -12.05 3.88
      vertex 0.275 -12.05 3.88
      vertex 0.06 -11.989090909090908 3.88
    endloop
  endfacet
  facet normal 0 0 1
    outer loop
      vertex 0.06 -11.989090909090908 3.88
      vertex 0.275 -11.95 3.88
      vertex 0.06 -11.95 3.88
    endloop
  endfacet
  facet normal 0 1 0
    outer loop
      vertex 0.06 -12.05 3.88
      vertex 0.06 -12.05 4
      vertex 0.275 -12.05 3.88
    endloop
  endfacet
  facet normal 0 -1 0
    outer loop
      vertex 0.06 -11.95 3.88
      vertex 0.275 -11.95 4
      vertex 0.06 -11.95 4
    endloop
  endfacet
  facet normal 0 0 1
    outer loop
      vertex 0.06 -11.989090909090908 3.88
      vertex 0.275 -12.05 3.88
      vertex 0.275 -11.95 3.88
    endloop
  endfacet
  facet normal 0 -1 0
    outer loop
      vertex 0.06 -11.95 3.88
      vertex 0.275 -11.95 3.88
      vertex 0.275 -11.95 4
    endloop
  endfacet
  facet normal -1 0 0
    outer loop
      vertex 0.275 -12.05 3.88
      vertex 0.275 -12.05 4
      vertex 0.275 -11.95 3.88
    endloop
  endfacet
  facet normal 0 1 0
    outer loop
      vertex 0.275 -12.05 3.88
      vertex 0.06 -12.05 4
      vertex 0.275 -12.05 4
    endloop
  endfacet
  facet normal -1 0 0
    outer loop
      vertex 0.275 -11.95 3.88
      vertex 0.275 -12.05 4
      vertex 0.275 -11.95 4
    endloop
  endfacet
  facet normal 1 0 0
    outer loop
      vertex -0.275 -11.05 3.88
      vertex -0.275 -10.95 3.88
      vertex -0.275 -10.95 4
    endloop
  endfacet
  facet normal 0 0 1
    outer loop
      vertex -0.275 -11.05 3.88
      vertex -0.06 -11.010909090909092 3.88
      vertex -0.275 -10.95 3.88
    endloop
  endfacet
  facet normal 0 1 0
    outer loop
      vertex -0.275 -11.05 3.88
      vertex -0.275 -11.05 4
      vertex -0.06 -11.05 3.88
    endloop
  endfacet
  facet normal 1 0 0
    outer loop
      vertex -0.275 -11.05 3.88
      vertex -0.275 -10.95 4
      vertex -0.275 -11.05 4
    endloop
  endfacet
  facet normal 0 -1 0
    outer loop
      vertex -0.275 -10.95 3.88
      vertex -0.06 -10.95 4
      vertex -0.275 -10.95 4
    endloop
  endfacet
  facet normal 0 0 1
    outer loop
      vertex -0.275 -11.05 3.88
      vertex -0.06 -11.05 3.88
      vertex -0.06 -11.010909090909092 3.88
    endloop
  endfacet
  facet normal 0 0 1
    outer loop
      vertex -0.06 -11.010909090909092 3.88
      vertex -0.06 -10.95 3.88
      vertex -0.275 -10.95 3.88
    endloop
  endfacet
  facet normal 0 -1 0
    outer loop
      vertex -0.275 -10.95 3.88
      vertex -0.06 -10.95 3.88
      vertex -0.06 -10.95 4
    endloop
  endfacet
  facet normal 0 0 1
    outer loop
      vertex -0.06 -11.05 3.88
      vertex 0.0073892272346012255 -10.998656504139163 3.88
      vertex -0.06 -11.010909090909092 3.88
    endloop
  endfacet
  facet normal 0 1 0
    outer loop
      vertex -0.06 -11.05 3.88
      vertex -0.275 -11.05 4
      vertex -0.06 -11.05 4
    endloop
  endfacet
  facet normal 0 0 1
    outer loop
      vertex 0.06 -11.05 3.88
      vertex 0.275 -11.05 3.88
      vertex 0.06 -10.989090909090908 3.88
    endloop
  endfacet
  facet normal 0 0 1
    outer loop
      vertex 0.06 -10.989090909090908 3.88
      vertex 0.275 -10.95 3.88
      vertex 0.06 -10.95 3.88
    endloop
  endfacet
  facet normal 0 1 0
    outer loop
      vertex 0.06 -11.05 3.88
      vertex 0.06 -11.05 4
      vertex 0.275 -11.05 3.88
    endloop
  endfacet
  facet normal 0 -1 0
    outer loop
      vertex 0.06 -10.95 3.88
      vertex 0.275 -10.95 4
      vertex 0.06 -10.95 4
    endloop
  endfacet
  facet normal 0 0 1
    outer loop
      vertex 0.06 -10.989090909090908 3.88
      vertex 0.275 -11.05 3.88
      vertex 0.275 -10.95 3.88
    endloop
  endfacet
  facet normal 0 -1 0
    outer loop
      vertex 0.06 -10.95 3.88
      vertex 0.275 -10.95 3.88
      vertex 0.275 -10.95 4
    endloop
  endfacet
  facet normal -1 0 0
    outer loop
      vertex 0.275 -11.05 3.88
      vertex 0.275 -11.05 4
      vertex 0.275 -10.95 3.88
    endloop
  endfacet
  facet normal 0 1 0
    outer loop
      vertex 0.275 -11.05 3.88
      vertex 0.06 -11.05 4
      vertex 0.275 -11.05 4
    endloop
  endfacet
  facet normal -1 0 0
    outer loop
      vertex 0.275 -10.95 3.88
      vertex 0.275 -11.05 4
      vertex 0.275 -10.95 4
    endloop
  endfacet
  facet normal 1 0 0
    outer loop
      vertex -0.275 -10.05 3.88
      vertex -0.275 -9.95 3.88
      vertex -0.275 -9.95 4
    endloop
  endfacet
  facet normal 0 0 1
    outer loop
      vertex -0.275 -10.05 3.88
      vertex -0.06 -10.010909090909092 3.88
      vertex -0.275 -9.95 3.88
    endloop
  endfacet
  facet normal 0 1 0
    outer loop
      vertex -0.275 -10.05 3.88
      vertex -0.275 -10.05 4
      vertex -0.06 -10.05 3.88
    endloop
  endfacet
  facet normal 1 0 0
    outer loop
      vertex -0.275 -10.05 3.88
      vertex -0.275 -9.95 4
      vertex -0.275 -10.05 4
    endloop
  endfacet
  facet normal 0 -1 0
    outer loop
      vertex -0.275 -9.95 3.88
      vertex -0.06 -9.95 4
      vertex -0.275 -9.95 4
    endloop
  endfacet
  facet normal 0 0 1
    outer loop
      vertex -0.275 -10.05 3.88
      vertex -0.06 -10.05 3.88
      vertex -0.06 -10.010909090909092 3.88
    endloop
  endfacet
  facet normal 0 0 1
    outer loop
      vertex -0.275 -9.95 3.88
      vertex -0.06 -10.010909090909092 3.88
      vertex -0.06 -9.95 3.88
    endloop
  endfacet
  facet normal 0 -1 0
    outer loop
      vertex -0.275 -9.95 3.88
      vertex -0.06 -9.95 3.88
      vertex -0.06 -9.95 4
    endloop
  endfacet
  facet normal 0 0 1
    outer loop
      vertex -0.06 -10.05 3.88
      vertex 0.012203056051931012 -9.997781262536012 3.88
      vertex -0.06 -10.010909090909092 3.88
    endloop
  endfacet
  facet normal 0 1 0
    outer loop
      vertex -0.06 -10.05 3.88
      vertex -0.275 -10.05 4
      vertex -0.06 -10.05 4
    endloop
  endfacet
  facet normal 0 0 1
    outer loop
      vertex 0.06 -10.05 3.88
      vertex 0.275 -10.05 3.88
      vertex 0.06 -9.989090909090908 3.88
    endloop
  endfacet
  facet normal 0 0 1
    outer loop
      vertex 0.06 -9.989090909090908 3.88
      vertex 0.275 -9.95 3.88
      vertex 0.06 -9.95 3.88
    endloop
  endfacet
  facet normal 0 1 0
    outer loop
      vertex 0.06 -10.05 3.88
      vertex 0.06 -10.05 4
      vertex 0.275 -10.05 3.88
    endloop
  endfacet
  facet normal 0 -1 0
    outer loop
      vertex 0.06 -9.95 3.88
      vertex 0.275 -9.95 4
      vertex 0.06 -9.95 4
    endloop
  endfacet
  facet normal 0 0 1
    outer loop
      vertex 0.06 -9.989090909090908 3.88
      vertex 0.275 -10.05 3.88
      vertex 0.275 -9.95 3.88
    endloop
  endfacet
  facet normal 0 -1 0
    outer loop
      vertex 0.06 -9.95 3.88
      vertex 0.275 -9.95 3.88
      vertex 0.275 -9.95 4
    endloop
  endfacet
  facet normal -1 0 0
    outer loop
      vertex 0.275 -10.05 3.88
      vertex 0.275 -10.05 4
      vertex 0.275 -9.95 3.88
    endloop
  endfacet
  facet normal 0 1 0
    outer loop
      vertex 0.275 -10.05 3.88
      vertex 0.06 -10.05 4
      vertex 0.275 -10.05 4
    endloop
  endfacet
  facet normal -1 0 0
    outer loop
      vertex 0.275 -9.95 3.88
      vertex 0.275 -10.05 4
      vertex 0.275 -9.95 4
    endloop
  endfacet
  facet normal 1 0 0
    outer loop
      vertex -0.275 -9.05 3.88
      vertex -0.275 -8.95 3.88
      vertex -0.275 -8.95 4
    endloop
  endfacet
  facet normal 0 0 1
    outer loop
      vertex -0.275 -9.05 3.88
      vertex -0.06 -9.010909090909092 3.88
      vertex -0.275 -8.95 3.88
    endloop
  endfacet
  facet normal 0 1 0
    outer loop
      vertex -0.275 -9.05 3.88
      vertex -0.275 -9.05 4
      vertex -0.06 -9.05 3.88
    endloop
  endfacet
  facet normal 1 0 0
    outer loop
      vertex -0.275 -9.05 3.88
      vertex -0.275 -8.95 4
      vertex -0.275 -9.05 4
    endloop
  endfacet
  facet normal 0 -1 0
    outer loop
      vertex -0.275 -8.95 3.88
      vertex -0.06 -8.95 4
      vertex -0.275 -8.95 4
    endloop
  endfacet
  facet normal 0 0 1
    outer loop
      vertex -0.275 -9.05 3.88
      vertex -0.06 -9.05 3.88
      vertex -0.06 -9.010909090909092 3.88
    endloop
  endfacet
  facet normal 0 0 1
    outer loop
      vertex -0.275 -8.95 3.88
      vertex -0.06 -9.010909090909092 3.88
      vertex -0.06 -8.95 3.88
    endloop
  endfacet
  facet normal 0 -1 0
    outer loop
      vertex -0.275 -8.95 3.88
      vertex -0.06 -8.95 3.88
      vertex -0.06 -8.95 4
    endloop
  endfacet
  facet normal 0 0 1
    outer loop
      vertex -0.06 -9.05 3.88
      vertex 0.017016884869260798 -8.996906020932862 3.88
      vertex -0.06 -9.010909090909092 3.88
    endloop
  endfacet
  facet normal 0 1 0
    outer loop
      vertex -0.06 -9.05 3.88
      vertex -0.275 -9.05 4
      vertex -0.06 -9.05 4
    endloop
  endfacet
  facet normal 0 0 1
    outer loop
      vertex 0.06 -9.05 3.88
      vertex 0.275 -9.05 3.88
      vertex 0.06 -8.989090909090908 3.88
    endloop
  endfacet
  facet normal 0 1 0
    outer loop
      vertex 0.06 -9.05 3.88
      vertex 0.06 -9.05 4
      vertex 0.275 -9.05 3.88
    endloop
  endfacet
  facet normal 0 0 1
    outer loop
      vertex 0.06 -8.989090909090908 3.88
      vertex 0.275 -8.95 3.88
      vertex 0.06 -8.95 3.88
    endloop
  endfacet
  facet normal 0 -1 0
    outer loop
      vertex 0.06 -8.95 3.88
      vertex 0.275 -8.95 4
      vertex 0.06 -8.95 4
    endloop
  endfacet
  facet normal 0 0 1
    outer loop
      vertex 0.06 -8.989090909090908 3.88
      vertex 0.275 -9.05 3.88
      vertex 0.275 -8.95 3.88
    endloop
  endfacet
  facet normal 0 -1 0
    outer loop
      vertex 0.06 -8.95 3.88
      vertex 0.275 -8.95 3.88
      vertex 0.275 -8.95 4
    endloop
  endfacet
  facet normal -1 0 0
    outer loop
      vertex 0.275 -9.05 3.88
      vertex 0.275 -9.05 4
      vertex 0.275 -8.95 3.88
    endloop
  endfacet
  facet normal 0 1 0
    outer loop
      vertex 0.275 -9.05 3.88
      vertex 0.06 -9.05 4
      vertex 0.275 -9.05 4
    endloop
  endfacet
  facet normal -1 0 0
    outer loop
      vertex 0.275 -8.95 3.88
      vertex 0.275 -9.05 4
      vertex 0.275 -8.95 4
    endloop
  endfacet
  facet normal 1 0 0
    outer loop
      vertex -0.275 -8.05 3.88
      vertex -0.275 -7.95 3.88
      vertex -0.275 -7.95 4
    endloop
  endfacet
  facet normal 0 0 1
    outer loop
      vertex -0.275 -8.05 3.88
      vertex -0.06 -8.010909090909092 3.88
      vertex -0.275 -7.95 3.88
    endloop
  endfacet
  facet normal 0 1 0
    outer loop
      vertex -0.275 -8.05 3.88
      vertex -0.275 -8.05 4
      vertex -0.06 -8.05 3.88
    endloop
  endfacet
  facet normal 1 0 0
    outer loop
      vertex -0.275 -8.05 3.88
      vertex -0.275 -7.95 4
      vertex -0.275 -8.05 4
    endloop
  endfacet
  facet normal 0 -1 0
    outer loop
      vertex -0.275 -7.95 3.88
      vertex -0.06 -7.95 4
      vertex -0.275 -7.95 4
    endloop
  endfacet
  facet normal 0 0 1
    outer loop
      vertex -0.275 -8.05 3.88
      vertex -0.06 -8.05 3.88
      vertex -0.06 -8.010909090909092 3.88
    endloop
  endfacet
  facet normal 0 0 1
    outer loop
      vertex -0.275 -7.95 3.88
      vertex -0.06 -8.010909090909092 3.88
      vertex -0.06 -7.95 3.88
    endloop
  endfacet
  facet normal 0 -1 0
    outer loop
      vertex -0.275 -7.95 3.88
      vertex -0.06 -7.95 3.88
      vertex -0.06 -7.95 4
    endloop
  endfacet
  facet normal 0 0 1
    outer loop
      vertex -0.06 -8.05 3.88
      vertex 0.021830713686590564 -7.996030779329711 3.88
      vertex -0.06 -8.010909090909092 3.88
    endloop
  endfacet
  facet normal 0 1 0
    outer loop
      vertex -0.06 -8.05 3.88
      vertex -0.275 -8.05 4
      vertex -0.06 -8.05 4
    endloop
  endfacet
  facet normal 0 0 1
    outer loop
      vertex 0.06 -8.05 3.88
      vertex 0.275 -8.05 3.88
      vertex 0.06 -7.989090909090909 3.88
    endloop
  endfacet
  facet normal 0 0 1
    outer loop
      vertex 0.06 -7.989090909090909 3.88
      vertex 0.275 -7.95 3.88
      vertex 0.06 -7.95 3.88
    endloop
  endfacet
  facet normal 0 1 0
    outer loop
      vertex 0.06 -8.05 3.88
      vertex 0.06 -8.05 4
      vertex 0.275 -8.05 3.88
    endloop
  endfacet
  facet normal 0 -1 0
    outer loop
      vertex 0.06 -7.95 3.88
      vertex 0.275 -7.95 4
      vertex 0.06 -7.95 4
    endloop
  endfacet
  facet normal 0 0 1
    outer loop
      vertex 0.06 -7.989090909090909 3.88
      vertex 0.275 -8.05 3.88
      vertex 0.275 -7.95 3.88
    endloop
  endfacet
  facet normal 0 -1 0
    outer loop
      vertex 0.06 -7.95 3.88
      vertex 0.275 -7.95 3.88
      vertex 0.275 -7.95 4
    endloop
  endfacet
  facet normal -1 0 0
    outer loop
      vertex 0.275 -8.05 3.88
      vertex 0.275 -8.05 4
      vertex 0.275 -7.95 3.88
    endloop
  endfacet
  facet normal 0 1 0
    outer loop
      vertex 0.275 -8.05 3.88
      vertex 0.06 -8.05 4
      vertex 0.275 -8.05 4
    endloop
  endfacet
  facet normal -1 0 0
    outer loop
      vertex 0.275 -7.95 3.88
      vertex 0.275 -8.05 4
      vertex 0.275 -7.95 4
    endloop
  endfacet
  facet normal 0 1 0
    outer loop
      vertex -0.275 -7.05 3.88
      vertex -0.275 -7.05 4
      vertex -0.06 -7.05 3.88
    endloop
  endfacet
  facet normal 1 0 0
    outer loop
      vertex -0.275 -7.05 3.88
      vertex -0.275 -6.95 3.88
      vertex -0.275 -6.95 4
    endloop
  endfacet
  facet normal 0 0 1
    outer loop
      vertex -0.275 -7.05 3.88
      vertex -0.06 -7.010909090909091 3.88
      vertex -0.275 -6.95 3.88
    endloop
  endfacet
  facet normal 1 0 0
    outer loop
      vertex -0.275 -7.05 3.88
      vertex -0.275 -6.95 4
      vertex -0.275 -7.05 4
    endloop
  endfacet
  facet normal 0 -1 0
    outer loop
      vertex -0.275 -6.95 3.88
      vertex -0.06 -6.95 4
      vertex -0.275 -6.95 4
    endloop
  endfacet
  facet normal 0 0 1
    outer loop
      vertex -0.275 -7.05 3.88
      vertex -0.06 -7.05 3.88
      vertex -0.06 -7.010909090909091 3.88
    endloop
  endfacet
  facet normal 0 1 0
    outer loop
      vertex -0.06 -7.05 3.88
      vertex -0.275 -7.05 4
      vertex -0.06 -7.05 4
    endloop
  endfacet
  facet normal 0 0 1
    outer loop
      vertex -0.275 -6.95 3.88
      vertex -0.06 -7.010909090909091 3.88
      vertex -0.06 -6.95 3.88
    endloop
  endfacet
  facet normal 0 -1 0
    outer loop
      vertex -0.275 -6.95 3.88
      vertex -0.06 -6.95 3.88
      vertex -0.06 -6.95 4
    endloop
  endfacet
  facet normal 0 0 1
    outer loop
      vertex -0.06 -7.05 3.88
      vertex 0.02664454250392035 -6.99515553772656 3.88
      vertex -0.06 -7.010909090909091 3.88
    endloop
  endfacet
  facet normal 0 1 0
    outer loop
      vertex 0.06 -7.05 3.88
      vertex 0.06 -7.05 4
      vertex 0.275 -7.05 3.88
    endloop
  endfacet
  facet normal 0 0 1
    outer loop
      vertex 0.06 -7.05 3.88
      vertex 0.275 -7.05 3.88
      vertex 0.06 -6.989090909090909 3.88
    endloop
  endfacet
  facet normal 0 0 1
    outer loop
      vertex 0.06 -6.95 3.88
      vertex 0.06 -6.989090909090909 3.88
      vertex 0.275 -6.95 3.88
    endloop
  endfacet
  facet normal 0 -1 0
    outer loop
      vertex 0.06 -6.95 3.88
      vertex 0.275 -6.95 4
      vertex 0.06 -6.95 4
    endloop
  endfacet
  facet normal 0 1 0
    outer loop
      vertex 0.275 -7.05 3.88
      vertex 0.06 -7.05 4
      vertex 0.275 -7.05 4
    endloop
  endfacet
  facet normal 0 0 1
    outer loop
      vertex 0.06 -6.989090909090909 3.88
      vertex 0.275 -7.05 3.88
      vertex 0.275 -6.95 3.88
    endloop
  endfacet
  facet normal 0 -1 0
    outer loop
      vertex 0.06 -6.95 3.88
      vertex 0.275 -6.95 3.88
      vertex 0.275 -6.95 4
    endloop
  endfacet
  facet normal -1 0 0
    outer loop
      vertex 0.275 -7.05 3.88
      vertex 0.275 -7.05 4
      vertex 0.275 -6.95 3.88
    endloop
  endfacet
  facet normal -1 0 0
    outer loop
      vertex 0.275 -6.95 3.88
      vertex 0.275 -7.05 4
      vertex 0.275 -6.95 4
    endloop
  endfacet
  facet normal 1 0 0
    outer loop
      vertex -0.275 -6.05 3.88
      vertex -0.275 -5.95 3.88
      vertex -0.275 -5.95 4
    endloop
  endfacet
  facet normal 0 0 1
    outer loop
      vertex -0.275 -6.05 3.88
      vertex -0.06 -6.010909090909091 3.88
      vertex -0.275 -5.95 3.88
    endloop
  endfacet
  facet normal 0 1 0
    outer loop
      vertex -0.275 -6.05 3.88
      vertex -0.275 -6.05 4
      vertex -0.06 -6.05 3.88
    endloop
  endfacet
  facet normal 1 0 0
    outer loop
      vertex -0.275 -6.05 3.88
      vertex -0.275 -5.95 4
      vertex -0.275 -6.05 4
    endloop
  endfacet
  facet normal 0 -1 0
    outer loop
      vertex -0.275 -5.95 3.88
      vertex -0.06 -5.95 4
      vertex -0.275 -5.95 4
    endloop
  endfacet
  facet normal 0 0 1
    outer loop
      vertex -0.275 -6.05 3.88
      vertex -0.06 -6.05 3.88
      vertex -0.06 -6.010909090909091 3.88
    endloop
  endfacet
  facet normal 0 0 1
    outer loop
      vertex -0.275 -5.95 3.88
      vertex -0.06 -6.010909090909091 3.88
      vertex -0.06 -5.95 3.88
    endloop
  endfacet
  facet normal 0 -1 0
    outer loop
      vertex -0.275 -5.95 3.88
      vertex -0.06 -5.95 3.88
      vertex -0.06 -5.95 4
    endloop
  endfacet
  facet normal 0 0 1
    outer loop
      vertex -0.06 -6.05 3.88
      vertex 0.031458371321250136 -5.994280296123409 3.88
      vertex -0.06 -6.010909090909091 3.88
    endloop
  endfacet
  facet normal 0 1 0
    outer loop
      vertex -0.06 -6.05 3.88
      vertex -0.275 -6.05 4
      vertex -0.06 -6.05 4
    endloop
  endfacet
  facet normal 0 0 1
    outer loop
      vertex 0.06 -6.05 3.88
      vertex 0.275 -6.05 3.88
      vertex 0.06 -5.989090909090909 3.88
    endloop
  endfacet
  facet normal 0 0 1
    outer loop
      vertex 0.06 -5.989090909090909 3.88
      vertex 0.275 -5.95 3.88
      vertex 0.06 -5.95 3.88
    endloop
  endfacet
  facet normal 0 1 0
    outer loop
      vertex 0.06 -6.05 3.88
      vertex 0.06 -6.05 4
      vertex 0.275 -6.05 3.88
    endloop
  endfacet
  facet normal 0 -1 0
    outer loop
      vertex 0.06 -5.95 3.88
      vertex 0.275 -5.95 4
      vertex 0.06 -5.95 4
    endloop
  endfacet
  facet normal 0 0 1
    outer loop
      vertex 0.06 -5.989090909090909 3.88
      vertex 0.275 -6.05 3.88
      vertex 0.275 -5.95 3.88
    endloop
  endfacet
  facet normal 0 -1 0
    outer loop
      vertex 0.06 -5.95 3.88
      vertex 0.275 -5.95 3.88
      vertex 0.275 -5.95 4
    endloop
  endfacet
  facet normal -1 0 0
    outer loop
      vertex 0.275 -6.05 3.88
      vertex 0.275 -6.05 4
      vertex 0.275 -5.95 3.88
    endloop
  endfacet
  facet normal 0 1 0
    outer loop
      vertex 0.275 -6.05 3.88
      vertex 0.06 -6.05 4
      vertex 0.275 -6.05 4
    endloop
  endfacet
  facet normal -1 0 0
    outer loop
      vertex 0.275 -5.95 3.88
      vertex 0.275 -6.05 4
      vertex 0.275 -5.95 4
    endloop
  endfacet
  facet normal 1 0 0
    outer loop
      vertex -0.275 -5.05 3.88
      vertex -0.275 -4.95 3.88
      vertex -0.275 -4.95 4
    endloop
  endfacet
  facet normal 0 0 1
    outer loop
      vertex -0.275 -5.05 3.88
      vertex -0.06 -5.010909090909091 3.88
      vertex -0.275 -4.95 3.88
    endloop
  endfacet
  facet normal 0 1 0
    outer loop
      vertex -0.275 -5.05 3.88
      vertex -0.275 -5.05 4
      vertex -0.06 -5.05 3.88
    endloop
  endfacet
  facet normal 1 0 0
    outer loop
      vertex -0.275 -5.05 3.88
      vertex -0.275 -4.95 4
      vertex -0.275 -5.05 4
    endloop
  endfacet
  facet normal 0 -1 0
    outer loop
      vertex -0.275 -4.95 3.88
      vertex -0.06 -4.95 4
      vertex -0.275 -4.95 4
    endloop
  endfacet
  facet normal 0 0 1
    outer loop
      vertex -0.275 -5.05 3.88
      vertex -0.06 -5.05 3.88
      vertex -0.06 -5.010909090909091 3.88
    endloop
  endfacet
  facet normal 0 0 1
    outer loop
      vertex -0.275 -4.95 3.88
      vertex -0.06 -5.010909090909091 3.88
      vertex -0.06 -4.95 3.88
    endloop
  endfacet
  facet normal 0 -1 0
    outer loop
      vertex -0.275 -4.95 3.88
      vertex -0.06 -4.95 3.88
      vertex -0.06 -4.95 4
    endloop
  endfacet
  facet normal 0 0 1
    outer loop
      vertex -0.06 -5.05 3.88
      vertex 0.036272200138579916 -4.993405054520259 3.88
      vertex -0.06 -5.010909090909091 3.88
    endloop
  endfacet
  facet normal 0 1 0
    outer loop
      vertex -0.06 -5.05 3.88
      vertex -0.275 -5.05 4
      vertex -0.06 -5.05 4
    endloop
  endfacet
  facet normal 0 0 1
    outer loop
      vertex 0.06 -5.05 3.88
      vertex 0.275 -5.05 3.88
      vertex 0.06 -4.989090909090909 3.88
    endloop
  endfacet
  facet normal 0 0 1
    outer loop
      vertex 0.06 -4.95 3.88
      vertex 0.06 -4.989090909090909 3.88
      vertex 0.275 -4.95 3.88
    endloop
  endfacet
  facet normal 0 1 0
    outer loop
      vertex 0.06 -5.05 3.88
      vertex 0.06 -5.05 4
      vertex 0.275 -5.05 3.88
    endloop
  endfacet
  facet normal 0 -1 0
    outer loop
      vertex 0.06 -4.95 3.88
      vertex 0.275 -4.95 4
      vertex 0.06 -4.95 4
    endloop
  endfacet
  facet normal 0 0 1
    outer loop
      vertex 0.06 -4.989090909090909 3.88
      vertex 0.275 -5.05 3.88
      vertex 0.275 -4.95 3.88
    endloop
  endfacet
  facet normal 0 -1 0
    outer loop
      vertex 0.06 -4.95 3.88
      vertex 0.275 -4.95 3.88
      vertex 0.275 -4.95 4
    endloop
  endfacet
  facet normal -1 0 0
    outer loop
      vertex 0.275 -5.05 3.88
      vertex 0.275 -5.05 4
      vertex 0.275 -4.95 3.88
    endloop
  endfacet
  facet normal 0 1 0
    outer loop
      vertex 0.275 -5.05 3.88
      vertex 0.06 -5.05 4
      vertex 0.275 -5.05 4
    endloop
  endfacet
  facet normal -1 0 0
    outer loop
      vertex 0.275 -4.95 3.88
      vertex 0.275 -5.05 4
      vertex 0.275 -4.95 4
    endloop
  endfacet
  facet normal 1 0 0
    outer loop
      vertex -0.275 -4.05 3.88
      vertex -0.275 -3.95 3.88
      vertex -0.275 -3.95 4
    endloop
  endfacet
  facet normal 0 0 1
    outer loop
      vertex -0.275 -4.05 3.88
      vertex -0.06 -4.010909090909091 3.88
      vertex -0.275 -3.95 3.88
    endloop
  endfacet
  facet normal 0 1 0
    outer loop
      vertex -0.275 -4.05 3.88
      vertex -0.275 -4.05 4
      vertex -0.06 -4.05 3.88
    endloop
  endfacet
  facet normal 1 0 0
    outer loop
      vertex -0.275 -4.05 3.88
      vertex -0.275 -3.95 4
      vertex -0.275 -4.05 4
    endloop
  endfacet
  facet normal 0 -1 0
    outer loop
      vertex -0.275 -3.95 3.88
      vertex -0.06 -3.95 4
      vertex -0.275 -3.95 4
    endloop
  endfacet
  facet normal 0 0 1
    outer loop
      vertex -0.275 -4.05 3.88
      vertex -0.06 -4.05 3.88
      vertex -0.06 -4.010909090909091 3.88
    endloop
  endfacet
  facet normal 0 0 1
    outer loop
      vertex -0.275 -3.95 3.88
      vertex -0.06 -4.010909090909091 3.88
      vertex -0.06 -3.95 3.88
    endloop
  endfacet
  facet normal 0 -1 0
    outer loop
      vertex -0.275 -3.95 3.88
      vertex -0.06 -3.95 3.88
      vertex -0.06 -3.95 4
    endloop
  endfacet
  facet normal 0 0 1
    outer loop
      vertex -0.06 -4.05 3.88
      vertex 0.0410860289559097 -3.9925298129171076 3.88
      vertex -0.06 -4.010909090909091 3.88
    endloop
  endfacet
  facet normal 0 1 0
    outer loop
      vertex -0.06 -4.05 3.88
      vertex -0.275 -4.05 4
      vertex -0.06 -4.05 4
    endloop
  endfacet
  facet normal 0 0 1
    outer loop
      vertex 0.06 -4.05 3.88
      vertex 0.275 -4.05 3.88
      vertex 0.06 -3.9890909090909092 3.88
    endloop
  endfacet
  facet normal 0 0 1
    outer loop
      vertex 0.06 -3.9890909090909092 3.88
      vertex 0.275 -3.95 3.88
      vertex 0.06 -3.95 3.88
    endloop
  endfacet
  facet normal 0 1 0
    outer loop
      vertex 0.06 -4.05 3.88
      vertex 0.06 -4.05 4
      vertex 0.275 -4.05 3.88
    endloop
  endfacet
  facet normal 0 -1 0
    outer loop
      vertex 0.06 -3.95 3.88
      vertex 0.275 -3.95 4
      vertex 0.06 -3.95 4
    endloop
  endfacet
  facet normal 0 0 1
    outer loop
      vertex 0.06 -3.9890909090909092 3.88
      vertex 0.275 -4.05 3.88
      vertex 0.275 -3.95 3.88
    endloop
  endfacet
  facet normal 0 -1 0
    outer loop
      vertex 0.06 -3.95 3.88
      vertex 0.275 -3.95 3.88
      vertex 0.275 -3.95 4
    endloop
  endfacet
  facet normal -1 0 0
    outer loop
      vertex 0.275 -4.05 3.88
      vertex 0.275 -4.05 4
      vertex 0.275 -3.95 3.88
    endloop
  endfacet
  facet normal 0 1 0
    outer loop
      vertex 0.275 -4.05 3.88
      vertex 0.06 -4.05 4
      vertex 0.275 -4.05 4
    endloop
  endfacet
  facet normal -1 0 0
    outer loop
      vertex 0.275 -3.95 3.88
      vertex 0.275 -4.05 4
      vertex 0.275 -3.95 4
    endloop
  endfacet
  facet normal 1 0 0
    outer loop
      vertex -0.275 -3.05 3.88
      vertex -0.275 -2.95 3.88
      vertex -0.275 -2.95 4
    endloop
  endfacet
  facet normal 0 0 1
    outer loop
      vertex -0.275 -3.05 3.88
      vertex -0.06 -3.0109090909090908 3.88
      vertex -0.275 -2.95 3.88
    endloop
  endfacet
  facet normal 0 1 0
    outer loop
      vertex -0.275 -3.05 3.88
      vertex -0.275 -3.05 4
      vertex -0.06 -3.05 3.88
    endloop
  endfacet
  facet normal 1 0 0
    outer loop
      vertex -0.275 -3.05 3.88
      vertex -0.275 -2.95 4
      vertex -0.275 -3.05 4
    endloop
  endfacet
  facet normal 0 -1 0
    outer loop
      vertex -0.275 -2.95 3.88
      vertex -0.06 -2.95 4
      vertex -0.275 -2.95 4
    endloop
  endfacet
  facet normal 0 0 1
    outer loop
      vertex -0.275 -3.05 3.88
      vertex -0.06 -3.05 3.88
      vertex -0.06 -3.0109090909090908 3.88
    endloop
  endfacet
  facet normal 0 0 1
    outer loop
      vertex -0.275 -2.95 3.88
      vertex -0.06 -3.0109090909090908 3.88
      vertex -0.06 -2.95 3.88
    endloop
  endfacet
  facet normal 0 -1 0
    outer loop
      vertex -0.275 -2.95 3.88
      vertex -0.06 -2.95 3.88
      vertex -0.06 -2.95 4
    endloop
  endfacet
  facet normal 0 0 1
    outer loop
      vertex -0.06 -3.05 3.88
      vertex 0.04589985777323949 -2.9916545713139566 3.88
      vertex -0.06 -3.0109090909090908 3.88
    endloop
  endfacet
  facet normal 0 1 0
    outer loop
      vertex -0.06 -3.05 3.88
      vertex -0.275 -3.05 4
      vertex -0.06 -3.05 4
    endloop
  endfacet
  facet normal 0 0 1
    outer loop
      vertex 0.06 -3.05 3.88
      vertex 0.275 -3.05 3.88
      vertex 0.06 -2.9890909090909092 3.88
    endloop
  endfacet
  facet normal 0 0 1
    outer loop
      vertex 0.06 -2.9890909090909092 3.88
      vertex 0.275 -2.95 3.88
      vertex 0.06 -2.95 3.88
    endloop
  endfacet
  facet normal 0 1 0
    outer loop
      vertex 0.06 -3.05 3.88
      vertex 0.06 -3.05 4
      vertex 0.275 -3.05 3.88
    endloop
  endfacet
  facet normal 0 -1 0
    outer loop
      vertex 0.06 -2.95 3.88
      vertex 0.275 -2.95 4
      vertex 0.06 -2.95 4
    endloop
  endfacet
  facet normal 0 0 1
    outer loop
      vertex 0.06 -2.9890909090909092 3.88
      vertex 0.275 -3.05 3.88
      vertex 0.275 -2.95 3.88
    endloop
  endfacet
  facet normal 0 -1 0
    outer loop
      vertex 0.06 -2.95 3.88
      vertex 0.275 -2.95 3.88
      vertex 0.275 -2.95 4
    endloop
  endfacet
  facet normal -1 0 0
    outer loop
      vertex 0.275 -3.05 3.88
      vertex 0.275 -3.05 4
      vertex 0.275 -2.95 3.88
    endloop
  endfacet
  facet normal 0 1 0
    outer loop
      vertex 0.275 -3.05 3.88
      vertex 0.06 -3.05 4
      vertex 0.275 -3.05 4
    endloop
  endfacet
  facet normal -1 0 0
    outer loop
      vertex 0.275 -2.95 3.88
      vertex 0.275 -3.05 4
      vertex 0.275 -2.95 4
    endloop
  endfacet
  facet normal 1 0 0
    outer loop
      vertex -0.275 -2.05 3.88
      vertex -0.275 -1.95 3.88
      vertex -0.275 -1.95 4
    endloop
  endfacet
  facet normal 0 0 1
    outer loop
      vertex -0.275 -2.05 3.88
      vertex -0.06 -2.0109090909090908 3.88
      vertex -0.275 -1.95 3.88
    endloop
  endfacet
  facet normal 0 1 0
    outer loop
      vertex -0.275 -2.05 3.88
      vertex -0.275 -2.05 4
      vertex -0.06 -2.05 3.88
    endloop
  endfacet
  facet normal 1 0 0
    outer loop
      vertex -0.275 -2.05 3.88
      vertex -0.275 -1.95 4
      vertex -0.275 -2.05 4
    endloop
  endfacet
  facet normal 0 -1 0
    outer loop
      vertex -0.275 -1.95 3.88
      vertex -0.06 -1.95 4
      vertex -0.275 -1.95 4
    endloop
  endfacet
  facet normal 0 0 1
    outer loop
      vertex -0.275 -2.05 3.88
      vertex -0.06 -2.05 3.88
      vertex -0.06 -2.0109090909090908 3.88
    endloop
  endfacet
  facet normal 0 0 1
    outer loop
      vertex -0.275 -1.95 3.88
      vertex -0.06 -2.0109090909090908 3.88
      vertex -0.06 -1.95 3.88
    endloop
  endfacet
  facet normal 0 -1 0
    outer loop
      vertex -0.275 -1.95 3.88
      vertex -0.06 -1.95 3.88
      vertex -0.06 -1.95 4
    endloop
  endfacet
  facet normal 0 0 1
    outer loop
      vertex -0.06 -2.05 3.88
      vertex 0.05071368659056927 -1.9907793297108054 3.88
      vertex -0.06 -2.0109090909090908 3.88
    endloop
  endfacet
  facet normal 0 1 0
    outer loop
      vertex -0.06 -2.05 3.88
      vertex -0.275 -2.05 4
      vertex -0.06 -2.05 4
    endloop
  endfacet
  facet normal 0 0 1
    outer loop
      vertex 0.06 -2.05 3.88
      vertex 0.275 -2.05 3.88
      vertex 0.06 -1.989090909090909 3.88
    endloop
  endfacet
  facet normal 0 0 1
    outer loop
      vertex 0.06 -1.989090909090909 3.88
      vertex 0.275 -1.95 3.88
      vertex 0.06 -1.95 3.88
    endloop
  endfacet
  facet normal 0 1 0
    outer loop
      vertex 0.06 -2.05 3.88
      vertex 0.06 -2.05 4
      vertex 0.275 -2.05 3.88
    endloop
  endfacet
  facet normal 0 -1 0
    outer loop
      vertex 0.06 -1.95 3.88
      vertex 0.275 -1.95 4
      vertex 0.06 -1.95 4
    endloop
  endfacet
  facet normal 0 0 1
    outer loop
      vertex 0.06 -1.989090909090909 3.88
      vertex 0.275 -2.05 3.88
      vertex 0.275 -1.95 3.88
    endloop
  endfacet
  facet normal 0 -1 0
    outer loop
      vertex 0.06 -1.95 3.88
      vertex 0.275 -1.95 3.88
      vertex 0.275 -1.95 4
    endloop
  endfacet
  facet normal -1 0 0
    outer loop
      vertex 0.275 -2.05 3.88
      vertex 0.275 -2.05 4
      vertex 0.275 -1.95 3.88
    endloop
  endfacet
  facet normal 0 1 0
    outer loop
      vertex 0.275 -2.05 3.88
      vertex 0.06 -2.05 4
      vertex 0.275 -2.05 4
    endloop
  endfacet
  facet normal -1 0 0
    outer loop
      vertex 0.275 -1.95 3.88
      vertex 0.275 -2.05 4
      vertex 0.275 -1.95 4
    endloop
  endfacet
  facet normal 1 0 0
    outer loop
      vertex -0.275 -1.05 3.88
      vertex -0.275 -0.95 3.88
      vertex -0.275 -0.95 4
    endloop
  endfacet
  facet normal 0 0 1
    outer loop
      vertex -0.275 -1.05 3.88
      vertex -0.06 -1.010909090909091 3.88
      vertex -0.275 -0.95 3.88
    endloop
  endfacet
  facet normal 0 1 0
    outer loop
      vertex -0.275 -1.05 3.88
      vertex -0.275 -1.05 4
      vertex -0.06 -1.05 3.88
    endloop
  endfacet
  facet normal 1 0 0
    outer loop
      vertex -0.275 -1.05 3.88
      vertex -0.275 -0.95 4
      vertex -0.275 -1.05 4
    endloop
  endfacet
  facet normal 0 -1 0
    outer loop
      vertex -0.275 -0.95 3.88
      vertex -0.06 -0.95 4
      vertex -0.275 -0.95 4
    endloop
  endfacet
  facet normal 0 0 1
    outer loop
      vertex -0.275 -1.05 3.88
      vertex -0.06 -1.05 3.88
      vertex -0.06 -1.010909090909091 3.88
    endloop
  endfacet
  facet normal 0 0 1
    outer loop
      vertex -0.275 -0.95 3.88
      vertex -0.06 -1.010909090909091 3.88
      vertex -0.06 -0.95 3.88
    endloop
  endfacet
  facet normal 0 -1 0
    outer loop
      vertex -0.275 -0.95 3.88
      vertex -0.06 -0.95 3.88
      vertex -0.06 -0.95 4
    endloop
  endfacet
  facet normal 0 0 1
    outer loop
      vertex -0.06 -1.05 3.88
      vertex 0.055527515407899054 -0.9899040881076547 3.88
      vertex -0.06 -1.010909090909091 3.88
    endloop
  endfacet
  facet normal 0 1 0
    outer loop
      vertex -0.06 -1.05 3.88
      vertex -0.275 -1.05 4
      vertex -0.06 -1.05 4
    endloop
  endfacet
  facet normal 0 0 1
    outer loop
      vertex 0.06 -1.05 3.88
      vertex 0.275 -1.05 3.88
      vertex 0.06 -0.9890909090909091 3.88
    endloop
  endfacet
  facet normal 0 0 1
    outer loop
      vertex 0.06 -0.9890909090909091 3.88
      vertex 0.275 -0.95 3.88
      vertex 0.06 -0.95 3.88
    endloop
  endfacet
  facet normal 0 1 0
    outer loop
      vertex 0.06 -1.05 3.88
      vertex 0.06 -1.05 4
      vertex 0.275 -1.05 4
    endloop
  endfacet
  facet normal 0 -1 0
    outer loop
      vertex 0.06 -0.95 3.88
      vertex 0.275 -0.95 4
      vertex 0.06 -0.95 4
    endloop
  endfacet
  facet normal 0 0 1
    outer loop
      vertex 0.06 -0.9890909090909091 3.88
      vertex 0.275 -1.05 3.88
      vertex 0.275 -0.95 3.88
    endloop
  endfacet
  facet normal 0 1 0
    outer loop
      vertex 0.06 -1.05 3.88
      vertex 0.275 -1.05 4
      vertex 0.275 -1.05 3.88
    endloop
  endfacet
  facet normal 0 -1 0
    outer loop
      vertex 0.06 -0.95 3.88
      vertex 0.275 -0.95 3.88
      vertex 0.275 -0.95 4
    endloop
  endfacet
  facet normal -1 0 0
    outer loop
      vertex 0.275 -1.05 3.88
      vertex 0.275 -1.05 4
      vertex 0.275 -0.95 3.88
    endloop
  endfacet
  facet normal -1 0 0
    outer loop
      vertex 0.275 -0.95 3.88
      vertex 0.275 -1.05 4
      vertex 0.275 -0.95 4
    endloop
  endfacet
  facet normal 1 0 0
    outer loop
      vertex -0.275 0.95 3.88
      vertex -0.275 1.05 3.88
      vertex -0.275 1.05 4
    endloop
  endfacet
  facet normal 0 0 1
    outer loop
      vertex -0.275 0.95 3.88
      vertex -0.06 0.9890909090909091 3.88
      vertex -0.275 1.05 3.88
    endloop
  endfacet
  facet normal 0 1 0
    outer loop
      vertex -0.275 0.95 3.88
      vertex -0.275 0.95 4
      vertex -0.06 0.95 3.88
    endloop
  endfacet
  facet normal 0 -1 0
    outer loop
      vertex -0.275 1.05 3.88
      vertex -0.06 1.05 3.88
      vertex -0.275 1.05 4
    endloop
  endfacet
  facet normal 1 0 0
    outer loop
      vertex -0.275 0.95 3.88
      vertex -0.275 1.05 4
      vertex -0.275 0.95 4
    endloop
  endfacet
  facet normal 0 0 1
    outer loop
      vertex -0.275 0.95 3.88
      vertex -0.06 0.95 3.88
      vertex -0.06 0.9890909090909091 3.88
    endloop
  endfacet
  facet normal 0 0 1
    outer loop
      vertex -0.275 1.05 3.88
      vertex -0.06 0.9890909090909091 3.88
      vertex -0.06 1.05 3.88
    endloop
  endfacet
  facet normal 0 1 0
    outer loop
      vertex -0.06 0.95 3.88
      vertex -0.275 0.95 4
      vertex -0.06 0.95 4
    endloop
  endfacet
  facet normal 0 -1 0
    outer loop
      vertex -0.06 1.05 3.88
      vertex -0.06 1.05 4
      vertex -0.275 1.05 4
    endloop
  endfacet
  facet normal 0 0 1
    outer loop
      vertex -0.055527515407899054 0.9899040881076547 3.88
      vertex 0.06 0.95 3.88
      vertex 0.06 1.010909090909091 3.88
    endloop
  endfacet
  facet normal 0 0 1
    outer loop
      vertex 0.06 0.95 3.88
      vertex 0.275 1.05 3.88
      vertex 0.06 1.010909090909091 3.88
    endloop
  endfacet
  facet normal 0 0 1
    outer loop
      vertex 0.06 1.010909090909091 3.88
      vertex 0.275 1.05 3.88
      vertex 0.06 1.05 3.88
    endloop
  endfacet
  facet normal 0 1 0
    outer loop
      vertex 0.06 0.95 3.88
      vertex 0.06 0.95 4
      vertex 0.275 0.95 3.88
    endloop
  endfacet
  facet normal 0 -1 0
    outer loop
      vertex 0.06 1.05 3.88
      vertex 0.275 1.05 4
      vertex 0.06 1.05 4
    endloop
  endfacet
  facet normal 0 0 1
    outer loop
      vertex 0.06 0.95 3.88
      vertex 0.275 0.95 3.88
      vertex 0.275 1.05 3.88
    endloop
  endfacet
  facet normal 0 -1 0
    outer loop
      vertex 0.06 1.05 3.88
      vertex 0.275 1.05 3.88
      vertex 0.275 1.05 4
    endloop
  endfacet
  facet normal -1 0 0
    outer loop
      vertex 0.275 0.95 3.88
      vertex 0.275 0.95 4
      vertex 0.275 1.05 3.88
    endloop
  endfacet
  facet normal 0 1 0
    outer loop
      vertex 0.275 0.95 3.88
      vertex 0.06 0.95 4
      vertex 0.275 0.95 4
    endloop
  endfacet
  facet normal -1 0 0
    outer loop
      vertex 0.275 1.05 3.88
      vertex 0.275 0.95 4
      vertex 0.275 1.05 4
    endloop
  endfacet
  facet normal 1 0 0
    outer loop
      vertex -0.275 1.95 3.88
      vertex -0.275 2.05 3.88
      vertex -0.275 2.05 4
    endloop
  endfacet
  facet normal 0 1 0
    outer loop
      vertex -0.275 1.95 3.88
      vertex -0.275 1.95 4
      vertex -0.06 1.95 3.88
    endloop
  endfacet
  facet normal 0 0 1
    outer loop
      vertex -0.275 1.95 3.88
      vertex -0.06 1.989090909090909 3.88
      vertex -0.275 2.05 3.88
    endloop
  endfacet
  facet normal 1 0 0
    outer loop
      vertex -0.275 1.95 3.88
      vertex -0.275 2.05 4
      vertex -0.275 1.95 4
    endloop
  endfacet
  facet normal 0 -1 0
    outer loop
      vertex -0.275 2.05 3.88
      vertex -0.06 2.05 4
      vertex -0.275 2.05 4
    endloop
  endfacet
  facet normal 0 0 1
    outer loop
      vertex -0.275 1.95 3.88
      vertex -0.06 1.95 3.88
      vertex -0.06 1.989090909090909 3.88
    endloop
  endfacet
  facet normal 0 0 1
    outer loop
      vertex -0.275 2.05 3.88
      vertex -0.06 1.989090909090909 3.88
      vertex -0.06 2.05 3.88
    endloop
  endfacet
  facet normal 0 -1 0
    outer loop
      vertex -0.275 2.05 3.88
      vertex -0.06 2.05 3.88
      vertex -0.06 2.05 4
    endloop
  endfacet
  facet normal 0 1 0
    outer loop
      vertex -0.06 1.95 3.88
      vertex -0.275 1.95 4
      vertex -0.06 1.95 4
    endloop
  endfacet
  facet normal 0 0 1
    outer loop
      vertex -0.05071368659056927 1.9907793297108054 3.88
      vertex 0.06 1.95 3.88
      vertex 0.06 2.0109090909090908 3.88
    endloop
  endfacet
  facet normal 0 1 0
    outer loop
      vertex 0.06 1.95 3.88
      vertex 0.06 1.95 4
      vertex 0.275 1.95 3.88
    endloop
  endfacet
  facet normal 0 0 1
    outer loop
      vertex 0.06 1.95 3.88
      vertex 0.275 2.05 3.88
      vertex 0.06 2.0109090909090908 3.88
    endloop
  endfacet
  facet normal 0 0 1
    outer loop
      vertex 0.06 2.05 3.88
      vertex 0.06 2.0109090909090908 3.88
      vertex 0.275 2.05 3.88
    endloop
  endfacet
  facet normal 0 -1 0
    outer loop
      vertex 0.06 2.05 3.88
      vertex 0.275 2.05 4
      vertex 0.06 2.05 4
    endloop
  endfacet
  facet normal 0 0 1
    outer loop
      vertex 0.06 1.95 3.88
      vertex 0.275 1.95 3.88
      vertex 0.275 2.05 3.88
    endloop
  endfacet
  facet normal 0 -1 0
    outer loop
      vertex 0.06 2.05 3.88
      vertex 0.275 2.05 3.88
      vertex 0.275 2.05 4
    endloop
  endfacet
  facet normal -1 0 0
    outer loop
      vertex 0.275 1.95 3.88
      vertex 0.275 1.95 4
      vertex 0.275 2.05 3.88
    endloop
  endfacet
  facet normal 0 1 0
    outer loop
      vertex 0.275 1.95 3.88
      vertex 0.06 1.95 4
      vertex 0.275 1.95 4
    endloop
  endfacet
  facet normal -1 0 0
    outer loop
      vertex 0.275 2.05 3.88
      vertex 0.275 1.95 4
      vertex 0.275 2.05 4
    endloop
  endfacet
  facet normal 1 0 0
    outer loop
      vertex -0.275 2.95 3.88
      vertex -0.275 3.05 3.88
      vertex -0.275 3.05 4
    endloop
  endfacet
  facet normal 0 0 1
    outer loop
      vertex -0.275 2.95 3.88
      vertex -0.06 2.9890909090909092 3.88
      vertex -0.275 3.05 3.88
    endloop
  endfacet
  facet normal 0 1 0
    outer loop
      vertex -0.275 2.95 3.88
      vertex -0.275 2.95 4
      vertex -0.06 2.95 3.88
    endloop
  endfacet
  facet normal 1 0 0
    outer loop
      vertex -0.275 2.95 3.88
      vertex -0.275 3.05 4
      vertex -0.275 2.95 4
    endloop
  endfacet
  facet normal 0 -1 0
    outer loop
      vertex -0.275 3.05 3.88
      vertex -0.06 3.05 4
      vertex -0.275 3.05 4
    endloop
  endfacet
  facet normal 0 0 1
    outer loop
      vertex -0.275 2.95 3.88
      vertex -0.06 2.95 3.88
      vertex -0.06 2.9890909090909092 3.88
    endloop
  endfacet
  facet normal 0 0 1
    outer loop
      vertex -0.275 3.05 3.88
      vertex -0.06 2.9890909090909092 3.88
      vertex -0.06 3.05 3.88
    endloop
  endfacet
  facet normal 0 -1 0
    outer loop
      vertex -0.275 3.05 3.88
      vertex -0.06 3.05 3.88
      vertex -0.06 3.05 4
    endloop
  endfacet
  facet normal 0 1 0
    outer loop
      vertex -0.06 2.95 3.88
      vertex -0.275 2.95 4
      vertex -0.06 2.95 4
    endloop
  endfacet
  facet normal 0 0 1
    outer loop
      vertex -0.04589985777323949 2.9916545713139566 3.88
      vertex 0.06 2.95 3.88
      vertex 0.06 3.0109090909090908 3.88
    endloop
  endfacet
  facet normal 0 0 1
    outer loop
      vertex 0.06 2.95 3.88
      vertex 0.275 3.05 3.88
      vertex 0.06 3.0109090909090908 3.88
    endloop
  endfacet
  facet normal 0 0 1
    outer loop
      vertex 0.06 3.0109090909090908 3.88
      vertex 0.275 3.05 3.88
      vertex 0.06 3.05 3.88
    endloop
  endfacet
  facet normal 0 1 0
    outer loop
      vertex 0.06 2.95 3.88
      vertex 0.06 2.95 4
      vertex 0.275 2.95 3.88
    endloop
  endfacet
  facet normal 0 -1 0
    outer loop
      vertex 0.06 3.05 3.88
      vertex 0.275 3.05 4
      vertex 0.06 3.05 4
    endloop
  endfacet
  facet normal 0 0 1
    outer loop
      vertex 0.06 2.95 3.88
      vertex 0.275 2.95 3.88
      vertex 0.275 3.05 3.88
    endloop
  endfacet
  facet normal 0 -1 0
    outer loop
      vertex 0.06 3.05 3.88
      vertex 0.275 3.05 3.88
      vertex 0.275 3.05 4
    endloop
  endfacet
  facet normal -1 0 0
    outer loop
      vertex 0.275 2.95 3.88
      vertex 0.275 2.95 4
      vertex 0.275 3.05 3.88
    endloop
  endfacet
  facet normal 0 1 0
    outer loop
      vertex 0.275 2.95 3.88
      vertex 0.06 2.95 4
      vertex 0.275 2.95 4
    endloop
  endfacet
  facet normal -1 0 0
    outer loop
      vertex 0.275 3.05 3.88
      vertex 0.275 2.95 4
      vertex 0.275 3.05 4
    endloop
  endfacet
  facet normal 1 0 0
    outer loop
      vertex -0.275 3.95 3.88
      vertex -0.275 4.05 3.88
      vertex -0.275 4.05 4
    endloop
  endfacet
  facet normal 0 0 1
    outer loop
      vertex -0.275 3.95 3.88
      vertex -0.06 3.9890909090909092 3.88
      vertex -0.275 4.05 3.88
    endloop
  endfacet
  facet normal 0 1 0
    outer loop
      vertex -0.275 3.95 3.88
      vertex -0.275 3.95 4
      vertex -0.06 3.95 3.88
    endloop
  endfacet
  facet normal 1 0 0
    outer loop
      vertex -0.275 3.95 3.88
      vertex -0.275 4.05 4
      vertex -0.275 3.95 4
    endloop
  endfacet
  facet normal 0 -1 0
    outer loop
      vertex -0.275 4.05 3.88
      vertex -0.06 4.05 4
      vertex -0.275 4.05 4
    endloop
  endfacet
  facet normal 0 0 1
    outer loop
      vertex -0.275 3.95 3.88
      vertex -0.06 3.95 3.88
      vertex -0.06 3.9890909090909092 3.88
    endloop
  endfacet
  facet normal 0 0 1
    outer loop
      vertex -0.275 4.05 3.88
      vertex -0.06 3.9890909090909092 3.88
      vertex -0.06 4.05 3.88
    endloop
  endfacet
  facet normal 0 -1 0
    outer loop
      vertex -0.275 4.05 3.88
      vertex -0.06 4.05 3.88
      vertex -0.06 4.05 4
    endloop
  endfacet
  facet normal 0 1 0
    outer loop
      vertex -0.06 3.95 3.88
      vertex -0.275 3.95 4
      vertex -0.06 3.95 4
    endloop
  endfacet
  facet normal 0 0 1
    outer loop
      vertex -0.0410860289559097 3.9925298129171076 3.88
      vertex 0.06 3.95 3.88
      vertex 0.06 4.010909090909091 3.88
    endloop
  endfacet
  facet normal 0 0 1
    outer loop
      vertex 0.06 3.95 3.88
      vertex 0.275 4.05 3.88
      vertex 0.06 4.010909090909091 3.88
    endloop
  endfacet
  facet normal 0 0 1
    outer loop
      vertex 0.06 4.010909090909091 3.88
      vertex 0.275 4.05 3.88
      vertex 0.06 4.05 3.88
    endloop
  endfacet
  facet normal 0 1 0
    outer loop
      vertex 0.06 3.95 3.88
      vertex 0.06 3.95 4
      vertex 0.275 3.95 3.88
    endloop
  endfacet
  facet normal 0 -1 0
    outer loop
      vertex 0.06 4.05 3.88
      vertex 0.275 4.05 4
      vertex 0.06 4.05 4
    endloop
  endfacet
  facet normal 0 0 1
    outer loop
      vertex 0.06 3.95 3.88
      vertex 0.275 3.95 3.88
      vertex 0.275 4.05 3.88
    endloop
  endfacet
  facet normal 0 -1 0
    outer loop
      vertex 0.06 4.05 3.88
      vertex 0.275 4.05 3.88
      vertex 0.275 4.05 4
    endloop
  endfacet
  facet normal -1 0 0
    outer loop
      vertex 0.275 3.95 3.88
      vertex 0.275 3.95 4
      vertex 0.275 4.05 3.88
    endloop
  endfacet
  facet normal 0 1 0
    outer loop
      vertex 0.275 3.95 3.88
      vertex 0.06 3.95 4
      vertex 0.275 3.95 4
    endloop
  endfacet
  facet normal -1 0 0
    outer loop
      vertex 0.275 4.05 3.88
      vertex 0.275 3.95 4
      vertex 0.275 4.05 4
    endloop
  endfacet
  facet normal 1 0 0
    outer loop
      vertex -0.275 4.95 3.88
      vertex -0.275 5.05 3.88
      vertex -0.275 5.05 4
    endloop
  endfacet
  facet normal 0 0 1
    outer loop
      vertex -0.275 4.95 3.88
      vertex -0.06 4.989090909090909 3.88
      vertex -0.275 5.05 3.88
    endloop
  endfacet
  facet normal 0 1 0
    outer loop
      vertex -0.275 4.95 3.88
      vertex -0.275 4.95 4
      vertex -0.06 4.95 3.88
    endloop
  endfacet
  facet normal 1 0 0
    outer loop
      vertex -0.275 4.95 3.88
      vertex -0.275 5.05 4
      vertex -0.275 4.95 4
    endloop
  endfacet
  facet normal 0 -1 0
    outer loop
      vertex -0.275 5.05 3.88
      vertex -0.06 5.05 4
      vertex -0.275 5.05 4
    endloop
  endfacet
  facet normal 0 0 1
    outer loop
      vertex -0.275 4.95 3.88
      vertex -0.06 4.95 3.88
      vertex -0.06 4.989090909090909 3.88
    endloop
  endfacet
  facet normal 0 0 1
    outer loop
      vertex -0.275 5.05 3.88
      vertex -0.06 4.989090909090909 3.88
      vertex -0.06 5.05 3.88
    endloop
  endfacet
  facet normal 0 -1 0
    outer loop
      vertex -0.275 5.05 3.88
      vertex -0.06 5.05 3.88
      vertex -0.06 5.05 4
    endloop
  endfacet
  facet normal 0 1 0
    outer loop
      vertex -0.06 4.95 3.88
      vertex -0.275 4.95 4
      vertex -0.06 4.95 4
    endloop
  endfacet
  facet normal 0 0 1
    outer loop
      vertex -0.036272200138579916 4.993405054520259 3.88
      vertex 0.06 4.95 3.88
      vertex 0.06 5.010909090909091 3.88
    endloop
  endfacet
  facet normal 0 0 1
    outer loop
      vertex 0.06 4.95 3.88
      vertex 0.275 5.05 3.88
      vertex 0.06 5.010909090909091 3.88
    endloop
  endfacet
  facet normal 0 0 1
    outer loop
      vertex 0.06 5.010909090909091 3.88
      vertex 0.275 5.05 3.88
      vertex 0.06 5.05 3.88
    endloop
  endfacet
  facet normal 0 1 0
    outer loop
      vertex 0.06 4.95 3.88
      vertex 0.06 4.95 4
      vertex 0.275 4.95 3.88
    endloop
  endfacet
  facet normal 0 -1 0
    outer loop
      vertex 0.06 5.05 3.88
      vertex 0.275 5.05 4
      vertex 0.06 5.05 4
    endloop
  endfacet
  facet normal 0 0 1
    outer loop
      vertex 0.06 4.95 3.88
      vertex 0.275 4.95 3.88
      vertex 0.275 5.05 3.88
    endloop
  endfacet
  facet normal 0 -1 0
    outer loop
      vertex 0.06 5.05 3.88
      vertex 0.275 5.05 3.88
      vertex 0.275 5.05 4
    endloop
  endfacet
  facet normal -1 0 0
    outer loop
      vertex 0.275 4.95 3.88
      vertex 0.275 4.95 4
      vertex 0.275 5.05 3.88
    endloop
  endfacet
  facet normal 0 1 0
    outer loop
      vertex 0.275 4.95 3.88
      vertex 0.06 4.95 4
      vertex 0.275 4.95 4
    endloop
  endfacet
  facet normal -1 0 0
    outer loop
      vertex 0.275 5.05 3.88
      vertex 0.275 4.95 4
      vertex 0.275 5.05 4
    endloop
  endfacet
  facet normal 1 0 0
    outer loop
      vertex -0.275 5.95 3.88
      vertex -0.275 6.05 3.88
      vertex -0.275 6.05 4
    endloop
  endfacet
  facet normal 0 0 1
    outer loop
      vertex -0.275 5.95 3.88
      vertex -0.06 5.989090909090909 3.88
      vertex -0.275 6.05 3.88
    endloop
  endfacet
  facet normal 0 1 0
    outer loop
      vertex -0.275 5.95 3.88
      vertex -0.275 5.95 4
      vertex -0.06 5.95 3.88
    endloop
  endfacet
  facet normal 1 0 0
    outer loop
      vertex -0.275 5.95 3.88
      vertex -0.275 6.05 4
      vertex -0.275 5.95 4
    endloop
  endfacet
  facet normal 0 -1 0
    outer loop
      vertex -0.275 6.05 3.88
      vertex -0.06 6.05 4
      vertex -0.275 6.05 4
    endloop
  endfacet
  facet normal 0 0 1
    outer loop
      vertex -0.275 5.95 3.88
      vertex -0.06 5.95 3.88
      vertex -0.06 5.989090909090909 3.88
    endloop
  endfacet
  facet normal 0 0 1
    outer loop
      vertex -0.275 6.05 3.88
      vertex -0.06 5.989090909090909 3.88
      vertex -0.06 6.05 3.88
    endloop
  endfacet
  facet normal 0 -1 0
    outer loop
      vertex -0.275 6.05 3.88
      vertex -0.06 6.05 3.88
      vertex -0.06 6.05 4
    endloop
  endfacet
  facet normal 0 1 0
    outer loop
      vertex -0.06 5.95 3.88
      vertex -0.275 5.95 4
      vertex -0.06 5.95 4
    endloop
  endfacet
  facet normal 0 0 1
    outer loop
      vertex -0.031458371321250136 5.994280296123409 3.88
      vertex 0.06 5.95 3.88
      vertex 0.06 6.010909090909091 3.88
    endloop
  endfacet
  facet normal 0 0 1
    outer loop
      vertex 0.06 5.95 3.88
      vertex 0.275 6.05 3.88
      vertex 0.06 6.010909090909091 3.88
    endloop
  endfacet
  facet normal 0 0 1
    outer loop
      vertex 0.06 6.010909090909091 3.88
      vertex 0.275 6.05 3.88
      vertex 0.06 6.05 3.88
    endloop
  endfacet
  facet normal 0 1 0
    outer loop
      vertex 0.06 5.95 3.88
      vertex 0.06 5.95 4
      vertex 0.275 5.95 3.88
    endloop
  endfacet
  facet normal 0 -1 0
    outer loop
      vertex 0.06 6.05 3.88
      vertex 0.275 6.05 4
      vertex 0.06 6.05 4
    endloop
  endfacet
  facet normal 0 0 1
    outer loop
      vertex 0.06 5.95 3.88
      vertex 0.275 5.95 3.88
      vertex 0.275 6.05 3.88
    endloop
  endfacet
  facet normal 0 -1 0
    outer loop
      vertex 0.06 6.05 3.88
      vertex 0.275 6.05 3.88
      vertex 0.275 6.05 4
    endloop
  endfacet
  facet normal -1 0 0
    outer loop
      vertex 0.275 5.95 3.88
      vertex 0.275 5.95 4
      vertex 0.275 6.05 3.88
    endloop
  endfacet
  facet normal 0 1 0
    outer loop
      vertex 0.275 5.95 3.88
      vertex 0.06 5.95 4
      vertex 0.275 5.95 4
    endloop
  endfacet
  facet normal -1 0 0
    outer loop
      vertex 0.275 6.05 3.88
      vertex 0.275 5.95 4
      vertex 0.275 6.05 4
    endloop
  endfacet
  facet normal 1 0 0
    outer loop
      vertex -0.275 6.95 3.88
      vertex -0.275 7.05 3.88
      vertex -0.275 7.05 4
    endloop
  endfacet
  facet normal 0 0 1
    outer loop
      vertex -0.275 6.95 3.88
      vertex -0.06 6.989090909090909 3.88
      vertex -0.275 7.05 3.88
    endloop
  endfacet
  facet normal 0 1 0
    outer loop
      vertex -0.275 6.95 3.88
      vertex -0.275 6.95 4
      vertex -0.06 6.95 3.88
    endloop
  endfacet
  facet normal 1 0 0
    outer loop
      vertex -0.275 6.95 3.88
      vertex -0.275 7.05 4
      vertex -0.275 6.95 4
    endloop
  endfacet
  facet normal 0 -1 0
    outer loop
      vertex -0.275 7.05 3.88
      vertex -0.06 7.05 4
      vertex -0.275 7.05 4
    endloop
  endfacet
  facet normal 0 0 1
    outer loop
      vertex -0.275 6.95 3.88
      vertex -0.06 6.95 3.88
      vertex -0.06 6.989090909090909 3.88
    endloop
  endfacet
  facet normal 0 0 1
    outer loop
      vertex -0.275 7.05 3.88
      vertex -0.06 6.989090909090909 3.88
      vertex -0.06 7.05 3.88
    endloop
  endfacet
  facet normal 0 1 0
    outer loop
      vertex -0.06 6.95 3.88
      vertex -0.275 6.95 4
      vertex -0.06 6.95 4
    endloop
  endfacet
  facet normal 0 -1 0
    outer loop
      vertex -0.275 7.05 3.88
      vertex -0.06 7.05 3.88
      vertex -0.06 7.05 4
    endloop
  endfacet
  facet normal 0 0 1
    outer loop
      vertex -0.02664454250392035 6.99515553772656 3.88
      vertex 0.06 6.95 3.88
      vertex 0.06 7.010909090909091 3.88
    endloop
  endfacet
  facet normal 0 0 1
    outer loop
      vertex 0.06 6.95 3.88
      vertex 0.275 7.05 3.88
      vertex 0.06 7.010909090909091 3.88
    endloop
  endfacet
  facet normal 0 1 0
    outer loop
      vertex 0.06 6.95 3.88
      vertex 0.06 6.95 4
      vertex 0.275 6.95 3.88
    endloop
  endfacet
  facet normal 0 0 1
    outer loop
      vertex 0.06 7.010909090909091 3.88
      vertex 0.275 7.05 3.88
      vertex 0.06 7.05 3.88
    endloop
  endfacet
  facet normal 0 -1 0
    outer loop
      vertex 0.06 7.05 3.88
      vertex 0.275 7.05 4
      vertex 0.06 7.05 4
    endloop
  endfacet
  facet normal 0 0 1
    outer loop
      vertex 0.06 6.95 3.88
      vertex 0.275 6.95 3.88
      vertex 0.275 7.05 3.88
    endloop
  endfacet
  facet normal -1 0 0
    outer loop
      vertex 0.275 6.95 3.88
      vertex 0.275 6.95 4
      vertex 0.275 7.05 3.88
    endloop
  endfacet
  facet normal 0 1 0
    outer loop
      vertex 0.275 6.95 3.88
      vertex 0.06 6.95 4
      vertex 0.275 6.95 4
    endloop
  endfacet
  facet normal -1 0 0
    outer loop
      vertex 0.275 7.05 3.88
      vertex 0.275 6.95 4
      vertex 0.275 7.05 4
    endloop
  endfacet
  facet normal 0 -1 0
    outer loop
      vertex 0.06 7.05 3.88
      vertex 0.275 7.05 3.88
      vertex 0.275 7.05 4
    endloop
  endfacet
  facet normal 1 0 0
    outer loop
      vertex -0.275 7.95 3.88
      vertex -0.275 8.05 3.88
      vertex -0.275 8.05 4
    endloop
  endfacet
  facet normal 0 0 1
    outer loop
      vertex -0.275 7.95 3.88
      vertex -0.06 7.989090909090909 3.88
      vertex -0.275 8.05 3.88
    endloop
  endfacet
  facet normal 0 1 0
    outer loop
      vertex -0.275 7.95 3.88
      vertex -0.275 7.95 4
      vertex -0.06 7.95 3.88
    endloop
  endfacet
  facet normal 1 0 0
    outer loop
      vertex -0.275 7.95 3.88
      vertex -0.275 8.05 4
      vertex -0.275 7.95 4
    endloop
  endfacet
  facet normal 0 -1 0
    outer loop
      vertex -0.275 8.05 3.88
      vertex -0.06 8.05 4
      vertex -0.275 8.05 4
    endloop
  endfacet
  facet normal 0 0 1
    outer loop
      vertex -0.275 7.95 3.88
      vertex -0.06 7.95 3.88
      vertex -0.06 7.989090909090909 3.88
    endloop
  endfacet
  facet normal 0 0 1
    outer loop
      vertex -0.275 8.05 3.88
      vertex -0.06 7.989090909090909 3.88
      vertex -0.06 8.05 3.88
    endloop
  endfacet
  facet normal 0 -1 0
    outer loop
      vertex -0.275 8.05 3.88
      vertex -0.06 8.05 3.88
      vertex -0.06 8.05 4
    endloop
  endfacet
  facet normal 0 1 0
    outer loop
      vertex -0.06 7.95 3.88
      vertex -0.275 7.95 4
      vertex -0.06 7.95 4
    endloop
  endfacet
  facet normal 0 0 1
    outer loop
      vertex -0.021830713686590564 7.996030779329711 3.88
      vertex 0.06 7.95 3.88
      vertex 0.06 8.010909090909092 3.88
    endloop
  endfacet
  facet normal 0 0 1
    outer loop
      vertex 0.06 7.95 3.88
      vertex 0.275 8.05 3.88
      vertex 0.06 8.010909090909092 3.88
    endloop
  endfacet
  facet normal 0 0 1
    outer loop
      vertex 0.06 8.010909090909092 3.88
      vertex 0.275 8.05 3.88
      vertex 0.06 8.05 3.88
    endloop
  endfacet
  facet normal 0 1 0
    outer loop
      vertex 0.06 7.95 3.88
      vertex 0.06 7.95 4
      vertex 0.275 7.95 3.88
    endloop
  endfacet
  facet normal 0 -1 0
    outer loop
      vertex 0.06 8.05 3.88
      vertex 0.275 8.05 4
      vertex 0.06 8.05 4
    endloop
  endfacet
  facet normal 0 0 1
    outer loop
      vertex 0.06 7.95 3.88
      vertex 0.275 7.95 3.88
      vertex 0.275 8.05 3.88
    endloop
  endfacet
  facet normal 0 -1 0
    outer loop
      vertex 0.06 8.05 3.88
      vertex 0.275 8.05 3.88
      vertex 0.275 8.05 4
    endloop
  endfacet
  facet normal -1 0 0
    outer loop
      vertex 0.275 7.95 3.88
      vertex 0.275 7.95 4
      vertex 0.275 8.05 3.88
    endloop
  endfacet
  facet normal 0 1 0
    outer loop
      vertex 0.275 7.95 3.88
      vertex 0.06 7.95 4
      vertex 0.275 7.95 4
    endloop
  endfacet
  facet normal -1 0 0
    outer loop
      vertex 0.275 8.05 3.88
      vertex 0.275 7.95 4
      vertex 0.275 8.05 4
    endloop
  endfacet
  facet normal 1 0 0
    outer loop
      vertex -0.275 8.95 3.88
      vertex -0.275 9.05 3.88
      vertex -0.275 9.05 4
    endloop
  endfacet
  facet normal 0 1 0
    outer loop
      vertex -0.275 8.95 3.88
      vertex -0.275 8.95 4
      vertex -0.06 8.95 3.88
    endloop
  endfacet
  facet normal 0 0 1
    outer loop
      vertex -0.275 8.95 3.88
      vertex -0.06 8.989090909090908 3.88
      vertex -0.275 9.05 3.88
    endloop
  endfacet
  facet normal 1 0 0
    outer loop
      vertex -0.275 8.95 3.88
      vertex -0.275 9.05 4
      vertex -0.275 8.95 4
    endloop
  endfacet
  facet normal 0 -1 0
    outer loop
      vertex -0.275 9.05 3.88
      vertex -0.06 9.05 4
      vertex -0.275 9.05 4
    endloop
  endfacet
  facet normal 0 0 1
    outer loop
      vertex -0.275 8.95 3.88
      vertex -0.06 8.95 3.88
      vertex -0.06 8.989090909090908 3.88
    endloop
  endfacet
  facet normal 0 0 1
    outer loop
      vertex -0.275 9.05 3.88
      vertex -0.06 8.989090909090908 3.88
      vertex -0.06 9.05 3.88
    endloop
  endfacet
  facet normal 0 -1 0
    outer loop
      vertex -0.275 9.05 3.88
      vertex -0.06 9.05 3.88
      vertex -0.06 9.05 4
    endloop
  endfacet
  facet normal 0 1 0
    outer loop
      vertex -0.06 8.95 3.88
      vertex -0.275 8.95 4
      vertex -0.06 8.95 4
    endloop
  endfacet
  facet normal 0 0 1
    outer loop
      vertex -0.017016884869260798 8.996906020932862 3.88
      vertex 0.06 8.95 3.88
      vertex 0.06 9.010909090909092 3.88
    endloop
  endfacet
  facet normal 0 1 0
    outer loop
      vertex 0.06 8.95 3.88
      vertex 0.06 8.95 4
      vertex 0.275 8.95 3.88
    endloop
  endfacet
  facet normal 0 0 1
    outer loop
      vertex 0.06 8.95 3.88
      vertex 0.275 9.05 3.88
      vertex 0.06 9.010909090909092 3.88
    endloop
  endfacet
  facet normal 0 0 1
    outer loop
      vertex 0.06 9.05 3.88
      vertex 0.06 9.010909090909092 3.88
      vertex 0.275 9.05 3.88
    endloop
  endfacet
  facet normal 0 -1 0
    outer loop
      vertex 0.06 9.05 3.88
      vertex 0.275 9.05 4
      vertex 0.06 9.05 4
    endloop
  endfacet
  facet normal 0 0 1
    outer loop
      vertex 0.06 8.95 3.88
      vertex 0.275 8.95 3.88
      vertex 0.275 9.05 3.88
    endloop
  endfacet
  facet normal 0 -1 0
    outer loop
      vertex 0.06 9.05 3.88
      vertex 0.275 9.05 3.88
      vertex 0.275 9.05 4
    endloop
  endfacet
  facet normal -1 0 0
    outer loop
      vertex 0.275 8.95 3.88
      vertex 0.275 8.95 4
      vertex 0.275 9.05 3.88
    endloop
  endfacet
  facet normal 0 1 0
    outer loop
      vertex 0.275 8.95 3.88
      vertex 0.06 8.95 4
      vertex 0.275 8.95 4
    endloop
  endfacet
  facet normal -1 0 0
    outer loop
      vertex 0.275 9.05 3.88
      vertex 0.275 8.95 4
      vertex 0.275 9.05 4
    endloop
  endfacet
  facet normal 1 0 0
    outer loop
      vertex -0.275 9.95 3.88
      vertex -0.275 10.05 3.88
      vertex -0.275 10.05 4
    endloop
  endfacet
  facet normal 0 0 1
    outer loop
      vertex -0.275 9.95 3.88
      vertex -0.06 9.989090909090908 3.88
      vertex -0.275 10.05 3.88
    endloop
  endfacet
  facet normal 0 1 0
    outer loop
      vertex -0.275 9.95 3.88
      vertex -0.275 9.95 4
      vertex -0.06 9.95 3.88
    endloop
  endfacet
  facet normal 1 0 0
    outer loop
      vertex -0.275 9.95 3.88
      vertex -0.275 10.05 4
      vertex -0.275 9.95 4
    endloop
  endfacet
  facet normal 0 -1 0
    outer loop
      vertex -0.275 10.05 3.88
      vertex -0.06 10.05 4
      vertex -0.275 10.05 4
    endloop
  endfacet
  facet normal 0 0 1
    outer loop
      vertex -0.275 9.95 3.88
      vertex -0.06 9.95 3.88
      vertex -0.06 9.989090909090908 3.88
    endloop
  endfacet
  facet normal 0 0 1
    outer loop
      vertex -0.275 10.05 3.88
      vertex -0.06 9.989090909090908 3.88
      vertex -0.06 10.05 3.88
    endloop
  endfacet
  facet normal 0 -1 0
    outer loop
      vertex -0.275 10.05 3.88
      vertex -0.06 10.05 3.88
      vertex -0.06 10.05 4
    endloop
  endfacet
  facet normal 0 1 0
    outer loop
      vertex -0.06 9.95 3.88
      vertex -0.275 9.95 4
      vertex -0.06 9.95 4
    endloop
  endfacet
  facet normal 0 0 1
    outer loop
      vertex -0.012203056051931012 9.997781262536012 3.88
      vertex 0.06 9.95 3.88
      vertex 0.06 10.010909090909092 3.88
    endloop
  endfacet
  facet normal 0 0 1
    outer loop
      vertex 0.06 9.95 3.88
      vertex 0.275 10.05 3.88
      vertex 0.06 10.010909090909092 3.88
    endloop
  endfacet
  facet normal 0 0 1
    outer loop
      vertex 0.06 10.010909090909092 3.88
      vertex 0.275 10.05 3.88
      vertex 0.06 10.05 3.88
    endloop
  endfacet
  facet normal 0 1 0
    outer loop
      vertex 0.06 9.95 3.88
      vertex 0.06 9.95 4
      vertex 0.275 9.95 3.88
    endloop
  endfacet
  facet normal 0 -1 0
    outer loop
      vertex 0.06 10.05 3.88
      vertex 0.275 10.05 4
      vertex 0.06 10.05 4
    endloop
  endfacet
  facet normal 0 0 1
    outer loop
      vertex 0.06 9.95 3.88
      vertex 0.275 9.95 3.88
      vertex 0.275 10.05 3.88
    endloop
  endfacet
  facet normal 0 -1 0
    outer loop
      vertex 0.06 10.05 3.88
      vertex 0.275 10.05 3.88
      vertex 0.275 10.05 4
    endloop
  endfacet
  facet normal -1 0 0
    outer loop
      vertex 0.275 9.95 3.88
      vertex 0.275 9.95 4
      vertex 0.275 10.05 3.88
    endloop
  endfacet
  facet normal 0 1 0
    outer loop
      vertex 0.275 9.95 3.88
      vertex 0.06 9.95 4
      vertex 0.275 9.95 4
    endloop
  endfacet
  facet normal -1 0 0
    outer loop
      vertex 0.275 10.05 3.88
      vertex 0.275 9.95 4
      vertex 0.275 10.05 4
    endloop
  endfacet
  facet normal 1 0 0
    outer loop
      vertex -0.275 10.95 3.88
      vertex -0.275 11.05 3.88
      vertex -0.275 11.05 4
    endloop
  endfacet
  facet normal 0 0 1
    outer loop
      vertex -0.275 10.95 3.88
      vertex -0.06 10.989090909090908 3.88
      vertex -0.275 11.05 3.88
    endloop
  endfacet
  facet normal 0 1 0
    outer loop
      vertex -0.275 10.95 3.88
      vertex -0.275 10.95 4
      vertex -0.06 10.95 3.88
    endloop
  endfacet
  facet normal 1 0 0
    outer loop
      vertex -0.275 10.95 3.88
      vertex -0.275 11.05 4
      vertex -0.275 10.95 4
    endloop
  endfacet
  facet normal 0 -1 0
    outer loop
      vertex -0.275 11.05 3.88
      vertex -0.06 11.05 4
      vertex -0.275 11.05 4
    endloop
  endfacet
  facet normal 0 0 1
    outer loop
      vertex -0.275 10.95 3.88
      vertex -0.06 10.95 3.88
      vertex -0.06 10.989090909090908 3.88
    endloop
  endfacet
  facet normal 0 0 1
    outer loop
      vertex -0.275 11.05 3.88
      vertex -0.06 10.989090909090908 3.88
      vertex -0.06 11.05 3.88
    endloop
  endfacet
  facet normal 0 -1 0
    outer loop
      vertex -0.275 11.05 3.88
      vertex -0.06 11.05 3.88
      vertex -0.06 11.05 4
    endloop
  endfacet
  facet normal 0 1 0
    outer loop
      vertex -0.06 10.95 3.88
      vertex -0.275 10.95 4
      vertex -0.06 10.95 4
    endloop
  endfacet
  facet normal 0 0 1
    outer loop
      vertex -0.0073892272346012255 10.998656504139163 3.88
      vertex 0.06 10.95 3.88
      vertex 0.06 11.010909090909092 3.88
    endloop
  endfacet
  facet normal 0 0 1
    outer loop
      vertex 0.06 10.95 3.88
      vertex 0.275 11.05 3.88
      vertex 0.06 11.010909090909092 3.88
    endloop
  endfacet
  facet normal 0 0 1
    outer loop
      vertex 0.06 11.05 3.88
      vertex 0.06 11.010909090909092 3.88
      vertex 0.275 11.05 3.88
    endloop
  endfacet
  facet normal 0 1 0
    outer loop
      vertex 0.06 10.95 3.88
      vertex 0.06 10.95 4
      vertex 0.275 10.95 3.88
    endloop
  endfacet
  facet normal 0 -1 0
    outer loop
      vertex 0.06 11.05 3.88
      vertex 0.275 11.05 4
      vertex 0.06 11.05 4
    endloop
  endfacet
  facet normal 0 0 1
    outer loop
      vertex 0.06 10.95 3.88
      vertex 0.275 10.95 3.88
      vertex 0.275 11.05 3.88
    endloop
  endfacet
  facet normal 0 -1 0
    outer loop
      vertex 0.06 11.05 3.88
      vertex 0.275 11.05 3.88
      vertex 0.275 11.05 4
    endloop
  endfacet
  facet normal -1 0 0
    outer loop
      vertex 0.275 10.95 3.88
      vertex 0.275 10.95 4
      vertex 0.275 11.05 3.88
    endloop
  endfacet
  facet normal 0 1 0
    outer loop
      vertex 0.275 10.95 3.88
      vertex 0.06 10.95 4
      vertex 0.275 10.95 4
    endloop
  endfacet
  facet normal -1 0 0
    outer loop
      vertex 0.275 11.05 3.88
      vertex 0.275 10.95 4
      vertex 0.275 11.05 4
    endloop
  endfacet
  facet normal 1 0 0
    outer loop
      vertex -0.275 11.95 3.88
      vertex -0.275 12.05 3.88
      vertex -0.275 12.05 4
    endloop
  endfacet
  facet normal 0 0 1
    outer loop
      vertex -0.275 11.95 3.88
      vertex -0.06 11.989090909090908 3.88
      vertex -0.275 12.05 3.88
    endloop
  endfacet
  facet normal 0 1 0
    outer loop
      vertex -0.275 11.95 3.88
      vertex -0.275 11.95 4
      vertex -0.06 11.95 3.88
    endloop
  endfacet
  facet normal 1 0 0
    outer loop
      vertex -0.275 11.95 3.88
      vertex -0.275 12.05 4
      vertex -0.275 11.95 4
    endloop
  endfacet
  facet normal 0 -1 0
    outer loop
      vertex -0.275 12.05 3.88
      vertex -0.06 12.05 4
      vertex -0.275 12.05 4
    endloop
  endfacet
  facet normal 0 0 1
    outer loop
      vertex -0.275 11.95 3.88
      vertex -0.06 11.95 3.88
      vertex -0.06 11.989090909090908 3.88
    endloop
  endfacet
  facet normal 0 0 1
    outer loop
      vertex -0.275 12.05 3.88
      vertex -0.06 11.989090909090908 3.88
      vertex -0.06 12.05 3.88
    endloop
  endfacet
  facet normal 0 -1 0
    outer loop
      vertex -0.275 12.05 3.88
      vertex -0.06 12.05 3.88
      vertex -0.06 12.05 4
    endloop
  endfacet
  facet normal 0 1 0
    outer loop
      vertex -0.06 11.95 3.88
      vertex -0.275 11.95 4
      vertex -0.06 11.95 4
    endloop
  endfacet
  facet normal 0 0 1
    outer loop
      vertex -0.002575398417271446 11.999531745742313 3.88
      vertex 0.06 11.95 3.88
      vertex 0.06 12.010909090909092 3.88
    endloop
  endfacet
  facet normal 0 0 1
    outer loop
      vertex 0.06 11.95 3.88
      vertex 0.275 12.05 3.88
      vertex 0.06 12.010909090909092 3.88
    endloop
  endfacet
  facet normal 0 0 1
    outer loop
      vertex 0.06 12.010909090909092 3.88
      vertex 0.275 12.05 3.88
      vertex 0.06 12.05 3.88
    endloop
  endfacet
  facet normal 0 1 0
    outer loop
      vertex 0.06 11.95 3.88
      vertex 0.06 11.95 4
      vertex 0.275 11.95 3.88
    endloop
  endfacet
  facet normal 0 -1 0
    outer loop
      vertex 0.06 12.05 3.88
      vertex 0.275 12.05 4
      vertex 0.06 12.05 4
    endloop
  endfacet
  facet normal 0 0 1
    outer loop
      vertex 0.06 11.95 3.88
      vertex 0.275 11.95 3.88
      vertex 0.275 12.05 3.88
    endloop
  endfacet
  facet normal 0 -1 0
    outer loop
      vertex 0.06 12.05 3.88
      vertex 0.275 12.05 3.88
      vertex 0.275 12.05 4
    endloop
  endfacet
  facet normal -1 0 0
    outer loop
      vertex 0.275 11.95 3.88
      vertex 0.275 11.95 4
      vertex 0.275 12.05 3.88
    endloop
  endfacet
  facet normal 0 1 0
    outer loop
      vertex 0.275 11.95 3.88
      vertex 0.06 11.95 4
      vertex 0.275 11.95 4
    endloop
  endfacet
  facet normal -1 0 0
    outer loop
      vertex 0.275 12.05 3.88
      vertex 0.275 11.95 4
      vertex 0.275 12.05 4
    endloop
  endfacet
  facet normal 1 0 0
    outer loop
      vertex -0.275 12.95 3.88
      vertex -0.275 13.05 3.88
      vertex -0.275 13.05 4
    endloop
  endfacet
  facet normal 0 0 1
    outer loop
      vertex -0.275 12.95 3.88
      vertex -0.06 12.989090909090908 3.88
      vertex -0.275 13.05 3.88
    endloop
  endfacet
  facet normal 0 1 0
    outer loop
      vertex -0.275 12.95 3.88
      vertex -0.275 12.95 4
      vertex -0.06 12.95 3.88
    endloop
  endfacet
  facet normal 1 0 0
    outer loop
      vertex -0.275 12.95 3.88
      vertex -0.275 13.05 4
      vertex -0.275 12.95 4
    endloop
  endfacet
  facet normal 0 -1 0
    outer loop
      vertex -0.275 13.05 3.88
      vertex -0.06 13.05 4
      vertex -0.275 13.05 4
    endloop
  endfacet
  facet normal 0 0 1
    outer loop
      vertex -0.275 12.95 3.88
      vertex -0.06 12.95 3.88
      vertex -0.06 12.989090909090908 3.88
    endloop
  endfacet
  facet normal 0 0 1
    outer loop
      vertex -0.275 13.05 3.88
      vertex -0.06 12.989090909090908 3.88
      vertex -0.06 13.05 3.88
    endloop
  endfacet
  facet normal 0 -1 0
    outer loop
      vertex -0.275 13.05 3.88
      vertex -0.06 13.05 3.88
      vertex -0.06 13.05 4
    endloop
  endfacet
  facet normal 0 1 0
    outer loop
      vertex -0.06 12.95 3.88
      vertex -0.275 12.95 4
      vertex -0.06 12.95 4
    endloop
  endfacet
  facet normal 0 0 1
    outer loop
      vertex 0.002238430400058347 13.000406987345466 3.88
      vertex 0.06 12.95 3.88
      vertex 0.06 13.010909090909092 3.88
    endloop
  endfacet
  facet normal 0 0 1
    outer loop
      vertex 0.06 12.95 3.88
      vertex 0.275 13.05 3.88
      vertex 0.06 13.010909090909092 3.88
    endloop
  endfacet
  facet normal 0 0 1
    outer loop
      vertex 0.06 13.010909090909092 3.88
      vertex 0.275 13.05 3.88
      vertex 0.06 13.05 3.88
    endloop
  endfacet
  facet normal 0 1 0
    outer loop
      vertex 0.06 12.95 3.88
      vertex 0.06 12.95 4
      vertex 0.275 12.95 3.88
    endloop
  endfacet
  facet normal 0 -1 0
    outer loop
      vertex 0.06 13.05 3.88
      vertex 0.275 13.05 4
      vertex 0.06 13.05 4
    endloop
  endfacet
  facet normal 0 0 1
    outer loop
      vertex 0.06 12.95 3.88
      vertex 0.275 12.95 3.88
      vertex 0.275 13.05 3.88
    endloop
  endfacet
  facet normal 0 -1 0
    outer loop
      vertex 0.06 13.05 3.88
      vertex 0.275 13.05 3.88
      vertex 0.275 13.05 4
    endloop
  endfacet
  facet normal -1 0 0
    outer loop
      vertex 0.275 12.95 3.88
      vertex 0.275 12.95 4
      vertex 0.275 13.05 3.88
    endloop
  endfacet
  facet normal 0 1 0
    outer loop
      vertex 0.275 12.95 3.88
      vertex 0.06 12.95 4
      vertex 0.275 12.95 4
    endloop
  endfacet
  facet normal -1 0 0
    outer loop
      vertex 0.275 13.05 3.88
      vertex 0.275 12.95 4
      vertex 0.275 13.05 4
    endloop
  endfacet
  facet normal 1 0 0
    outer loop
      vertex -0.275 13.95 3.88
      vertex -0.275 14.05 3.88
      vertex -0.275 14.05 4
    endloop
  endfacet
  facet normal 0 0 1
    outer loop
      vertex -0.275 13.95 3.88
      vertex -0.06 13.989090909090908 3.88
      vertex -0.275 14.05 3.88
    endloop
  endfacet
  facet normal 0 1 0
    outer loop
      vertex -0.275 13.95 3.88
      vertex -0.275 13.95 4
      vertex -0.06 13.95 3.88
    endloop
  endfacet
  facet normal 1 0 0
    outer loop
      vertex -0.275 13.95 3.88
      vertex -0.275 14.05 4
      vertex -0.275 13.95 4
    endloop
  endfacet
  facet normal 0 -1 0
    outer loop
      vertex -0.275 14.05 3.88
      vertex -0.06 14.05 4
      vertex -0.275 14.05 4
    endloop
  endfacet
  facet normal 0 0 1
    outer loop
      vertex -0.275 13.95 3.88
      vertex -0.06 13.95 3.88
      vertex -0.06 13.989090909090908 3.88
    endloop
  endfacet
  facet normal 0 0 1
    outer loop
      vertex -0.275 14.05 3.88
      vertex -0.06 13.989090909090908 3.88
      vertex -0.06 14.05 3.88
    endloop
  endfacet
  facet normal 0 -1 0
    outer loop
      vertex -0.275 14.05 3.88
      vertex -0.06 14.05 3.88
      vertex -0.06 14.05 4
    endloop
  endfacet
  facet normal 0 1 0
    outer loop
      vertex -0.06 13.95 3.88
      vertex -0.275 13.95 4
      vertex -0.06 13.95 4
    endloop
  endfacet
  facet normal 0 0 1
    outer loop
      vertex 0.0070522592173881335 14.001282228948616 3.88
      vertex 0.06 13.95 3.88
      vertex 0.06 14.010909090909092 3.88
    endloop
  endfacet
  facet normal 0 0 1
    outer loop
      vertex 0.06 13.95 3.88
      vertex 0.275 14.05 3.88
      vertex 0.06 14.010909090909092 3.88
    endloop
  endfacet
  facet normal 0 0 1
    outer loop
      vertex 0.06 14.010909090909092 3.88
      vertex 0.275 14.05 3.88
      vertex 0.06 14.05 3.88
    endloop
  endfacet
  facet normal 0 1 0
    outer loop
      vertex 0.06 13.95 3.88
      vertex 0.06 13.95 4
      vertex 0.275 13.95 3.88
    endloop
  endfacet
  facet normal 0 -1 0
    outer loop
      vertex 0.06 14.05 3.88
      vertex 0.275 14.05 4
      vertex 0.06 14.05 4
    endloop
  endfacet
  facet normal 0 0 1
    outer loop
      vertex 0.06 13.95 3.88
      vertex 0.275 13.95 3.88
      vertex 0.275 14.05 3.88
    endloop
  endfacet
  facet normal 0 -1 0
    outer loop
      vertex 0.06 14.05 3.88
      vertex 0.275 14.05 3.88
      vertex 0.275 14.05 4
    endloop
  endfacet
  facet normal -1 0 0
    outer loop
      vertex 0.275 13.95 3.88
      vertex 0.275 13.95 4
      vertex 0.275 14.05 3.88
    endloop
  endfacet
  facet normal 0 1 0
    outer loop
      vertex 0.275 13.95 3.88
      vertex 0.06 13.95 4
      vertex 0.275 13.95 4
    endloop
  endfacet
  facet normal -1 0 0
    outer loop
      vertex 0.275 14.05 3.88
      vertex 0.275 13.95 4
      vertex 0.275 14.05 4
    endloop
  endfacet
  facet normal 1 0 0
    outer loop
      vertex -0.275 14.95 3.88
      vertex -0.275 15.05 3.88
      vertex -0.275 15.05 4
    endloop
  endfacet
  facet normal 0 0 1
    outer loop
      vertex -0.275 14.95 3.88
      vertex -0.06 14.989090909090908 3.88
      vertex -0.275 15.05 3.88
    endloop
  endfacet
  facet normal 0 1 0
    outer loop
      vertex -0.275 14.95 3.88
      vertex -0.275 14.95 4
      vertex -0.06 14.95 3.88
    endloop
  endfacet
  facet normal 1 0 0
    outer loop
      vertex -0.275 14.95 3.88
      vertex -0.275 15.05 4
      vertex -0.275 14.95 4
    endloop
  endfacet
  facet normal 0 -1 0
    outer loop
      vertex -0.275 15.05 3.88
      vertex -0.06 15.05 4
      vertex -0.275 15.05 4
    endloop
  endfacet
  facet normal 0 0 1
    outer loop
      vertex -0.275 14.95 3.88
      vertex -0.06 14.95 3.88
      vertex -0.06 14.989090909090908 3.88
    endloop
  endfacet
  facet normal 0 0 1
    outer loop
      vertex -0.275 15.05 3.88
      vertex -0.06 14.989090909090908 3.88
      vertex -0.06 15.05 3.88
    endloop
  endfacet
  facet normal 0 -1 0
    outer loop
      vertex -0.275 15.05 3.88
      vertex -0.06 15.05 3.88
      vertex -0.06 15.05 4
    endloop
  endfacet
  facet normal 0 1 0
    outer loop
      vertex -0.06 14.95 3.88
      vertex -0.275 14.95 4
      vertex -0.06 14.95 4
    endloop
  endfacet
  facet normal 0 0 1
    outer loop
      vertex 0.011866088034717913 15.002157470551767 3.88
      vertex 0.06 14.95 3.88
      vertex 0.06 15.010909090909092 3.88
    endloop
  endfacet
  facet normal 0 0 1
    outer loop
      vertex 0.06 14.95 3.88
      vertex 0.275 15.05 3.88
      vertex 0.06 15.010909090909092 3.88
    endloop
  endfacet
  facet normal 0 0 1
    outer loop
      vertex 0.06 15.010909090909092 3.88
      vertex 0.275 15.05 3.88
      vertex 0.06 15.05 3.88
    endloop
  endfacet
  facet normal 0 1 0
    outer loop
      vertex 0.06 14.95 3.88
      vertex 0.06 14.95 4
      vertex 0.275 14.95 3.88
    endloop
  endfacet
  facet normal 0 -1 0
    outer loop
      vertex 0.06 15.05 3.88
      vertex 0.275 15.05 4
      vertex 0.06 15.05 4
    endloop
  endfacet
  facet normal 0 0 1
    outer loop
      vertex 0.06 14.95 3.88
      vertex 0.275 14.95 3.88
      vertex 0.275 15.05 3.88
    endloop
  endfacet
  facet normal 0 -1 0
    outer loop
      vertex 0.06 15.05 3.88
      vertex 0.275 15.05 3.88
      vertex 0.275 15.05 4
    endloop
  endfacet
  facet normal -1 0 0
    outer loop
      vertex 0.275 14.95 3.88
      vertex 0.275 14.95 4
      vertex 0.275 15.05 3.88
    endloop
  endfacet
  facet normal 0 1 0
    outer loop
      vertex 0.275 14.95 3.88
      vertex 0.06 14.95 4
      vertex 0.275 14.95 4
    endloop
  endfacet
  facet normal -1 0 0
    outer loop
      vertex 0.275 15.05 3.88
      vertex 0.275 14.95 4
      vertex 0.275 15.05 4
    endloop
  endfacet
  facet normal 1 0 0
    outer loop
      vertex -0.275 15.95 3.88
      vertex -0.275 16.05 3.88
      vertex -0.275 16.05 4
    endloop
  endfacet
  facet normal 0 0 1
    outer loop
      vertex -0.275 15.95 3.88
      vertex -0.06 15.989090909090908 3.88
      vertex -0.275 16.05 3.88
    endloop
  endfacet
  facet normal 0 1 0
    outer loop
      vertex -0.275 15.95 3.88
      vertex -0.275 15.95 4
      vertex -0.06 15.95 3.88
    endloop
  endfacet
  facet normal 1 0 0
    outer loop
      vertex -0.275 15.95 3.88
      vertex -0.275 16.05 4
      vertex -0.275 15.95 4
    endloop
  endfacet
  facet normal 0 -1 0
    outer loop
      vertex -0.275 16.05 3.88
      vertex -0.06 16.05 4
      vertex -0.275 16.05 4
    endloop
  endfacet
  facet normal 0 0 1
    outer loop
      vertex -0.275 15.95 3.88
      vertex -0.06 15.95 3.88
      vertex -0.06 15.989090909090908 3.88
    endloop
  endfacet
  facet normal 0 0 1
    outer loop
      vertex -0.275 16.05 3.88
      vertex -0.06 15.989090909090908 3.88
      vertex -0.06 16.05 3.88
    endloop
  endfacet
  facet normal 0 -1 0
    outer loop
      vertex -0.275 16.05 3.88
      vertex -0.06 16.05 3.88
      vertex -0.06 16.05 4
    endloop
  endfacet
  facet normal 0 1 0
    outer loop
      vertex -0.06 15.95 3.88
      vertex -0.275 15.95 4
      vertex -0.06 15.95 4
    endloop
  endfacet
  facet normal 0 0 1
    outer loop
      vertex 0.0166799168520477 16.00303271215492 3.88
      vertex 0.06 15.95 3.88
      vertex 0.06 16.01090909090909 3.88
    endloop
  endfacet
  facet normal 0 0 1
    outer loop
      vertex 0.06 15.95 3.88
      vertex 0.275 16.05 3.88
      vertex 0.06 16.01090909090909 3.88
    endloop
  endfacet
  facet normal 0 1 0
    outer loop
      vertex 0.06 15.95 3.88
      vertex 0.06 15.95 4
      vertex 0.275 15.95 3.88
    endloop
  endfacet
  facet normal 0 0 1
    outer loop
      vertex 0.06 16.01090909090909 3.88
      vertex 0.275 16.05 3.88
      vertex 0.06 16.05 3.88
    endloop
  endfacet
  facet normal 0 -1 0
    outer loop
      vertex 0.06 16.05 3.88
      vertex 0.275 16.05 4
      vertex 0.06 16.05 4
    endloop
  endfacet
  facet normal 0 0 1
    outer loop
      vertex 0.06 15.95 3.88
      vertex 0.275 15.95 3.88
      vertex 0.275 16.05 3.88
    endloop
  endfacet
  facet normal 0 -1 0
    outer loop
      vertex 0.06 16.05 3.88
      vertex 0.275 16.05 3.88
      vertex 0.275 16.05 4
    endloop
  endfacet
  facet normal -1 0 0
    outer loop
      vertex 0.275 15.95 3.88
      vertex 0.275 15.95 4
      vertex 0.275 16.05 3.88
    endloop
  endfacet
  facet normal 0 1 0
    outer loop
      vertex 0.275 15.95 3.88
      vertex 0.06 15.95 4
      vertex 0.275 15.95 4
    endloop
  endfacet
  facet normal -1 0 0
    outer loop
      vertex 0.275 16.05 3.88
      vertex 0.275 15.95 4
      vertex 0.275 16.05 4
    endloop
  endfacet
  facet normal 1 0 0
    outer loop
      vertex -0.275 16.95 3.88
      vertex -0.275 17.05 3.88
      vertex -0.275 17.05 4
    endloop
  endfacet
  facet normal 0 0 1
    outer loop
      vertex -0.275 16.95 3.88
      vertex -0.06 16.98909090909091 3.88
      vertex -0.275 17.05 3.88
    endloop
  endfacet
  facet normal 0 1 0
    outer loop
      vertex -0.275 16.95 3.88
      vertex -0.275 16.95 4
      vertex -0.06 16.95 3.88
    endloop
  endfacet
  facet normal 1 0 0
    outer loop
      vertex -0.275 16.95 3.88
      vertex -0.275 17.05 4
      vertex -0.275 16.95 4
    endloop
  endfacet
  facet normal 0 -1 0
    outer loop
      vertex -0.275 17.05 3.88
      vertex -0.06 17.05 4
      vertex -0.275 17.05 4
    endloop
  endfacet
  facet normal 0 0 1
    outer loop
      vertex -0.275 16.95 3.88
      vertex -0.06 16.95 3.88
      vertex -0.06 16.98909090909091 3.88
    endloop
  endfacet
  facet normal 0 0 1
    outer loop
      vertex -0.275 17.05 3.88
      vertex -0.06 16.98909090909091 3.88
      vertex -0.06 17.05 3.88
    endloop
  endfacet
  facet normal 0 -1 0
    outer loop
      vertex -0.275 17.05 3.88
      vertex -0.06 17.05 3.88
      vertex -0.06 17.05 4
    endloop
  endfacet
  facet normal 0 1 0
    outer loop
      vertex -0.06 16.95 3.88
      vertex -0.275 16.95 4
      vertex -0.06 16.95 4
    endloop
  endfacet
  facet normal 0 0 1
    outer loop
      vertex 0.02149374566937748 17.00390795375807 3.88
      vertex 0.06 16.95 3.88
      vertex 0.06 17.01090909090909 3.88
    endloop
  endfacet
  facet normal 0 0 1
    outer loop
      vertex 0.06 16.95 3.88
      vertex 0.275 17.05 3.88
      vertex 0.06 17.01090909090909 3.88
    endloop
  endfacet
  facet normal 0 0 1
    outer loop
      vertex 0.06 17.01090909090909 3.88
      vertex 0.275 17.05 3.88
      vertex 0.06 17.05 3.88
    endloop
  endfacet
  facet normal 0 1 0
    outer loop
      vertex 0.06 16.95 3.88
      vertex 0.06 16.95 4
      vertex 0.275 16.95 3.88
    endloop
  endfacet
  facet normal 0 -1 0
    outer loop
      vertex 0.06 17.05 3.88
      vertex 0.275 17.05 4
      vertex 0.06 17.05 4
    endloop
  endfacet
  facet normal 0 0 1
    outer loop
      vertex 0.06 16.95 3.88
      vertex 0.275 16.95 3.88
      vertex 0.275 17.05 3.88
    endloop
  endfacet
  facet normal 0 -1 0
    outer loop
      vertex 0.06 17.05 3.88
      vertex 0.275 17.05 3.88
      vertex 0.275 17.05 4
    endloop
  endfacet
  facet normal -1 0 0
    outer loop
      vertex 0.275 16.95 3.88
      vertex 0.275 16.95 4
      vertex 0.275 17.05 3.88
    endloop
  endfacet
  facet normal 0 1 0
    outer loop
      vertex 0.275 16.95 3.88
      vertex 0.06 16.95 4
      vertex 0.275 16.95 4
    endloop
  endfacet
  facet normal -1 0 0
    outer loop
      vertex 0.275 17.05 3.88
      vertex 0.275 16.95 4
      vertex 0.275 17.05 4
    endloop
  endfacet
  facet normal 0 1 0
    outer loop
      vertex -0.275 17.95 3.88
      vertex -0.275 17.95 4
      vertex -0.06 17.95 3.88
    endloop
  endfacet
  facet normal 1 0 0
    outer loop
      vertex -0.275 17.95 3.88
      vertex -0.275 18.05 3.88
      vertex -0.275 18.05 4
    endloop
  endfacet
  facet normal 0 0 1
    outer loop
      vertex -0.275 17.95 3.88
      vertex -0.06 17.98909090909091 3.88
      vertex -0.275 18.05 3.88
    endloop
  endfacet
  facet normal 1 0 0
    outer loop
      vertex -0.275 17.95 3.88
      vertex -0.275 18.05 4
      vertex -0.275 17.95 4
    endloop
  endfacet
  facet normal 0 -1 0
    outer loop
      vertex -0.275 18.05 3.88
      vertex -0.06 18.05 4
      vertex -0.275 18.05 4
    endloop
  endfacet
  facet normal 0 0 1
    outer loop
      vertex -0.275 17.95 3.88
      vertex -0.06 17.95 3.88
      vertex -0.06 17.98909090909091 3.88
    endloop
  endfacet
  facet normal 0 1 0
    outer loop
      vertex -0.06 17.95 3.88
      vertex -0.275 17.95 4
      vertex -0.06 17.95 4
    endloop
  endfacet
  facet normal 0 0 1
    outer loop
      vertex -0.275 18.05 3.88
      vertex -0.06 17.98909090909091 3.88
      vertex -0.06 18.05 3.88
    endloop
  endfacet
  facet normal 0 -1 0
    outer loop
      vertex -0.275 18.05 3.88
      vertex -0.06 18.05 3.88
      vertex -0.06 18.05 4
    endloop
  endfacet
  facet normal 0 1 0
    outer loop
      vertex 0.06 17.95 3.88
      vertex 0.06 17.95 4
      vertex 0.275 17.95 3.88
    endloop
  endfacet
  facet normal 0 0 1
    outer loop
      vertex 0.06 17.95 3.88
      vertex 0.06 18.01090909090909 3.88
      vertex 0.026307574486707265 18.00478319536122 3.88
    endloop
  endfacet
  facet normal 0 0 1
    outer loop
      vertex 0.06 17.95 3.88
      vertex 0.275 18.05 3.88
      vertex 0.06 18.01090909090909 3.88
    endloop
  endfacet
  facet normal 0 0 1
    outer loop
      vertex 0.06 18.05 3.88
      vertex 0.06 18.01090909090909 3.88
      vertex 0.275 18.05 3.88
    endloop
  endfacet
  facet normal 0 -1 0
    outer loop
      vertex 0.06 18.05 3.88
      vertex 0.275 18.05 4
      vertex 0.06 18.05 4
    endloop
  endfacet
  facet normal 0 1 0
    outer loop
      vertex 0.275 17.95 3.88
      vertex 0.06 17.95 4
      vertex 0.275 17.95 4
    endloop
  endfacet
  facet normal 0 0 1
    outer loop
      vertex 0.06 17.95 3.88
      vertex 0.275 17.95 3.88
      vertex 0.275 18.05 3.88
    endloop
  endfacet
  facet normal 0 -1 0
    outer loop
      vertex 0.06 18.05 3.88
      vertex 0.275 18.05 3.88
      vertex 0.275 18.05 4
    endloop
  endfacet
  facet normal -1 0 0
    outer loop
      vertex 0.275 17.95 3.88
      vertex 0.275 17.95 4
      vertex 0.275 18.05 3.88
    endloop
  endfacet
  facet normal -1 0 0
    outer loop
      vertex 0.275 18.05 3.88
      vertex 0.275 17.95 4
      vertex 0.275 18.05 4
    endloop
  endfacet
  facet normal 1 0 0
    outer loop
      vertex -0.275 18.95 3.88
      vertex -0.275 19.05 3.88
      vertex -0.275 19.05 4
    endloop
  endfacet
  facet normal 0 0 1
    outer loop
      vertex -0.275 18.95 3.88
      vertex -0.06 18.98909090909091 3.88
      vertex -0.275 19.05 3.88
    endloop
  endfacet
  facet normal 0 1 0
    outer loop
      vertex -0.275 18.95 3.88
      vertex -0.275 18.95 4
      vertex -0.06 18.95 3.88
    endloop
  endfacet
  facet normal 1 0 0
    outer loop
      vertex -0.275 18.95 3.88
      vertex -0.275 19.05 4
      vertex -0.275 18.95 4
    endloop
  endfacet
  facet normal 0 -1 0
    outer loop
      vertex -0.275 19.05 3.88
      vertex -0.06 19.05 4
      vertex -0.275 19.05 4
    endloop
  endfacet
  facet normal 0 0 1
    outer loop
      vertex -0.275 18.95 3.88
      vertex -0.06 18.95 3.88
      vertex -0.06 18.98909090909091 3.88
    endloop
  endfacet
  facet normal 0 0 1
    outer loop
      vertex -0.275 19.05 3.88
      vertex -0.06 18.98909090909091 3.88
      vertex -0.06 19.05 3.88
    endloop
  endfacet
  facet normal 0 -1 0
    outer loop
      vertex -0.275 19.05 3.88
      vertex -0.06 19.05 3.88
      vertex -0.06 19.05 4
    endloop
  endfacet
  facet normal 0 1 0
    outer loop
      vertex -0.06 18.95 3.88
      vertex -0.275 18.95 4
      vertex -0.06 18.95 4
    endloop
  endfacet
  facet normal 0 0 1
    outer loop
      vertex 0.031121403304037048 19.00565843696437 3.88
      vertex 0.06 18.95 3.88
      vertex 0.06 19.01090909090909 3.88
    endloop
  endfacet
  facet normal 0 0 1
    outer loop
      vertex 0.06 18.95 3.88
      vertex 0.275 19.05 3.88
      vertex 0.06 19.01090909090909 3.88
    endloop
  endfacet
  facet normal 0 0 1
    outer loop
      vertex 0.06 19.01090909090909 3.88
      vertex 0.275 19.05 3.88
      vertex 0.06 19.05 3.88
    endloop
  endfacet
  facet normal 0 1 0
    outer loop
      vertex 0.06 18.95 3.88
      vertex 0.06 18.95 4
      vertex 0.275 18.95 3.88
    endloop
  endfacet
  facet normal 0 -1 0
    outer loop
      vertex 0.06 19.05 3.88
      vertex 0.275 19.05 4
      vertex 0.06 19.05 4
    endloop
  endfacet
  facet normal 0 0 1
    outer loop
      vertex 0.06 18.95 3.88
      vertex 0.275 18.95 3.88
      vertex 0.275 19.05 3.88
    endloop
  endfacet
  facet normal 0 -1 0
    outer loop
      vertex 0.06 19.05 3.88
      vertex 0.275 19.05 3.88
      vertex 0.275 19.05 4
    endloop
  endfacet
  facet normal -1 0 0
    outer loop
      vertex 0.275 18.95 3.88
      vertex 0.275 18.95 4
      vertex 0.275 19.05 3.88
    endloop
  endfacet
  facet normal 0 1 0
    outer loop
      vertex 0.275 18.95 3.88
      vertex 0.06 18.95 4
      vertex 0.275 18.95 4
    endloop
  endfacet
  facet normal -1 0 0
    outer loop
      vertex 0.275 19.05 3.88
      vertex 0.275 18.95 4
      vertex 0.275 19.05 4
    endloop
  endfacet
  facet normal 1 0 0
    outer loop
      vertex -0.275 19.95 3.88
      vertex -0.275 20.05 3.88
      vertex -0.275 20.05 4
    endloop
  endfacet
  facet normal 0 0 1
    outer loop
      vertex -0.275 19.95 3.88
      vertex -0.06 19.98909090909091 3.88
      vertex -0.275 20.05 3.88
    endloop
  endfacet
  facet normal 0 1 0
    outer loop
      vertex -0.275 19.95 3.88
      vertex -0.275 19.95 4
      vertex -0.06 19.95 3.88
    endloop
  endfacet
  facet normal 1 0 0
    outer loop
      vertex -0.275 19.95 3.88
      vertex -0.275 20.05 4
      vertex -0.275 19.95 4
    endloop
  endfacet
  facet normal 0 -1 0
    outer loop
      vertex -0.275 20.05 3.88
      vertex -0.06 20.05 4
      vertex -0.275 20.05 4
    endloop
  endfacet
  facet normal 0 0 1
    outer loop
      vertex -0.275 19.95 3.88
      vertex -0.06 19.95 3.88
      vertex -0.06 19.98909090909091 3.88
    endloop
  endfacet
  facet normal 0 0 1
    outer loop
      vertex -0.275 20.05 3.88
      vertex -0.06 19.98909090909091 3.88
      vertex -0.06 20.05 3.88
    endloop
  endfacet
  facet normal 0 -1 0
    outer loop
      vertex -0.275 20.05 3.88
      vertex -0.06 20.05 3.88
      vertex -0.06 20.05 4
    endloop
  endfacet
  facet normal 0 1 0
    outer loop
      vertex -0.06 19.95 3.88
      vertex -0.275 19.95 4
      vertex -0.06 19.95 4
    endloop
  endfacet
  facet normal 0 0 1
    outer loop
      vertex 0.06 19.95 3.88
      vertex 0.06 20.01090909090909 3.88
      vertex 0.03593523212136683 20.00653367856752 3.88
    endloop
  endfacet
  facet normal 0 0 1
    outer loop
      vertex 0.06 19.95 3.88
      vertex 0.275 20.05 3.88
      vertex 0.06 20.01090909090909 3.88
    endloop
  endfacet
  facet normal 0 0 1
    outer loop
      vertex 0.06 20.05 3.88
      vertex 0.06 20.01090909090909 3.88
      vertex 0.275 20.05 3.88
    endloop
  endfacet
  facet normal 0 1 0
    outer loop
      vertex 0.06 19.95 3.88
      vertex 0.06 19.95 4
      vertex 0.275 19.95 3.88
    endloop
  endfacet
  facet normal 0 -1 0
    outer loop
      vertex 0.06 20.05 3.88
      vertex 0.275 20.05 4
      vertex 0.06 20.05 4
    endloop
  endfacet
  facet normal 0 0 1
    outer loop
      vertex 0.06 19.95 3.88
      vertex 0.275 19.95 3.88
      vertex 0.275 20.05 3.88
    endloop
  endfacet
  facet normal 0 -1 0
    outer loop
      vertex 0.06 20.05 3.88
      vertex 0.275 20.05 3.88
      vertex 0.275 20.05 4
    endloop
  endfacet
  facet normal -1 0 0
    outer loop
      vertex 0.275 19.95 3.88
      vertex 0.275 19.95 4
      vertex 0.275 20.05 3.88
    endloop
  endfacet
  facet normal 0 1 0
    outer loop
      vertex 0.275 19.95 3.88
      vertex 0.06 19.95 4
      vertex 0.275 19.95 4
    endloop
  endfacet
  facet normal -1 0 0
    outer loop
      vertex 0.275 20.05 3.88
      vertex 0.275 19.95 4
      vertex 0.275 20.05 4
    endloop
  endfacet
  facet normal 1 0 0
    outer loop
      vertex -0.275 20.95 3.88
      vertex -0.275 21.05 3.88
      vertex -0.275 21.05 4
    endloop
  endfacet
  facet normal 0 0 1
    outer loop
      vertex -0.275 20.95 3.88
      vertex -0.06 20.98909090909091 3.88
      vertex -0.275 21.05 3.88
    endloop
  endfacet
  facet normal 0 1 0
    outer loop
      vertex -0.275 20.95 3.88
      vertex -0.275 20.95 4
      vertex -0.06 20.95 3.88
    endloop
  endfacet
  facet normal 1 0 0
    outer loop
      vertex -0.275 20.95 3.88
      vertex -0.275 21.05 4
      vertex -0.275 20.95 4
    endloop
  endfacet
  facet normal 0 -1 0
    outer loop
      vertex -0.275 21.05 3.88
      vertex -0.06 21.05 4
      vertex -0.275 21.05 4
    endloop
  endfacet
  facet normal 0 0 1
    outer loop
      vertex -0.275 20.95 3.88
      vertex -0.06 20.95 3.88
      vertex -0.06 20.98909090909091 3.88
    endloop
  endfacet
  facet normal 0 0 1
    outer loop
      vertex -0.275 21.05 3.88
      vertex -0.06 20.98909090909091 3.88
      vertex -0.06 21.05 3.88
    endloop
  endfacet
  facet normal 0 -1 0
    outer loop
      vertex -0.275 21.05 3.88
      vertex -0.06 21.05 3.88
      vertex -0.06 21.05 4
    endloop
  endfacet
  facet normal 0 1 0
    outer loop
      vertex -0.06 20.95 3.88
      vertex -0.275 20.95 4
      vertex -0.06 20.95 4
    endloop
  endfacet
  facet normal 0 0 1
    outer loop
      vertex 0.04074906093869662 21.007408920170672 3.88
      vertex 0.06 20.95 3.88
      vertex 0.06 21.01090909090909 3.88
    endloop
  endfacet
  facet normal 0 0 1
    outer loop
      vertex 0.06 21.01090909090909 3.88
      vertex 0.275 21.05 3.88
      vertex 0.06 21.05 3.88
    endloop
  endfacet
  facet normal 0 0 1
    outer loop
      vertex 0.06 20.95 3.88
      vertex 0.275 21.05 3.88
      vertex 0.06 21.01090909090909 3.88
    endloop
  endfacet
  facet normal 0 1 0
    outer loop
      vertex 0.06 20.95 3.88
      vertex 0.06 20.95 4
      vertex 0.275 20.95 3.88
    endloop
  endfacet
  facet normal 0 -1 0
    outer loop
      vertex 0.06 21.05 3.88
      vertex 0.275 21.05 4
      vertex 0.06 21.05 4
    endloop
  endfacet
  facet normal 0 0 1
    outer loop
      vertex 0.06 20.95 3.88
      vertex 0.275 20.95 3.88
      vertex 0.275 21.05 3.88
    endloop
  endfacet
  facet normal 0 -1 0
    outer loop
      vertex 0.06 21.05 3.88
      vertex 0.275 21.05 3.88
      vertex 0.275 21.05 4
    endloop
  endfacet
  facet normal -1 0 0
    outer loop
      vertex 0.275 20.95 3.88
      vertex 0.275 20.95 4
      vertex 0.275 21.05 3.88
    endloop
  endfacet
  facet normal 0 1 0
    outer loop
      vertex 0.275 20.95 3.88
      vertex 0.06 20.95 4
      vertex 0.275 20.95 4
    endloop
  endfacet
  facet normal -1 0 0
    outer loop
      vertex 0.275 21.05 3.88
      vertex 0.275 20.95 4
      vertex 0.275 21.05 4
    endloop
  endfacet
  facet normal 1 0 0
    outer loop
      vertex -0.275 21.95 3.88
      vertex -0.275 22.05 3.88
      vertex -0.275 22.05 4
    endloop
  endfacet
  facet normal 0 0 1
    outer loop
      vertex -0.275 21.95 3.88
      vertex -0.06 21.98909090909091 3.88
      vertex -0.275 22.05 3.88
    endloop
  endfacet
  facet normal 0 1 0
    outer loop
      vertex -0.275 21.95 3.88
      vertex -0.275 21.95 4
      vertex -0.06 21.95 3.88
    endloop
  endfacet
  facet normal 1 0 0
    outer loop
      vertex -0.275 21.95 3.88
      vertex -0.275 22.05 4
      vertex -0.275 21.95 4
    endloop
  endfacet
  facet normal 0 -1 0
    outer loop
      vertex -0.275 22.05 3.88
      vertex -0.06 22.05 4
      vertex -0.275 22.05 4
    endloop
  endfacet
  facet normal 0 0 1
    outer loop
      vertex -0.275 21.95 3.88
      vertex -0.06 21.95 3.88
      vertex -0.06 21.98909090909091 3.88
    endloop
  endfacet
  facet normal 0 0 1
    outer loop
      vertex -0.275 22.05 3.88
      vertex -0.06 21.98909090909091 3.88
      vertex -0.06 22.05 3.88
    endloop
  endfacet
  facet normal 0 -1 0
    outer loop
      vertex -0.275 22.05 3.88
      vertex -0.06 22.05 3.88
      vertex -0.06 22.05 4
    endloop
  endfacet
  facet normal 0 1 0
    outer loop
      vertex -0.06 21.95 3.88
      vertex -0.275 21.95 4
      vertex -0.06 21.95 4
    endloop
  endfacet
  facet normal 0 0 1
    outer loop
      vertex 0.045562889756026397 22.008284161773823 3.88
      vertex 0.06 21.95 3.88
      vertex 0.06 22.01090909090909 3.88
    endloop
  endfacet
  facet normal 0 0 1
    outer loop
      vertex 0.06 21.95 3.88
      vertex 0.275 22.05 3.88
      vertex 0.06 22.01090909090909 3.88
    endloop
  endfacet
  facet normal 0 0 1
    outer loop
      vertex 0.06 22.01090909090909 3.88
      vertex 0.275 22.05 3.88
      vertex 0.06 22.05 3.88
    endloop
  endfacet
  facet normal 0 1 0
    outer loop
      vertex 0.06 21.95 3.88
      vertex 0.06 21.95 4
      vertex 0.275 21.95 3.88
    endloop
  endfacet
  facet normal 0 -1 0
    outer loop
      vertex 0.06 22.05 3.88
      vertex 0.275 22.05 4
      vertex 0.06 22.05 4
    endloop
  endfacet
  facet normal 0 0 1
    outer loop
      vertex 0.06 21.95 3.88
      vertex 0.275 21.95 3.88
      vertex 0.275 22.05 3.88
    endloop
  endfacet
  facet normal 0 -1 0
    outer loop
      vertex 0.06 22.05 3.88
      vertex 0.275 22.05 3.88
      vertex 0.275 22.05 4
    endloop
  endfacet
  facet normal -1 0 0
    outer loop
      vertex 0.275 21.95 3.88
      vertex 0.275 21.95 4
      vertex 0.275 22.05 3.88
    endloop
  endfacet
  facet normal 0 1 0
    outer loop
      vertex 0.275 21.95 3.88
      vertex 0.06 21.95 4
      vertex 0.275 21.95 4
    endloop
  endfacet
  facet normal -1 0 0
    outer loop
      vertex 0.275 22.05 3.88
      vertex 0.275 21.95 4
      vertex 0.275 22.05 4
    endloop
  endfacet
  facet normal 1 0 0
    outer loop
      vertex -0.275 22.95 3.88
      vertex -0.275 23.05 3.88
      vertex -0.275 23.05 4
    endloop
  endfacet
  facet normal 0 0 1
    outer loop
      vertex -0.275 22.95 3.88
      vertex -0.06 22.98909090909091 3.88
      vertex -0.275 23.05 3.88
    endloop
  endfacet
  facet normal 0 1 0
    outer loop
      vertex -0.275 22.95 3.88
      vertex -0.275 22.95 4
      vertex -0.06 22.95 3.88
    endloop
  endfacet
  facet normal 1 0 0
    outer loop
      vertex -0.275 22.95 3.88
      vertex -0.275 23.05 4
      vertex -0.275 22.95 4
    endloop
  endfacet
  facet normal 0 -1 0
    outer loop
      vertex -0.275 23.05 3.88
      vertex -0.06 23.05 4
      vertex -0.275 23.05 4
    endloop
  endfacet
  facet normal 0 0 1
    outer loop
      vertex -0.275 22.95 3.88
      vertex -0.06 22.95 3.88
      vertex -0.06 22.98909090909091 3.88
    endloop
  endfacet
  facet normal 0 0 1
    outer loop
      vertex -0.275 23.05 3.88
      vertex -0.06 22.98909090909091 3.88
      vertex -0.06 23.05 3.88
    endloop
  endfacet
  facet normal 0 -1 0
    outer loop
      vertex -0.275 23.05 3.88
      vertex -0.06 23.05 3.88
      vertex -0.06 23.05 4
    endloop
  endfacet
  facet normal 0 1 0
    outer loop
      vertex -0.06 22.95 3.88
      vertex -0.275 22.95 4
      vertex -0.06 22.95 4
    endloop
  endfacet
  facet normal 0 0 1
    outer loop
      vertex 0.05037671857335618 23.009159403376973 3.88
      vertex 0.06 22.95 3.88
      vertex 0.06 23.01090909090909 3.88
    endloop
  endfacet
  facet normal 0 0 1
    outer loop
      vertex 0.06 23.01090909090909 3.88
      vertex 0.275 23.05 3.88
      vertex 0.06 23.05 3.88
    endloop
  endfacet
  facet normal 0 0 1
    outer loop
      vertex 0.06 22.95 3.88
      vertex 0.275 23.05 3.88
      vertex 0.06 23.01090909090909 3.88
    endloop
  endfacet
  facet normal 0 1 0
    outer loop
      vertex 0.06 22.95 3.88
      vertex 0.06 22.95 4
      vertex 0.275 22.95 3.88
    endloop
  endfacet
  facet normal 0 -1 0
    outer loop
      vertex 0.06 23.05 3.88
      vertex 0.275 23.05 4
      vertex 0.06 23.05 4
    endloop
  endfacet
  facet normal 0 0 1
    outer loop
      vertex 0.06 22.95 3.88
      vertex 0.275 22.95 3.88
      vertex 0.275 23.05 3.88
    endloop
  endfacet
  facet normal 0 -1 0
    outer loop
      vertex 0.06 23.05 3.88
      vertex 0.275 23.05 3.88
      vertex 0.275 23.05 4
    endloop
  endfacet
  facet normal -1 0 0
    outer loop
      vertex 0.275 22.95 3.88
      vertex 0.275 22.95 4
      vertex 0.275 23.05 3.88
    endloop
  endfacet
  facet normal 0 1 0
    outer loop
      vertex 0.275 22.95 3.88
      vertex 0.06 22.95 4
      vertex 0.275 22.95 4
    endloop
  endfacet
  facet normal -1 0 0
    outer loop
      vertex 0.275 23.05 3.88
      vertex 0.275 22.95 4
      vertex 0.275 23.05 4
    endloop
  endfacet
  facet normal 1 0 0
    outer loop
      vertex -0.275 23.95 3.88
      vertex -0.275 24.05 3.88
      vertex -0.275 24.05 4
    endloop
  endfacet
  facet normal 0 0 1
    outer loop
      vertex -0.275 23.95 3.88
      vertex -0.06 23.98909090909091 3.88
      vertex -0.275 24.05 3.88
    endloop
  endfacet
  facet normal 0 1 0
    outer loop
      vertex -0.275 23.95 3.88
      vertex -0.275 23.95 4
      vertex -0.06 23.95 3.88
    endloop
  endfacet
  facet normal 1 0 0
    outer loop
      vertex -0.275 23.95 3.88
      vertex -0.275 24.05 4
      vertex -0.275 23.95 4
    endloop
  endfacet
  facet normal 0 -1 0
    outer loop
      vertex -0.275 24.05 3.88
      vertex -0.06 24.05 4
      vertex -0.275 24.05 4
    endloop
  endfacet
  facet normal 0 0 1
    outer loop
      vertex -0.275 23.95 3.88
      vertex -0.06 23.95 3.88
      vertex -0.06 23.98909090909091 3.88
    endloop
  endfacet
  facet normal 0 0 1
    outer loop
      vertex -0.275 24.05 3.88
      vertex -0.06 23.98909090909091 3.88
      vertex -0.06 24.05 3.88
    endloop
  endfacet
  facet normal 0 -1 0
    outer loop
      vertex -0.275 24.05 3.88
      vertex -0.06 24.05 3.88
      vertex -0.06 24.05 4
    endloop
  endfacet
  facet normal 0 1 0
    outer loop
      vertex -0.06 23.95 3.88
      vertex -0.275 23.95 4
      vertex -0.06 23.95 4
    endloop
  endfacet
  facet normal 0 0 1
    outer loop
      vertex 0.05519054739068596 24.010034644980124 3.88
      vertex 0.06 23.95 3.88
      vertex 0.275 23.95 3.88
    endloop
  endfacet
  facet normal 0 0 1
    outer loop
      vertex 0.05519054739068596 24.010034644980124 3.88
      vertex 0.275 23.95 3.88
      vertex 0.06 24.01090909090909 3.88
    endloop
  endfacet
  facet normal 0 0 1
    outer loop
      vertex 0.06 24.01090909090909 3.88
      vertex 0.275 24.05 3.88
      vertex 0.06 24.05 3.88
    endloop
  endfacet
  facet normal 0 1 0
    outer loop
      vertex 0.06 23.95 3.88
      vertex 0.06 23.95 4
      vertex 0.275 23.95 3.88
    endloop
  endfacet
  facet normal 0 -1 0
    outer loop
      vertex 0.06 24.05 3.88
      vertex 0.275 24.05 4
      vertex 0.06 24.05 4
    endloop
  endfacet
  facet normal 0 0 1
    outer loop
      vertex 0.06 24.01090909090909 3.88
      vertex 0.275 23.95 3.88
      vertex 0.275 24.05 3.88
    endloop
  endfacet
  facet normal 0 -1 0
    outer loop
      vertex 0.06 24.05 3.88
      vertex 0.275 24.05 3.88
      vertex 0.275 24.05 4
    endloop
  endfacet
  facet normal -1 0 0
    outer loop
      vertex 0.275 23.95 3.88
      vertex 0.275 23.95 4
      vertex 0.275 24.05 3.88
    endloop
  endfacet
  facet normal 0 1 0
    outer loop
      vertex 0.275 23.95 3.88
      vertex 0.06 23.95 4
      vertex 0.275 23.95 4
    endloop
  endfacet
  facet normal -1 0 0
    outer loop
      vertex 0.275 24.05 3.88
      vertex 0.275 23.95 4
      vertex 0.275 24.05 4
    endloop
  endfacet
  facet normal 1 0 0
    outer loop
      vertex -0.275 24.95 3.88
      vertex -0.275 25 3.88
      vertex -0.275 24.95 4
    endloop
  endfacet
  facet normal 0 1 0
    outer loop
      vertex -0.275 24.95 3.88
      vertex -0.275 24.95 4
      vertex -0.06 24.95 3.88
    endloop
  endfacet
  facet normal 1 0 0
    outer loop
      vertex -0.275 25 4
      vertex -0.275 24.95 4
      vertex -0.275 25 3.88
    endloop
  endfacet
  facet normal 0 0 1
    outer loop
      vertex -0.275 24.95 3.88
      vertex 0.275 25 3.88
      vertex -0.275 25 3.88
    endloop
  endfacet
  facet normal 0 0 1
    outer loop
      vertex -0.275 24.95 3.88
      vertex -0.06 24.95 3.88
      vertex 0.275 25 3.88
    endloop
  endfacet
  facet normal 0 1 0
    outer loop
      vertex -0.06 24.95 3.88
      vertex -0.275 24.95 4
      vertex -0.06 24.95 4
    endloop
  endfacet
  facet normal 0 0 1
    outer loop
      vertex -0.06 24.95 3.88
      vertex 0.06 24.95 3.88
      vertex 0.275 25 3.88
    endloop
  endfacet
  facet normal 0 1 0
    outer loop
      vertex 0.06 24.95 3.88
      vertex 0.06 24.95 4
      vertex 0.275 24.95 3.88
    endloop
  endfacet
  facet normal 0 0 1
    outer loop
      vertex 0.06 24.95 3.88
      vertex 0.275 24.95 3.88
      vertex 0.275 25 3.88
    endloop
  endfacet
  facet normal -1 0 0
    outer loop
      vertex 0.275 24.95 3.88
      vertex 0.275 25 4
      vertex 0.275 25 3.88
    endloop
  endfacet
  facet normal 0 1 0
    outer loop
      vertex 0.275 24.95 3.88
      vertex 0.06 24.95 4
      vertex 0.275 24.95 4
    endloop
  endfacet
  facet normal -1 0 0
    outer loop
      vertex 0.275 24.95 3.88
      vertex 0.275 24.95 4
      vertex 0.275 25 4
    endloop
  endfacet
  facet normal 0 0 1
    outer loop
      vertex -4.95 -0.06 3.88
      vertex -4.73 -0.054327509047292256 3.88
      vertex -4.95 0.06 3.88
    endloop
  endfacet
  facet normal 0 0 1
    outer loop
      vertex -4.95 -0.06 3.88
      vertex -4.73 -0.054327509047292256 3.88
      vertex -4.95 0.06 3.88
    endloop
  endfacet
  facet normal 0 0 1
    outer loop
      vertex -4.95 -0.06 3.88
      vertex -4.7299999999999995 -0.06 3.88
      vertex -4.73 -0.054327509047292256 3.88
    endloop
  endfacet
  facet normal 0 1 0
    outer loop
      vertex -4.95 -0.06 3.88
      vertex -4.609999999999999 -0.06 4
      vertex -4.7299999999999995 -0.06 3.88
    endloop
  endfacet
  facet normal 0 1 0
    outer loop
      vertex -4.95 -0.06 3.88
      vertex -4.95 -0.06 4
      vertex -4.609999999999999 -0.06 4
    endloop
  endfacet
  facet normal 0 1 0
    outer loop
      vertex -4.95 -0.06 3.88
      vertex -4.95 -0.06 4
      vertex -4.05 -0.06 3.88
    endloop
  endfacet
  facet normal 0 0 1
    outer loop
      vertex -4.006485888212507 -0.035672385168788054 3.88
      vertex -4.95 0.06 3.88
      vertex -4.73 -0.054327509047292256 3.88
    endloop
  endfacet
  facet normal 0 0 1
    outer loop
      vertex -4.95 -0.06 3.88
      vertex -3.0020586607636965 -0.011322634200332048 3.88
      vertex -4.73 -0.054327509047292256 3.88
    endloop
  endfacet
  facet normal 0 1 0
    outer loop
      vertex -4.05 -0.06 3.88
      vertex -4.95 -0.06 4
      vertex -4.05 -0.06 4
    endloop
  endfacet
  facet normal 0 0 1
    outer loop
      vertex -3.0020586607636965 -0.011322634200332048 3.88
      vertex -4.006485888212507 -0.035672385168788054 3.88
      vertex -4.73 -0.054327509047292256 3.88
    endloop
  endfacet
  facet normal 0 1 0
    outer loop
      vertex -3.95 -0.06 3.88
      vertex -3.95 -0.06 4
      vertex -3.05 -0.06 3.88
    endloop
  endfacet
  facet normal 0 0 1
    outer loop
      vertex -4.95 -0.06 3.88
      vertex -1.9976314333148864 0.013027116768123967 3.88
      vertex -3.0020586607636965 -0.011322634200332048 3.88
    endloop
  endfacet
  facet normal 0 1 0
    outer loop
      vertex -3.05 -0.06 3.88
      vertex -3.95 -0.06 4
      vertex -3.05 -0.06 4
    endloop
  endfacet
  facet normal 0 0 1
    outer loop
      vertex -4.95 -0.06 3.88
      vertex -0.9932042058660764 0.03737686773657997 3.88
      vertex -1.9976314333148864 0.013027116768123967 3.88
    endloop
  endfacet
  facet normal 0 1 0
    outer loop
      vertex -2.95 -0.06 3.88
      vertex -2.95 -0.06 4
      vertex -2.05 -0.06 3.88
    endloop
  endfacet
  facet normal 0 1 0
    outer loop
      vertex -2.05 -0.06 3.88
      vertex -2.95 -0.06 4
      vertex -2.05 -0.06 4
    endloop
  endfacet
  facet normal 0 1 0
    outer loop
      vertex -1.95 -0.06 3.88
      vertex -1.95 -0.06 4
      vertex -1.05 -0.06 3.88
    endloop
  endfacet
  facet normal 0 0 1
    outer loop
      vertex -4.95 -0.06 3.88
      vertex -4.05 -0.06 3.88
      vertex 4.95 0.05854545454545455 3.88
    endloop
  endfacet
  facet normal 0 1 0
    outer loop
      vertex -1.05 -0.06 3.88
      vertex -1.95 -0.06 4
      vertex -1.05 -0.06 4
    endloop
  endfacet
  facet normal 0 0 1
    outer loop
      vertex -4.05 -0.06 3.88
      vertex -4.010909090909091 -0.06 3.88
      vertex 4.95 0.05854545454545455 3.88
    endloop
  endfacet
  facet normal 0 0 1
    outer loop
      vertex -4.010909090909091 -0.06 3.88
      vertex -3.95 -0.06 3.88
      vertex 4.95 0.05854545454545455 3.88
    endloop
  endfacet
  facet normal 0 0 1
    outer loop
      vertex -3.95 -0.06 3.88
      vertex -3.05 -0.06 3.88
      vertex 4.95 0.05854545454545455 3.88
    endloop
  endfacet
  facet normal 0 0 1
    outer loop
      vertex -4.95 -0.06 3.88
      vertex 2.0043644298963446 0.024004364429896344 3.88
      vertex 1.0021822149481725 0.012002182214948172 3.88
    endloop
  endfacet
  facet normal 0 1 0
    outer loop
      vertex -0.95 -0.06 3.88
      vertex -0.95 -0.06 4
      vertex -0.06 -0.06 3.88
    endloop
  endfacet
  facet normal 0 0 1
    outer loop
      vertex -3.05 -0.06 3.88
      vertex -3.0109090909090908 -0.06 3.88
      vertex 4.95 0.05854545454545455 3.88
    endloop
  endfacet
  facet normal 0 0 1
    outer loop
      vertex -3.0109090909090908 -0.06 3.88
      vertex -2.95 -0.06 3.88
      vertex 4.95 0.05854545454545455 3.88
    endloop
  endfacet
  facet normal 0 1 0
    outer loop
      vertex -0.06 -0.06 3.88
      vertex -0.95 -0.06 4
      vertex -0.06 -0.06 4
    endloop
  endfacet
  facet normal 0 0 1
    outer loop
      vertex -2.95 -0.06 3.88
      vertex -2.05 -0.06 3.88
      vertex 4.95 0.05854545454545455 3.88
    endloop
  endfacet
  facet normal 0 0 1
    outer loop
      vertex -4.95 0.06 3.88
      vertex -4.73 -0.054327509047292256 3.88
      vertex -4.7299999999999995 0.06 3.88
    endloop
  endfacet
  facet normal 0 -1 0
    outer loop
      vertex -4.95 0.06 3.88
      vertex -4.7299999999999995 0.06 3.88
      vertex -4.609999999999999 0.06 4
    endloop
  endfacet
  facet normal 0 -1 0
    outer loop
      vertex -4.95 0.06 3.88
      vertex -4.609999999999999 0.06 4
      vertex -4.95 0.06 4
    endloop
  endfacet
  facet normal 0 -1 0
    outer loop
      vertex -4.95 0.06 3.88
      vertex -4.609999999999999 0.06 4
      vertex -4.95 0.06 4
    endloop
  endfacet
  facet normal 0 -1 0
    outer loop
      vertex -4.95 0.06 3.88
      vertex -4.05 0.06 4
      vertex -4.609999999999999 0.06 4
    endloop
  endfacet
  facet normal 0 0 1
    outer loop
      vertex -4.006485888212507 -0.035672385168788054 3.88
      vertex -4.05 0.06 3.88
      vertex -4.95 0.06 3.88
    endloop
  endfacet
  facet normal 0 -1 0
    outer loop
      vertex -4.95 0.06 3.88
      vertex -4.05 0.06 3.88
      vertex -4.05 0.06 4
    endloop
  endfacet
  facet normal 0 0 1
    outer loop
      vertex -4.006485888212507 -0.035672385168788054 3.88
      vertex -3.9890909090909092 0.06 3.88
      vertex -4.05 0.06 3.88
    endloop
  endfacet
  facet normal 0 0 1
    outer loop
      vertex -4.006485888212507 -0.035672385168788054 3.88
      vertex -3.0020586607636965 -0.011322634200332048 3.88
      vertex -3.95 0.06 3.88
    endloop
  endfacet
  facet normal 0 -1 0
    outer loop
      vertex -3.95 0.06 3.88
      vertex -3.05 0.06 4
      vertex -3.95 0.06 4
    endloop
  endfacet
  facet normal 0 0 1
    outer loop
      vertex -3.0020586607636965 -0.011322634200332048 3.88
      vertex -3.05 0.06 3.88
      vertex -3.95 0.06 3.88
    endloop
  endfacet
  facet normal 0 -1 0
    outer loop
      vertex -3.95 0.06 3.88
      vertex -3.05 0.06 3.88
      vertex -3.05 0.06 4
    endloop
  endfacet
  facet normal 0 0 1
    outer loop
      vertex -3.0020586607636965 -0.011322634200332048 3.88
      vertex -2.9890909090909092 0.06 3.88
      vertex -3.05 0.06 3.88
    endloop
  endfacet
  facet normal 0 0 1
    outer loop
      vertex -3.0020586607636965 -0.011322634200332048 3.88
      vertex -1.9976314333148864 0.013027116768123967 3.88
      vertex -2.95 0.06 3.88
    endloop
  endfacet
  facet normal 0 -1 0
    outer loop
      vertex -2.95 0.06 3.88
      vertex -2.05 0.06 4
      vertex -2.95 0.06 4
    endloop
  endfacet
  facet normal 0 -1 0
    outer loop
      vertex -2.95 0.06 3.88
      vertex -2.05 0.06 3.88
      vertex -2.05 0.06 4
    endloop
  endfacet
  facet normal 0 0 1
    outer loop
      vertex -2.95 0.06 3.88
      vertex -1.9976314333148864 0.013027116768123967 3.88
      vertex -2.05 0.06 3.88
    endloop
  endfacet
  facet normal 0 0 1
    outer loop
      vertex -2.05 0.06 3.88
      vertex -1.9976314333148864 0.013027116768123967 3.88
      vertex -1.989090909090909 0.06 3.88
    endloop
  endfacet
  facet normal 0 0 1
    outer loop
      vertex -4.95 -0.06 3.88
      vertex -0.06 0.06 3.88
      vertex -0.9932042058660764 0.03737686773657997 3.88
    endloop
  endfacet
  facet normal 0 0 1
    outer loop
      vertex -4.95 -0.06 3.88
      vertex 0.06 0.06 3.88
      vertex -0.06 0.06 3.88
    endloop
  endfacet
  facet normal 0 0 1
    outer loop
      vertex -1.9976314333148864 0.013027116768123967 3.88
      vertex -0.9932042058660764 0.03737686773657997 3.88
      vertex -1.95 0.06 3.88
    endloop
  endfacet
  facet normal 0 -1 0
    outer loop
      vertex -1.95 0.06 3.88
      vertex -1.05 0.06 4
      vertex -1.95 0.06 4
    endloop
  endfacet
  facet normal 0 0 1
    outer loop
      vertex -1.95 0.06 3.88
      vertex -0.9932042058660764 0.03737686773657997 3.88
      vertex -1.05 0.06 3.88
    endloop
  endfacet
  facet normal 0 -1 0
    outer loop
      vertex -1.95 0.06 3.88
      vertex -1.05 0.06 3.88
      vertex -1.05 0.06 4
    endloop
  endfacet
  facet normal 0 0 1
    outer loop
      vertex -4.95 -0.06 3.88
      vertex 1.0021822149481725 0.012002182214948172 3.88
      vertex 0.06 0.06 3.88
    endloop
  endfacet
  facet normal 0 0 1
    outer loop
      vertex -1.05 0.06 3.88
      vertex -0.9932042058660764 0.03737686773657997 3.88
      vertex -0.9890909090909091 0.06 3.88
    endloop
  endfacet
  facet normal 0 0 1
    outer loop
      vertex -0.9932042058660764 0.03737686773657997 3.88
      vertex -0.06 0.06 3.88
      vertex -0.95 0.06 3.88
    endloop
  endfacet
  facet normal 0 -1 0
    outer loop
      vertex -0.95 0.06 3.88
      vertex -0.06 0.06 4
      vertex -0.95 0.06 4
    endloop
  endfacet
  facet normal 0 -1 0
    outer loop
      vertex -0.95 0.06 3.88
      vertex -0.06 0.06 3.88
      vertex -0.06 0.06 4
    endloop
  endfacet
  facet normal 0 0 1
    outer loop
      vertex -2.05 -0.06 3.88
      vertex -2.0109090909090908 -0.06 3.88
      vertex 4.95 0.05854545454545455 3.88
    endloop
  endfacet
  facet normal 0 0 1
    outer loop
      vertex -0.06 -0.06 3.88
      vertex 0.06 -0.06 3.88
      vertex 0.9932042058660764 -0.03737686773657997 3.88
    endloop
  endfacet
  facet normal 0 0 1
    outer loop
      vertex -2.0109090909090908 -0.06 3.88
      vertex -1.95 -0.06 3.88
      vertex 4.95 0.05854545454545455 3.88
    endloop
  endfacet
  facet normal 0 1 0
    outer loop
      vertex 0.06 -0.06 3.88
      vertex 0.06 -0.06 4
      vertex 0.95 -0.06 3.88
    endloop
  endfacet
  facet normal 0 0 1
    outer loop
      vertex -1.95 -0.06 3.88
      vertex -1.05 -0.06 3.88
      vertex 4.95 0.05854545454545455 3.88
    endloop
  endfacet
  facet normal 0 0 1
    outer loop
      vertex 0.06 -0.06 3.88
      vertex 0.95 -0.06 3.88
      vertex 0.9932042058660764 -0.03737686773657997 3.88
    endloop
  endfacet
  facet normal 0 1 0
    outer loop
      vertex 0.95 -0.06 3.88
      vertex 0.06 -0.06 4
      vertex 0.95 -0.06 4
    endloop
  endfacet
  facet normal 0 0 1
    outer loop
      vertex -1.05 -0.06 3.88
      vertex -1.010909090909091 -0.06 3.88
      vertex 4.95 0.05854545454545455 3.88
    endloop
  endfacet
  facet normal 0 0 1
    outer loop
      vertex 0.95 -0.06 3.88
      vertex 0.9890909090909091 -0.06 3.88
      vertex 0.9932042058660764 -0.03737686773657997 3.88
    endloop
  endfacet
  facet normal 0 0 1
    outer loop
      vertex -0.06 -0.06 3.88
      vertex 0.9932042058660764 -0.03737686773657997 3.88
      vertex 1.9976314333148864 -0.013027116768123967 3.88
    endloop
  endfacet
  facet normal 0 0 1
    outer loop
      vertex -1.010909090909091 -0.06 3.88
      vertex -0.95 -0.06 3.88
      vertex 4.95 0.05854545454545455 3.88
    endloop
  endfacet
  facet normal 0 0 1
    outer loop
      vertex -0.95 -0.06 3.88
      vertex -0.06 -0.06 3.88
      vertex 4.95 0.05854545454545455 3.88
    endloop
  endfacet
  facet normal 0 0 1
    outer loop
      vertex 0.9932042058660764 -0.03737686773657997 3.88
      vertex 1.05 -0.06 3.88
      vertex 1.9976314333148864 -0.013027116768123967 3.88
    endloop
  endfacet
  facet normal 0 1 0
    outer loop
      vertex 1.05 -0.06 3.88
      vertex 1.05 -0.06 4
      vertex 1.95 -0.06 3.88
    endloop
  endfacet
  facet normal 0 0 1
    outer loop
      vertex -0.06 -0.06 3.88
      vertex 1.9976314333148864 -0.013027116768123967 3.88
      vertex 3.0020586607636965 0.011322634200332048 3.88
    endloop
  endfacet
  facet normal 0 0 1
    outer loop
      vertex 1.05 -0.06 3.88
      vertex 1.95 -0.06 3.88
      vertex 1.9976314333148864 -0.013027116768123967 3.88
    endloop
  endfacet
  facet normal 0 1 0
    outer loop
      vertex 1.95 -0.06 3.88
      vertex 1.05 -0.06 4
      vertex 1.95 -0.06 4
    endloop
  endfacet
  facet normal 0 0 1
    outer loop
      vertex 1.95 -0.06 3.88
      vertex 1.989090909090909 -0.06 3.88
      vertex 1.9976314333148864 -0.013027116768123967 3.88
    endloop
  endfacet
  facet normal 0 0 1
    outer loop
      vertex -0.06 -0.06 3.88
      vertex 3.0020586607636965 0.011322634200332048 3.88
      vertex 4.006485888212507 0.035672385168788054 3.88
    endloop
  endfacet
  facet normal 0 0 1
    outer loop
      vertex 1.9976314333148864 -0.013027116768123967 3.88
      vertex 2.05 -0.06 3.88
      vertex 3.0020586607636965 0.011322634200332048 3.88
    endloop
  endfacet
  facet normal 0 1 0
    outer loop
      vertex 2.05 -0.06 3.88
      vertex 2.05 -0.06 4
      vertex 2.95 -0.06 3.88
    endloop
  endfacet
  facet normal 0 1 0
    outer loop
      vertex 2.95 -0.06 3.88
      vertex 2.05 -0.06 4
      vertex 2.95 -0.06 4
    endloop
  endfacet
  facet normal 0 0 1
    outer loop
      vertex 2.05 -0.06 3.88
      vertex 2.95 -0.06 3.88
      vertex 3.0020586607636965 0.011322634200332048 3.88
    endloop
  endfacet
  facet normal 0 0 1
    outer loop
      vertex 2.95 -0.06 3.88
      vertex 2.9890909090909092 -0.06 3.88
      vertex 3.0020586607636965 0.011322634200332048 3.88
    endloop
  endfacet
  facet normal 0 0 1
    outer loop
      vertex 3.05 -0.06 3.88
      vertex 4.006485888212507 0.035672385168788054 3.88
      vertex 3.0020586607636965 0.011322634200332048 3.88
    endloop
  endfacet
  facet normal 0 1 0
    outer loop
      vertex 3.05 -0.06 3.88
      vertex 3.05 -0.06 4
      vertex 3.95 -0.06 3.88
    endloop
  endfacet
  facet normal 0 0 1
    outer loop
      vertex 3.05 -0.06 3.88
      vertex 3.95 -0.06 3.88
      vertex 4.006485888212507 0.035672385168788054 3.88
    endloop
  endfacet
  facet normal 0 1 0
    outer loop
      vertex 3.95 -0.06 3.88
      vertex 3.05 -0.06 4
      vertex 3.95 -0.06 4
    endloop
  endfacet
  facet normal 0 0 1
    outer loop
      vertex 3.95 -0.06 3.88
      vertex 3.9890909090909092 -0.06 3.88
      vertex 4.006485888212507 0.035672385168788054 3.88
    endloop
  endfacet
  facet normal 0 1 0
    outer loop
      vertex 4.05 -0.06 3.88
      vertex 4.05 -0.06 4
      vertex 4.95 -0.06 3.88
    endloop
  endfacet
  facet normal 0 0 1
    outer loop
      vertex 4.05 -0.06 3.88
      vertex 4.95 -0.06 3.88
      vertex 4.95 0.05854545454545455 3.88
    endloop
  endfacet
  facet normal 0 1 0
    outer loop
      vertex 4.95 -0.06 3.88
      vertex 4.05 -0.06 4
      vertex 4.95 -0.06 4
    endloop
  endfacet
  facet normal 0 1 0
    outer loop
      vertex 4.95 -0.06 3.88
      vertex 4.7299999999999995 -0.06 3.88
      vertex 4.609999999999999 -0.06 4
    endloop
  endfacet
  facet normal 0 0 1
    outer loop
      vertex 4.95 -0.06 3.88
      vertex 4.7299999999999995 0.06 3.88
      vertex 4.7299999999999995 -0.06 3.88
    endloop
  endfacet
  facet normal 0 1 0
    outer loop
      vertex 4.95 -0.06 3.88
      vertex 4.609999999999999 -0.06 4
      vertex 4.95 -0.06 4
    endloop
  endfacet
  facet normal 0 0 1
    outer loop
      vertex 4.95 -0.06 3.88
      vertex 4.989090909090909 -0.06 3.88
      vertex 4.95 0.05854545454545455 3.88
    endloop
  endfacet
  facet normal 0 0 1
    outer loop
      vertex 4.95 -0.06 3.88
      vertex 4.989090909090909 -0.06 3.88
      vertex 4.95 0.05854545454545455 3.88
    endloop
  endfacet
  facet normal 0 0 1
    outer loop
      vertex -4.95 -0.06 3.88
      vertex 3.006546644844517 0.03600654664484452 3.88
      vertex 2.0043644298963446 0.024004364429896344 3.88
    endloop
  endfacet
  facet normal 0 -1 0
    outer loop
      vertex 0.06 0.06 3.88
      vertex 0.95 0.06 4
      vertex 0.06 0.06 4
    endloop
  endfacet
  facet normal 0 0 1
    outer loop
      vertex 0.06 0.06 3.88
      vertex 1.0021822149481725 0.012002182214948172 3.88
      vertex 0.95 0.06 3.88
    endloop
  endfacet
  facet normal 0 0 1
    outer loop
      vertex -4.95 -0.06 3.88
      vertex 4.008728859792689 0.04800872885979269 3.88
      vertex 3.006546644844517 0.03600654664484452 3.88
    endloop
  endfacet
  facet normal 0 -1 0
    outer loop
      vertex 0.06 0.06 3.88
      vertex 0.95 0.06 3.88
      vertex 0.95 0.06 4
    endloop
  endfacet
  facet normal 0 0 1
    outer loop
      vertex 0.95 0.06 3.88
      vertex 1.0021822149481725 0.012002182214948172 3.88
      vertex 1.010909090909091 0.06 3.88
    endloop
  endfacet
  facet normal 0 0 1
    outer loop
      vertex -4.95 -0.06 3.88
      vertex 4.95 0.05854545454545455 3.88
      vertex 4.008728859792689 0.04800872885979269 3.88
    endloop
  endfacet
  facet normal 0 0 1
    outer loop
      vertex 1.0021822149481725 0.012002182214948172 3.88
      vertex 2.0043644298963446 0.024004364429896344 3.88
      vertex 1.05 0.06 3.88
    endloop
  endfacet
  facet normal 0 -1 0
    outer loop
      vertex 1.05 0.06 3.88
      vertex 1.95 0.06 4
      vertex 1.05 0.06 4
    endloop
  endfacet
  facet normal 0 0 1
    outer loop
      vertex 1.05 0.06 3.88
      vertex 2.0043644298963446 0.024004364429896344 3.88
      vertex 1.95 0.06 3.88
    endloop
  endfacet
  facet normal 0 -1 0
    outer loop
      vertex 1.05 0.06 3.88
      vertex 1.95 0.06 3.88
      vertex 1.95 0.06 4
    endloop
  endfacet
  facet normal 0 0 1
    outer loop
      vertex 1.95 0.06 3.88
      vertex 2.0043644298963446 0.024004364429896344 3.88
      vertex 2.0109090909090908 0.06 3.88
    endloop
  endfacet
  facet normal 0 0 1
    outer loop
      vertex 2.0043644298963446 0.024004364429896344 3.88
      vertex 3.006546644844517 0.03600654664484452 3.88
      vertex 2.05 0.06 3.88
    endloop
  endfacet
  facet normal 0 -1 0
    outer loop
      vertex 2.05 0.06 3.88
      vertex 2.95 0.06 4
      vertex 2.05 0.06 4
    endloop
  endfacet
  facet normal 0 -1 0
    outer loop
      vertex 2.05 0.06 3.88
      vertex 2.95 0.06 3.88
      vertex 2.95 0.06 4
    endloop
  endfacet
  facet normal 0 0 1
    outer loop
      vertex 2.05 0.06 3.88
      vertex 3.006546644844517 0.03600654664484452 3.88
      vertex 2.95 0.06 3.88
    endloop
  endfacet
  facet normal 0 0 1
    outer loop
      vertex -0.06 -0.06 3.88
      vertex 4.006485888212507 0.035672385168788054 3.88
      vertex 4.95 0.05854545454545455 3.88
    endloop
  endfacet
  facet normal 0 0 1
    outer loop
      vertex 2.95 0.06 3.88
      vertex 3.006546644844517 0.03600654664484452 3.88
      vertex 3.0109090909090908 0.06 3.88
    endloop
  endfacet
  facet normal 0 0 1
    outer loop
      vertex 3.006546644844517 0.03600654664484452 3.88
      vertex 4.008728859792689 0.04800872885979269 3.88
      vertex 3.05 0.06 3.88
    endloop
  endfacet
  facet normal 0 -1 0
    outer loop
      vertex 3.05 0.06 3.88
      vertex 3.95 0.06 4
      vertex 3.05 0.06 4
    endloop
  endfacet
  facet normal 0 0 1
    outer loop
      vertex 3.05 0.06 3.88
      vertex 4.008728859792689 0.04800872885979269 3.88
      vertex 3.95 0.06 3.88
    endloop
  endfacet
  facet normal 0 -1 0
    outer loop
      vertex 3.05 0.06 3.88
      vertex 3.95 0.06 3.88
      vertex 3.95 0.06 4
    endloop
  endfacet
  facet normal 0 0 1
    outer loop
      vertex 3.95 0.06 3.88
      vertex 4.008728859792689 0.04800872885979269 3.88
      vertex 4.010909090909091 0.06 3.88
    endloop
  endfacet
  facet normal 0 0 1
    outer loop
      vertex 4.05 -0.06 3.88
      vertex 4.95 0.05854545454545455 3.88
      vertex 4.006485888212507 0.035672385168788054 3.88
    endloop
  endfacet
  facet normal 0 0 1
    outer loop
      vertex 4.008728859792689 0.04800872885979269 3.88
      vertex 4.95 0.05854545454545455 3.88
      vertex 4.05 0.06 3.88
    endloop
  endfacet
  facet normal 0 -1 0
    outer loop
      vertex 4.05 0.06 3.88
      vertex 4.95 0.06 4
      vertex 4.05 0.06 4
    endloop
  endfacet
  facet normal 0 0 1
    outer loop
      vertex 4.05 0.06 3.88
      vertex 4.95 0.05854545454545455 3.88
      vertex 4.95 0.06 3.88
    endloop
  endfacet
  facet normal 0 -1 0
    outer loop
      vertex 4.05 0.06 3.88
      vertex 4.95 0.06 3.88
      vertex 4.95 0.06 4
    endloop
  endfacet
  facet normal 0 -1 0
    outer loop
      vertex 4.95 0.06 3.88
      vertex 4.609999999999999 0.06 4
      vertex 4.7299999999999995 0.06 3.88
    endloop
  endfacet
  facet normal 0 -1 0
    outer loop
      vertex 4.95 0.06 3.88
      vertex 4.95 0.06 4
      vertex 4.609999999999999 0.06 4
    endloop
  endfacet
  facet normal 0 0 1
    outer loop
      vertex 4.95 -0.06 3.88
      vertex 4.95 0.05854545454545455 3.88
      vertex 4.7299999999999995 0.06 3.88
    endloop
  endfacet
  facet normal 0 0 1
    outer loop
      vertex 4.95 0.06 3.88
      vertex 4.7299999999999995 0.06 3.88
      vertex 4.95 0.05854545454545455 3.88
    endloop
  endfacet
  facet normal 0 0 1
    outer loop
      vertex -0.06 -24.95 3.88
      vertex -0.05971142284569137 -24.95 3.88
      vertex -0.06 -24.05 3.88
    endloop
  endfacet
  facet normal 0 0 1
    outer loop
      vertex -0.05971142284569137 -24.95 3.88
      vertex -0.05519054739068596 -24.010034644980124 3.88
      vertex -0.06 -24.05 3.88
    endloop
  endfacet
  facet normal 1 0 0
    outer loop
      vertex -0.06 -24.95 3.88
      vertex -0.06 -24.05 3.88
      vertex -0.06 -24.05 4
    endloop
  endfacet
  facet normal 1 0 0
    outer loop
      vertex -0.06 -24.95 3.88
      vertex -0.06 -24.05 4
      vertex -0.06 -24.95 4
    endloop
  endfacet
  facet normal 0 0 1
    outer loop
      vertex -0.06 -24.01090909090909 3.88
      vertex -0.05519054739068596 -24.010034644980124 3.88
      vertex -0.06 -23.95 3.88
    endloop
  endfacet
  facet normal 0 0 1
    outer loop
      vertex -0.06 -23.95 3.88
      vertex -0.05519054739068596 -24.010034644980124 3.88
      vertex -0.06 -23.05 3.88
    endloop
  endfacet
  facet normal 1 0 0
    outer loop
      vertex -0.06 -23.95 3.88
      vertex -0.06 -23.05 4
      vertex -0.06 -23.95 4
    endloop
  endfacet
  facet normal 0 0 1
    outer loop
      vertex -0.05519054739068596 -24.010034644980124 3.88
      vertex -0.05037671857335618 -23.009159403376973 3.88
      vertex -0.06 -23.05 3.88
    endloop
  endfacet
  facet normal 1 0 0
    outer loop
      vertex -0.06 -23.95 3.88
      vertex -0.06 -23.05 3.88
      vertex -0.06 -23.05 4
    endloop
  endfacet
  facet normal 0 0 1
    outer loop
      vertex -0.06 -23.01090909090909 3.88
      vertex -0.05037671857335618 -23.009159403376973 3.88
      vertex -0.06 -22.95 3.88
    endloop
  endfacet
  facet normal 0 0 1
    outer loop
      vertex -0.06 -22.95 3.88
      vertex -0.05037671857335618 -23.009159403376973 3.88
      vertex -0.06 -22.05 3.88
    endloop
  endfacet
  facet normal 0 0 1
    outer loop
      vertex -0.05037671857335618 -23.009159403376973 3.88
      vertex -0.045562889756026397 -22.008284161773823 3.88
      vertex -0.06 -22.05 3.88
    endloop
  endfacet
  facet normal 1 0 0
    outer loop
      vertex -0.06 -22.95 3.88
      vertex -0.06 -22.05 3.88
      vertex -0.06 -22.05 4
    endloop
  endfacet
  facet normal 0 0 1
    outer loop
      vertex -0.06 -22.01090909090909 3.88
      vertex -0.045562889756026397 -22.008284161773823 3.88
      vertex -0.06 -21.95 3.88
    endloop
  endfacet
  facet normal 1 0 0
    outer loop
      vertex -0.06 -22.95 3.88
      vertex -0.06 -22.05 4
      vertex -0.06 -22.95 4
    endloop
  endfacet
  facet normal 0 0 1
    outer loop
      vertex -0.06 -21.95 3.88
      vertex -0.045562889756026397 -22.008284161773823 3.88
      vertex -0.06 -21.05 3.88
    endloop
  endfacet
  facet normal 0 0 1
    outer loop
      vertex -0.045562889756026397 -22.008284161773823 3.88
      vertex -0.04074906093869662 -21.007408920170672 3.88
      vertex -0.06 -21.05 3.88
    endloop
  endfacet
  facet normal 1 0 0
    outer loop
      vertex -0.06 -21.95 3.88
      vertex -0.06 -21.05 3.88
      vertex -0.06 -21.05 4
    endloop
  endfacet
  facet normal 1 0 0
    outer loop
      vertex -0.06 -21.95 3.88
      vertex -0.06 -21.05 4
      vertex -0.06 -21.95 4
    endloop
  endfacet
  facet normal 0 0 1
    outer loop
      vertex -0.06 -21.01090909090909 3.88
      vertex -0.04074906093869662 -21.007408920170672 3.88
      vertex -0.06 -20.95 3.88
    endloop
  endfacet
  facet normal 0 0 1
    outer loop
      vertex -0.06 -20.95 3.88
      vertex -0.04074906093869662 -21.007408920170672 3.88
      vertex -0.06 -20.05 3.88
    endloop
  endfacet
  facet normal 0 0 1
    outer loop
      vertex -0.04074906093869662 -21.007408920170672 3.88
      vertex -0.03593523212136683 -20.00653367856752 3.88
      vertex -0.06 -20.05 3.88
    endloop
  endfacet
  facet normal 1 0 0
    outer loop
      vertex -0.06 -20.95 3.88
      vertex -0.06 -20.05 3.88
      vertex -0.06 -20.05 4
    endloop
  endfacet
  facet normal 1 0 0
    outer loop
      vertex -0.06 -20.95 3.88
      vertex -0.06 -20.05 4
      vertex -0.06 -20.95 4
    endloop
  endfacet
  facet normal 0 0 1
    outer loop
      vertex -0.06 -20.01090909090909 3.88
      vertex -0.03593523212136683 -20.00653367856752 3.88
      vertex -0.06 -19.95 3.88
    endloop
  endfacet
  facet normal 0 0 1
    outer loop
      vertex -0.03593523212136683 -20.00653367856752 3.88
      vertex -0.06 -19.05 3.88
      vertex -0.06 -19.95 3.88
    endloop
  endfacet
  facet normal 1 0 0
    outer loop
      vertex -0.06 -19.95 3.88
      vertex -0.06 -19.05 4
      vertex -0.06 -19.95 4
    endloop
  endfacet
  facet normal 0 0 1
    outer loop
      vertex -0.03593523212136683 -20.00653367856752 3.88
      vertex -0.031121403304037048 -19.00565843696437 3.88
      vertex -0.06 -19.05 3.88
    endloop
  endfacet
  facet normal 1 0 0
    outer loop
      vertex -0.06 -19.95 3.88
      vertex -0.06 -19.05 3.88
      vertex -0.06 -19.05 4
    endloop
  endfacet
  facet normal 0 0 1
    outer loop
      vertex -0.06 -19.01090909090909 3.88
      vertex -0.031121403304037048 -19.00565843696437 3.88
      vertex -0.06 -18.95 3.88
    endloop
  endfacet
  facet normal 0 0 1
    outer loop
      vertex -0.06 -18.95 3.88
      vertex -0.031121403304037048 -19.00565843696437 3.88
      vertex -0.06 -18.05 3.88
    endloop
  endfacet
  facet normal 0 0 1
    outer loop
      vertex -0.031121403304037048 -19.00565843696437 3.88
      vertex -0.026307574486707265 -18.00478319536122 3.88
      vertex -0.06 -18.05 3.88
    endloop
  endfacet
  facet normal 0 0 1
    outer loop
      vertex -0.06 -18.01090909090909 3.88
      vertex -0.026307574486707265 -18.00478319536122 3.88
      vertex -0.06 -17.95 3.88
    endloop
  endfacet
  facet normal 1 0 0
    outer loop
      vertex -0.06 -18.95 3.88
      vertex -0.06 -18.05 3.88
      vertex -0.06 -18.05 4
    endloop
  endfacet
  facet normal 1 0 0
    outer loop
      vertex -0.06 -18.95 3.88
      vertex -0.06 -18.05 4
      vertex -0.06 -18.95 4
    endloop
  endfacet
  facet normal 0 0 1
    outer loop
      vertex -0.026307574486707265 -18.00478319536122 3.88
      vertex -0.06 -17.05 3.88
      vertex -0.06 -17.95 3.88
    endloop
  endfacet
  facet normal 0 0 1
    outer loop
      vertex -0.026307574486707265 -18.00478319536122 3.88
      vertex -0.02149374566937748 -17.00390795375807 3.88
      vertex -0.06 -17.05 3.88
    endloop
  endfacet
  facet normal 1 0 0
    outer loop
      vertex -0.06 -17.95 3.88
      vertex -0.06 -17.05 3.88
      vertex -0.06 -17.05 4
    endloop
  endfacet
  facet normal 1 0 0
    outer loop
      vertex -0.06 -17.95 3.88
      vertex -0.06 -17.05 4
      vertex -0.06 -17.95 4
    endloop
  endfacet
  facet normal 0 0 1
    outer loop
      vertex -0.06 -17.01090909090909 3.88
      vertex -0.02149374566937748 -17.00390795375807 3.88
      vertex -0.06 -16.95 3.88
    endloop
  endfacet
  facet normal 0 0 1
    outer loop
      vertex -0.06 -16.95 3.88
      vertex -0.02149374566937748 -17.00390795375807 3.88
      vertex -0.06 -16.05 3.88
    endloop
  endfacet
  facet normal 0 0 1
    outer loop
      vertex -0.05971142284569137 -24.95 3.88
      vertex 0.06 -0.9890909090909091 3.88
      vertex -0.05519054739068596 -24.010034644980124 3.88
    endloop
  endfacet
  facet normal 1 0 0
    outer loop
      vertex -0.06 -16.95 3.88
      vertex -0.06 -16.05 4
      vertex -0.06 -16.95 4
    endloop
  endfacet
  facet normal 0 0 1
    outer loop
      vertex -0.02149374566937748 -17.00390795375807 3.88
      vertex -0.0166799168520477 -16.00303271215492 3.88
      vertex -0.06 -16.05 3.88
    endloop
  endfacet
  facet normal 1 0 0
    outer loop
      vertex -0.06 -16.95 3.88
      vertex -0.06 -16.05 3.88
      vertex -0.06 -16.05 4
    endloop
  endfacet
  facet normal 0 0 1
    outer loop
      vertex -0.06 -16.01090909090909 3.88
      vertex -0.0166799168520477 -16.00303271215492 3.88
      vertex -0.06 -15.95 3.88
    endloop
  endfacet
  facet normal 0 0 1
    outer loop
      vertex -0.06 -15.95 3.88
      vertex -0.0166799168520477 -16.00303271215492 3.88
      vertex -0.06 -15.05 3.88
    endloop
  endfacet
  facet normal 0 0 1
    outer loop
      vertex -0.05519054739068596 -24.010034644980124 3.88
      vertex 0.06 -0.9890909090909091 3.88
      vertex -0.05037671857335618 -23.009159403376973 3.88
    endloop
  endfacet
  facet normal 1 0 0
    outer loop
      vertex -0.06 -15.95 3.88
      vertex -0.06 -15.05 4
      vertex -0.06 -15.95 4
    endloop
  endfacet
  facet normal 0 0 1
    outer loop
      vertex -0.0166799168520477 -16.00303271215492 3.88
      vertex -0.011866088034717913 -15.002157470551767 3.88
      vertex -0.06 -15.05 3.88
    endloop
  endfacet
  facet normal 0 0 1
    outer loop
      vertex -0.05037671857335618 -23.009159403376973 3.88
      vertex 0.06 -0.9890909090909091 3.88
      vertex -0.045562889756026397 -22.008284161773823 3.88
    endloop
  endfacet
  facet normal 1 0 0
    outer loop
      vertex -0.06 -15.95 3.88
      vertex -0.06 -15.05 3.88
      vertex -0.06 -15.05 4
    endloop
  endfacet
  facet normal 0 0 1
    outer loop
      vertex -0.06 -15.010909090909092 3.88
      vertex -0.011866088034717913 -15.002157470551767 3.88
      vertex -0.06 -14.95 3.88
    endloop
  endfacet
  facet normal 0 0 1
    outer loop
      vertex -0.06 -14.95 3.88
      vertex -0.011866088034717913 -15.002157470551767 3.88
      vertex -0.06 -14.05 3.88
    endloop
  endfacet
  facet normal 0 0 1
    outer loop
      vertex -0.045562889756026397 -22.008284161773823 3.88
      vertex 0.06 -0.9890909090909091 3.88
      vertex -0.04074906093869662 -21.007408920170672 3.88
    endloop
  endfacet
  facet normal 0 0 1
    outer loop
      vertex -0.011866088034717913 -15.002157470551767 3.88
      vertex -0.0070522592173881335 -14.001282228948616 3.88
      vertex -0.06 -14.05 3.88
    endloop
  endfacet
  facet normal 1 0 0
    outer loop
      vertex -0.06 -14.95 3.88
      vertex -0.06 -14.05 3.88
      vertex -0.06 -14.05 4
    endloop
  endfacet
  facet normal 1 0 0
    outer loop
      vertex -0.06 -14.95 3.88
      vertex -0.06 -14.05 4
      vertex -0.06 -14.95 4
    endloop
  endfacet
  facet normal 0 0 1
    outer loop
      vertex -0.06 -14.010909090909092 3.88
      vertex -0.0070522592173881335 -14.001282228948616 3.88
      vertex -0.06 -13.95 3.88
    endloop
  endfacet
  facet normal 0 0 1
    outer loop
      vertex -0.04074906093869662 -21.007408920170672 3.88
      vertex 0.06 -0.9890909090909091 3.88
      vertex -0.03593523212136683 -20.00653367856752 3.88
    endloop
  endfacet
  facet normal 0 0 1
    outer loop
      vertex -0.06 -13.95 3.88
      vertex -0.0070522592173881335 -14.001282228948616 3.88
      vertex -0.06 -13.05 3.88
    endloop
  endfacet
  facet normal 0 0 1
    outer loop
      vertex -0.0070522592173881335 -14.001282228948616 3.88
      vertex -0.002238430400058347 -13.000406987345466 3.88
      vertex -0.06 -13.05 3.88
    endloop
  endfacet
  facet normal 0 0 1
    outer loop
      vertex -0.03593523212136683 -20.00653367856752 3.88
      vertex 0.06 -0.9890909090909091 3.88
      vertex -0.031121403304037048 -19.00565843696437 3.88
    endloop
  endfacet
  facet normal 1 0 0
    outer loop
      vertex -0.06 -13.95 3.88
      vertex -0.06 -13.05 3.88
      vertex -0.06 -13.05 4
    endloop
  endfacet
  facet normal 1 0 0
    outer loop
      vertex -0.06 -13.95 3.88
      vertex -0.06 -13.05 4
      vertex -0.06 -13.95 4
    endloop
  endfacet
  facet normal 0 0 1
    outer loop
      vertex -0.06 -13.010909090909092 3.88
      vertex -0.002238430400058347 -13.000406987345466 3.88
      vertex -0.06 -12.95 3.88
    endloop
  endfacet
  facet normal 0 0 1
    outer loop
      vertex -0.06 -12.95 3.88
      vertex -0.002238430400058347 -13.000406987345466 3.88
      vertex -0.06 -12.05 3.88
    endloop
  endfacet
  facet normal 1 0 0
    outer loop
      vertex -0.06 -12.95 3.88
      vertex -0.06 -12.05 4
      vertex -0.06 -12.95 4
    endloop
  endfacet
  facet normal 0 0 1
    outer loop
      vertex -0.002238430400058347 -13.000406987345466 3.88
      vertex 0.002575398417271446 -11.999531745742313 3.88
      vertex -0.06 -12.05 3.88
    endloop
  endfacet
  facet normal 1 0 0
    outer loop
      vertex -0.06 -12.95 3.88
      vertex -0.06 -12.05 3.88
      vertex -0.06 -12.05 4
    endloop
  endfacet
  facet normal 0 0 1
    outer loop
      vertex -0.06 -12.010909090909092 3.88
      vertex 0.002575398417271446 -11.999531745742313 3.88
      vertex -0.06 -11.95 3.88
    endloop
  endfacet
  facet normal 0 0 1
    outer loop
      vertex -0.06 -11.95 3.88
      vertex 0.002575398417271446 -11.999531745742313 3.88
      vertex -0.06 -11.05 3.88
    endloop
  endfacet
  facet normal 0 0 1
    outer loop
      vertex -0.06 -11.05 3.88
      vertex 0.002575398417271446 -11.999531745742313 3.88
      vertex 0.0073892272346012255 -10.998656504139163 3.88
    endloop
  endfacet
  facet normal 1 0 0
    outer loop
      vertex -0.06 -11.95 3.88
      vertex -0.06 -11.05 3.88
      vertex -0.06 -11.05 4
    endloop
  endfacet
  facet normal 0 0 1
    outer loop
      vertex -0.06 -11.010909090909092 3.88
      vertex 0.0073892272346012255 -10.998656504139163 3.88
      vertex -0.06 -10.95 3.88
    endloop
  endfacet
  facet normal 1 0 0
    outer loop
      vertex -0.06 -11.95 3.88
      vertex -0.06 -11.05 4
      vertex -0.06 -11.95 4
    endloop
  endfacet
  facet normal 0 0 1
    outer loop
      vertex -0.06 -10.95 3.88
      vertex 0.0073892272346012255 -10.998656504139163 3.88
      vertex -0.06 -10.05 3.88
    endloop
  endfacet
  facet normal 0 0 1
    outer loop
      vertex -0.06 -10.05 3.88
      vertex 0.0073892272346012255 -10.998656504139163 3.88
      vertex 0.012203056051931012 -9.997781262536012 3.88
    endloop
  endfacet
  facet normal 1 0 0
    outer loop
      vertex -0.06 -10.95 3.88
      vertex -0.06 -10.05 3.88
      vertex -0.06 -10.05 4
    endloop
  endfacet
  facet normal 1 0 0
    outer loop
      vertex -0.06 -10.95 3.88
      vertex -0.06 -10.05 4
      vertex -0.06 -10.95 4
    endloop
  endfacet
  facet normal 0 0 1
    outer loop
      vertex -0.06 -10.010909090909092 3.88
      vertex 0.012203056051931012 -9.997781262536012 3.88
      vertex -0.06 -9.95 3.88
    endloop
  endfacet
  facet normal 0 0 1
    outer loop
      vertex -0.06 -9.95 3.88
      vertex 0.012203056051931012 -9.997781262536012 3.88
      vertex -0.06 -9.05 3.88
    endloop
  endfacet
  facet normal 1 0 0
    outer loop
      vertex -0.06 -9.95 3.88
      vertex -0.06 -9.05 4
      vertex -0.06 -9.95 4
    endloop
  endfacet
  facet normal 0 0 1
    outer loop
      vertex -0.06 -9.05 3.88
      vertex 0.012203056051931012 -9.997781262536012 3.88
      vertex 0.017016884869260798 -8.996906020932862 3.88
    endloop
  endfacet
  facet normal 0 0 1
    outer loop
      vertex -0.06 -9.010909090909092 3.88
      vertex 0.017016884869260798 -8.996906020932862 3.88
      vertex -0.06 -8.95 3.88
    endloop
  endfacet
  facet normal 1 0 0
    outer loop
      vertex -0.06 -9.95 3.88
      vertex -0.06 -9.05 3.88
      vertex -0.06 -9.05 4
    endloop
  endfacet
  facet normal 0 0 1
    outer loop
      vertex -0.06 -8.95 3.88
      vertex 0.017016884869260798 -8.996906020932862 3.88
      vertex -0.06 -8.05 3.88
    endloop
  endfacet
  facet normal 1 0 0
    outer loop
      vertex -0.06 -8.95 3.88
      vertex -0.06 -8.05 4
      vertex -0.06 -8.95 4
    endloop
  endfacet
  facet normal 0 0 1
    outer loop
      vertex -0.06 -8.05 3.88
      vertex 0.017016884869260798 -8.996906020932862 3.88
      vertex 0.021830713686590564 -7.996030779329711 3.88
    endloop
  endfacet
  facet normal 1 0 0
    outer loop
      vertex -0.06 -8.95 3.88
      vertex -0.06 -8.05 3.88
      vertex -0.06 -8.05 4
    endloop
  endfacet
  facet normal 0 0 1
    outer loop
      vertex -0.06 -8.010909090909092 3.88
      vertex 0.021830713686590564 -7.996030779329711 3.88
      vertex -0.06 -7.95 3.88
    endloop
  endfacet
  facet normal 0 0 1
    outer loop
      vertex -0.06 -7.95 3.88
      vertex 0.021830713686590564 -7.996030779329711 3.88
      vertex -0.06 -7.05 3.88
    endloop
  endfacet
  facet normal 0 0 1
    outer loop
      vertex -0.06 -7.05 3.88
      vertex 0.021830713686590564 -7.996030779329711 3.88
      vertex 0.02664454250392035 -6.99515553772656 3.88
    endloop
  endfacet
  facet normal 1 0 0
    outer loop
      vertex -0.06 -7.95 3.88
      vertex -0.06 -7.05 3.88
      vertex -0.06 -7.05 4
    endloop
  endfacet
  facet normal 1 0 0
    outer loop
      vertex -0.06 -7.95 3.88
      vertex -0.06 -7.05 4
      vertex -0.06 -7.95 4
    endloop
  endfacet
  facet normal 0 0 1
    outer loop
      vertex -0.06 -7.010909090909091 3.88
      vertex 0.02664454250392035 -6.99515553772656 3.88
      vertex -0.06 -6.95 3.88
    endloop
  endfacet
  facet normal 0 0 1
    outer loop
      vertex -0.06 -6.95 3.88
      vertex 0.02664454250392035 -6.99515553772656 3.88
      vertex -0.06 -6.05 3.88
    endloop
  endfacet
  facet normal 0 0 1
    outer loop
      vertex -0.06 -6.05 3.88
      vertex 0.02664454250392035 -6.99515553772656 3.88
      vertex 0.031458371321250136 -5.994280296123409 3.88
    endloop
  endfacet
  facet normal 1 0 0
    outer loop
      vertex -0.06 -6.95 3.88
      vertex -0.06 -6.05 3.88
      vertex -0.06 -6.05 4
    endloop
  endfacet
  facet normal 1 0 0
    outer loop
      vertex -0.06 -6.95 3.88
      vertex -0.06 -6.05 4
      vertex -0.06 -6.95 4
    endloop
  endfacet
  facet normal 0 0 1
    outer loop
      vertex -0.06 -6.010909090909091 3.88
      vertex 0.031458371321250136 -5.994280296123409 3.88
      vertex -0.06 -5.95 3.88
    endloop
  endfacet
  facet normal 0 0 1
    outer loop
      vertex -0.06 -5.95 3.88
      vertex 0.031458371321250136 -5.994280296123409 3.88
      vertex -0.06 -5.05 3.88
    endloop
  endfacet
  facet normal 1 0 0
    outer loop
      vertex -0.06 -5.95 3.88
      vertex -0.06 -5.05 4
      vertex -0.06 -5.95 4
    endloop
  endfacet
  facet normal 1 0 0
    outer loop
      vertex -0.06 -5.95 3.88
      vertex -0.06 -5.05 3.88
      vertex -0.06 -5.05 4
    endloop
  endfacet
  facet normal 0 0 1
    outer loop
      vertex -0.06 -5.010909090909091 3.88
      vertex 0.036272200138579916 -4.993405054520259 3.88
      vertex -0.06 -4.95 3.88
    endloop
  endfacet
  facet normal 0 0 1
    outer loop
      vertex -0.06 -4.95 3.88
      vertex 0.036272200138579916 -4.993405054520259 3.88
      vertex -0.06 -4.05 3.88
    endloop
  endfacet
  facet normal 1 0 0
    outer loop
      vertex -0.06 -4.95 3.88
      vertex -0.06 -4.05 3.88
      vertex -0.06 -4.05 4
    endloop
  endfacet
  facet normal 0 0 1
    outer loop
      vertex -0.06 -4.010909090909091 3.88
      vertex 0.0410860289559097 -3.9925298129171076 3.88
      vertex -0.06 -3.95 3.88
    endloop
  endfacet
  facet normal 1 0 0
    outer loop
      vertex -0.06 -4.95 3.88
      vertex -0.06 -4.05 4
      vertex -0.06 -4.95 4
    endloop
  endfacet
  facet normal 0 0 1
    outer loop
      vertex -0.06 -3.95 3.88
      vertex 0.0410860289559097 -3.9925298129171076 3.88
      vertex -0.06 -3.05 3.88
    endloop
  endfacet
  facet normal 1 0 0
    outer loop
      vertex -0.06 -3.95 3.88
      vertex -0.06 -3.05 3.88
      vertex -0.06 -3.05 4
    endloop
  endfacet
  facet normal 1 0 0
    outer loop
      vertex -0.06 -3.95 3.88
      vertex -0.06 -3.05 4
      vertex -0.06 -3.95 4
    endloop
  endfacet
  facet normal 0 0 1
    outer loop
      vertex -0.06 -3.0109090909090908 3.88
      vertex 0.04589985777323949 -2.9916545713139566 3.88
      vertex -0.06 -2.95 3.88
    endloop
  endfacet
  facet normal 0 0 1
    outer loop
      vertex -0.06 -2.95 3.88
      vertex 0.04589985777323949 -2.9916545713139566 3.88
      vertex -0.06 -2.05 3.88
    endloop
  endfacet
  facet normal 1 0 0
    outer loop
      vertex -0.06 -2.95 3.88
      vertex -0.06 -2.05 3.88
      vertex -0.06 -2.05 4
    endloop
  endfacet
  facet normal 1 0 0
    outer loop
      vertex -0.06 -2.95 3.88
      vertex -0.06 -2.05 4
      vertex -0.06 -2.95 4
    endloop
  endfacet
  facet normal 0 0 1
    outer loop
      vertex -0.06 -2.0109090909090908 3.88
      vertex 0.05071368659056927 -1.9907793297108054 3.88
      vertex -0.06 -1.95 3.88
    endloop
  endfacet
  facet normal 0 0 1
    outer loop
      vertex -0.06 -1.95 3.88
      vertex 0.05071368659056927 -1.9907793297108054 3.88
      vertex -0.06 -1.05 3.88
    endloop
  endfacet
  facet normal 1 0 0
    outer loop
      vertex -0.06 -1.95 3.88
      vertex -0.06 -1.05 4
      vertex -0.06 -1.95 4
    endloop
  endfacet
  facet normal 1 0 0
    outer loop
      vertex -0.06 -1.95 3.88
      vertex -0.06 -1.05 3.88
      vertex -0.06 -1.05 4
    endloop
  endfacet
  facet normal 0 0 1
    outer loop
      vertex -0.06 -1.010909090909091 3.88
      vertex 0.055527515407899054 -0.9899040881076547 3.88
      vertex -0.06 -0.95 3.88
    endloop
  endfacet
  facet normal 0 0 1
    outer loop
      vertex -0.06 -0.95 3.88
      vertex 0.055527515407899054 -0.9899040881076547 3.88
      vertex -0.06 -0.06 3.88
    endloop
  endfacet
  facet normal 1 0 0
    outer loop
      vertex -0.06 -0.95 3.88
      vertex -0.06 -0.06 3.88
      vertex -0.06 -0.06 4
    endloop
  endfacet
  facet normal 1 0 0
    outer loop
      vertex -0.06 -0.95 3.88
      vertex -0.06 -0.06 4
      vertex -0.06 -0.95 4
    endloop
  endfacet
  facet normal 0 0 1
    outer loop
      vertex -0.06 0.06 3.88
      vertex -0.055527515407899054 0.9899040881076547 3.88
      vertex -0.06 0.95 3.88
    endloop
  endfacet
  facet normal 0 0 1
    outer loop
      vertex -0.06 0.06 3.88
      vertex 0.06 0.95 3.88
      vertex -0.055527515407899054 0.9899040881076547 3.88
    endloop
  endfacet
  facet normal 1 0 0
    outer loop
      vertex -0.06 0.06 3.88
      vertex -0.06 0.95 3.88
      vertex -0.06 0.95 4
    endloop
  endfacet
  facet normal 1 0 0
    outer loop
      vertex -0.06 0.06 3.88
      vertex -0.06 0.95 4
      vertex -0.06 0.06 4
    endloop
  endfacet
  facet normal 0 0 1
    outer loop
      vertex -0.06 0.95 3.88
      vertex -0.055527515407899054 0.9899040881076547 3.88
      vertex -0.05071368659056927 1.9907793297108054 3.88
    endloop
  endfacet
  facet normal 1 0 0
    outer loop
      vertex -0.06 1.05 3.88
      vertex -0.06 1.95 4
      vertex -0.06 1.05 4
    endloop
  endfacet
  facet normal 0 0 1
    outer loop
      vertex -0.055527515407899054 0.9899040881076547 3.88
      vertex 0.06 1.95 3.88
      vertex -0.05071368659056927 1.9907793297108054 3.88
    endloop
  endfacet
  facet normal 1 0 0
    outer loop
      vertex -0.06 1.05 3.88
      vertex -0.06 1.95 3.88
      vertex -0.06 1.95 4
    endloop
  endfacet
  facet normal 0 0 1
    outer loop
      vertex -0.06 0.95 3.88
      vertex -0.05071368659056927 1.9907793297108054 3.88
      vertex -0.04589985777323949 2.9916545713139566 3.88
    endloop
  endfacet
  facet normal 0 0 1
    outer loop
      vertex -0.06 0.95 3.88
      vertex -0.04589985777323949 2.9916545713139566 3.88
      vertex -0.0410860289559097 3.9925298129171076 3.88
    endloop
  endfacet
  facet normal 0 0 1
    outer loop
      vertex -0.05071368659056927 1.9907793297108054 3.88
      vertex 0.06 2.95 3.88
      vertex -0.04589985777323949 2.9916545713139566 3.88
    endloop
  endfacet
  facet normal 1 0 0
    outer loop
      vertex -0.06 2.05 3.88
      vertex -0.06 2.95 3.88
      vertex -0.06 2.95 4
    endloop
  endfacet
  facet normal 1 0 0
    outer loop
      vertex -0.06 2.05 3.88
      vertex -0.06 2.95 4
      vertex -0.06 2.05 4
    endloop
  endfacet
  facet normal 0 0 1
    outer loop
      vertex -0.06 0.95 3.88
      vertex -0.0410860289559097 3.9925298129171076 3.88
      vertex -0.036272200138579916 4.993405054520259 3.88
    endloop
  endfacet
  facet normal 0 0 1
    outer loop
      vertex -0.04589985777323949 2.9916545713139566 3.88
      vertex 0.06 3.95 3.88
      vertex -0.0410860289559097 3.9925298129171076 3.88
    endloop
  endfacet
  facet normal 1 0 0
    outer loop
      vertex -0.06 3.05 3.88
      vertex -0.06 3.95 3.88
      vertex -0.06 3.95 4
    endloop
  endfacet
  facet normal 1 0 0
    outer loop
      vertex -0.06 3.05 3.88
      vertex -0.06 3.95 4
      vertex -0.06 3.05 4
    endloop
  endfacet
  facet normal 0 0 1
    outer loop
      vertex -0.06 0.95 3.88
      vertex -0.036272200138579916 4.993405054520259 3.88
      vertex -0.031458371321250136 5.994280296123409 3.88
    endloop
  endfacet
  facet normal 0 0 1
    outer loop
      vertex -0.06 0.95 3.88
      vertex -0.031458371321250136 5.994280296123409 3.88
      vertex -0.02664454250392035 6.99515553772656 3.88
    endloop
  endfacet
  facet normal 0 0 1
    outer loop
      vertex -0.0410860289559097 3.9925298129171076 3.88
      vertex 0.06 4.95 3.88
      vertex -0.036272200138579916 4.993405054520259 3.88
    endloop
  endfacet
  facet normal 1 0 0
    outer loop
      vertex -0.06 4.05 3.88
      vertex -0.06 4.95 3.88
      vertex -0.06 4.95 4
    endloop
  endfacet
  facet normal 1 0 0
    outer loop
      vertex -0.06 4.05 3.88
      vertex -0.06 4.95 4
      vertex -0.06 4.05 4
    endloop
  endfacet
  facet normal 0 0 1
    outer loop
      vertex -0.06 0.95 3.88
      vertex -0.02664454250392035 6.99515553772656 3.88
      vertex -0.021830713686590564 7.996030779329711 3.88
    endloop
  endfacet
  facet normal 1 0 0
    outer loop
      vertex -0.06 5.05 3.88
      vertex -0.06 5.95 4
      vertex -0.06 5.05 4
    endloop
  endfacet
  facet normal 0 0 1
    outer loop
      vertex -0.036272200138579916 4.993405054520259 3.88
      vertex 0.06 5.95 3.88
      vertex -0.031458371321250136 5.994280296123409 3.88
    endloop
  endfacet
  facet normal 1 0 0
    outer loop
      vertex -0.06 5.05 3.88
      vertex -0.06 5.95 3.88
      vertex -0.06 5.95 4
    endloop
  endfacet
  facet normal 0 0 1
    outer loop
      vertex -0.06 0.95 3.88
      vertex -0.021830713686590564 7.996030779329711 3.88
      vertex -0.017016884869260798 8.996906020932862 3.88
    endloop
  endfacet
  facet normal 0 0 1
    outer loop
      vertex -0.06 0.95 3.88
      vertex -0.017016884869260798 8.996906020932862 3.88
      vertex -0.012203056051931012 9.997781262536012 3.88
    endloop
  endfacet
  facet normal 1 0 0
    outer loop
      vertex -0.06 6.05 3.88
      vertex -0.06 6.95 3.88
      vertex -0.06 6.95 4
    endloop
  endfacet
  facet normal 1 0 0
    outer loop
      vertex -0.06 6.05 3.88
      vertex -0.06 6.95 4
      vertex -0.06 6.05 4
    endloop
  endfacet
  facet normal 0 0 1
    outer loop
      vertex -0.06 0.95 3.88
      vertex -0.012203056051931012 9.997781262536012 3.88
      vertex -0.0073892272346012255 10.998656504139163 3.88
    endloop
  endfacet
  facet normal 1 0 0
    outer loop
      vertex -0.06 7.05 3.88
      vertex -0.06 7.95 3.88
      vertex -0.06 7.95 4
    endloop
  endfacet
  facet normal 1 0 0
    outer loop
      vertex -0.06 7.05 3.88
      vertex -0.06 7.95 4
      vertex -0.06 7.05 4
    endloop
  endfacet
  facet normal 0 0 1
    outer loop
      vertex -0.06 0.95 3.88
      vertex -0.0073892272346012255 10.998656504139163 3.88
      vertex -0.002575398417271446 11.999531745742313 3.88
    endloop
  endfacet
  facet normal 1 0 0
    outer loop
      vertex -0.06 8.05 3.88
      vertex -0.06 8.95 4
      vertex -0.06 8.05 4
    endloop
  endfacet
  facet normal 0 0 1
    outer loop
      vertex -0.06 0.95 3.88
      vertex 0.05519054739068596 24.010034644980124 3.88
      vertex -0.06 0.9890909090909091 3.88
    endloop
  endfacet
  facet normal 0 0 1
    outer loop
      vertex -0.06 0.95 3.88
      vertex -0.002575398417271446 11.999531745742313 3.88
      vertex 0.002238430400058347 13.000406987345466 3.88
    endloop
  endfacet
  facet normal 0 0 1
    outer loop
      vertex -0.06 0.9890909090909091 3.88
      vertex 0.05519054739068596 24.010034644980124 3.88
      vertex -0.06 1.05 3.88
    endloop
  endfacet
  facet normal 1 0 0
    outer loop
      vertex -0.06 8.05 3.88
      vertex -0.06 8.95 3.88
      vertex -0.06 8.95 4
    endloop
  endfacet
  facet normal 0 0 1
    outer loop
      vertex -0.06 1.05 3.88
      vertex 0.05519054739068596 24.010034644980124 3.88
      vertex -0.06 1.95 3.88
    endloop
  endfacet
  facet normal 0 0 1
    outer loop
      vertex -0.06 1.95 3.88
      vertex 0.05519054739068596 24.010034644980124 3.88
      vertex -0.06 1.989090909090909 3.88
    endloop
  endfacet
  facet normal 0 0 1
    outer loop
      vertex -0.06 1.989090909090909 3.88
      vertex 0.05519054739068596 24.010034644980124 3.88
      vertex -0.06 2.05 3.88
    endloop
  endfacet
  facet normal 0 0 1
    outer loop
      vertex -0.06 0.95 3.88
      vertex 0.002238430400058347 13.000406987345466 3.88
      vertex 0.0070522592173881335 14.001282228948616 3.88
    endloop
  endfacet
  facet normal 1 0 0
    outer loop
      vertex -0.06 9.05 3.88
      vertex -0.06 9.95 4
      vertex -0.06 9.05 4
    endloop
  endfacet
  facet normal 0 0 1
    outer loop
      vertex -0.06 2.05 3.88
      vertex 0.05519054739068596 24.010034644980124 3.88
      vertex -0.06 2.95 3.88
    endloop
  endfacet
  facet normal 1 0 0
    outer loop
      vertex -0.06 9.05 3.88
      vertex -0.06 9.95 3.88
      vertex -0.06 9.95 4
    endloop
  endfacet
  facet normal 0 0 1
    outer loop
      vertex -0.06 2.95 3.88
      vertex 0.05519054739068596 24.010034644980124 3.88
      vertex -0.06 2.9890909090909092 3.88
    endloop
  endfacet
  facet normal 0 0 1
    outer loop
      vertex -0.06 2.9890909090909092 3.88
      vertex 0.05519054739068596 24.010034644980124 3.88
      vertex -0.06 3.05 3.88
    endloop
  endfacet
  facet normal 0 0 1
    outer loop
      vertex -0.06 0.95 3.88
      vertex 0.0070522592173881335 14.001282228948616 3.88
      vertex 0.011866088034717913 15.002157470551767 3.88
    endloop
  endfacet
  facet normal 0 0 1
    outer loop
      vertex -0.06 3.05 3.88
      vertex 0.05519054739068596 24.010034644980124 3.88
      vertex -0.06 3.95 3.88
    endloop
  endfacet
  facet normal 0 0 1
    outer loop
      vertex -0.06 3.95 3.88
      vertex 0.05519054739068596 24.010034644980124 3.88
      vertex -0.06 3.9890909090909092 3.88
    endloop
  endfacet
  facet normal 0 0 1
    outer loop
      vertex -0.06 3.9890909090909092 3.88
      vertex 0.05519054739068596 24.010034644980124 3.88
      vertex -0.06 4.05 3.88
    endloop
  endfacet
  facet normal 0 0 1
    outer loop
      vertex -0.06 0.95 3.88
      vertex 0.011866088034717913 15.002157470551767 3.88
      vertex 0.0166799168520477 16.00303271215492 3.88
    endloop
  endfacet
  facet normal 1 0 0
    outer loop
      vertex -0.06 10.05 3.88
      vertex -0.06 10.95 3.88
      vertex -0.06 10.95 4
    endloop
  endfacet
  facet normal 1 0 0
    outer loop
      vertex -0.06 10.05 3.88
      vertex -0.06 10.95 4
      vertex -0.06 10.05 4
    endloop
  endfacet
  facet normal 0 0 1
    outer loop
      vertex -0.06 4.05 3.88
      vertex 0.05519054739068596 24.010034644980124 3.88
      vertex -0.06 4.95 3.88
    endloop
  endfacet
  facet normal 0 0 1
    outer loop
      vertex -0.06 4.989090909090909 3.88
      vertex -0.06 4.95 3.88
      vertex 0.05519054739068596 24.010034644980124 3.88
    endloop
  endfacet
  facet normal 0 0 1
    outer loop
      vertex -0.06 0.95 3.88
      vertex 0.0166799168520477 16.00303271215492 3.88
      vertex 0.02149374566937748 17.00390795375807 3.88
    endloop
  endfacet
  facet normal 0 0 1
    outer loop
      vertex -0.06 4.989090909090909 3.88
      vertex 0.05519054739068596 24.010034644980124 3.88
      vertex -0.06 5.05 3.88
    endloop
  endfacet
  facet normal 0 0 1
    outer loop
      vertex -0.06 5.05 3.88
      vertex 0.05519054739068596 24.010034644980124 3.88
      vertex -0.06 5.95 3.88
    endloop
  endfacet
  facet normal 1 0 0
    outer loop
      vertex -0.06 11.05 3.88
      vertex -0.06 11.95 3.88
      vertex -0.06 11.95 4
    endloop
  endfacet
  facet normal 1 0 0
    outer loop
      vertex -0.06 11.05 3.88
      vertex -0.06 11.95 4
      vertex -0.06 11.05 4
    endloop
  endfacet
  facet normal 0 0 1
    outer loop
      vertex -0.06 5.95 3.88
      vertex 0.05519054739068596 24.010034644980124 3.88
      vertex -0.06 5.989090909090909 3.88
    endloop
  endfacet
  facet normal 0 0 1
    outer loop
      vertex -0.06 5.989090909090909 3.88
      vertex 0.05519054739068596 24.010034644980124 3.88
      vertex -0.06 6.05 3.88
    endloop
  endfacet
  facet normal 0 0 1
    outer loop
      vertex -0.06 0.95 3.88
      vertex 0.02149374566937748 17.00390795375807 3.88
      vertex 0.026307574486707265 18.00478319536122 3.88
    endloop
  endfacet
  facet normal 0 0 1
    outer loop
      vertex -0.06 6.05 3.88
      vertex 0.05519054739068596 24.010034644980124 3.88
      vertex -0.06 6.95 3.88
    endloop
  endfacet
  facet normal 1 0 0
    outer loop
      vertex -0.06 12.05 3.88
      vertex -0.06 12.95 4
      vertex -0.06 12.05 4
    endloop
  endfacet
  facet normal 0 0 1
    outer loop
      vertex -0.06 6.989090909090909 3.88
      vertex -0.06 6.95 3.88
      vertex 0.05519054739068596 24.010034644980124 3.88
    endloop
  endfacet
  facet normal 0 0 1
    outer loop
      vertex -0.06 6.989090909090909 3.88
      vertex 0.05519054739068596 24.010034644980124 3.88
      vertex -0.06 7.05 3.88
    endloop
  endfacet
  facet normal 0 0 1
    outer loop
      vertex -0.06 0.95 3.88
      vertex 0.026307574486707265 18.00478319536122 3.88
      vertex 0.031121403304037048 19.00565843696437 3.88
    endloop
  endfacet
  facet normal 1 0 0
    outer loop
      vertex -0.06 12.05 3.88
      vertex -0.06 12.95 3.88
      vertex -0.06 12.95 4
    endloop
  endfacet
  facet normal 0 0 1
    outer loop
      vertex -0.06 7.05 3.88
      vertex 0.05519054739068596 24.010034644980124 3.88
      vertex -0.06 7.95 3.88
    endloop
  endfacet
  facet normal 0 0 1
    outer loop
      vertex -0.06 7.95 3.88
      vertex 0.05519054739068596 24.010034644980124 3.88
      vertex -0.06 7.989090909090909 3.88
    endloop
  endfacet
  facet normal 0 0 1
    outer loop
      vertex -0.06 7.989090909090909 3.88
      vertex 0.05519054739068596 24.010034644980124 3.88
      vertex -0.06 8.05 3.88
    endloop
  endfacet
  facet normal 0 0 1
    outer loop
      vertex -0.06 8.05 3.88
      vertex 0.05519054739068596 24.010034644980124 3.88
      vertex -0.06 8.95 3.88
    endloop
  endfacet
  facet normal 1 0 0
    outer loop
      vertex -0.06 13.05 3.88
      vertex -0.06 13.95 3.88
      vertex -0.06 13.95 4
    endloop
  endfacet
  facet normal 0 0 1
    outer loop
      vertex -0.06 8.95 3.88
      vertex 0.05519054739068596 24.010034644980124 3.88
      vertex -0.06 8.989090909090908 3.88
    endloop
  endfacet
  facet normal 0 0 1
    outer loop
      vertex -0.06 8.989090909090908 3.88
      vertex 0.05519054739068596 24.010034644980124 3.88
      vertex -0.06 9.05 3.88
    endloop
  endfacet
  facet normal 1 0 0
    outer loop
      vertex -0.06 13.05 3.88
      vertex -0.06 13.95 4
      vertex -0.06 13.05 4
    endloop
  endfacet
  facet normal 0 0 1
    outer loop
      vertex -0.06 9.05 3.88
      vertex 0.05519054739068596 24.010034644980124 3.88
      vertex -0.06 9.95 3.88
    endloop
  endfacet
  facet normal 0 0 1
    outer loop
      vertex -0.06 9.95 3.88
      vertex 0.05519054739068596 24.010034644980124 3.88
      vertex -0.06 9.989090909090908 3.88
    endloop
  endfacet
  facet normal 0 0 1
    outer loop
      vertex -0.06 9.989090909090908 3.88
      vertex 0.05519054739068596 24.010034644980124 3.88
      vertex -0.06 10.05 3.88
    endloop
  endfacet
  facet normal 1 0 0
    outer loop
      vertex -0.06 14.05 3.88
      vertex -0.06 14.95 3.88
      vertex -0.06 14.95 4
    endloop
  endfacet
  facet normal 1 0 0
    outer loop
      vertex -0.06 14.05 3.88
      vertex -0.06 14.95 4
      vertex -0.06 14.05 4
    endloop
  endfacet
  facet normal 0 0 1
    outer loop
      vertex -0.06 10.05 3.88
      vertex 0.05519054739068596 24.010034644980124 3.88
      vertex -0.06 10.95 3.88
    endloop
  endfacet
  facet normal 0 0 1
    outer loop
      vertex -0.06 10.95 3.88
      vertex 0.05519054739068596 24.010034644980124 3.88
      vertex -0.06 10.989090909090908 3.88
    endloop
  endfacet
  facet normal 0 0 1
    outer loop
      vertex -0.06 10.989090909090908 3.88
      vertex 0.05519054739068596 24.010034644980124 3.88
      vertex -0.06 11.05 3.88
    endloop
  endfacet
  facet normal 1 0 0
    outer loop
      vertex -0.06 15.05 3.88
      vertex -0.06 15.95 4
      vertex -0.06 15.05 4
    endloop
  endfacet
  facet normal 0 0 1
    outer loop
      vertex -0.06 11.05 3.88
      vertex 0.05519054739068596 24.010034644980124 3.88
      vertex -0.06 11.95 3.88
    endloop
  endfacet
  facet normal 0 0 1
    outer loop
      vertex -0.06 11.95 3.88
      vertex 0.05519054739068596 24.010034644980124 3.88
      vertex -0.06 11.989090909090908 3.88
    endloop
  endfacet
  facet normal 1 0 0
    outer loop
      vertex -0.06 15.05 3.88
      vertex -0.06 15.95 3.88
      vertex -0.06 15.95 4
    endloop
  endfacet
  facet normal 0 0 1
    outer loop
      vertex -0.06 11.989090909090908 3.88
      vertex 0.05519054739068596 24.010034644980124 3.88
      vertex -0.06 12.05 3.88
    endloop
  endfacet
  facet normal 0 0 1
    outer loop
      vertex -0.06 12.05 3.88
      vertex 0.05519054739068596 24.010034644980124 3.88
      vertex -0.06 12.95 3.88
    endloop
  endfacet
  facet normal 1 0 0
    outer loop
      vertex -0.06 16.05 3.88
      vertex -0.06 16.95 4
      vertex -0.06 16.05 4
    endloop
  endfacet
  facet normal 0 0 1
    outer loop
      vertex -0.06 12.95 3.88
      vertex 0.05519054739068596 24.010034644980124 3.88
      vertex -0.06 12.989090909090908 3.88
    endloop
  endfacet
  facet normal 0 0 1
    outer loop
      vertex -0.06 12.989090909090908 3.88
      vertex 0.05519054739068596 24.010034644980124 3.88
      vertex -0.06 13.05 3.88
    endloop
  endfacet
  facet normal 1 0 0
    outer loop
      vertex -0.06 16.05 3.88
      vertex -0.06 16.95 3.88
      vertex -0.06 16.95 4
    endloop
  endfacet
  facet normal 0 0 1
    outer loop
      vertex -0.06 13.05 3.88
      vertex 0.05519054739068596 24.010034644980124 3.88
      vertex -0.06 13.95 3.88
    endloop
  endfacet
  facet normal 0 0 1
    outer loop
      vertex -0.06 13.989090909090908 3.88
      vertex -0.06 13.95 3.88
      vertex 0.05519054739068596 24.010034644980124 3.88
    endloop
  endfacet
  facet normal 0 0 1
    outer loop
      vertex -0.06 13.989090909090908 3.88
      vertex 0.05519054739068596 24.010034644980124 3.88
      vertex -0.06 14.05 3.88
    endloop
  endfacet
  facet normal 0 0 1
    outer loop
      vertex -0.06 14.05 3.88
      vertex 0.05519054739068596 24.010034644980124 3.88
      vertex -0.06 14.95 3.88
    endloop
  endfacet
  facet normal 1 0 0
    outer loop
      vertex -0.06 17.05 3.88
      vertex -0.06 17.95 3.88
      vertex -0.06 17.95 4
    endloop
  endfacet
  facet normal 1 0 0
    outer loop
      vertex -0.06 17.05 3.88
      vertex -0.06 17.95 4
      vertex -0.06 17.05 4
    endloop
  endfacet
  facet normal 0 0 1
    outer loop
      vertex -0.06 14.95 3.88
      vertex 0.05519054739068596 24.010034644980124 3.88
      vertex -0.06 14.989090909090908 3.88
    endloop
  endfacet
  facet normal 0 0 1
    outer loop
      vertex -0.06 14.989090909090908 3.88
      vertex 0.05519054739068596 24.010034644980124 3.88
      vertex -0.06 15.05 3.88
    endloop
  endfacet
  facet normal 0 0 1
    outer loop
      vertex -0.06 15.05 3.88
      vertex 0.05519054739068596 24.010034644980124 3.88
      vertex -0.06 15.95 3.88
    endloop
  endfacet
  facet normal 0 0 1
    outer loop
      vertex -0.06 15.989090909090908 3.88
      vertex -0.06 15.95 3.88
      vertex 0.05519054739068596 24.010034644980124 3.88
    endloop
  endfacet
  facet normal 0 0 1
    outer loop
      vertex -0.06 15.989090909090908 3.88
      vertex 0.05519054739068596 24.010034644980124 3.88
      vertex -0.06 16.05 3.88
    endloop
  endfacet
  facet normal 1 0 0
    outer loop
      vertex -0.06 18.05 3.88
      vertex -0.06 18.95 3.88
      vertex -0.06 18.95 4
    endloop
  endfacet
  facet normal 1 0 0
    outer loop
      vertex -0.06 18.05 3.88
      vertex -0.06 18.95 4
      vertex -0.06 18.05 4
    endloop
  endfacet
  facet normal 0 0 1
    outer loop
      vertex -0.06 16.05 3.88
      vertex 0.05519054739068596 24.010034644980124 3.88
      vertex -0.06 16.95 3.88
    endloop
  endfacet
  facet normal 0 0 1
    outer loop
      vertex -0.06 16.95 3.88
      vertex 0.05519054739068596 24.010034644980124 3.88
      vertex -0.06 16.98909090909091 3.88
    endloop
  endfacet
  facet normal 0 0 1
    outer loop
      vertex -0.06 16.98909090909091 3.88
      vertex 0.05519054739068596 24.010034644980124 3.88
      vertex -0.06 17.05 3.88
    endloop
  endfacet
  facet normal 1 0 0
    outer loop
      vertex -0.06 19.05 3.88
      vertex -0.06 19.95 4
      vertex -0.06 19.05 4
    endloop
  endfacet
  facet normal 0 0 1
    outer loop
      vertex -0.06 17.05 3.88
      vertex 0.05519054739068596 24.010034644980124 3.88
      vertex -0.06 17.95 3.88
    endloop
  endfacet
  facet normal 1 0 0
    outer loop
      vertex -0.06 19.05 3.88
      vertex -0.06 19.95 3.88
      vertex -0.06 19.95 4
    endloop
  endfacet
  facet normal 0 0 1
    outer loop
      vertex -0.06 17.95 3.88
      vertex 0.05519054739068596 24.010034644980124 3.88
      vertex -0.06 17.98909090909091 3.88
    endloop
  endfacet
  facet normal 0 0 1
    outer loop
      vertex -0.06 17.98909090909091 3.88
      vertex 0.05519054739068596 24.010034644980124 3.88
      vertex -0.06 18.05 3.88
    endloop
  endfacet
  facet normal 0 0 1
    outer loop
      vertex -0.06 18.05 3.88
      vertex 0.05519054739068596 24.010034644980124 3.88
      vertex -0.06 18.95 3.88
    endloop
  endfacet
  facet normal 0 0 1
    outer loop
      vertex -0.06 18.95 3.88
      vertex 0.05519054739068596 24.010034644980124 3.88
      vertex -0.06 18.98909090909091 3.88
    endloop
  endfacet
  facet normal 0 0 1
    outer loop
      vertex -0.06 18.98909090909091 3.88
      vertex 0.05519054739068596 24.010034644980124 3.88
      vertex -0.06 19.05 3.88
    endloop
  endfacet
  facet normal 1 0 0
    outer loop
      vertex -0.06 20.05 3.88
      vertex -0.06 20.95 3.88
      vertex -0.06 20.95 4
    endloop
  endfacet
  facet normal 0 0 1
    outer loop
      vertex -0.06 19.05 3.88
      vertex 0.05519054739068596 24.010034644980124 3.88
      vertex -0.06 19.95 3.88
    endloop
  endfacet
  facet normal 1 0 0
    outer loop
      vertex -0.06 20.05 3.88
      vertex -0.06 20.95 4
      vertex -0.06 20.05 4
    endloop
  endfacet
  facet normal 0 0 1
    outer loop
      vertex -0.06 19.95 3.88
      vertex 0.05519054739068596 24.010034644980124 3.88
      vertex -0.06 19.98909090909091 3.88
    endloop
  endfacet
  facet normal 0 0 1
    outer loop
      vertex -0.06 19.98909090909091 3.88
      vertex 0.05519054739068596 24.010034644980124 3.88
      vertex -0.06 20.05 3.88
    endloop
  endfacet
  facet normal 0 0 1
    outer loop
      vertex -0.06 20.05 3.88
      vertex 0.05519054739068596 24.010034644980124 3.88
      vertex -0.06 20.95 3.88
    endloop
  endfacet
  facet normal 1 0 0
    outer loop
      vertex -0.06 21.05 3.88
      vertex -0.06 21.95 3.88
      vertex -0.06 21.95 4
    endloop
  endfacet
  facet normal 1 0 0
    outer loop
      vertex -0.06 21.05 3.88
      vertex -0.06 21.95 4
      vertex -0.06 21.05 4
    endloop
  endfacet
  facet normal 0 0 1
    outer loop
      vertex -0.06 20.98909090909091 3.88
      vertex 0.05519054739068596 24.010034644980124 3.88
      vertex -0.06 21.05 3.88
    endloop
  endfacet
  facet normal 0 0 1
    outer loop
      vertex -0.06 20.98909090909091 3.88
      vertex -0.06 20.95 3.88
      vertex 0.05519054739068596 24.010034644980124 3.88
    endloop
  endfacet
  facet normal 0 0 1
    outer loop
      vertex -0.06 21.05 3.88
      vertex 0.05519054739068596 24.010034644980124 3.88
      vertex -0.06 21.95 3.88
    endloop
  endfacet
  facet normal 0 0 1
    outer loop
      vertex -0.06 21.95 3.88
      vertex 0.05519054739068596 24.010034644980124 3.88
      vertex -0.06 21.98909090909091 3.88
    endloop
  endfacet
  facet normal 1 0 0
    outer loop
      vertex -0.06 22.05 3.88
      vertex -0.06 22.95 3.88
      vertex -0.06 22.95 4
    endloop
  endfacet
  facet normal 1 0 0
    outer loop
      vertex -0.06 22.05 3.88
      vertex -0.06 22.95 4
      vertex -0.06 22.05 4
    endloop
  endfacet
  facet normal 0 0 1
    outer loop
      vertex -0.06 21.98909090909091 3.88
      vertex 0.05519054739068596 24.010034644980124 3.88
      vertex -0.06 22.05 3.88
    endloop
  endfacet
  facet normal 0 0 1
    outer loop
      vertex -0.06 22.05 3.88
      vertex 0.05519054739068596 24.010034644980124 3.88
      vertex -0.06 22.95 3.88
    endloop
  endfacet
  facet normal 0 0 1
    outer loop
      vertex -0.06 22.98909090909091 3.88
      vertex -0.06 22.95 3.88
      vertex 0.05519054739068596 24.010034644980124 3.88
    endloop
  endfacet
  facet normal 0 0 1
    outer loop
      vertex -0.06 22.98909090909091 3.88
      vertex 0.05519054739068596 24.010034644980124 3.88
      vertex -0.06 23.05 3.88
    endloop
  endfacet
  facet normal 1 0 0
    outer loop
      vertex -0.06 23.05 3.88
      vertex -0.06 23.95 4
      vertex -0.06 23.05 4
    endloop
  endfacet
  facet normal 0 0 1
    outer loop
      vertex -0.06 23.05 3.88
      vertex 0.05519054739068596 24.010034644980124 3.88
      vertex -0.06 23.95 3.88
    endloop
  endfacet
  facet normal 1 0 0
    outer loop
      vertex -0.06 23.05 3.88
      vertex -0.06 23.95 3.88
      vertex -0.06 23.95 4
    endloop
  endfacet
  facet normal 0 0 1
    outer loop
      vertex -0.06 23.98909090909091 3.88
      vertex 0.05519054739068596 24.010034644980124 3.88
      vertex -0.06 24.05 3.88
    endloop
  endfacet
  facet normal 0 0 1
    outer loop
      vertex -0.06 23.95 3.88
      vertex 0.05519054739068596 24.010034644980124 3.88
      vertex -0.06 23.98909090909091 3.88
    endloop
  endfacet
  facet normal 0 0 1
    outer loop
      vertex -0.06 24.05 3.88
      vertex 0.05519054739068596 24.010034644980124 3.88
      vertex -0.06 24.95 3.88
    endloop
  endfacet
  facet normal 1 0 0
    outer loop
      vertex -0.06 24.05 3.88
      vertex -0.06 24.95 3.88
      vertex -0.06 24.95 4
    endloop
  endfacet
  facet normal 1 0 0
    outer loop
      vertex -0.06 24.05 3.88
      vertex -0.06 24.95 4
      vertex -0.06 24.05 4
    endloop
  endfacet
  facet normal 0 0 1
    outer loop
      vertex -0.05971142284569137 -24.95 3.88
      vertex 0.06 -24.98909090909091 3.88
      vertex 0.06 -24.95 3.88
    endloop
  endfacet
  facet normal 0 0 1
    outer loop
      vertex -0.05971142284569137 -24.95 3.88
      vertex 0.06 -24.95 3.88
      vertex 0.06 -24.05 3.88
    endloop
  endfacet
  facet normal -1 0 0
    outer loop
      vertex 0.06 -24.95 3.88
      vertex 0.06 -24.95 4
      vertex 0.06 -24.05 3.88
    endloop
  endfacet
  facet normal 0 0 1
    outer loop
      vertex -0.05971142284569137 -24.95 3.88
      vertex 0.06 -24.05 3.88
      vertex 0.06 -23.98909090909091 3.88
    endloop
  endfacet
  facet normal 0 0 1
    outer loop
      vertex -0.05971142284569137 -24.95 3.88
      vertex 0.06 -23.98909090909091 3.88
      vertex 0.06 -23.95 3.88
    endloop
  endfacet
  facet normal -1 0 0
    outer loop
      vertex 0.06 -24.05 3.88
      vertex 0.06 -24.95 4
      vertex 0.06 -24.05 4
    endloop
  endfacet
  facet normal 0 0 1
    outer loop
      vertex -0.05971142284569137 -24.95 3.88
      vertex 0.06 -23.95 3.88
      vertex 0.06 -23.05 3.88
    endloop
  endfacet
  facet normal 0 0 1
    outer loop
      vertex -0.05971142284569137 -24.95 3.88
      vertex 0.06 -23.05 3.88
      vertex 0.06 -22.98909090909091 3.88
    endloop
  endfacet
  facet normal 0 0 1
    outer loop
      vertex -0.05971142284569137 -24.95 3.88
      vertex 0.06 -22.98909090909091 3.88
      vertex 0.06 -22.95 3.88
    endloop
  endfacet
  facet normal -1 0 0
    outer loop
      vertex 0.06 -23.95 3.88
      vertex 0.06 -23.95 4
      vertex 0.06 -23.05 3.88
    endloop
  endfacet
  facet normal 0 0 1
    outer loop
      vertex -0.05971142284569137 -24.95 3.88
      vertex 0.06 -22.95 3.88
      vertex 0.06 -22.05 3.88
    endloop
  endfacet
  facet normal 0 0 1
    outer loop
      vertex -0.05971142284569137 -24.95 3.88
      vertex 0.06 -22.05 3.88
      vertex 0.06 -21.98909090909091 3.88
    endloop
  endfacet
  facet normal 0 0 1
    outer loop
      vertex -0.05971142284569137 -24.95 3.88
      vertex 0.06 -21.98909090909091 3.88
      vertex 0.06 -21.95 3.88
    endloop
  endfacet
  facet normal -1 0 0
    outer loop
      vertex 0.06 -23.05 3.88
      vertex 0.06 -23.95 4
      vertex 0.06 -23.05 4
    endloop
  endfacet
  facet normal 0 0 1
    outer loop
      vertex -0.05971142284569137 -24.95 3.88
      vertex 0.06 -21.95 3.88
      vertex 0.06 -21.05 3.88
    endloop
  endfacet
  facet normal 0 0 1
    outer loop
      vertex -0.05971142284569137 -24.95 3.88
      vertex 0.06 -21.05 3.88
      vertex 0.06 -20.98909090909091 3.88
    endloop
  endfacet
  facet normal 0 0 1
    outer loop
      vertex -0.05971142284569137 -24.95 3.88
      vertex 0.06 -20.98909090909091 3.88
      vertex 0.06 -20.95 3.88
    endloop
  endfacet
  facet normal -1 0 0
    outer loop
      vertex 0.06 -22.95 3.88
      vertex 0.06 -22.95 4
      vertex 0.06 -22.05 3.88
    endloop
  endfacet
  facet normal 0 0 1
    outer loop
      vertex -0.05971142284569137 -24.95 3.88
      vertex 0.06 -20.95 3.88
      vertex 0.06 -20.05 3.88
    endloop
  endfacet
  facet normal -1 0 0
    outer loop
      vertex 0.06 -22.05 3.88
      vertex 0.06 -22.95 4
      vertex 0.06 -22.05 4
    endloop
  endfacet
  facet normal 0 0 1
    outer loop
      vertex -0.05971142284569137 -24.95 3.88
      vertex 0.06 -20.05 3.88
      vertex 0.06 -19.98909090909091 3.88
    endloop
  endfacet
  facet normal 0 0 1
    outer loop
      vertex -0.05971142284569137 -24.95 3.88
      vertex 0.06 -19.98909090909091 3.88
      vertex 0.06 -19.95 3.88
    endloop
  endfacet
  facet normal -1 0 0
    outer loop
      vertex 0.06 -21.95 3.88
      vertex 0.06 -21.95 4
      vertex 0.06 -21.05 3.88
    endloop
  endfacet
  facet normal 0 0 1
    outer loop
      vertex -0.05971142284569137 -24.95 3.88
      vertex 0.06 -19.95 3.88
      vertex 0.06 -19.05 3.88
    endloop
  endfacet
  facet normal -1 0 0
    outer loop
      vertex 0.06 -21.05 3.88
      vertex 0.06 -21.95 4
      vertex 0.06 -21.05 4
    endloop
  endfacet
  facet normal 0 0 1
    outer loop
      vertex -0.05971142284569137 -24.95 3.88
      vertex 0.06 -19.05 3.88
      vertex 0.06 -18.98909090909091 3.88
    endloop
  endfacet
  facet normal 0 0 1
    outer loop
      vertex -0.05971142284569137 -24.95 3.88
      vertex 0.06 -18.98909090909091 3.88
      vertex 0.06 -18.95 3.88
    endloop
  endfacet
  facet normal 0 0 1
    outer loop
      vertex -0.05971142284569137 -24.95 3.88
      vertex 0.06 -18.95 3.88
      vertex 0.06 -18.05 3.88
    endloop
  endfacet
  facet normal 0 0 1
    outer loop
      vertex -0.05971142284569137 -24.95 3.88
      vertex 0.06 -18.05 3.88
      vertex 0.06 -17.98909090909091 3.88
    endloop
  endfacet
  facet normal -1 0 0
    outer loop
      vertex 0.06 -20.95 3.88
      vertex 0.06 -20.95 4
      vertex 0.06 -20.05 3.88
    endloop
  endfacet
  facet normal -1 0 0
    outer loop
      vertex 0.06 -20.05 3.88
      vertex 0.06 -20.95 4
      vertex 0.06 -20.05 4
    endloop
  endfacet
  facet normal 0 0 1
    outer loop
      vertex -0.05971142284569137 -24.95 3.88
      vertex 0.06 -17.98909090909091 3.88
      vertex 0.06 -17.95 3.88
    endloop
  endfacet
  facet normal 0 0 1
    outer loop
      vertex -0.05971142284569137 -24.95 3.88
      vertex 0.06 -17.95 3.88
      vertex 0.06 -17.05 3.88
    endloop
  endfacet
  facet normal 0 0 1
    outer loop
      vertex -0.05971142284569137 -24.95 3.88
      vertex 0.06 -17.05 3.88
      vertex 0.06 -16.98909090909091 3.88
    endloop
  endfacet
  facet normal 0 0 1
    outer loop
      vertex -0.05971142284569137 -24.95 3.88
      vertex 0.06 -16.98909090909091 3.88
      vertex 0.06 -16.95 3.88
    endloop
  endfacet
  facet normal -1 0 0
    outer loop
      vertex 0.06 -19.95 3.88
      vertex 0.06 -19.95 4
      vertex 0.06 -19.05 3.88
    endloop
  endfacet
  facet normal 0 0 1
    outer loop
      vertex -0.05971142284569137 -24.95 3.88
      vertex 0.06 -16.95 3.88
      vertex 0.06 -16.05 3.88
    endloop
  endfacet
  facet normal 0 0 1
    outer loop
      vertex -0.05971142284569137 -24.95 3.88
      vertex 0.06 -16.05 3.88
      vertex 0.06 -15.989090909090908 3.88
    endloop
  endfacet
  facet normal 0 0 1
    outer loop
      vertex -0.05971142284569137 -24.95 3.88
      vertex 0.06 -15.989090909090908 3.88
      vertex 0.06 -15.95 3.88
    endloop
  endfacet
  facet normal -1 0 0
    outer loop
      vertex 0.06 -19.05 3.88
      vertex 0.06 -19.95 4
      vertex 0.06 -19.05 4
    endloop
  endfacet
  facet normal 0 0 1
    outer loop
      vertex -0.05971142284569137 -24.95 3.88
      vertex 0.06 -15.95 3.88
      vertex 0.06 -15.05 3.88
    endloop
  endfacet
  facet normal -1 0 0
    outer loop
      vertex 0.06 -18.95 3.88
      vertex 0.06 -18.95 4
      vertex 0.06 -18.05 3.88
    endloop
  endfacet
  facet normal 0 0 1
    outer loop
      vertex -0.05971142284569137 -24.95 3.88
      vertex 0.06 -15.05 3.88
      vertex 0.06 -14.989090909090908 3.88
    endloop
  endfacet
  facet normal 0 0 1
    outer loop
      vertex -0.05971142284569137 -24.95 3.88
      vertex 0.06 -14.989090909090908 3.88
      vertex 0.06 -14.95 3.88
    endloop
  endfacet
  facet normal 0 0 1
    outer loop
      vertex -0.05971142284569137 -24.95 3.88
      vertex 0.06 -14.95 3.88
      vertex 0.06 -14.05 3.88
    endloop
  endfacet
  facet normal -1 0 0
    outer loop
      vertex 0.06 -18.05 3.88
      vertex 0.06 -18.95 4
      vertex 0.06 -18.05 4
    endloop
  endfacet
  facet normal 0 0 1
    outer loop
      vertex -0.05971142284569137 -24.95 3.88
      vertex 0.06 -14.05 3.88
      vertex 0.06 -13.989090909090908 3.88
    endloop
  endfacet
  facet normal 0 0 1
    outer loop
      vertex -0.05971142284569137 -24.95 3.88
      vertex 0.06 -13.989090909090908 3.88
      vertex 0.06 -13.95 3.88
    endloop
  endfacet
  facet normal -1 0 0
    outer loop
      vertex 0.06 -17.95 3.88
      vertex 0.06 -17.95 4
      vertex 0.06 -17.05 3.88
    endloop
  endfacet
  facet normal 0 0 1
    outer loop
      vertex -0.05971142284569137 -24.95 3.88
      vertex 0.06 -13.95 3.88
      vertex 0.06 -13.05 3.88
    endloop
  endfacet
  facet normal -1 0 0
    outer loop
      vertex 0.06 -17.05 3.88
      vertex 0.06 -17.95 4
      vertex 0.06 -17.05 4
    endloop
  endfacet
  facet normal 0 0 1
    outer loop
      vertex -0.05971142284569137 -24.95 3.88
      vertex 0.06 -13.05 3.88
      vertex 0.06 -12.989090909090908 3.88
    endloop
  endfacet
  facet normal 0 0 1
    outer loop
      vertex -0.05971142284569137 -24.95 3.88
      vertex 0.06 -12.989090909090908 3.88
      vertex 0.06 -12.95 3.88
    endloop
  endfacet
  facet normal 0 0 1
    outer loop
      vertex -0.05971142284569137 -24.95 3.88
      vertex 0.06 -12.95 3.88
      vertex 0.06 -12.05 3.88
    endloop
  endfacet
  facet normal -1 0 0
    outer loop
      vertex 0.06 -16.95 3.88
      vertex 0.06 -16.95 4
      vertex 0.06 -16.05 3.88
    endloop
  endfacet
  facet normal 0 0 1
    outer loop
      vertex -0.05971142284569137 -24.95 3.88
      vertex 0.06 -12.05 3.88
      vertex 0.06 -11.989090909090908 3.88
    endloop
  endfacet
  facet normal 0 0 1
    outer loop
      vertex -0.05971142284569137 -24.95 3.88
      vertex 0.06 -11.989090909090908 3.88
      vertex 0.06 -11.95 3.88
    endloop
  endfacet
  facet normal 0 0 1
    outer loop
      vertex -0.05971142284569137 -24.95 3.88
      vertex 0.06 -11.95 3.88
      vertex 0.06 -11.05 3.88
    endloop
  endfacet
  facet normal 0 0 1
    outer loop
      vertex -0.05971142284569137 -24.95 3.88
      vertex 0.06 -11.05 3.88
      vertex 0.06 -10.989090909090908 3.88
    endloop
  endfacet
  facet normal 0 0 1
    outer loop
      vertex -0.05971142284569137 -24.95 3.88
      vertex 0.06 -10.989090909090908 3.88
      vertex 0.06 -10.95 3.88
    endloop
  endfacet
  facet normal -1 0 0
    outer loop
      vertex 0.06 -15.95 3.88
      vertex 0.06 -15.95 4
      vertex 0.06 -15.05 3.88
    endloop
  endfacet
  facet normal -1 0 0
    outer loop
      vertex 0.06 -16.05 3.88
      vertex 0.06 -16.95 4
      vertex 0.06 -16.05 4
    endloop
  endfacet
  facet normal 0 0 1
    outer loop
      vertex -0.05971142284569137 -24.95 3.88
      vertex 0.06 -10.95 3.88
      vertex 0.06 -10.05 3.88
    endloop
  endfacet
  facet normal 0 0 1
    outer loop
      vertex -0.05971142284569137 -24.95 3.88
      vertex 0.06 -10.05 3.88
      vertex 0.06 -9.989090909090908 3.88
    endloop
  endfacet
  facet normal 0 0 1
    outer loop
      vertex -0.05971142284569137 -24.95 3.88
      vertex 0.06 -9.989090909090908 3.88
      vertex 0.06 -9.95 3.88
    endloop
  endfacet
  facet normal -1 0 0
    outer loop
      vertex 0.06 -15.05 3.88
      vertex 0.06 -15.95 4
      vertex 0.06 -15.05 4
    endloop
  endfacet
  facet normal 0 0 1
    outer loop
      vertex -0.05971142284569137 -24.95 3.88
      vertex 0.06 -9.95 3.88
      vertex 0.06 -9.05 3.88
    endloop
  endfacet
  facet normal -1 0 0
    outer loop
      vertex 0.06 -14.95 3.88
      vertex 0.06 -14.95 4
      vertex 0.06 -14.05 3.88
    endloop
  endfacet
  facet normal 0 0 1
    outer loop
      vertex -0.05971142284569137 -24.95 3.88
      vertex 0.06 -9.05 3.88
      vertex 0.06 -8.989090909090908 3.88
    endloop
  endfacet
  facet normal 0 0 1
    outer loop
      vertex -0.05971142284569137 -24.95 3.88
      vertex 0.06 -8.989090909090908 3.88
      vertex 0.06 -8.95 3.88
    endloop
  endfacet
  facet normal -1 0 0
    outer loop
      vertex 0.06 -14.05 3.88
      vertex 0.06 -14.95 4
      vertex 0.06 -14.05 4
    endloop
  endfacet
  facet normal 0 0 1
    outer loop
      vertex -0.05971142284569137 -24.95 3.88
      vertex 0.06 -8.95 3.88
      vertex 0.06 -8.05 3.88
    endloop
  endfacet
  facet normal 0 0 1
    outer loop
      vertex -0.05971142284569137 -24.95 3.88
      vertex 0.06 -8.05 3.88
      vertex 0.06 -7.989090909090909 3.88
    endloop
  endfacet
  facet normal 0 0 1
    outer loop
      vertex -0.05971142284569137 -24.95 3.88
      vertex 0.06 -7.989090909090909 3.88
      vertex 0.06 -7.95 3.88
    endloop
  endfacet
  facet normal 0 0 1
    outer loop
      vertex -0.05971142284569137 -24.95 3.88
      vertex 0.06 -7.95 3.88
      vertex 0.06 -7.05 3.88
    endloop
  endfacet
  facet normal -1 0 0
    outer loop
      vertex 0.06 -13.95 3.88
      vertex 0.06 -13.95 4
      vertex 0.06 -13.05 3.88
    endloop
  endfacet
  facet normal -1 0 0
    outer loop
      vertex 0.06 -13.05 3.88
      vertex 0.06 -13.95 4
      vertex 0.06 -13.05 4
    endloop
  endfacet
  facet normal 0 0 1
    outer loop
      vertex -0.05971142284569137 -24.95 3.88
      vertex 0.06 -7.05 3.88
      vertex 0.06 -6.989090909090909 3.88
    endloop
  endfacet
  facet normal 0 0 1
    outer loop
      vertex -0.05971142284569137 -24.95 3.88
      vertex 0.06 -6.989090909090909 3.88
      vertex 0.06 -6.95 3.88
    endloop
  endfacet
  facet normal 0 0 1
    outer loop
      vertex -0.031121403304037048 -19.00565843696437 3.88
      vertex 0.06 -0.9890909090909091 3.88
      vertex -0.026307574486707265 -18.00478319536122 3.88
    endloop
  endfacet
  facet normal 0 0 1
    outer loop
      vertex -0.05971142284569137 -24.95 3.88
      vertex 0.06 -6.95 3.88
      vertex 0.06 -6.05 3.88
    endloop
  endfacet
  facet normal -1 0 0
    outer loop
      vertex 0.06 -12.95 3.88
      vertex 0.06 -12.95 4
      vertex 0.06 -12.05 3.88
    endloop
  endfacet
  facet normal 0 0 1
    outer loop
      vertex -0.05971142284569137 -24.95 3.88
      vertex 0.06 -6.05 3.88
      vertex 0.06 -5.989090909090909 3.88
    endloop
  endfacet
  facet normal 0 0 1
    outer loop
      vertex -0.05971142284569137 -24.95 3.88
      vertex 0.06 -5.989090909090909 3.88
      vertex 0.06 -5.95 3.88
    endloop
  endfacet
  facet normal 0 0 1
    outer loop
      vertex -0.026307574486707265 -18.00478319536122 3.88
      vertex 0.06 -0.9890909090909091 3.88
      vertex -0.02149374566937748 -17.00390795375807 3.88
    endloop
  endfacet
  facet normal 0 0 1
    outer loop
      vertex -0.05971142284569137 -24.95 3.88
      vertex 0.06 -5.95 3.88
      vertex 0.06 -5.05 3.88
    endloop
  endfacet
  facet normal -1 0 0
    outer loop
      vertex 0.06 -12.05 3.88
      vertex 0.06 -12.95 4
      vertex 0.06 -12.05 4
    endloop
  endfacet
  facet normal 0 0 1
    outer loop
      vertex -0.05971142284569137 -24.95 3.88
      vertex 0.06 -5.05 3.88
      vertex 0.06 -4.989090909090909 3.88
    endloop
  endfacet
  facet normal 0 0 1
    outer loop
      vertex -0.05971142284569137 -24.95 3.88
      vertex 0.06 -4.989090909090909 3.88
      vertex 0.06 -4.95 3.88
    endloop
  endfacet
  facet normal 0 0 1
    outer loop
      vertex -0.02149374566937748 -17.00390795375807 3.88
      vertex 0.06 -0.9890909090909091 3.88
      vertex -0.0166799168520477 -16.00303271215492 3.88
    endloop
  endfacet
  facet normal -1 0 0
    outer loop
      vertex 0.06 -11.95 3.88
      vertex 0.06 -11.95 4
      vertex 0.06 -11.05 3.88
    endloop
  endfacet
  facet normal 0 0 1
    outer loop
      vertex -0.05971142284569137 -24.95 3.88
      vertex 0.06 -4.95 3.88
      vertex 0.06 -4.05 3.88
    endloop
  endfacet
  facet normal 0 0 1
    outer loop
      vertex -0.05971142284569137 -24.95 3.88
      vertex 0.06 -4.05 3.88
      vertex 0.06 -3.9890909090909092 3.88
    endloop
  endfacet
  facet normal 0 0 1
    outer loop
      vertex -0.05971142284569137 -24.95 3.88
      vertex 0.06 -3.9890909090909092 3.88
      vertex 0.06 -3.95 3.88
    endloop
  endfacet
  facet normal -1 0 0
    outer loop
      vertex 0.06 -11.05 3.88
      vertex 0.06 -11.95 4
      vertex 0.06 -11.05 4
    endloop
  endfacet
  facet normal 0 0 1
    outer loop
      vertex -0.0166799168520477 -16.00303271215492 3.88
      vertex 0.06 -0.9890909090909091 3.88
      vertex -0.011866088034717913 -15.002157470551767 3.88
    endloop
  endfacet
  facet normal 0 0 1
    outer loop
      vertex -0.05971142284569137 -24.95 3.88
      vertex 0.06 -3.95 3.88
      vertex 0.06 -3.05 3.88
    endloop
  endfacet
  facet normal -1 0 0
    outer loop
      vertex 0.06 -10.95 3.88
      vertex 0.06 -10.95 4
      vertex 0.06 -10.05 3.88
    endloop
  endfacet
  facet normal 0 0 1
    outer loop
      vertex -0.05971142284569137 -24.95 3.88
      vertex 0.06 -3.05 3.88
      vertex 0.06 -2.9890909090909092 3.88
    endloop
  endfacet
  facet normal 0 0 1
    outer loop
      vertex -0.05971142284569137 -24.95 3.88
      vertex 0.06 -2.9890909090909092 3.88
      vertex 0.06 -2.95 3.88
    endloop
  endfacet
  facet normal -1 0 0
    outer loop
      vertex 0.06 -10.05 3.88
      vertex 0.06 -10.95 4
      vertex 0.06 -10.05 4
    endloop
  endfacet
  facet normal 0 0 1
    outer loop
      vertex -0.011866088034717913 -15.002157470551767 3.88
      vertex 0.06 -0.9890909090909091 3.88
      vertex -0.0070522592173881335 -14.001282228948616 3.88
    endloop
  endfacet
  facet normal 0 0 1
    outer loop
      vertex -0.05971142284569137 -24.95 3.88
      vertex 0.06 -2.95 3.88
      vertex 0.06 -2.05 3.88
    endloop
  endfacet
  facet normal 0 0 1
    outer loop
      vertex -0.05971142284569137 -24.95 3.88
      vertex 0.06 -2.05 3.88
      vertex 0.06 -1.989090909090909 3.88
    endloop
  endfacet
  facet normal 0 0 1
    outer loop
      vertex -0.05971142284569137 -24.95 3.88
      vertex 0.06 -1.989090909090909 3.88
      vertex 0.06 -1.95 3.88
    endloop
  endfacet
  facet normal -1 0 0
    outer loop
      vertex 0.06 -9.95 3.88
      vertex 0.06 -9.95 4
      vertex 0.06 -9.05 3.88
    endloop
  endfacet
  facet normal 0 0 1
    outer loop
      vertex -0.0070522592173881335 -14.001282228948616 3.88
      vertex 0.06 -0.9890909090909091 3.88
      vertex -0.002238430400058347 -13.000406987345466 3.88
    endloop
  endfacet
  facet normal 0 0 1
    outer loop
      vertex -0.05971142284569137 -24.95 3.88
      vertex 0.06 -1.95 3.88
      vertex 0.06 -1.05 3.88
    endloop
  endfacet
  facet normal 0 0 1
    outer loop
      vertex -0.05971142284569137 -24.95 3.88
      vertex 0.06 -1.05 3.88
      vertex 0.06 -0.9890909090909091 3.88
    endloop
  endfacet
  facet normal 0 0 1
    outer loop
      vertex -0.002238430400058347 -13.000406987345466 3.88
      vertex 0.06 -0.9890909090909091 3.88
      vertex 0.002575398417271446 -11.999531745742313 3.88
    endloop
  endfacet
  facet normal -1 0 0
    outer loop
      vertex 0.06 -8.95 3.88
      vertex 0.06 -8.95 4
      vertex 0.06 -8.05 3.88
    endloop
  endfacet
  facet normal -1 0 0
    outer loop
      vertex 0.06 -9.05 3.88
      vertex 0.06 -9.95 4
      vertex 0.06 -9.05 4
    endloop
  endfacet
  facet normal 0 0 1
    outer loop
      vertex 0.002575398417271446 -11.999531745742313 3.88
      vertex 0.06 -0.9890909090909091 3.88
      vertex 0.0073892272346012255 -10.998656504139163 3.88
    endloop
  endfacet
  facet normal -1 0 0
    outer loop
      vertex 0.06 -8.05 3.88
      vertex 0.06 -8.95 4
      vertex 0.06 -8.05 4
    endloop
  endfacet
  facet normal -1 0 0
    outer loop
      vertex 0.06 -7.95 3.88
      vertex 0.06 -7.95 4
      vertex 0.06 -7.05 3.88
    endloop
  endfacet
  facet normal 0 0 1
    outer loop
      vertex 0.0073892272346012255 -10.998656504139163 3.88
      vertex 0.06 -0.9890909090909091 3.88
      vertex 0.012203056051931012 -9.997781262536012 3.88
    endloop
  endfacet
  facet normal -1 0 0
    outer loop
      vertex 0.06 -7.05 3.88
      vertex 0.06 -7.95 4
      vertex 0.06 -7.05 4
    endloop
  endfacet
  facet normal 0 0 1
    outer loop
      vertex 0.012203056051931012 -9.997781262536012 3.88
      vertex 0.06 -0.9890909090909091 3.88
      vertex 0.017016884869260798 -8.996906020932862 3.88
    endloop
  endfacet
  facet normal -1 0 0
    outer loop
      vertex 0.06 -6.95 3.88
      vertex 0.06 -6.95 4
      vertex 0.06 -6.05 3.88
    endloop
  endfacet
  facet normal -1 0 0
    outer loop
      vertex 0.06 -6.05 3.88
      vertex 0.06 -6.95 4
      vertex 0.06 -6.05 4
    endloop
  endfacet
  facet normal 0 0 1
    outer loop
      vertex 0.017016884869260798 -8.996906020932862 3.88
      vertex 0.06 -0.9890909090909091 3.88
      vertex 0.021830713686590564 -7.996030779329711 3.88
    endloop
  endfacet
  facet normal -1 0 0
    outer loop
      vertex 0.06 -5.95 3.88
      vertex 0.06 -5.95 4
      vertex 0.06 -5.05 3.88
    endloop
  endfacet
  facet normal 0 0 1
    outer loop
      vertex -0.06 -5.05 3.88
      vertex 0.031458371321250136 -5.994280296123409 3.88
      vertex 0.036272200138579916 -4.993405054520259 3.88
    endloop
  endfacet
  facet normal 0 0 1
    outer loop
      vertex 0.021830713686590564 -7.996030779329711 3.88
      vertex 0.06 -0.9890909090909091 3.88
      vertex 0.02664454250392035 -6.99515553772656 3.88
    endloop
  endfacet
  facet normal -1 0 0
    outer loop
      vertex 0.06 -5.05 3.88
      vertex 0.06 -5.95 4
      vertex 0.06 -5.05 4
    endloop
  endfacet
  facet normal 0 0 1
    outer loop
      vertex -0.06 -4.05 3.88
      vertex 0.036272200138579916 -4.993405054520259 3.88
      vertex 0.0410860289559097 -3.9925298129171076 3.88
    endloop
  endfacet
  facet normal 0 0 1
    outer loop
      vertex 0.02664454250392035 -6.99515553772656 3.88
      vertex 0.06 -0.9890909090909091 3.88
      vertex 0.031458371321250136 -5.994280296123409 3.88
    endloop
  endfacet
  facet normal -1 0 0
    outer loop
      vertex 0.06 -4.95 3.88
      vertex 0.06 -4.95 4
      vertex 0.06 -4.05 3.88
    endloop
  endfacet
  facet normal 0 0 1
    outer loop
      vertex 0.031458371321250136 -5.994280296123409 3.88
      vertex 0.06 -0.9890909090909091 3.88
      vertex 0.036272200138579916 -4.993405054520259 3.88
    endloop
  endfacet
  facet normal -1 0 0
    outer loop
      vertex 0.06 -4.05 3.88
      vertex 0.06 -4.95 4
      vertex 0.06 -4.05 4
    endloop
  endfacet
  facet normal -1 0 0
    outer loop
      vertex 0.06 -3.95 3.88
      vertex 0.06 -3.95 4
      vertex 0.06 -3.05 3.88
    endloop
  endfacet
  facet normal 0 0 1
    outer loop
      vertex -0.06 -3.05 3.88
      vertex 0.0410860289559097 -3.9925298129171076 3.88
      vertex 0.04589985777323949 -2.9916545713139566 3.88
    endloop
  endfacet
  facet normal 0 0 1
    outer loop
      vertex 0.036272200138579916 -4.993405054520259 3.88
      vertex 0.06 -0.9890909090909091 3.88
      vertex 0.0410860289559097 -3.9925298129171076 3.88
    endloop
  endfacet
  facet normal -1 0 0
    outer loop
      vertex 0.06 -3.05 3.88
      vertex 0.06 -3.95 4
      vertex 0.06 -3.05 4
    endloop
  endfacet
  facet normal 0 0 1
    outer loop
      vertex -0.06 -2.05 3.88
      vertex 0.04589985777323949 -2.9916545713139566 3.88
      vertex 0.05071368659056927 -1.9907793297108054 3.88
    endloop
  endfacet
  facet normal 0 0 1
    outer loop
      vertex 0.0410860289559097 -3.9925298129171076 3.88
      vertex 0.06 -0.9890909090909091 3.88
      vertex 0.04589985777323949 -2.9916545713139566 3.88
    endloop
  endfacet
  facet normal -1 0 0
    outer loop
      vertex 0.06 -2.95 3.88
      vertex 0.06 -2.95 4
      vertex 0.06 -2.05 3.88
    endloop
  endfacet
  facet normal -1 0 0
    outer loop
      vertex 0.06 -2.05 3.88
      vertex 0.06 -2.95 4
      vertex 0.06 -2.05 4
    endloop
  endfacet
  facet normal 0 0 1
    outer loop
      vertex 0.04589985777323949 -2.9916545713139566 3.88
      vertex 0.06 -0.9890909090909091 3.88
      vertex 0.05071368659056927 -1.9907793297108054 3.88
    endloop
  endfacet
  facet normal -1 0 0
    outer loop
      vertex 0.06 -1.95 3.88
      vertex 0.06 -1.95 4
      vertex 0.06 -1.05 3.88
    endloop
  endfacet
  facet normal 0 0 1
    outer loop
      vertex -0.06 -1.05 3.88
      vertex 0.05071368659056927 -1.9907793297108054 3.88
      vertex 0.055527515407899054 -0.9899040881076547 3.88
    endloop
  endfacet
  facet normal 0 0 1
    outer loop
      vertex 0.05071368659056927 -1.9907793297108054 3.88
      vertex 0.06 -0.9890909090909091 3.88
      vertex 0.055527515407899054 -0.9899040881076547 3.88
    endloop
  endfacet
  facet normal 0 0 1
    outer loop
      vertex 0.055527515407899054 -0.9899040881076547 3.88
      vertex 0.06 -0.9890909090909091 3.88
      vertex 0.06 -0.95 3.88
    endloop
  endfacet
  facet normal -1 0 0
    outer loop
      vertex 0.06 -1.05 3.88
      vertex 0.06 -1.95 4
      vertex 0.06 -1.05 4
    endloop
  endfacet
  facet normal 0 0 1
    outer loop
      vertex 0.055527515407899054 -0.9899040881076547 3.88
      vertex 0.06 -0.95 3.88
      vertex 0.06 -0.06 3.88
    endloop
  endfacet
  facet normal -1 0 0
    outer loop
      vertex 0.06 -0.95 3.88
      vertex 0.06 -0.95 4
      vertex 0.06 -0.06 3.88
    endloop
  endfacet
  facet normal 0 0 1
    outer loop
      vertex -0.06 -0.06 3.88
      vertex 0.055527515407899054 -0.9899040881076547 3.88
      vertex 0.06 -0.06 3.88
    endloop
  endfacet
  facet normal -1 0 0
    outer loop
      vertex 0.06 -0.06 3.88
      vertex 0.06 -0.95 4
      vertex 0.06 -0.06 4
    endloop
  endfacet
  facet normal 0 0 1
    outer loop
      vertex -0.06 0.06 3.88
      vertex 0.06 0.06 3.88
      vertex 0.06 0.95 3.88
    endloop
  endfacet
  facet normal -1 0 0
    outer loop
      vertex 0.06 0.06 3.88
      vertex 0.06 0.06 4
      vertex 0.06 0.95 3.88
    endloop
  endfacet
  facet normal -1 0 0
    outer loop
      vertex 0.06 0.95 3.88
      vertex 0.06 0.06 4
      vertex 0.06 0.95 4
    endloop
  endfacet
  facet normal 0 0 1
    outer loop
      vertex -0.055527515407899054 0.9899040881076547 3.88
      vertex 0.06 1.010909090909091 3.88
      vertex 0.06 1.05 3.88
    endloop
  endfacet
  facet normal 0 0 1
    outer loop
      vertex -0.055527515407899054 0.9899040881076547 3.88
      vertex 0.06 1.05 3.88
      vertex 0.06 1.95 3.88
    endloop
  endfacet
  facet normal -1 0 0
    outer loop
      vertex 0.06 1.05 3.88
      vertex 0.06 1.05 4
      vertex 0.06 1.95 3.88
    endloop
  endfacet
  facet normal 0 0 1
    outer loop
      vertex -0.05071368659056927 1.9907793297108054 3.88
      vertex 0.06 2.0109090909090908 3.88
      vertex 0.06 2.05 3.88
    endloop
  endfacet
  facet normal 0 0 1
    outer loop
      vertex -0.05071368659056927 1.9907793297108054 3.88
      vertex 0.06 2.05 3.88
      vertex 0.06 2.95 3.88
    endloop
  endfacet
  facet normal -1 0 0
    outer loop
      vertex 0.06 1.95 3.88
      vertex 0.06 1.05 4
      vertex 0.06 1.95 4
    endloop
  endfacet
  facet normal -1 0 0
    outer loop
      vertex 0.06 2.05 3.88
      vertex 0.06 2.05 4
      vertex 0.06 2.95 3.88
    endloop
  endfacet
  facet normal 0 0 1
    outer loop
      vertex -0.04589985777323949 2.9916545713139566 3.88
      vertex 0.06 3.0109090909090908 3.88
      vertex 0.06 3.05 3.88
    endloop
  endfacet
  facet normal -1 0 0
    outer loop
      vertex 0.06 2.95 3.88
      vertex 0.06 2.05 4
      vertex 0.06 2.95 4
    endloop
  endfacet
  facet normal 0 0 1
    outer loop
      vertex -0.04589985777323949 2.9916545713139566 3.88
      vertex 0.06 3.05 3.88
      vertex 0.06 3.95 3.88
    endloop
  endfacet
  facet normal -1 0 0
    outer loop
      vertex 0.06 3.05 3.88
      vertex 0.06 3.05 4
      vertex 0.06 3.95 3.88
    endloop
  endfacet
  facet normal -1 0 0
    outer loop
      vertex 0.06 3.95 3.88
      vertex 0.06 3.05 4
      vertex 0.06 3.95 4
    endloop
  endfacet
  facet normal 0 0 1
    outer loop
      vertex -0.0410860289559097 3.9925298129171076 3.88
      vertex 0.06 4.010909090909091 3.88
      vertex 0.06 4.05 3.88
    endloop
  endfacet
  facet normal 0 0 1
    outer loop
      vertex -0.0410860289559097 3.9925298129171076 3.88
      vertex 0.06 4.05 3.88
      vertex 0.06 4.95 3.88
    endloop
  endfacet
  facet normal -1 0 0
    outer loop
      vertex 0.06 4.05 3.88
      vertex 0.06 4.05 4
      vertex 0.06 4.95 3.88
    endloop
  endfacet
  facet normal -1 0 0
    outer loop
      vertex 0.06 4.95 3.88
      vertex 0.06 4.05 4
      vertex 0.06 4.95 4
    endloop
  endfacet
  facet normal 0 0 1
    outer loop
      vertex -0.036272200138579916 4.993405054520259 3.88
      vertex 0.06 5.010909090909091 3.88
      vertex 0.06 5.05 3.88
    endloop
  endfacet
  facet normal 0 0 1
    outer loop
      vertex -0.036272200138579916 4.993405054520259 3.88
      vertex 0.06 5.05 3.88
      vertex 0.06 5.95 3.88
    endloop
  endfacet
  facet normal -1 0 0
    outer loop
      vertex 0.06 5.05 3.88
      vertex 0.06 5.05 4
      vertex 0.06 5.95 3.88
    endloop
  endfacet
  facet normal 0 0 1
    outer loop
      vertex -0.031458371321250136 5.994280296123409 3.88
      vertex 0.06 6.010909090909091 3.88
      vertex 0.06 6.05 3.88
    endloop
  endfacet
  facet normal -1 0 0
    outer loop
      vertex 0.06 5.95 3.88
      vertex 0.06 5.05 4
      vertex 0.06 5.95 4
    endloop
  endfacet
  facet normal 0 0 1
    outer loop
      vertex -0.031458371321250136 5.994280296123409 3.88
      vertex 0.06 6.05 3.88
      vertex 0.06 6.95 3.88
    endloop
  endfacet
  facet normal -1 0 0
    outer loop
      vertex 0.06 6.05 3.88
      vertex 0.06 6.05 4
      vertex 0.06 6.95 3.88
    endloop
  endfacet
  facet normal 0 0 1
    outer loop
      vertex -0.031458371321250136 5.994280296123409 3.88
      vertex 0.06 6.95 3.88
      vertex -0.02664454250392035 6.99515553772656 3.88
    endloop
  endfacet
  facet normal 0 0 1
    outer loop
      vertex -0.02664454250392035 6.99515553772656 3.88
      vertex 0.06 7.010909090909091 3.88
      vertex 0.06 7.05 3.88
    endloop
  endfacet
  facet normal -1 0 0
    outer loop
      vertex 0.06 6.95 3.88
      vertex 0.06 6.05 4
      vertex 0.06 6.95 4
    endloop
  endfacet
  facet normal 0 0 1
    outer loop
      vertex -0.02664454250392035 6.99515553772656 3.88
      vertex 0.06 7.05 3.88
      vertex 0.06 7.95 3.88
    endloop
  endfacet
  facet normal -1 0 0
    outer loop
      vertex 0.06 7.05 3.88
      vertex 0.06 7.05 4
      vertex 0.06 7.95 3.88
    endloop
  endfacet
  facet normal 0 0 1
    outer loop
      vertex -0.02664454250392035 6.99515553772656 3.88
      vertex 0.06 7.95 3.88
      vertex -0.021830713686590564 7.996030779329711 3.88
    endloop
  endfacet
  facet normal -1 0 0
    outer loop
      vertex 0.06 7.95 3.88
      vertex 0.06 7.05 4
      vertex 0.06 7.95 4
    endloop
  endfacet
  facet normal 0 0 1
    outer loop
      vertex -0.021830713686590564 7.996030779329711 3.88
      vertex 0.06 8.010909090909092 3.88
      vertex 0.06 8.05 3.88
    endloop
  endfacet
  facet normal 0 0 1
    outer loop
      vertex -0.021830713686590564 7.996030779329711 3.88
      vertex 0.06 8.05 3.88
      vertex 0.06 8.95 3.88
    endloop
  endfacet
  facet normal -1 0 0
    outer loop
      vertex 0.06 8.05 3.88
      vertex 0.06 8.05 4
      vertex 0.06 8.95 3.88
    endloop
  endfacet
  facet normal 0 0 1
    outer loop
      vertex -0.021830713686590564 7.996030779329711 3.88
      vertex 0.06 8.95 3.88
      vertex -0.017016884869260798 8.996906020932862 3.88
    endloop
  endfacet
  facet normal 0 0 1
    outer loop
      vertex -0.017016884869260798 8.996906020932862 3.88
      vertex 0.06 9.010909090909092 3.88
      vertex 0.06 9.05 3.88
    endloop
  endfacet
  facet normal 0 0 1
    outer loop
      vertex -0.017016884869260798 8.996906020932862 3.88
      vertex 0.06 9.05 3.88
      vertex 0.06 9.95 3.88
    endloop
  endfacet
  facet normal -1 0 0
    outer loop
      vertex 0.06 9.05 3.88
      vertex 0.06 9.05 4
      vertex 0.06 9.95 3.88
    endloop
  endfacet
  facet normal -1 0 0
    outer loop
      vertex 0.06 8.95 3.88
      vertex 0.06 8.05 4
      vertex 0.06 8.95 4
    endloop
  endfacet
  facet normal 0 0 1
    outer loop
      vertex -0.017016884869260798 8.996906020932862 3.88
      vertex 0.06 9.95 3.88
      vertex -0.012203056051931012 9.997781262536012 3.88
    endloop
  endfacet
  facet normal 0 0 1
    outer loop
      vertex -0.012203056051931012 9.997781262536012 3.88
      vertex 0.06 10.010909090909092 3.88
      vertex 0.06 10.05 3.88
    endloop
  endfacet
  facet normal -1 0 0
    outer loop
      vertex 0.06 9.95 3.88
      vertex 0.06 9.05 4
      vertex 0.06 9.95 4
    endloop
  endfacet
  facet normal 0 0 1
    outer loop
      vertex -0.012203056051931012 9.997781262536012 3.88
      vertex 0.06 10.05 3.88
      vertex 0.06 10.95 3.88
    endloop
  endfacet
  facet normal -1 0 0
    outer loop
      vertex 0.06 10.05 3.88
      vertex 0.06 10.05 4
      vertex 0.06 10.95 3.88
    endloop
  endfacet
  facet normal 0 0 1
    outer loop
      vertex -0.012203056051931012 9.997781262536012 3.88
      vertex 0.06 10.95 3.88
      vertex -0.0073892272346012255 10.998656504139163 3.88
    endloop
  endfacet
  facet normal -1 0 0
    outer loop
      vertex 0.06 10.95 3.88
      vertex 0.06 10.05 4
      vertex 0.06 10.95 4
    endloop
  endfacet
  facet normal 0 0 1
    outer loop
      vertex -0.0073892272346012255 10.998656504139163 3.88
      vertex 0.06 11.010909090909092 3.88
      vertex 0.06 11.05 3.88
    endloop
  endfacet
  facet normal 0 0 1
    outer loop
      vertex -0.0073892272346012255 10.998656504139163 3.88
      vertex 0.06 11.05 3.88
      vertex 0.06 11.95 3.88
    endloop
  endfacet
  facet normal 0 0 1
    outer loop
      vertex -0.0073892272346012255 10.998656504139163 3.88
      vertex 0.06 11.95 3.88
      vertex -0.002575398417271446 11.999531745742313 3.88
    endloop
  endfacet
  facet normal -1 0 0
    outer loop
      vertex 0.06 11.05 3.88
      vertex 0.06 11.05 4
      vertex 0.06 11.95 3.88
    endloop
  endfacet
  facet normal -1 0 0
    outer loop
      vertex 0.06 11.95 3.88
      vertex 0.06 11.05 4
      vertex 0.06 11.95 4
    endloop
  endfacet
  facet normal 0 0 1
    outer loop
      vertex -0.002575398417271446 11.999531745742313 3.88
      vertex 0.06 12.010909090909092 3.88
      vertex 0.06 12.05 3.88
    endloop
  endfacet
  facet normal 0 0 1
    outer loop
      vertex -0.002575398417271446 11.999531745742313 3.88
      vertex 0.06 12.05 3.88
      vertex 0.06 12.95 3.88
    endloop
  endfacet
  facet normal -1 0 0
    outer loop
      vertex 0.06 12.05 3.88
      vertex 0.06 12.05 4
      vertex 0.06 12.95 3.88
    endloop
  endfacet
  facet normal 0 0 1
    outer loop
      vertex -0.002575398417271446 11.999531745742313 3.88
      vertex 0.06 12.95 3.88
      vertex 0.002238430400058347 13.000406987345466 3.88
    endloop
  endfacet
  facet normal 0 0 1
    outer loop
      vertex 0.002238430400058347 13.000406987345466 3.88
      vertex 0.06 13.010909090909092 3.88
      vertex 0.06 13.05 3.88
    endloop
  endfacet
  facet normal -1 0 0
    outer loop
      vertex 0.06 12.95 3.88
      vertex 0.06 12.05 4
      vertex 0.06 12.95 4
    endloop
  endfacet
  facet normal 0 0 1
    outer loop
      vertex -0.06 0.95 3.88
      vertex 0.031121403304037048 19.00565843696437 3.88
      vertex 0.03593523212136683 20.00653367856752 3.88
    endloop
  endfacet
  facet normal 0 0 1
    outer loop
      vertex 0.002238430400058347 13.000406987345466 3.88
      vertex 0.06 13.95 3.88
      vertex 0.0070522592173881335 14.001282228948616 3.88
    endloop
  endfacet
  facet normal 0 0 1
    outer loop
      vertex 0.002238430400058347 13.000406987345466 3.88
      vertex 0.06 13.05 3.88
      vertex 0.06 13.95 3.88
    endloop
  endfacet
  facet normal -1 0 0
    outer loop
      vertex 0.06 13.05 3.88
      vertex 0.06 13.05 4
      vertex 0.06 13.95 3.88
    endloop
  endfacet
  facet normal 0 0 1
    outer loop
      vertex -0.06 0.95 3.88
      vertex 0.03593523212136683 20.00653367856752 3.88
      vertex 0.04074906093869662 21.007408920170672 3.88
    endloop
  endfacet
  facet normal 0 0 1
    outer loop
      vertex 0.0070522592173881335 14.001282228948616 3.88
      vertex 0.06 14.010909090909092 3.88
      vertex 0.06 14.05 3.88
    endloop
  endfacet
  facet normal -1 0 0
    outer loop
      vertex 0.06 13.95 3.88
      vertex 0.06 13.05 4
      vertex 0.06 13.95 4
    endloop
  endfacet
  facet normal 0 0 1
    outer loop
      vertex 0.0070522592173881335 14.001282228948616 3.88
      vertex 0.06 14.05 3.88
      vertex 0.06 14.95 3.88
    endloop
  endfacet
  facet normal -1 0 0
    outer loop
      vertex 0.06 14.05 3.88
      vertex 0.06 14.05 4
      vertex 0.06 14.95 3.88
    endloop
  endfacet
  facet normal 0 0 1
    outer loop
      vertex -0.06 0.95 3.88
      vertex 0.04074906093869662 21.007408920170672 3.88
      vertex 0.045562889756026397 22.008284161773823 3.88
    endloop
  endfacet
  facet normal 0 0 1
    outer loop
      vertex 0.0070522592173881335 14.001282228948616 3.88
      vertex 0.06 14.95 3.88
      vertex 0.011866088034717913 15.002157470551767 3.88
    endloop
  endfacet
  facet normal -1 0 0
    outer loop
      vertex 0.06 14.95 3.88
      vertex 0.06 14.05 4
      vertex 0.06 14.95 4
    endloop
  endfacet
  facet normal 0 0 1
    outer loop
      vertex 0.011866088034717913 15.002157470551767 3.88
      vertex 0.06 15.010909090909092 3.88
      vertex 0.06 15.05 3.88
    endloop
  endfacet
  facet normal 0 0 1
    outer loop
      vertex -0.06 0.95 3.88
      vertex 0.045562889756026397 22.008284161773823 3.88
      vertex 0.05037671857335618 23.009159403376973 3.88
    endloop
  endfacet
  facet normal 0 0 1
    outer loop
      vertex 0.011866088034717913 15.002157470551767 3.88
      vertex 0.06 15.05 3.88
      vertex 0.06 15.95 3.88
    endloop
  endfacet
  facet normal -1 0 0
    outer loop
      vertex 0.06 15.05 3.88
      vertex 0.06 15.05 4
      vertex 0.06 15.95 3.88
    endloop
  endfacet
  facet normal 0 0 1
    outer loop
      vertex 0.011866088034717913 15.002157470551767 3.88
      vertex 0.06 15.95 3.88
      vertex 0.0166799168520477 16.00303271215492 3.88
    endloop
  endfacet
  facet normal 0 0 1
    outer loop
      vertex -0.06 0.95 3.88
      vertex 0.05037671857335618 23.009159403376973 3.88
      vertex 0.05519054739068596 24.010034644980124 3.88
    endloop
  endfacet
  facet normal 0 0 1
    outer loop
      vertex 0.0166799168520477 16.00303271215492 3.88
      vertex 0.06 16.01090909090909 3.88
      vertex 0.06 16.05 3.88
    endloop
  endfacet
  facet normal 0 0 1
    outer loop
      vertex 0.0166799168520477 16.00303271215492 3.88
      vertex 0.06 16.05 3.88
      vertex 0.06 16.95 3.88
    endloop
  endfacet
  facet normal -1 0 0
    outer loop
      vertex 0.06 16.05 3.88
      vertex 0.06 16.05 4
      vertex 0.06 16.95 3.88
    endloop
  endfacet
  facet normal -1 0 0
    outer loop
      vertex 0.06 15.95 3.88
      vertex 0.06 15.05 4
      vertex 0.06 15.95 4
    endloop
  endfacet
  facet normal 0 0 1
    outer loop
      vertex 0.0166799168520477 16.00303271215492 3.88
      vertex 0.06 16.95 3.88
      vertex 0.02149374566937748 17.00390795375807 3.88
    endloop
  endfacet
  facet normal 0 0 1
    outer loop
      vertex 0.02149374566937748 17.00390795375807 3.88
      vertex 0.06 17.01090909090909 3.88
      vertex 0.06 17.05 3.88
    endloop
  endfacet
  facet normal -1 0 0
    outer loop
      vertex 0.06 16.95 3.88
      vertex 0.06 16.05 4
      vertex 0.06 16.95 4
    endloop
  endfacet
  facet normal 0 0 1
    outer loop
      vertex 0.02149374566937748 17.00390795375807 3.88
      vertex 0.06 17.05 3.88
      vertex 0.06 17.95 3.88
    endloop
  endfacet
  facet normal -1 0 0
    outer loop
      vertex 0.06 17.05 3.88
      vertex 0.06 17.05 4
      vertex 0.06 17.95 3.88
    endloop
  endfacet
  facet normal 0 0 1
    outer loop
      vertex 0.02149374566937748 17.00390795375807 3.88
      vertex 0.06 17.95 3.88
      vertex 0.026307574486707265 18.00478319536122 3.88
    endloop
  endfacet
  facet normal -1 0 0
    outer loop
      vertex 0.06 17.95 3.88
      vertex 0.06 17.05 4
      vertex 0.06 17.95 4
    endloop
  endfacet
  facet normal 0 0 1
    outer loop
      vertex 0.026307574486707265 18.00478319536122 3.88
      vertex 0.06 18.01090909090909 3.88
      vertex 0.06 18.05 3.88
    endloop
  endfacet
  facet normal 0 0 1
    outer loop
      vertex 0.026307574486707265 18.00478319536122 3.88
      vertex 0.06 18.05 3.88
      vertex 0.06 18.95 3.88
    endloop
  endfacet
  facet normal -1 0 0
    outer loop
      vertex 0.06 18.05 3.88
      vertex 0.06 18.05 4
      vertex 0.06 18.95 3.88
    endloop
  endfacet
  facet normal 0 0 1
    outer loop
      vertex 0.026307574486707265 18.00478319536122 3.88
      vertex 0.06 18.95 3.88
      vertex 0.031121403304037048 19.00565843696437 3.88
    endloop
  endfacet
  facet normal -1 0 0
    outer loop
      vertex 0.06 18.95 3.88
      vertex 0.06 18.05 4
      vertex 0.06 18.95 4
    endloop
  endfacet
  facet normal 0 0 1
    outer loop
      vertex 0.031121403304037048 19.00565843696437 3.88
      vertex 0.06 19.01090909090909 3.88
      vertex 0.06 19.05 3.88
    endloop
  endfacet
  facet normal 0 0 1
    outer loop
      vertex 0.031121403304037048 19.00565843696437 3.88
      vertex 0.06 19.05 3.88
      vertex 0.06 19.95 3.88
    endloop
  endfacet
  facet normal -1 0 0
    outer loop
      vertex 0.06 19.05 3.88
      vertex 0.06 19.05 4
      vertex 0.06 19.95 3.88
    endloop
  endfacet
  facet normal 0 0 1
    outer loop
      vertex 0.031121403304037048 19.00565843696437 3.88
      vertex 0.06 19.95 3.88
      vertex 0.03593523212136683 20.00653367856752 3.88
    endloop
  endfacet
  facet normal 0 0 1
    outer loop
      vertex 0.03593523212136683 20.00653367856752 3.88
      vertex 0.06 20.01090909090909 3.88
      vertex 0.06 20.05 3.88
    endloop
  endfacet
  facet normal -1 0 0
    outer loop
      vertex 0.06 19.95 3.88
      vertex 0.06 19.05 4
      vertex 0.06 19.95 4
    endloop
  endfacet
  facet normal 0 0 1
    outer loop
      vertex 0.03593523212136683 20.00653367856752 3.88
      vertex 0.06 20.05 3.88
      vertex 0.06 20.95 3.88
    endloop
  endfacet
  facet normal 0 0 1
    outer loop
      vertex 0.03593523212136683 20.00653367856752 3.88
      vertex 0.06 20.95 3.88
      vertex 0.04074906093869662 21.007408920170672 3.88
    endloop
  endfacet
  facet normal -1 0 0
    outer loop
      vertex 0.06 20.05 3.88
      vertex 0.06 20.05 4
      vertex 0.06 20.95 3.88
    endloop
  endfacet
  facet normal 0 0 1
    outer loop
      vertex 0.04074906093869662 21.007408920170672 3.88
      vertex 0.06 21.01090909090909 3.88
      vertex 0.06 21.05 3.88
    endloop
  endfacet
  facet normal -1 0 0
    outer loop
      vertex 0.06 20.95 3.88
      vertex 0.06 20.05 4
      vertex 0.06 20.95 4
    endloop
  endfacet
  facet normal 0 0 1
    outer loop
      vertex 0.04074906093869662 21.007408920170672 3.88
      vertex 0.06 21.05 3.88
      vertex 0.06 21.95 3.88
    endloop
  endfacet
  facet normal -1 0 0
    outer loop
      vertex 0.06 21.05 3.88
      vertex 0.06 21.05 4
      vertex 0.06 21.95 3.88
    endloop
  endfacet
  facet normal 0 0 1
    outer loop
      vertex 0.04074906093869662 21.007408920170672 3.88
      vertex 0.06 21.95 3.88
      vertex 0.045562889756026397 22.008284161773823 3.88
    endloop
  endfacet
  facet normal -1 0 0
    outer loop
      vertex 0.06 21.95 3.88
      vertex 0.06 21.05 4
      vertex 0.06 21.95 4
    endloop
  endfacet
  facet normal 0 0 1
    outer loop
      vertex 0.045562889756026397 22.008284161773823 3.88
      vertex 0.06 22.01090909090909 3.88
      vertex 0.06 22.05 3.88
    endloop
  endfacet
  facet normal 0 0 1
    outer loop
      vertex 0.045562889756026397 22.008284161773823 3.88
      vertex 0.06 22.05 3.88
      vertex 0.06 22.95 3.88
    endloop
  endfacet
  facet normal 0 0 1
    outer loop
      vertex 0.045562889756026397 22.008284161773823 3.88
      vertex 0.06 22.95 3.88
      vertex 0.05037671857335618 23.009159403376973 3.88
    endloop
  endfacet
  facet normal -1 0 0
    outer loop
      vertex 0.06 22.05 3.88
      vertex 0.06 22.05 4
      vertex 0.06 22.95 3.88
    endloop
  endfacet
  facet normal -1 0 0
    outer loop
      vertex 0.06 22.95 3.88
      vertex 0.06 22.05 4
      vertex 0.06 22.95 4
    endloop
  endfacet
  facet normal 0 0 1
    outer loop
      vertex 0.05037671857335618 23.009159403376973 3.88
      vertex 0.06 23.01090909090909 3.88
      vertex 0.06 23.05 3.88
    endloop
  endfacet
  facet normal 0 0 1
    outer loop
      vertex 0.05037671857335618 23.009159403376973 3.88
      vertex 0.06 23.05 3.88
      vertex 0.06 23.95 3.88
    endloop
  endfacet
  facet normal -1 0 0
    outer loop
      vertex 0.06 23.05 3.88
      vertex 0.06 23.05 4
      vertex 0.06 23.95 3.88
    endloop
  endfacet
  facet normal 0 0 1
    outer loop
      vertex 0.05037671857335618 23.009159403376973 3.88
      vertex 0.06 23.95 3.88
      vertex 0.05519054739068596 24.010034644980124 3.88
    endloop
  endfacet
  facet normal -1 0 0
    outer loop
      vertex 0.06 23.95 3.88
      vertex 0.06 23.05 4
      vertex 0.06 23.95 4
    endloop
  endfacet
  facet normal 0 0 1
    outer loop
      vertex -0.06 24.95 3.88
      vertex 0.05519054739068596 24.010034644980124 3.88
      vertex 0.06 24.01090909090909 3.88
    endloop
  endfacet
  facet normal 0 0 1
    outer loop
      vertex -0.06 24.95 3.88
      vertex 0.06 24.01090909090909 3.88
      vertex 0.06 24.05 3.88
    endloop
  endfacet
  facet normal -1 0 0
    outer loop
      vertex 0.06 24.05 3.88
      vertex 0.06 24.05 4
      vertex 0.06 24.95 3.88
    endloop
  endfacet
  facet normal 0 0 1
    outer loop
      vertex -0.06 24.95 3.88
      vertex 0.06 24.05 3.88
      vertex 0.06 24.95 3.88
    endloop
  endfacet
  facet normal -1 0 0
    outer loop
      vertex 0.06 24.95 3.88
      vertex 0.06 24.05 4
      vertex 0.06 24.95 4
    endloop
  endfacet
endsolid OpenSCAD_Model
