solid OpenSCAD_Model
  facet normal 0 0 -1
    outer loop
      vertex -12.4 -9.137257 2.9899999999999998
      vertex -12.4 -9.12367532368147 2.9899999999999998
      vertex -9.12367532368147 -12.4 2.9899999999999998
    endloop
  endfacet
  facet normal -0.7071067811865475 -0.7071067811865475 0
    outer loop
      vertex -12.4 -9.137257 2.9899999999999998
      vertex -9.137257 -12.4 2.9899999999999998
      vertex -12.4 -9.137257 2.9996036954247134
    endloop
  endfacet
  facet normal -0.7071067811865475 -0.7071067811865475 0
    outer loop
      vertex -12.4 -9.137257 3.0000000000000004
      vertex -9.137257000000002 -12.399999999999999 3.0000000000000004
      vertex -12.4 -9.137257 3.4
    endloop
  endfacet
  facet normal 0 0 -1
    outer loop
      vertex -12.4 -9.137257 2.9899999999999998
      vertex -9.12367532368147 -12.4 2.9899999999999998
      vertex -9.137257 -12.4 2.9899999999999998
    endloop
  endfacet
  facet normal -0.7071067811865475 -0.7071067811865475 0
    outer loop
      vertex -12.4 -9.137257 2.9996036954247134
      vertex -9.137257 -12.4 2.9899999999999998
      vertex -9.137257 -12.4 2.9996036954247134
    endloop
  endfacet
  facet normal -0.7071067811865476 -0.7071067811865476 0
    outer loop
      vertex -12.4 -9.137257 3.4
      vertex -9.137257000000002 -12.399999999999999 3.0000000000000004
      vertex -9.137257 -12.4 3.4
    endloop
  endfacet
  facet normal -1 0 0
    outer loop
      vertex -12.4 -9.137257 2.9899999999999998
      vertex -12.4 -9.137257 2.9996036954247134
      vertex -12.4 -9.12367532368147 2.9899999999999998
    endloop
  endfacet
  facet normal 0 0 -1
    outer loop
      vertex -12.4 -7.5821825406948 2.9899999999999998
      vertex -12.399999999527932 -7.581630000472069 2.9899999999999998
      vertex -7.581630000472069 -12.399999999527932 2.9899999999999998
    endloop
  endfacet
  facet normal 0 -1 0
    outer loop
      vertex -9.137257 -12.4 2.9899999999999998
      vertex -9.12367532368147 -12.4 2.9899999999999998
      vertex -9.137257 -12.4 2.9996036954247134
    endloop
  endfacet
  facet normal -1.1422969676924126e-15 -1 4.482302123596693e-12
    outer loop
      vertex -9.137257 -12.4 2.9996036954247134
      vertex -7.5821825406948 -12.4 3.0000000000000004
      vertex -9.137257000000002 -12.399999999999999 3.0000000000000004
    endloop
  endfacet
  facet normal -1.1422969676924124e-15 -1 -4.440892098500627e-15
    outer loop
      vertex -9.137257000000002 -12.399999999999999 3.0000000000000004
      vertex -7.5821825406948 -12.4 3.0000000000000004
      vertex -9.137257 -12.4 3.4
    endloop
  endfacet
  facet normal 0 0 -1
    outer loop
      vertex -12.4 -7.5821825406948 2.9899999999999998
      vertex -7.581630000472069 -12.399999999527932 2.9899999999999998
      vertex -7.5821825406948 -12.4 2.9899999999999998
    endloop
  endfacet
  facet normal -1 0 0
    outer loop
      vertex -12.4 -9.12367532368147 2.9899999999999998
      vertex -12.4 -9.137257 2.9996036954247134
      vertex -12.4 7.5821825406948 3.0000000000000004
    endloop
  endfacet
  facet normal -1 0 0
    outer loop
      vertex -12.4 -9.12367532368147 2.9899999999999998
      vertex -12.4 7.5821825406948 3.0000000000000004
      vertex -12.4 -7.5821825406948 2.9899999999999998
    endloop
  endfacet
  facet normal -1 0 0
    outer loop
      vertex -12.4 -9.137257 3.0000000000000004
      vertex -12.4 9.137257 3.4
      vertex -12.4 -9.137257 2.9996036954247134
    endloop
  endfacet
  facet normal 0 0 -1
    outer loop
      vertex -12.4 -7.5821825406948 2.9899999999999998
      vertex -12.4 7.5821825406948 2.9899999999999998
      vertex -12.399999999527932 -7.581630000472069 2.9899999999999998
    endloop
  endfacet
  facet normal -1 0 0
    outer loop
      vertex -12.4 -9.137257 3.0000000000000004
      vertex -12.4 -9.137257 3.4
      vertex -12.4 9.137257 3.4
    endloop
  endfacet
  facet normal 0 0 1
    outer loop
      vertex -12.4 -9.137257 3.4
      vertex -9.137257 -12.4 3.4
      vertex 9.137257 -12.4 3.4
    endloop
  endfacet
  facet normal 0 -1 0
    outer loop
      vertex -9.137257 -12.4 3.4
      vertex -7.5821825406948 -12.4 3.0000000000000004
      vertex 7.5821825406948 -12.4 3.0000000000000004
    endloop
  endfacet
  facet normal 0 0 -1
    outer loop
      vertex -7.5821825406948 -12.4 2.9899999999999998
      vertex -7.581630000472069 -12.399999999527932 2.9899999999999998
      vertex 7.581630000472069 -12.399999999527932 2.9899999999999998
    endloop
  endfacet
  facet normal 0 -1 0
    outer loop
      vertex -7.5821825406948 -12.4 2.9899999999999998
      vertex 7.5821825406948 -12.4 2.9899999999999998
      vertex -7.5821825406948 -12.4 3.0000000000000004
    endloop
  endfacet
  facet normal -1 0 0
    outer loop
      vertex -12.4 -7.5821825406948 2.9899999999999998
      vertex -12.4 7.5821825406948 3.0000000000000004
      vertex -12.4 7.5821825406948 2.9899999999999998
    endloop
  endfacet
  facet normal 0 0 -1
    outer loop
      vertex -12.399999999527932 -7.581630000472069 2.9899999999999998
      vertex -12.4 7.5821825406948 2.9899999999999998
      vertex -12.399999999527932 7.581630000472069 2.9899999999999998
    endloop
  endfacet
  facet normal -1 0 0
    outer loop
      vertex -12.4 -9.137257 2.9996036954247134
      vertex -12.4 9.137257 3.4
      vertex -12.4 7.5821825406948 3.0000000000000004
    endloop
  endfacet
  facet normal -1 1.1422969676924124e-15 4.4823021235966925e-12
    outer loop
      vertex -12.4 7.5821825406948 3.0000000000000004
      vertex -12.399999999999999 9.137257000000002 3.0000000000000004
      vertex -12.4 9.137257 2.9996036954247134
    endloop
  endfacet
  facet normal -1 1.1422969676924124e-15 -4.440892098500627e-15
    outer loop
      vertex -12.4 7.5821825406948 3.0000000000000004
      vertex -12.4 9.137257 3.4
      vertex -12.399999999999999 9.137257000000002 3.0000000000000004
    endloop
  endfacet
  facet normal -1 0 0
    outer loop
      vertex -12.4 9.137257 2.9899999999999998
      vertex -12.4 9.12367532368147 2.9899999999999998
      vertex -12.4 9.137257 2.9996036954247134
    endloop
  endfacet
  facet normal 0 0 -1
    outer loop
      vertex -12.4 7.5821825406948 2.9899999999999998
      vertex -7.5821825406948 12.4 2.9899999999999998
      vertex -12.399999999527932 7.581630000472069 2.9899999999999998
    endloop
  endfacet
  facet normal 0 0 -1
    outer loop
      vertex -12.4 9.137257 2.9899999999999998
      vertex -9.137257 12.4 2.9899999999999998
      vertex -12.4 9.12367532368147 2.9899999999999998
    endloop
  endfacet
  facet normal -0.7071067811865475 0.7071067811865475 0
    outer loop
      vertex -12.4 9.137257 2.9899999999999998
      vertex -12.4 9.137257 2.9996036954247134
      vertex -9.137257 12.4 2.9996036954247134
    endloop
  endfacet
  facet normal -0.7071067811865475 0.7071067811865475 0
    outer loop
      vertex -12.399999999999999 9.137257000000002 3.0000000000000004
      vertex -12.4 9.137257 3.4
      vertex -9.137257 12.4 3.4
    endloop
  endfacet
  facet normal 0 0 -1
    outer loop
      vertex -12.4 9.12367532368147 2.9899999999999998
      vertex -9.137257 12.4 2.9899999999999998
      vertex -9.12367532368147 12.4 2.9899999999999998
    endloop
  endfacet
  facet normal -0.7071067811865475 0.7071067811865475 0
    outer loop
      vertex -12.4 9.137257 2.9899999999999998
      vertex -9.137257 12.4 2.9996036954247134
      vertex -9.137257 12.4 2.9899999999999998
    endloop
  endfacet
  facet normal -0.7071067811865475 0.7071067811865475 0
    outer loop
      vertex -12.399999999999999 9.137257000000002 3.0000000000000004
      vertex -9.137257 12.4 3.4
      vertex -9.137257 12.4 3.0000000000000004
    endloop
  endfacet
  facet normal 0 0 -1
    outer loop
      vertex -12.399999999527932 7.581630000472069 2.9899999999999998
      vertex -7.5821825406948 12.4 2.9899999999999998
      vertex -7.581630000472069 12.399999999527932 2.9899999999999998
    endloop
  endfacet
  facet normal 0 1 0
    outer loop
      vertex -9.137257 12.4 2.9899999999999998
      vertex -9.137257 12.4 2.9996036954247134
      vertex -9.12367532368147 12.4 2.9899999999999998
    endloop
  endfacet
  facet normal 0 0 1
    outer loop
      vertex -12.4 -9.137257 3.4
      vertex 9.137257 12.4 3.4
      vertex -12.4 9.137257 3.4
    endloop
  endfacet
  facet normal 0 0 1
    outer loop
      vertex -12.4 9.137257 3.4
      vertex 9.137257 12.4 3.4
      vertex -9.137257 12.4 3.4
    endloop
  endfacet
  facet normal 0 0 -1
    outer loop
      vertex -7.5821825406948 12.4 2.9899999999999998
      vertex 7.5821825406948 12.4 2.9899999999999998
      vertex -7.581630000472069 12.399999999527932 2.9899999999999998
    endloop
  endfacet
  facet normal 0 1 0
    outer loop
      vertex -7.5821825406948 12.4 2.9899999999999998
      vertex -7.5821825406948 12.4 3.0000000000000004
      vertex 7.5821825406948 12.4 3.0000000000000004
    endloop
  endfacet
  facet normal 0 1 0
    outer loop
      vertex -9.137257 12.4 3.0000000000000004
      vertex 9.137257 12.4 3.4
      vertex -7.5821825406948 12.4 3.0000000000000004
    endloop
  endfacet
  facet normal 0 1 0
    outer loop
      vertex -9.137257 12.4 3.0000000000000004
      vertex -9.137257 12.4 3.4
      vertex 9.137257 12.4 3.4
    endloop
  endfacet
  facet normal 0 0 -1
    outer loop
      vertex -7.5821825406948 -12.4 2.9899999999999998
      vertex 7.581630000472069 -12.399999999527932 2.9899999999999998
      vertex 7.5821825406948 -12.4 2.9899999999999998
    endloop
  endfacet
  facet normal 0 -1 0
    outer loop
      vertex -7.5821825406948 -12.4 3.0000000000000004
      vertex 7.5821825406948 -12.4 2.9899999999999998
      vertex 7.5821825406948 -12.4 3.0000000000000004
    endloop
  endfacet
  facet normal 0 -1 0
    outer loop
      vertex -9.137257 -12.4 3.4
      vertex 7.5821825406948 -12.4 3.0000000000000004
      vertex 9.137257 -12.4 3.0000000000000004
    endloop
  endfacet
  facet normal 0 -1 0
    outer loop
      vertex -9.137257 -12.4 3.4
      vertex 9.137257 -12.4 3.0000000000000004
      vertex 9.137257 -12.4 3.4
    endloop
  endfacet
  facet normal 0 0 1
    outer loop
      vertex -12.4 -9.137257 3.4
      vertex 9.137257 -12.4 3.4
      vertex 9.137257 12.4 3.4
    endloop
  endfacet
  facet normal 0 -1 0
    outer loop
      vertex 9.137257 -12.4 2.9899999999999998
      vertex 9.137257 -12.4 2.9996036954247134
      vertex 9.12367532368147 -12.4 2.9899999999999998
    endloop
  endfacet
  facet normal 0 0 -1
    outer loop
      vertex 7.5821825406948 -12.4 2.9899999999999998
      vertex 7.581630000472069 -12.399999999527932 2.9899999999999998
      vertex 12.399999999527932 -7.581630000472069 2.9899999999999998
    endloop
  endfacet
  facet normal 0 0 -1
    outer loop
      vertex 9.137257 -12.4 2.9899999999999998
      vertex 9.12367532368147 -12.4 2.9899999999999998
      vertex 12.4 -9.12367532368147 2.9899999999999998
    endloop
  endfacet
  facet normal 0.7071067811865475 -0.7071067811865475 0
    outer loop
      vertex 9.137257 -12.4 2.9899999999999998
      vertex 12.4 -9.137257 2.9899999999999998
      vertex 9.137257 -12.4 2.9996036954247134
    endloop
  endfacet
  facet normal 0.7071067811865476 -0.7071067811865476 0
    outer loop
      vertex 9.137257 -12.4 3.0000000000000004
      vertex 12.4 -9.137257 3.0000000000000004
      vertex 9.137257 -12.4 3.4
    endloop
  endfacet
  facet normal 0 0 -1
    outer loop
      vertex 9.137257 -12.4 2.9899999999999998
      vertex 12.4 -9.12367532368147 2.9899999999999998
      vertex 12.4 -9.137257 2.9899999999999998
    endloop
  endfacet
  facet normal 0.7071067811865475 -0.7071067811865475 0
    outer loop
      vertex 9.137257 -12.4 2.9996036954247134
      vertex 12.4 -9.137257 2.9899999999999998
      vertex 12.4 -9.137257 2.9996036954247134
    endloop
  endfacet
  facet normal 0.7071067811865476 -0.7071067811865476 0
    outer loop
      vertex 9.137257 -12.4 3.4
      vertex 12.4 -9.137257 3.0000000000000004
      vertex 12.4 -9.137257 3.4
    endloop
  endfacet
  facet normal 0 0 -1
    outer loop
      vertex 7.5821825406948 -12.4 2.9899999999999998
      vertex 12.399999999527932 -7.581630000472069 2.9899999999999998
      vertex 12.4 -7.5821825406948 2.9899999999999998
    endloop
  endfacet
  facet normal 1 0 0
    outer loop
      vertex 12.4 -9.137257 2.9899999999999998
      vertex 12.4 -9.12367532368147 2.9899999999999998
      vertex 12.4 -9.137257 2.9996036954247134
    endloop
  endfacet
  facet normal 1 0 0
    outer loop
      vertex 12.4 -9.12367532368147 2.9899999999999998
      vertex 12.4 7.5821825406948 3.0000000000000004
      vertex 12.4 -9.137257 2.9996036954247134
    endloop
  endfacet
  facet normal 1 0 0
    outer loop
      vertex 12.4 -9.137257 2.9996036954247134
      vertex 12.4 7.5821825406948 3.0000000000000004
      vertex 12.4 -9.137257 3.0000000000000004
    endloop
  endfacet
  facet normal 1 0 0
    outer loop
      vertex 12.4 -9.137257 3.0000000000000004
      vertex 12.4 7.5821825406948 3.0000000000000004
      vertex 12.4 -9.137257 3.4
    endloop
  endfacet
  facet normal 0 0 1
    outer loop
      vertex 9.137257 -12.4 3.4
      vertex 12.4 -9.137257 3.4
      vertex 9.137257 12.4 3.4
    endloop
  endfacet
  facet normal 1 0 0
    outer loop
      vertex 12.4 -9.12367532368147 2.9899999999999998
      vertex 12.4 -7.5821825406948 2.9899999999999998
      vertex 12.4 7.5821825406948 3.0000000000000004
    endloop
  endfacet
  facet normal 0 0 -1
    outer loop
      vertex 12.4 -7.5821825406948 2.9899999999999998
      vertex 12.399999999527932 -7.581630000472069 2.9899999999999998
      vertex 12.399999999527932 7.581630000472069 2.9899999999999998
    endloop
  endfacet
  facet normal 0 1 0
    outer loop
      vertex -7.5821825406948 12.4 2.9899999999999998
      vertex 7.5821825406948 12.4 3.0000000000000004
      vertex 7.5821825406948 12.4 2.9899999999999998
    endloop
  endfacet
  facet normal 0 0 -1
    outer loop
      vertex -7.581630000472069 12.399999999527932 2.9899999999999998
      vertex 7.5821825406948 12.4 2.9899999999999998
      vertex 7.581630000472069 12.399999999527932 2.9899999999999998
    endloop
  endfacet
  facet normal 0 1 0
    outer loop
      vertex -7.5821825406948 12.4 3.0000000000000004
      vertex 9.137257 12.4 3.4
      vertex 7.5821825406948 12.4 3.0000000000000004
    endloop
  endfacet
  facet normal 0 0 -1
    outer loop
      vertex 12.4 -7.5821825406948 2.9899999999999998
      vertex 12.399999999527932 7.581630000472069 2.9899999999999998
      vertex 12.4 7.5821825406948 2.9899999999999998
    endloop
  endfacet
  facet normal 1 0 0
    outer loop
      vertex 12.4 -7.5821825406948 2.9899999999999998
      vertex 12.4 7.5821825406948 2.9899999999999998
      vertex 12.4 7.5821825406948 3.0000000000000004
    endloop
  endfacet
  facet normal 1 0 0
    outer loop
      vertex 12.4 -9.137257 3.4
      vertex 12.4 7.5821825406948 3.0000000000000004
      vertex 12.4 9.137257 3.0000000000000004
    endloop
  endfacet
  facet normal 1 0 0
    outer loop
      vertex 12.4 -9.137257 3.4
      vertex 12.4 9.137257 3.0000000000000004
      vertex 12.4 9.137257 3.4
    endloop
  endfacet
  facet normal 0 0 1
    outer loop
      vertex 12.4 -9.137257 3.4
      vertex 12.4 9.137257 3.4
      vertex 9.137257 12.4 3.4
    endloop
  endfacet
  facet normal 0 0 -1
    outer loop
      vertex 7.5821825406948 12.4 2.9899999999999998
      vertex 12.4 7.5821825406948 2.9899999999999998
      vertex 7.581630000472069 12.399999999527932 2.9899999999999998
    endloop
  endfacet
  facet normal 1.1422969676924124e-15 1 4.4823021235966925e-12
    outer loop
      vertex 7.5821825406948 12.4 3.0000000000000004
      vertex 9.137257000000002 12.399999999999999 3.0000000000000004
      vertex 9.137257 12.4 2.9996036954247134
    endloop
  endfacet
  facet normal 1.1422969676924124e-15 1 -4.440892098500627e-15
    outer loop
      vertex 7.5821825406948 12.4 3.0000000000000004
      vertex 9.137257 12.4 3.4
      vertex 9.137257000000002 12.399999999999999 3.0000000000000004
    endloop
  endfacet
  facet normal 0 1 0
    outer loop
      vertex 9.137257 12.4 2.9899999999999998
      vertex 9.12367532368147 12.4 2.9899999999999998
      vertex 9.137257 12.4 2.9996036954247134
    endloop
  endfacet
  facet normal 0 0 -1
    outer loop
      vertex 7.581630000472069 12.399999999527932 2.9899999999999998
      vertex 12.4 7.5821825406948 2.9899999999999998
      vertex 12.399999999527932 7.581630000472069 2.9899999999999998
    endloop
  endfacet
  facet normal 1 0 0
    outer loop
      vertex 12.4 9.137257 2.9899999999999998
      vertex 12.4 9.137257 2.9996036954247134
      vertex 12.4 9.12367532368147 2.9899999999999998
    endloop
  endfacet
  facet normal 0 0 -1
    outer loop
      vertex 9.137257 12.4 2.9899999999999998
      vertex 12.4 9.137257 2.9899999999999998
      vertex 9.12367532368147 12.4 2.9899999999999998
    endloop
  endfacet
  facet normal 0.7071067811865475 0.7071067811865475 0
    outer loop
      vertex 9.137257 12.4 2.9899999999999998
      vertex 9.137257 12.4 2.9996036954247134
      vertex 12.4 9.137257 2.9996036954247134
    endloop
  endfacet
  facet normal 0.7071067811865475 0.7071067811865475 0
    outer loop
      vertex 9.137257000000002 12.399999999999999 3.0000000000000004
      vertex 9.137257 12.4 3.4
      vertex 12.4 9.137257 3.4
    endloop
  endfacet
  facet normal 0 0 -1
    outer loop
      vertex 9.12367532368147 12.4 2.9899999999999998
      vertex 12.4 9.137257 2.9899999999999998
      vertex 12.4 9.12367532368147 2.9899999999999998
    endloop
  endfacet
  facet normal 0.7071067811865475 0.7071067811865475 0
    outer loop
      vertex 9.137257 12.4 2.9899999999999998
      vertex 12.4 9.137257 2.9996036954247134
      vertex 12.4 9.137257 2.9899999999999998
    endloop
  endfacet
  facet normal 0.7071067811865475 0.7071067811865475 0
    outer loop
      vertex 9.137257000000002 12.399999999999999 3.0000000000000004
      vertex 12.4 9.137257 3.4
      vertex 12.4 9.137257 3.0000000000000004
    endloop
  endfacet
  facet normal 0 0 -1
    outer loop
      vertex -12.399999999527932 -7.581630000472069 -3.4
      vertex -11.618690588226423 -6.105364131778607 -3.4
      vertex -11.605364131778607 -6.118690588226424 -3.4
    endloop
  endfacet
  facet normal 0 0 -1
    outer loop
      vertex -12.399999999527932 -7.581630000472069 -3.4
      vertex -11.576335575687743 -6.142705098312485 -3.4
      vertex -11.5607480384937 -6.1532983776506045 -3.4
    endloop
  endfacet
  facet normal 0 0 -1
    outer loop
      vertex -12.399999999527932 -7.581630000472069 -3.4
      vertex -11.605364131778607 -6.118690588226424 -3.4
      vertex -11.591227196924608 -6.131153972832737 -3.4
    endloop
  endfacet
  facet normal 0 0 -1
    outer loop
      vertex -12.399999999527932 -7.581630000472069 -3.4
      vertex -11.591227196924608 -6.131153972832737 -3.4
      vertex -11.576335575687743 -6.142705098312485 -3.4
    endloop
  endfacet
  facet normal 0 0 -1
    outer loop
      vertex -12.399999999527932 -7.581630000472069 -3.4
      vertex -11.510437365805403 -6.1789329457664754 -3.4
      vertex -11.492705098312484 -6.185316954888546 -3.4
    endloop
  endfacet
  facet normal 0 0 -1
    outer loop
      vertex -12.399999999527932 -7.581630000472069 -3.4
      vertex -11.5607480384937 -6.1532983776506045 -3.4
      vertex -11.544526102230515 -6.162892004013159 -3.4
    endloop
  endfacet
  facet normal 0 0 -1
    outer loop
      vertex -12.399999999527932 -7.581630000472069 -3.4
      vertex -11.544526102230515 -6.162892004013159 -3.4
      vertex -11.527733787469522 -6.171448115739806 -3.4
    endloop
  endfacet
  facet normal 0 0 -1
    outer loop
      vertex -12.399999999527932 -7.581630000472069 -3.4
      vertex -11.527733787469522 -6.171448115739806 -3.4
      vertex -11.510437365805403 -6.1789329457664754 -3.4
    endloop
  endfacet
  facet normal 0 0 -1
    outer loop
      vertex -12.399999999527932 -7.581630000472069 -3.4
      vertex -11.653298377650605 -6.060748038493699 -3.4
      vertex -11.642705098312485 -6.076335575687742 -3.4
    endloop
  endfacet
  facet normal 0 0 -1
    outer loop
      vertex -12.399999999527932 -7.581630000472069 -3.4
      vertex -11.642705098312485 -6.076335575687742 -3.4
      vertex -11.631153972832736 -6.091227196924607 -3.4
    endloop
  endfacet
  facet normal 0 0 -1
    outer loop
      vertex -12.399999999527932 -7.581630000472069 -3.4
      vertex -11.671448115739807 -6.027733787469522 -3.4
      vertex -11.662892004013159 -6.044526102230515 -3.4
    endloop
  endfacet
  facet normal 0 0 -1
    outer loop
      vertex -12.399999999527932 -7.581630000472069 -3.4
      vertex -11.662892004013159 -6.044526102230515 -3.4
      vertex -11.653298377650605 -6.060748038493699 -3.4
    endloop
  endfacet
  facet normal 0 0 -1
    outer loop
      vertex -12.399999999527932 -7.581630000472069 -3.4
      vertex -11.685316954888547 -5.992705098312484 -3.4
      vertex -11.678932945766476 -6.010437365805403 -3.4
    endloop
  endfacet
  facet normal 0 0 -1
    outer loop
      vertex -12.399999999527932 -7.581630000472069 -3.4
      vertex -11.678932945766476 -6.010437365805403 -3.4
      vertex -11.671448115739807 -6.027733787469522 -3.4
    endloop
  endfacet
  facet normal 0 0 -1
    outer loop
      vertex -12.399999999527932 -7.581630000472069 -3.4
      vertex -11.694686175218607 -5.956214394375718 -3.4
      vertex -11.69057494833859 -5.974606966149457 -3.4
    endloop
  endfacet
  facet normal 0 0 -1
    outer loop
      vertex -12.399999999527932 -7.581630000472069 -3.4
      vertex -11.69057494833859 -5.974606966149457 -3.4
      vertex -11.685316954888547 -5.992705098312484 -3.4
    endloop
  endfacet
  facet normal 0 0 -1
    outer loop
      vertex -12.399999999527932 -7.581630000472069 -3.4
      vertex -11.699408018528482 -5.918837155858794 -3.4
      vertex -11.697634410394343 -5.937599970069291 -3.4
    endloop
  endfacet
  facet normal 0 0 -1
    outer loop
      vertex -12.399999999527932 -7.581630000472069 -3.4
      vertex -11.697634410394343 -5.937599970069291 -3.4
      vertex -11.694686175218607 -5.956214394375718 -3.4
    endloop
  endfacet
  facet normal 0 0 -1
    outer loop
      vertex -12.399999999527932 -7.581630000472069 -3.4
      vertex -11.699999997019768 -5.900000094832527 -3.4
      vertex -11.699408018528482 -5.918837155858794 -3.4
    endloop
  endfacet
  facet normal 0 0 -1
    outer loop
      vertex -12.399999999527932 -7.581630000472069 -3.4
      vertex -11.631153972832736 -6.091227196924607 -3.4
      vertex -11.618690588226423 -6.105364131778607 -3.4
    endloop
  endfacet
  facet normal 0 0 -1
    outer loop
      vertex -12.399999999527932 -7.581630000472069 -3.4
      vertex -11.492705098312484 -6.185316954888546 -3.4
      vertex -11.474606966149457 -6.19057494833859 -3.4
    endloop
  endfacet
  facet normal 0 0 -1
    outer loop
      vertex -12.399999999527932 -7.581630000472069 -3.4
      vertex -11.474606966149457 -6.19057494833859 -3.4
      vertex -11.456214394375717 -6.194686175218607 -3.4
    endloop
  endfacet
  facet normal 0 0 -1
    outer loop
      vertex -12.399999999527932 -7.581630000472069 -3.4
      vertex -11.456214394375717 -6.194686175218607 -3.4
      vertex -11.437599970069291 -6.197634410394343 -3.4
    endloop
  endfacet
  facet normal 0 0 -1
    outer loop
      vertex -12.399999999527932 -7.581630000472069 -3.4
      vertex -11.437599970069291 -6.197634410394343 -3.4
      vertex -11.418837155858794 -6.199408018528482 -3.4
    endloop
  endfacet
  facet normal 0 0 -1
    outer loop
      vertex -12.399999999527932 -7.581630000472069 -3.4
      vertex -11.418837155858794 -6.199408018528482 -3.4
      vertex -11.399999905167473 -6.199999997019768 -3.4
    endloop
  endfacet
  facet normal 0 0 -1
    outer loop
      vertex -12.399999999527932 -7.581630000472069 -3.4
      vertex -11.399999905167473 -6.199999997019768 -3.4
      vertex -11.381162844141206 -6.199408018528482 -3.4
    endloop
  endfacet
  facet normal 0 0 -1
    outer loop
      vertex -12.399999999527932 -7.581630000472069 -3.4
      vertex -11.381162844141206 -6.199408018528482 -3.4
      vertex -11.36240002993071 -6.197634410394343 -3.4
    endloop
  endfacet
  facet normal 0 0 -1
    outer loop
      vertex -12.399999999527932 -7.581630000472069 -3.4
      vertex -11.36240002993071 -6.197634410394343 -3.4
      vertex -11.343785605624284 -6.194686175218607 -3.4
    endloop
  endfacet
  facet normal 0 0 -1
    outer loop
      vertex -12.399999999527932 -7.581630000472069 -3.4
      vertex -11.343785605624284 -6.194686175218607 -3.4
      vertex -11.325393033850544 -6.19057494833859 -3.4
    endloop
  endfacet
  facet normal 0 0 -1
    outer loop
      vertex -12.399999999527932 -7.581630000472069 -3.4
      vertex -11.325393033850544 -6.19057494833859 -3.4
      vertex -11.307294901687516 -6.185316954888546 -3.4
    endloop
  endfacet
  facet normal 0 0 -1
    outer loop
      vertex -12.399999999527932 -7.581630000472069 -3.4
      vertex -11.307294901687516 -6.185316954888546 -3.4
      vertex -11.289562634194597 -6.1789329457664754 -3.4
    endloop
  endfacet
  facet normal 0 0 -1
    outer loop
      vertex -12.399999999527932 -7.581630000472069 -3.4
      vertex -11.289562634194597 -6.1789329457664754 -3.4
      vertex -11.272266212530479 -6.171448115739806 -3.4
    endloop
  endfacet
  facet normal 0 0 -1
    outer loop
      vertex -12.399999999527932 -7.581630000472069 -3.4
      vertex -11.272266212530479 -6.171448115739806 -3.4
      vertex -11.255473897769486 -6.162892004013159 -3.4
    endloop
  endfacet
  facet normal -6.453886645631718e-14 -2.678567513678533e-13 -1
    outer loop
      vertex -12.399999999527932 -7.581630000472069 -3.4
      vertex -6.185316954888547 -11.307294901687518 -3.399999999999403
      vertex -7.581630000472069 -12.399999999527932 -3.3999999999990203
    endloop
  endfacet
  facet normal -7.039640765301685e-14 -2.776392403979804e-13 -1
    outer loop
      vertex -12.399999999527932 -7.581630000472069 -3.4
      vertex -6.171448115739806 -11.272266212530479 -3.3999999999994137
      vertex -6.178932945766476 -11.2895626341946 -3.3999999999994084
    endloop
  endfacet
  facet normal -6.919218994092659e-14 -2.756188371506049e-13 -1
    outer loop
      vertex -12.399999999527932 -7.581630000472069 -3.4
      vertex -6.178932945766476 -11.2895626341946 -3.3999999999994084
      vertex -6.185316954888547 -11.307294901687518 -3.399999999999403
    endloop
  endfacet
  facet normal -6.010952317067335e-14 -2.6027844132722665e-13 -1
    outer loop
      vertex -12.399999999527932 -7.581630000472069 -3.4
      vertex -6.16289200401316 -11.255473897769487 -3.3999999999994186
      vertex -6.171448115739806 -11.272266212530479 -3.3999999999994137
    endloop
  endfacet
  facet normal -6.242797495540327e-14 -2.6421449156997303e-13 -1
    outer loop
      vertex -12.399999999527932 -7.581630000472069 -3.4
      vertex -6.153298377650605 -11.239251961506303 -3.3999999999994235
      vertex -6.16289200401316 -11.255473897769487 -3.3999999999994186
    endloop
  endfacet
  facet normal -6.861376582928042e-14 -2.7481326744254843e-13 -1
    outer loop
      vertex -12.399999999527932 -7.581630000472069 -3.4
      vertex -6.131153972832738 -11.208772803075396 -3.3999999999994333
      vertex -6.142705098312485 -11.223664424312258 -3.3999999999994284
    endloop
  endfacet
  facet normal -6.525512188844391e-14 -2.6904285915963276e-13 -1
    outer loop
      vertex -12.399999999527932 -7.581630000472069 -3.4
      vertex -6.142705098312485 -11.223664424312258 -3.3999999999994284
      vertex -6.153298377650605 -11.239251961506303 -3.3999999999994235
    endloop
  endfacet
  facet normal -6.05022862693893e-14 -2.607940740506806e-13 -1
    outer loop
      vertex -12.399999999527932 -7.581630000472069 -3.4
      vertex -6.118690588226425 -11.194635868221395 -3.3999999999994377
      vertex -6.131153972832738 -11.208772803075396 -3.3999999999994333
    endloop
  endfacet
  facet normal -6.984650928071169e-14 -2.77089783883422e-13 -1
    outer loop
      vertex -12.399999999527932 -7.581630000472069 -3.4
      vertex -6.091227196924607 -11.168846027167264 -3.3999999999994466
      vertex -6.105364131778607 -11.18130941177358 -3.399999999999442
    endloop
  endfacet
  facet normal -6.486317774111136e-14 -2.6837560301732213e-13 -1
    outer loop
      vertex -12.399999999527932 -7.581630000472069 -3.4
      vertex -6.105364131778607 -11.18130941177358 -3.399999999999442
      vertex -6.118690588226425 -11.194635868221395 -3.3999999999994377
    endloop
  endfacet
  facet normal -6.291527298686259e-14 -2.648999423200307e-13 -1
    outer loop
      vertex -12.399999999527932 -7.581630000472069 -3.4
      vertex -6.076335575687743 -11.157294901687518 -3.3999999999994506
      vertex -6.091227196924607 -11.168846027167264 -3.3999999999994466
    endloop
  endfacet
  facet normal -5.6093432293978456e-14 -2.5283532427374526e-13 -1
    outer loop
      vertex -12.399999999527932 -7.581630000472069 -3.4
      vertex -6.060748038493699 -11.146701622349395 -3.399999999999454
      vertex -6.076335575687743 -11.157294901687518 -3.3999999999994506
    endloop
  endfacet
  facet normal -6.414010470598395e-14 -2.6710428496726434e-13 -1
    outer loop
      vertex -12.399999999527932 -7.581630000472069 -3.4
      vertex -6.010437365805403 -11.121067054233524 -3.3999999999994643
      vertex -6.027733787469522 -11.128551884260194 -3.3999999999994612
    endloop
  endfacet
  facet normal -5.624894593522217e-14 -2.529273264504259e-13 -1
    outer loop
      vertex -12.399999999527932 -7.581630000472069 -3.4
      vertex -6.027733787469522 -11.128551884260194 -3.3999999999994612
      vertex -6.044526102230515 -11.137107995986842 -3.399999999999458
    endloop
  endfacet
  facet normal -7.596222322533762e-14 -2.8816512553273893e-13 -1
    outer loop
      vertex -12.399999999527932 -7.581630000472069 -3.4
      vertex -6.044526102230515 -11.137107995986842 -3.399999999999458
      vertex -6.060748038493699 -11.146701622349395 -3.399999999999454
    endloop
  endfacet
  facet normal -5.1676801757466787e-14 -2.4442640971163433e-13 -1
    outer loop
      vertex -12.399999999527932 -7.581630000472069 -3.4
      vertex -5.974606966149459 -11.109425051661411 -3.3999999999994697
      vertex -5.992705098312484 -11.114683045111454 -3.3999999999994674
    endloop
  endfacet
  facet normal -7.323464222009193e-14 -2.8352218312126085e-13 -1
    outer loop
      vertex -12.399999999527932 -7.581630000472069 -3.4
      vertex -5.992705098312484 -11.114683045111454 -3.3999999999994674
      vertex -6.010437365805403 -11.121067054233524 -3.3999999999994643
    endloop
  endfacet
  facet normal -5.5608743998368025e-14 -2.5141552124722645e-13 -1
    outer loop
      vertex -12.399999999527932 -7.581630000472069 -3.4
      vertex -5.937599970069293 -11.102365589605657 -3.399999999999474
      vertex -5.956214394375718 -11.105313824781394 -3.3999999999994723
    endloop
  endfacet
  facet normal -7.907853878997432e-14 -2.9433490146820537e-13 -1
    outer loop
      vertex -12.399999999527932 -7.581630000472069 -3.4
      vertex -5.956214394375718 -11.105313824781394 -3.3999999999994723
      vertex -5.974606966149459 -11.109425051661411 -3.3999999999994697
    endloop
  endfacet
  facet normal -6.243243057397543e-14 -2.639016908717261e-13 -1
    outer loop
      vertex -12.399999999527932 -7.581630000472069 -3.4
      vertex -5.900000094832529 -11.100000002980233 -3.399999999999477
      vertex -5.918837155858794 -11.100591981471519 -3.399999999999476
    endloop
  endfacet
  facet normal -6.864642035917018e-14 -2.753465089528014e-13 -1
    outer loop
      vertex -12.399999999527932 -7.581630000472069 -3.4
      vertex -5.918837155858794 -11.100591981471519 -3.399999999999476
      vertex -5.937599970069293 -11.102365589605657 -3.399999999999474
    endloop
  endfacet
  facet normal -6.168856264922517e-14 -2.7265054777184237e-13 -1
    outer loop
      vertex -7.581630000472069 -12.399999999527932 -3.3999999999990203
      vertex -6.185316954888545 -11.492705098312486 -3.3999999999993538
      vertex -6.1789329457664754 -11.510437365805403 -3.3999999999993493
    endloop
  endfacet
  facet normal -6.293996575081876e-14 -2.7069409779131233e-13 -1
    outer loop
      vertex -7.581630000472069 -12.399999999527932 -3.3999999999990203
      vertex -6.153298377650605 -11.5607480384937 -3.3999999999993373
      vertex -6.142705098312484 -11.576335575687745 -3.3999999999993338
    endloop
  endfacet
  facet normal -6.574648557307406e-14 -2.6568975404157944e-13 -1
    outer loop
      vertex -7.581630000472069 -12.399999999527932 -3.3999999999990203
      vertex -6.118690588225528 -11.605364131779503 -3.3999999999993276
      vertex -6.1053641317786065 -11.618690588226423 -3.399999999999325
    endloop
  endfacet
  facet normal -6.814199819716875e-14 -2.616062535039559e-13 -1
    outer loop
      vertex -7.581630000472069 -12.399999999527932 -3.3999999999990203
      vertex -6.142705098312484 -11.576335575687745 -3.3999999999993338
      vertex -6.131153972831903 -11.591227196925555 -3.3999999999993307
    endloop
  endfacet
  facet normal -6.127751695146621e-14 -2.739172083939329e-13 -1
    outer loop
      vertex -7.581630000472069 -12.399999999527932 -3.3999999999990203
      vertex -6.131153972831903 -11.591227196925555 -3.3999999999993307
      vertex -6.118690588225528 -11.605364131779503 -3.3999999999993276
    endloop
  endfacet
  facet normal -7.553323995814043e-14 -2.5005394305206155e-13 -1
    outer loop
      vertex -7.581630000472069 -12.399999999527932 -3.3999999999990203
      vertex -6.171448115739806 -11.527733787469522 -3.399999999999345
      vertex -6.162892004013158 -11.544526102230517 -3.3999999999993413
    endloop
  endfacet
  facet normal -5.731006628823138e-14 -2.8027568211768214e-13 -1
    outer loop
      vertex -7.581630000472069 -12.399999999527932 -3.3999999999990203
      vertex -6.162892004013158 -11.544526102230517 -3.3999999999993413
      vertex -6.153298377650605 -11.5607480384937 -3.3999999999993373
    endloop
  endfacet
  facet normal -5.631601633595153e-14 -2.8112218833340347e-13 -1
    outer loop
      vertex -7.581630000472069 -12.399999999527932 -3.3999999999990203
      vertex -6.1789329457664754 -11.510437365805403 -3.3999999999993493
      vertex -6.171448115739806 -11.527733787469522 -3.399999999999345
    endloop
  endfacet
  facet normal -7.166600257308041e-14 -2.574695563468328e-13 -1
    outer loop
      vertex -7.581630000472069 -12.399999999527932 -3.3999999999990203
      vertex -6.194686175218607 -11.456214394375717 -3.3999999999993626
      vertex -6.190574948338589 -11.474606966149459 -3.399999999999358
    endloop
  endfacet
  facet normal -6.679915436430113e-14 -2.647854248962992e-13 -1
    outer loop
      vertex -7.581630000472069 -12.399999999527932 -3.3999999999990203
      vertex -6.190574948338589 -11.474606966149459 -3.399999999999358
      vertex -6.185316954888545 -11.492705098312486 -3.3999999999993538
    endloop
  endfacet
  facet normal -6.556928621681671e-14 -2.665525262695907e-13 -1
    outer loop
      vertex -7.581630000472069 -12.399999999527932 -3.3999999999990203
      vertex -6.199408018528482 -11.418837155858796 -3.3999999999993724
      vertex -6.197634410394343 -11.437599970069291 -3.3999999999993675
    endloop
  endfacet
  facet normal -6.164651223219072e-14 -2.721937375428782e-13 -1
    outer loop
      vertex -7.581630000472069 -12.399999999527932 -3.3999999999990203
      vertex -6.197634410394343 -11.437599970069291 -3.3999999999993675
      vertex -6.194686175218607 -11.456214394375717 -3.3999999999993626
    endloop
  endfacet
  facet normal -5.491333998956874e-14 -2.8117778006802297e-13 -1
    outer loop
      vertex -7.581630000472069 -12.399999999527932 -3.3999999999990203
      vertex -6.199408018528518 -11.38116284414237 -3.3999999999993826
      vertex -6.199999997019768 -11.399999905167473 -3.3999999999993773
    endloop
  endfacet
  facet normal -6.915656906508935e-14 -2.6149890928814374e-13 -1
    outer loop
      vertex -7.581630000472069 -12.399999999527932 -3.3999999999990203
      vertex -6.199999997019768 -11.399999905167473 -3.3999999999993773
      vertex -6.199408018528482 -11.418837155858796 -3.3999999999993724
    endloop
  endfacet
  facet normal -5.756561051543183e-14 -2.7716965485662887e-13 -1
    outer loop
      vertex -7.581630000472069 -12.399999999527932 -3.3999999999990203
      vertex -6.194686175218607 -11.343785605624285 -3.399999999999393
      vertex -6.197634410394343 -11.36240002993071 -3.3999999999993875
    endloop
  endfacet
  facet normal -7.552456202114319e-14 -2.5321523078703895e-13 -1
    outer loop
      vertex -7.581630000472069 -12.399999999527932 -3.3999999999990203
      vertex -6.197634410394343 -11.36240002993071 -3.3999999999993875
      vertex -6.199408018528518 -11.38116284414237 -3.3999999999993826
    endloop
  endfacet
  facet normal -8.144387250375769e-14 -2.462546919225678e-13 -1
    outer loop
      vertex -7.581630000472069 -12.399999999527932 -3.3999999999990203
      vertex -6.185316954888547 -11.307294901687518 -3.399999999999403
      vertex -6.19057494833859 -11.325393033850544 -3.399999999999398
    endloop
  endfacet
  facet normal -5.78379351335782e-14 -2.7681205799960926e-13 -1
    outer loop
      vertex -7.581630000472069 -12.399999999527932 -3.3999999999990203
      vertex -6.19057494833859 -11.325393033850544 -3.399999999999398
      vertex -6.194686175218607 -11.343785605624285 -3.399999999999393
    endloop
  endfacet
  facet normal -6.23112879963639e-14 -2.7255890816814407e-13 -1
    outer loop
      vertex -7.581630000472069 -12.399999999527932 -3.3999999999990203
      vertex -6.091227196924607 -11.631153972832736 -3.3999999999993227
      vertex -6.076335575687742 -11.642705098312485 -3.3999999999993205
    endloop
  endfacet
  facet normal -6.612244474568045e-14 -2.6498337451867896e-13 -1
    outer loop
      vertex -7.581630000472069 -12.399999999527932 -3.3999999999990203
      vertex -6.076335575687742 -11.642705098312485 -3.3999999999993205
      vertex -6.060748038493697 -11.653298377650607 -3.3999999999993187
    endloop
  endfacet
  facet normal -5.754246001693177e-14 -2.8245908854645715e-13 -1
    outer loop
      vertex -7.581630000472069 -12.399999999527932 -3.3999999999990203
      vertex -6.060748038493697 -11.653298377650607 -3.3999999999993187
      vertex -6.044526102230515 -11.662892004013159 -3.399999999999317
    endloop
  endfacet
  facet normal -7.377776477300579e-14 -2.4860333012088955e-13 -1
    outer loop
      vertex -7.581630000472069 -12.399999999527932 -3.3999999999990203
      vertex -6.044526102230515 -11.662892004013159 -3.399999999999317
      vertex -6.02773378746952 -11.671448115739807 -3.399999999999316
    endloop
  endfacet
  facet normal -5.4436095715047136e-14 -2.9032756607155307e-13 -1
    outer loop
      vertex -7.581630000472069 -12.399999999527932 -3.3999999999990203
      vertex -6.010437365805402 -11.678932945766476 -3.399999999999315
      vertex -5.992705098312484 -11.685316954888547 -3.3999999999993142
    endloop
  endfacet
  facet normal -6.465233948527032e-14 -2.680665476516976e-13 -1
    outer loop
      vertex -7.581630000472069 -12.399999999527932 -3.3999999999990203
      vertex -6.02773378746952 -11.671448115739807 -3.399999999999316
      vertex -6.010437365805402 -11.678932945766476 -3.399999999999315
    endloop
  endfacet
  facet normal -6.149317025930375e-14 -2.7510462949303814e-13 -1
    outer loop
      vertex -7.581630000472069 -12.399999999527932 -3.3999999999990203
      vertex -5.974606966149455 -11.69057494833859 -3.3999999999993142
      vertex -5.956214394375718 -11.694686175218607 -3.3999999999993142
    endloop
  endfacet
  facet normal -7.260947504788343e-14 -2.4992345239496836e-13 -1
    outer loop
      vertex -7.581630000472069 -12.399999999527932 -3.3999999999990203
      vertex -5.992705098312484 -11.685316954888547 -3.3999999999993142
      vertex -5.974606966149455 -11.69057494833859 -3.3999999999993142
    endloop
  endfacet
  facet normal -7.003170723307838e-14 -2.5759292788673426e-13 -1
    outer loop
      vertex -7.581630000472069 -12.399999999527932 -3.3999999999990203
      vertex -6.1053641317786065 -11.618690588226423 -3.399999999999325
      vertex -6.091227196924607 -11.631153972832736 -3.3999999999993227
    endloop
  endfacet
  facet normal -7.12076402719435e-14 -2.525232583620548e-13 -1
    outer loop
      vertex -7.581630000472069 -12.399999999527932 -3.3999999999990203
      vertex -5.937599970069289 -11.697634410394343 -3.3999999999993147
      vertex -5.918837155858794 -11.699408018528482 -3.3999999999993156
    endloop
  endfacet
  facet normal -6.584216588730596e-14 -2.6508224637651327e-13 -1
    outer loop
      vertex -7.581630000472069 -12.399999999527932 -3.3999999999990203
      vertex -5.956214394375718 -11.694686175218607 -3.3999999999993142
      vertex -5.937599970069289 -11.697634410394343 -3.3999999999993147
    endloop
  endfacet
  facet normal -5.6205423738649756e-14 -2.881296868988337e-13 -1
    outer loop
      vertex -7.581630000472069 -12.399999999527932 -3.3999999999990203
      vertex -5.918837155858794 -11.699408018528482 -3.3999999999993156
      vertex -5.900000094831226 -11.699999997019768 -3.3999999999993165
    endloop
  endfacet
  facet normal -1 0 0
    outer loop
      vertex -12.399999999527932 -7.581630000472069 -3.4
      vertex -12.399999999527932 -7.581630000472069 2.9899999999999998
      vertex -12.399999999527932 -5.5 0.18999999999999995
    endloop
  endfacet
  facet normal -0.7071067811865476 -0.7071067811865476 0
    outer loop
      vertex -12.399999999527932 -7.581630000472069 -3.4
      vertex -7.581630000472069 -12.399999999527932 -3.3999999999990203
      vertex -7.581630000472069 -12.399999999527932 2.9899999999999998
    endloop
  endfacet
  facet normal 0 -1 0
    outer loop
      vertex -7.581630000472069 -12.399999999527932 -3.3999999999990203
      vertex -5.5 -12.399999999527932 0.21499999929189695
      vertex -7.581630000472069 -12.399999999527932 2.9899999999999998
    endloop
  endfacet
  facet normal -1.5520850939266698e-13 6.460753141924887e-14 -1
    outer loop
      vertex -12.399999999527932 -7.581630000472069 -3.4
      vertex -12.399999999527932 7.581630000472069 -3.3999999999990203
      vertex -11.699999997019768 -5.900000094832527 -3.4
    endloop
  endfacet
  facet normal -1 0 0
    outer loop
      vertex -12.399999999527932 -7.581630000472069 -3.4
      vertex -12.399999999527932 -5.5 0.18999999999999995
      vertex -12.399999999527932 7.581630000472069 -3.3999999999990203
    endloop
  endfacet
  facet normal -5.791976974355641e-14 -2.840112647557843e-13 -1
    outer loop
      vertex -7.581630000472069 -12.399999999527932 -3.3999999999990203
      vertex -5.900000094831226 -11.699999997019768 -3.3999999999993165
      vertex 5.900000094832527 -11.699999997019768 -3.4
    endloop
  endfacet
  facet normal 2.903468735194618e-14 -9.492109548880165e-14 -1
    outer loop
      vertex -12.399999999527932 -7.581630000472069 -3.4
      vertex 11.100000002980233 -5.900000094832529 -3.399999999999477
      vertex -5.900000094832529 -11.100000002980233 -3.399999999999477
    endloop
  endfacet
  facet normal 0 -1 0
    outer loop
      vertex -7.581630000472069 -12.399999999527932 -3.3999999999990203
      vertex -5.5 -12.399999999527932 0.18999999999999995
      vertex -5.5 -12.399999999527932 0.20000000000000018
    endloop
  endfacet
  facet normal 0 -1 0
    outer loop
      vertex -7.581630000472069 -12.399999999527932 -3.3999999999990203
      vertex -5.5 -12.399999999527932 0.20000000000000018
      vertex -5.5 -12.399999999527932 0.21499999929189695
    endloop
  endfacet
  facet normal 0 -1 0
    outer loop
      vertex -7.581630000472069 -12.399999999527932 -3.3999999999990203
      vertex 5.5 -12.399999999527932 0.18999999999999995
      vertex -5.5 -12.399999999527932 0.18999999999999995
    endloop
  endfacet
  facet normal 0 0 -1
    outer loop
      vertex -12.399999999527932 -7.581630000472069 -3.4
      vertex -11.255473897769486 -6.162892004013159 -3.4
      vertex 12.399999999527932 7.581630000472069 -3.4
    endloop
  endfacet
  facet normal 0 0 -1
    outer loop
      vertex 12.399999999527932 7.581630000472069 -3.4
      vertex -11.255473897769486 -6.162892004013159 -3.4
      vertex -11.239251961506302 -6.1532983776506045 -3.4
    endloop
  endfacet
  facet normal 0 0 -1
    outer loop
      vertex 12.399999999527932 7.581630000472069 -3.4
      vertex -11.239251961506302 -6.1532983776506045 -3.4
      vertex -11.223664424312258 -6.142705098312485 -3.4
    endloop
  endfacet
  facet normal 0 0 -1
    outer loop
      vertex 12.399999999527932 7.581630000472069 -3.4
      vertex -11.223664424312258 -6.142705098312485 -3.4
      vertex -11.208772803075394 -6.131153972832737 -3.4
    endloop
  endfacet
  facet normal 0 0 -1
    outer loop
      vertex 12.399999999527932 7.581630000472069 -3.4
      vertex -11.208772803075394 -6.131153972832737 -3.4
      vertex -11.194635868221393 -6.118690588226424 -3.4
    endloop
  endfacet
  facet normal 0 0 -1
    outer loop
      vertex 12.399999999527932 7.581630000472069 -3.4
      vertex -11.194635868221393 -6.118690588226424 -3.4
      vertex -11.181309411773578 -6.1053641317786065 -3.4
    endloop
  endfacet
  facet normal 0 0 -1
    outer loop
      vertex 12.399999999527932 7.581630000472069 -3.4
      vertex -11.181309411773578 -6.1053641317786065 -3.4
      vertex -11.168846027167264 -6.091227196924607 -3.4
    endloop
  endfacet
  facet normal 0 0 -1
    outer loop
      vertex 12.399999999527932 7.581630000472069 -3.4
      vertex -11.168846027167264 -6.091227196924607 -3.4
      vertex -11.157294901687516 -6.076335575687742 -3.4
    endloop
  endfacet
  facet normal 0 0 -1
    outer loop
      vertex 12.399999999527932 7.581630000472069 -3.4
      vertex -11.157294901687516 -6.076335575687742 -3.4
      vertex -11.146701622349395 -6.060748038493699 -3.4
    endloop
  endfacet
  facet normal 0 0 -1
    outer loop
      vertex 12.399999999527932 7.581630000472069 -3.4
      vertex -11.146701622349395 -6.060748038493699 -3.4
      vertex -11.137107995986842 -6.044526102230515 -3.4
    endloop
  endfacet
  facet normal 0 0 -1
    outer loop
      vertex 12.399999999527932 7.581630000472069 -3.4
      vertex -11.128551884260194 -6.027733787469522 -3.4
      vertex -11.121067054233524 -6.010437365805403 -3.4
    endloop
  endfacet
  facet normal 0 0 -1
    outer loop
      vertex 12.399999999527932 7.581630000472069 -3.4
      vertex -11.137107995986842 -6.044526102230515 -3.4
      vertex -11.128551884260194 -6.027733787469522 -3.4
    endloop
  endfacet
  facet normal 0 0 -1
    outer loop
      vertex 12.399999999527932 7.581630000472069 -3.4
      vertex -11.114683045111454 -5.992705098312484 -3.4
      vertex -11.109425051661411 -5.974606966149457 -3.4
    endloop
  endfacet
  facet normal 0 0 -1
    outer loop
      vertex 12.399999999527932 7.581630000472069 -3.4
      vertex -11.121067054233524 -6.010437365805403 -3.4
      vertex -11.114683045111454 -5.992705098312484 -3.4
    endloop
  endfacet
  facet normal 0 0 -1
    outer loop
      vertex 12.399999999527932 7.581630000472069 -3.4
      vertex -11.109425051661411 -5.974606966149457 -3.4
      vertex -11.105313824781394 -5.956214394375718 -3.4
    endloop
  endfacet
  facet normal 0 0 -1
    outer loop
      vertex 12.399999999527932 7.581630000472069 -3.4
      vertex -11.102365589605657 -5.937599970069291 -3.4
      vertex -11.100591981471519 -5.918837155858794 -3.4
    endloop
  endfacet
  facet normal 0 0 -1
    outer loop
      vertex 12.399999999527932 7.581630000472069 -3.4
      vertex -11.105313824781394 -5.956214394375718 -3.4
      vertex -11.102365589605657 -5.937599970069291 -3.4
    endloop
  endfacet
  facet normal 0 0 -1
    outer loop
      vertex 12.399999999527932 7.581630000472069 -3.4
      vertex -11.100591981471519 -5.918837155858794 -3.4
      vertex -11.100000002980233 -5.900000094832527 -3.4
    endloop
  endfacet
  facet normal -0.7071067811865476 -0.7071067811865476 0
    outer loop
      vertex -12.399999999527932 -7.581630000472069 -3.4
      vertex -7.581630000472069 -12.399999999527932 2.9899999999999998
      vertex -12.399999999527932 -7.581630000472069 2.9899999999999998
    endloop
  endfacet
  facet normal -1 0 0
    outer loop
      vertex -12.399999999527932 -7.581630000472069 2.9899999999999998
      vertex -12.399999999527932 -6 2.6
      vertex -12.399999999527932 -6 2.1999999999999997
    endloop
  endfacet
  facet normal 0 -1 0
    outer loop
      vertex -7.581630000472069 -12.399999999527932 2.9899999999999998
      vertex -6 -12.399999999527932 2.1999999999999997
      vertex -6 -12.399999999527932 2.6
    endloop
  endfacet
  facet normal -1 0 0
    outer loop
      vertex -12.399999999527932 -7.581630000472069 2.9899999999999998
      vertex -12.399999999527932 -5.5 0.20000000000000018
      vertex -12.399999999527932 -5.5 0.18999999999999995
    endloop
  endfacet
  facet normal -1 0 0
    outer loop
      vertex -12.399999999527932 -7.581630000472069 2.9899999999999998
      vertex -12.399999999527932 -5.5 0.21499999929189695
      vertex -12.399999999527932 -5.5 0.20000000000000018
    endloop
  endfacet
  facet normal -1 0 0
    outer loop
      vertex -12.399999999527932 -5.5 0.21499999929189695
      vertex -12.399999999527932 -6 2.1999999999999997
      vertex -12.399999999527932 -5.5 1.9850000007081037
    endloop
  endfacet
  facet normal -1 0 0
    outer loop
      vertex -12.399999999527932 -5.5 0.20000000000000018
      vertex -12.399999999527932 -5.5 0.21499999929189695
      vertex -12.399999999527932 5.5 0.20000000000000018
    endloop
  endfacet
  facet normal -1 0 0
    outer loop
      vertex -12.399999999527932 -7.581630000472069 2.9899999999999998
      vertex -12.399999999527932 -6 2.1999999999999997
      vertex -12.399999999527932 -5.5 0.21499999929189695
    endloop
  endfacet
  facet normal -1 0 0
    outer loop
      vertex -12.399999999527932 -5.5 1.9850000007081037
      vertex -12.399999999527932 -6 2.1999999999999997
      vertex -12.399999999527932 6 2.1999999999999997
    endloop
  endfacet
  facet normal -1 0 0
    outer loop
      vertex -12.399999999527932 -7.581630000472069 2.9899999999999998
      vertex -12.399999999527932 7.581630000472069 2.9899999999999998
      vertex -12.399999999527932 -6 2.6
    endloop
  endfacet
  facet normal 0 -1 0
    outer loop
      vertex -5.5 -12.399999999527932 0.21499999929189695
      vertex -5.5 -12.399999999527932 1.9850000007081037
      vertex -6 -12.399999999527932 2.1999999999999997
    endloop
  endfacet
  facet normal 0 -1 0
    outer loop
      vertex -5.5 -12.399999999527932 0.20000000000000018
      vertex 5.5 -12.399999999527932 0.21499999929189695
      vertex -5.5 -12.399999999527932 0.21499999929189695
    endloop
  endfacet
  facet normal 0 -1 0
    outer loop
      vertex -7.581630000472069 -12.399999999527932 2.9899999999999998
      vertex -5.5 -12.399999999527932 0.21499999929189695
      vertex -6 -12.399999999527932 2.1999999999999997
    endloop
  endfacet
  facet normal 0 -1 0
    outer loop
      vertex -5.5 -12.399999999527932 1.9850000007081037
      vertex 5.5 -12.399999999527932 1.9850000007081037
      vertex -6 -12.399999999527932 2.1999999999999997
    endloop
  endfacet
  facet normal 0 -1 0
    outer loop
      vertex -7.581630000472069 -12.399999999527932 2.9899999999999998
      vertex -6 -12.399999999527932 2.6
      vertex 6 -12.399999999527932 2.6
    endloop
  endfacet
  facet normal -2.840112647557843e-13 5.791976974355641e-14 -1
    outer loop
      vertex -12.399999999527932 7.581630000472069 -3.3999999999990203
      vertex -11.699999997019768 5.900000094831226 -3.3999999999993165
      vertex -11.699999997019768 -5.900000094832527 -3.4
    endloop
  endfacet
  facet normal -1 0 0
    outer loop
      vertex -12.399999999527932 -5.5 0.18999999999999995
      vertex -12.399999999527932 5.5 0.18999999999999995
      vertex -12.399999999527932 7.581630000472069 -3.3999999999990203
    endloop
  endfacet
  facet normal -1 0 0
    outer loop
      vertex -12.399999999527932 7.581630000472069 -3.3999999999990203
      vertex -12.399999999527932 5.5 0.18999999999999995
      vertex -12.399999999527932 5.5 0.20000000000000018
    endloop
  endfacet
  facet normal -1 0 0
    outer loop
      vertex -12.399999999527932 7.581630000472069 -3.3999999999990203
      vertex -12.399999999527932 5.5 0.20000000000000018
      vertex -12.399999999527932 5.5 0.21499999929189695
    endloop
  endfacet
  facet normal -2.881296868988337e-13 5.6205423738649756e-14 -1
    outer loop
      vertex -12.399999999527932 7.581630000472069 -3.3999999999990203
      vertex -11.699408018528482 5.918837155858794 -3.3999999999993156
      vertex -11.699999997019768 5.900000094831226 -3.3999999999993165
    endloop
  endfacet
  facet normal -2.525232583620548e-13 7.12076402719435e-14 -1
    outer loop
      vertex -12.399999999527932 7.581630000472069 -3.3999999999990203
      vertex -11.697634410394343 5.937599970069289 -3.3999999999993147
      vertex -11.699408018528482 5.918837155858794 -3.3999999999993156
    endloop
  endfacet
  facet normal -2.6508224637651327e-13 6.584216588730596e-14 -1
    outer loop
      vertex -12.399999999527932 7.581630000472069 -3.3999999999990203
      vertex -11.694686175218607 5.956214394375718 -3.3999999999993142
      vertex -11.697634410394343 5.937599970069289 -3.3999999999993147
    endloop
  endfacet
  facet normal -2.7510462949303814e-13 6.149317025930375e-14 -1
    outer loop
      vertex -12.399999999527932 7.581630000472069 -3.3999999999990203
      vertex -11.69057494833859 5.974606966149455 -3.3999999999993142
      vertex -11.694686175218607 5.956214394375718 -3.3999999999993142
    endloop
  endfacet
  facet normal -2.4992345239496836e-13 7.260947504788343e-14 -1
    outer loop
      vertex -12.399999999527932 7.581630000472069 -3.3999999999990203
      vertex -11.685316954888547 5.992705098312484 -3.3999999999993142
      vertex -11.69057494833859 5.974606966149455 -3.3999999999993142
    endloop
  endfacet
  facet normal -2.9032756607155307e-13 5.4436095715047136e-14 -1
    outer loop
      vertex -12.399999999527932 7.581630000472069 -3.3999999999990203
      vertex -11.678932945766476 6.010437365805402 -3.399999999999315
      vertex -11.685316954888547 5.992705098312484 -3.3999999999993142
    endloop
  endfacet
  facet normal -2.680665476516976e-13 6.465233948527032e-14 -1
    outer loop
      vertex -12.399999999527932 7.581630000472069 -3.3999999999990203
      vertex -11.671448115739807 6.02773378746952 -3.399999999999316
      vertex -11.678932945766476 6.010437365805402 -3.399999999999315
    endloop
  endfacet
  facet normal -2.8245908854645715e-13 5.754246001693177e-14 -1
    outer loop
      vertex -12.399999999527932 7.581630000472069 -3.3999999999990203
      vertex -11.653298377650607 6.060748038493697 -3.3999999999993187
      vertex -11.662892004013159 6.044526102230515 -3.399999999999317
    endloop
  endfacet
  facet normal -2.4860333012088955e-13 7.377776477300579e-14 -1
    outer loop
      vertex -12.399999999527932 7.581630000472069 -3.3999999999990203
      vertex -11.662892004013159 6.044526102230515 -3.399999999999317
      vertex -11.671448115739807 6.02773378746952 -3.399999999999316
    endloop
  endfacet
  facet normal -2.7255890816814407e-13 6.23112879963639e-14 -1
    outer loop
      vertex -12.399999999527932 7.581630000472069 -3.3999999999990203
      vertex -11.631153972832736 6.091227196924607 -3.3999999999993227
      vertex -11.642705098312485 6.076335575687742 -3.3999999999993205
    endloop
  endfacet
  facet normal -2.6498337451867896e-13 6.612244474568045e-14 -1
    outer loop
      vertex -12.399999999527932 7.581630000472069 -3.3999999999990203
      vertex -11.642705098312485 6.076335575687742 -3.3999999999993205
      vertex -11.653298377650607 6.060748038493697 -3.3999999999993187
    endloop
  endfacet
  facet normal -2.5759292788673426e-13 7.003170723307838e-14 -1
    outer loop
      vertex -12.399999999527932 7.581630000472069 -3.3999999999990203
      vertex -11.618690588226423 6.1053641317786065 -3.399999999999325
      vertex -11.631153972832736 6.091227196924607 -3.3999999999993227
    endloop
  endfacet
  facet normal -2.6568975404157944e-13 6.574648557307406e-14 -1
    outer loop
      vertex -12.399999999527932 7.581630000472069 -3.3999999999990203
      vertex -11.605364131779503 6.118690588225528 -3.3999999999993276
      vertex -11.618690588226423 6.1053641317786065 -3.399999999999325
    endloop
  endfacet
  facet normal -2.616062535039559e-13 6.814199819716875e-14 -1
    outer loop
      vertex -12.399999999527932 7.581630000472069 -3.3999999999990203
      vertex -11.576335575687745 6.142705098312484 -3.3999999999993338
      vertex -11.591227196925555 6.131153972831903 -3.3999999999993307
    endloop
  endfacet
  facet normal -2.739172083939329e-13 6.127751695146621e-14 -1
    outer loop
      vertex -12.399999999527932 7.581630000472069 -3.3999999999990203
      vertex -11.591227196925555 6.131153972831903 -3.3999999999993307
      vertex -11.605364131779503 6.118690588225528 -3.3999999999993276
    endloop
  endfacet
  facet normal -2.7069409779131233e-13 6.293996575081876e-14 -1
    outer loop
      vertex -12.399999999527932 7.581630000472069 -3.3999999999990203
      vertex -11.5607480384937 6.153298377650605 -3.3999999999993373
      vertex -11.576335575687745 6.142705098312484 -3.3999999999993338
    endloop
  endfacet
  facet normal -2.5005394305206155e-13 7.553323995814043e-14 -1
    outer loop
      vertex -12.399999999527932 7.581630000472069 -3.3999999999990203
      vertex -11.527733787469522 6.171448115739806 -3.399999999999345
      vertex -11.544526102230517 6.162892004013158 -3.3999999999993413
    endloop
  endfacet
  facet normal -2.8027568211768214e-13 5.731006628823138e-14 -1
    outer loop
      vertex -12.399999999527932 7.581630000472069 -3.3999999999990203
      vertex -11.544526102230517 6.162892004013158 -3.3999999999993413
      vertex -11.5607480384937 6.153298377650605 -3.3999999999993373
    endloop
  endfacet
  facet normal -2.8112218833340347e-13 5.631601633595153e-14 -1
    outer loop
      vertex -12.399999999527932 7.581630000472069 -3.3999999999990203
      vertex -11.510437365805403 6.1789329457664754 -3.3999999999993493
      vertex -11.527733787469522 6.171448115739806 -3.399999999999345
    endloop
  endfacet
  facet normal -2.7265054777184237e-13 6.168856264922517e-14 -1
    outer loop
      vertex -12.399999999527932 7.581630000472069 -3.3999999999990203
      vertex -11.492705098312486 6.185316954888545 -3.3999999999993538
      vertex -11.510437365805403 6.1789329457664754 -3.3999999999993493
    endloop
  endfacet
  facet normal -2.574695563468328e-13 7.166600257308041e-14 -1
    outer loop
      vertex -12.399999999527932 7.581630000472069 -3.3999999999990203
      vertex -11.456214394375717 6.194686175218607 -3.3999999999993626
      vertex -11.474606966149459 6.190574948338589 -3.399999999999358
    endloop
  endfacet
  facet normal -2.647854248962992e-13 6.679915436430113e-14 -1
    outer loop
      vertex -12.399999999527932 7.581630000472069 -3.3999999999990203
      vertex -11.474606966149459 6.190574948338589 -3.399999999999358
      vertex -11.492705098312486 6.185316954888545 -3.3999999999993538
    endloop
  endfacet
  facet normal -2.665525262695907e-13 6.556928621681671e-14 -1
    outer loop
      vertex -12.399999999527932 7.581630000472069 -3.3999999999990203
      vertex -11.418837155858796 6.199408018528482 -3.3999999999993724
      vertex -11.437599970069291 6.197634410394343 -3.3999999999993675
    endloop
  endfacet
  facet normal -2.721937375428782e-13 6.164651223219072e-14 -1
    outer loop
      vertex -12.399999999527932 7.581630000472069 -3.3999999999990203
      vertex -11.437599970069291 6.197634410394343 -3.3999999999993675
      vertex -11.456214394375717 6.194686175218607 -3.3999999999993626
    endloop
  endfacet
  facet normal -2.8117778006802297e-13 5.491333998956874e-14 -1
    outer loop
      vertex -12.399999999527932 7.581630000472069 -3.3999999999990203
      vertex -11.38116284414237 6.199408018528518 -3.3999999999993826
      vertex -11.399999905167473 6.199999997019768 -3.3999999999993773
    endloop
  endfacet
  facet normal -2.6149890928814374e-13 6.915656906508935e-14 -1
    outer loop
      vertex -12.399999999527932 7.581630000472069 -3.3999999999990203
      vertex -11.399999905167473 6.199999997019768 -3.3999999999993773
      vertex -11.418837155858796 6.199408018528482 -3.3999999999993724
    endloop
  endfacet
  facet normal -2.7716965485662887e-13 5.756561051543183e-14 -1
    outer loop
      vertex -12.399999999527932 7.581630000472069 -3.3999999999990203
      vertex -11.343785605624285 6.194686175218607 -3.399999999999393
      vertex -11.36240002993071 6.197634410394343 -3.3999999999993875
    endloop
  endfacet
  facet normal -2.5321523078703895e-13 7.552456202114319e-14 -1
    outer loop
      vertex -12.399999999527932 7.581630000472069 -3.3999999999990203
      vertex -11.36240002993071 6.197634410394343 -3.3999999999993875
      vertex -11.38116284414237 6.199408018528518 -3.3999999999993826
    endloop
  endfacet
  facet normal -2.462546919225678e-13 8.144387250375769e-14 -1
    outer loop
      vertex -12.399999999527932 7.581630000472069 -3.3999999999990203
      vertex -11.307294901687518 6.185316954888547 -3.399999999999403
      vertex -11.325393033850544 6.19057494833859 -3.399999999999398
    endloop
  endfacet
  facet normal -2.7681205799960926e-13 5.78379351335782e-14 -1
    outer loop
      vertex -12.399999999527932 7.581630000472069 -3.3999999999990203
      vertex -11.325393033850544 6.19057494833859 -3.399999999999398
      vertex -11.343785605624285 6.194686175218607 -3.399999999999393
    endloop
  endfacet
  facet normal -2.678567513678533e-13 6.453886645631721e-14 -1
    outer loop
      vertex -12.399999999527932 7.581630000472069 -3.3999999999990203
      vertex -7.581630000472069 12.399999999527932 -3.4
      vertex -11.307294901687518 6.185316954888547 -3.399999999999403
    endloop
  endfacet
  facet normal -2.776392403979804e-13 7.039640765301685e-14 -1
    outer loop
      vertex -7.581630000472069 12.399999999527932 -3.4
      vertex -11.272266212530479 6.171448115739806 -3.3999999999994137
      vertex -11.2895626341946 6.178932945766476 -3.3999999999994084
    endloop
  endfacet
  facet normal -2.756188371506049e-13 6.919218994092659e-14 -1
    outer loop
      vertex -7.581630000472069 12.399999999527932 -3.4
      vertex -11.2895626341946 6.178932945766476 -3.3999999999994084
      vertex -11.307294901687518 6.185316954888547 -3.399999999999403
    endloop
  endfacet
  facet normal -2.6421449156997303e-13 6.242797495540327e-14 -1
    outer loop
      vertex -7.581630000472069 12.399999999527932 -3.4
      vertex -11.239251961506303 6.153298377650605 -3.3999999999994235
      vertex -11.255473897769487 6.16289200401316 -3.3999999999994186
    endloop
  endfacet
  facet normal -2.607940740506806e-13 6.05022862693893e-14 -1
    outer loop
      vertex -7.581630000472069 12.399999999527932 -3.4
      vertex -11.194635868221395 6.118690588226425 -3.3999999999994377
      vertex -11.208772803075396 6.131153972832738 -3.3999999999994333
    endloop
  endfacet
  facet normal -2.7481326744254843e-13 6.861376582928042e-14 -1
    outer loop
      vertex -7.581630000472069 12.399999999527932 -3.4
      vertex -11.208772803075396 6.131153972832738 -3.3999999999994333
      vertex -11.223664424312258 6.142705098312485 -3.3999999999994284
    endloop
  endfacet
  facet normal -2.6904285915963276e-13 6.525512188844391e-14 -1
    outer loop
      vertex -7.581630000472069 12.399999999527932 -3.4
      vertex -11.223664424312258 6.142705098312485 -3.3999999999994284
      vertex -11.239251961506303 6.153298377650605 -3.3999999999994235
    endloop
  endfacet
  facet normal -2.6027844132722665e-13 6.010952317067335e-14 -1
    outer loop
      vertex -7.581630000472069 12.399999999527932 -3.4
      vertex -11.255473897769487 6.16289200401316 -3.3999999999994186
      vertex -11.272266212530479 6.171448115739806 -3.3999999999994137
    endloop
  endfacet
  facet normal -2.639016908717261e-13 6.243243057397543e-14 -1
    outer loop
      vertex -7.581630000472069 12.399999999527932 -3.4
      vertex -11.100000002980233 5.900000094832529 -3.399999999999477
      vertex -11.100591981471519 5.918837155858794 -3.399999999999476
    endloop
  endfacet
  facet normal -2.753465089528014e-13 6.864642035917018e-14 -1
    outer loop
      vertex -7.581630000472069 12.399999999527932 -3.4
      vertex -11.100591981471519 5.918837155858794 -3.399999999999476
      vertex -11.102365589605657 5.937599970069293 -3.399999999999474
    endloop
  endfacet
  facet normal -2.648999423200307e-13 6.291527298686259e-14 -1
    outer loop
      vertex -7.581630000472069 12.399999999527932 -3.4
      vertex -11.157294901687518 6.076335575687743 -3.3999999999994506
      vertex -11.168846027167264 6.091227196924607 -3.3999999999994466
    endloop
  endfacet
  facet normal -2.6710428496726434e-13 6.414010470598395e-14 -1
    outer loop
      vertex -7.581630000472069 12.399999999527932 -3.4
      vertex -11.121067054233524 6.010437365805403 -3.3999999999994643
      vertex -11.128551884260194 6.027733787469522 -3.3999999999994612
    endloop
  endfacet
  facet normal -2.529273264504259e-13 5.624894593522217e-14 -1
    outer loop
      vertex -7.581630000472069 12.399999999527932 -3.4
      vertex -11.128551884260194 6.027733787469522 -3.3999999999994612
      vertex -11.137107995986842 6.044526102230515 -3.399999999999458
    endloop
  endfacet
  facet normal -2.8816512553273893e-13 7.596222322533762e-14 -1
    outer loop
      vertex -7.581630000472069 12.399999999527932 -3.4
      vertex -11.137107995986842 6.044526102230515 -3.399999999999458
      vertex -11.146701622349395 6.060748038493699 -3.399999999999454
    endloop
  endfacet
  facet normal -2.5283532427374526e-13 5.6093432293978456e-14 -1
    outer loop
      vertex -7.581630000472069 12.399999999527932 -3.4
      vertex -11.146701622349395 6.060748038493699 -3.399999999999454
      vertex -11.157294901687518 6.076335575687743 -3.3999999999994506
    endloop
  endfacet
  facet normal -2.5141552124722645e-13 5.5608743998368025e-14 -1
    outer loop
      vertex -7.581630000472069 12.399999999527932 -3.4
      vertex -11.102365589605657 5.937599970069293 -3.399999999999474
      vertex -11.105313824781394 5.956214394375718 -3.3999999999994723
    endloop
  endfacet
  facet normal -2.9433490146820537e-13 7.907853878997432e-14 -1
    outer loop
      vertex -7.581630000472069 12.399999999527932 -3.4
      vertex -11.105313824781394 5.956214394375718 -3.3999999999994723
      vertex -11.109425051661411 5.974606966149459 -3.3999999999994697
    endloop
  endfacet
  facet normal -2.4442640971163433e-13 5.1676801757466787e-14 -1
    outer loop
      vertex -7.581630000472069 12.399999999527932 -3.4
      vertex -11.109425051661411 5.974606966149459 -3.3999999999994697
      vertex -11.114683045111454 5.992705098312484 -3.3999999999994674
    endloop
  endfacet
  facet normal -2.8352218312126085e-13 7.323464222009193e-14 -1
    outer loop
      vertex -7.581630000472069 12.399999999527932 -3.4
      vertex -11.114683045111454 5.992705098312484 -3.3999999999994674
      vertex -11.121067054233524 6.010437365805403 -3.3999999999994643
    endloop
  endfacet
  facet normal -2.77089783883422e-13 6.984650928071169e-14 -1
    outer loop
      vertex -7.581630000472069 12.399999999527932 -3.4
      vertex -11.168846027167264 6.091227196924607 -3.3999999999994466
      vertex -11.18130941177358 6.105364131778607 -3.399999999999442
    endloop
  endfacet
  facet normal -2.6837560301732213e-13 6.486317774111136e-14 -1
    outer loop
      vertex -7.581630000472069 12.399999999527932 -3.4
      vertex -11.18130941177358 6.105364131778607 -3.399999999999442
      vertex -11.194635868221395 6.118690588226425 -3.3999999999994377
    endloop
  endfacet
  facet normal -6.449555159547246e-14 -3.814256288616366e-14 -1
    outer loop
      vertex -11.100000002980233 5.900000094832529 -3.399999999999477
      vertex -6.162892004013159 11.255473897769486 -3.4
      vertex -6.1532983776506045 11.239251961506302 -3.4
    endloop
  endfacet
  facet normal -6.095365031788745e-14 -4.142405798025332e-14 -1
    outer loop
      vertex -11.100000002980233 5.900000094832529 -3.399999999999477
      vertex -6.1532983776506045 11.239251961506302 -3.4
      vertex -6.142705098312485 11.223664424312258 -3.4
    endloop
  endfacet
  facet normal -7.206239741856083e-14 -3.118418401599936e-14 -1
    outer loop
      vertex -11.100000002980233 5.900000094832529 -3.399999999999477
      vertex -6.1789329457664754 11.289562634194597 -3.4
      vertex -6.171448115739806 11.272266212530479 -3.4
    endloop
  endfacet
  facet normal -6.818453807156589e-14 -3.4741757409487256e-14 -1
    outer loop
      vertex -11.100000002980233 5.900000094832529 -3.399999999999477
      vertex -6.171448115739806 11.272266212530479 -3.4
      vertex -6.162892004013159 11.255473897769486 -3.4
    endloop
  endfacet
  facet normal -8.059226270095388e-14 -2.3414216759421663e-14 -1
    outer loop
      vertex -11.100000002980233 5.900000094832529 -3.399999999999477
      vertex -6.19057494833859 11.325393033850544 -3.4
      vertex -6.185316954888546 11.307294901687516 -3.4
    endloop
  endfacet
  facet normal -7.617844657674065e-14 -2.7425928356048836e-14 -1
    outer loop
      vertex -11.100000002980233 5.900000094832529 -3.399999999999477
      vertex -6.185316954888546 11.307294901687516 -3.4
      vertex -6.1789329457664754 11.289562634194597 -3.4
    endloop
  endfacet
  facet normal -9.062691929877104e-14 -1.4353893891473836e-14 -1
    outer loop
      vertex -11.100000002980233 5.900000094832529 -3.399999999999477
      vertex -6.197634410394343 11.36240002993071 -3.4
      vertex -6.194686175218607 11.343785605624284 -3.4
    endloop
  endfacet
  facet normal -8.53774421441503e-14 -1.908411936123559e-14 -1
    outer loop
      vertex -11.100000002980233 5.900000094832529 -3.399999999999477
      vertex -6.194686175218607 11.343785605624284 -3.4
      vertex -6.19057494833859 11.325393033850544 -3.4
    endloop
  endfacet
  facet normal -1.0303745832960868e-13 -3.2380825778964632e-15 -1
    outer loop
      vertex -11.100000002980233 5.900000094832529 -3.399999999999477
      vertex -6.199999997019768 11.399999905167473 -3.4
      vertex -6.199408018528482 11.381162844141206 -3.4
    endloop
  endfacet
  facet normal -9.646070272419103e-14 -9.11822102254867e-15 -1
    outer loop
      vertex -11.100000002980233 5.900000094832529 -3.399999999999477
      vertex -6.199408018528482 11.381162844141206 -3.4
      vertex -6.197634410394343 11.36240002993071 -3.4
    endloop
  endfacet
  facet normal -1.1936605331790466e-13 1.1283414136573839e-14 -1
    outer loop
      vertex -11.100000002980233 5.900000094832529 -3.399999999999477
      vertex -6.197634410394343 11.437599970069291 -3.4
      vertex -6.199408018528482 11.418837155858794 -3.4
    endloop
  endfacet
  facet normal -1.1057237321280757e-13 3.4748418304273693e-15 -1
    outer loop
      vertex -11.100000002980233 5.900000094832529 -3.399999999999477
      vertex -6.199408018528482 11.418837155858794 -3.4
      vertex -6.199999997019768 11.399999905167473 -3.4
    endloop
  endfacet
  facet normal -3.408746554305091e-14 -6.690041798082848e-14 -1
    outer loop
      vertex -11.100000002980233 5.900000094832529 -3.399999999999477
      vertex -6.044526102230515 11.137107995986842 -3.4
      vertex -6.027733787469522 11.128551884260194 -3.4
    endloop
  endfacet
  facet normal -3.046931089530317e-14 -7.041042310679593e-14 -1
    outer loop
      vertex -11.100000002980233 5.900000094832529 -3.399999999999477
      vertex -6.027733787469522 11.128551884260194 -3.4
      vertex -6.010437365805403 11.121067054233524 -3.4
    endloop
  endfacet
  facet normal -2.667939793947644e-14 -7.410487857501644e-14 -1
    outer loop
      vertex -11.100000002980233 5.900000094832529 -3.399999999999477
      vertex -6.010437365805403 11.121067054233524 -3.4
      vertex -5.992705098312484 11.114683045111454 -3.4
    endloop
  endfacet
  facet normal -2.2670239192042215e-14 -7.80314751175099e-14 -1
    outer loop
      vertex -11.100000002980233 5.900000094832529 -3.399999999999477
      vertex -5.992705098312484 11.114683045111454 -3.4
      vertex -5.974606966149457 11.109425051661411 -3.4
    endloop
  endfacet
  facet normal -1.8384602075413053e-14 -8.224798170278509e-14 -1
    outer loop
      vertex -11.100000002980233 5.900000094832529 -3.399999999999477
      vertex -5.974606966149457 11.109425051661411 -3.4
      vertex -5.956214394375718 11.105313824781394 -3.4
    endloop
  endfacet
  facet normal -8.68294284075554e-15 -9.185594054604168e-14 -1
    outer loop
      vertex -11.100000002980233 5.900000094832529 -3.399999999999477
      vertex -5.937599970069291 11.102365589605657 -3.4
      vertex -5.918837155858794 11.100591981471519 -3.4
    endloop
  endfacet
  facet normal -1.3751878720201492e-14 -8.682594509931956e-14 -1
    outer loop
      vertex -11.100000002980233 5.900000094832529 -3.399999999999477
      vertex -5.956214394375718 11.105313824781394 -3.4
      vertex -5.937599970069291 11.102365589605657 -3.4
    endloop
  endfacet
  facet normal -3.0626540585537563e-15 -9.745523233112421e-14 -1
    outer loop
      vertex -11.100000002980233 5.900000094832529 -3.399999999999477
      vertex -5.918837155858794 11.100591981471519 -3.4
      vertex -5.900000094832527 11.100000002980233 -3.4
    endloop
  endfacet
  facet normal -5.416980002173113e-14 -4.775710284374964e-14 -1
    outer loop
      vertex -11.100000002980233 5.900000094832529 -3.399999999999477
      vertex -6.131153972832737 11.208772803075394 -3.4
      vertex -6.118690588226424 11.194635868221393 -3.4
    endloop
  endfacet
  facet normal -5.0865685873512505e-14 -5.0865685873518406e-14 -1
    outer loop
      vertex -11.100000002980233 5.900000094832529 -3.399999999999477
      vertex -6.118690588226424 11.194635868221393 -3.4
      vertex -6.1053641317786065 11.181309411773578 -3.4
    endloop
  endfacet
  facet normal -4.758197402564727e-14 -5.397115537014982e-14 -1
    outer loop
      vertex -11.100000002980233 5.900000094832529 -3.399999999999477
      vertex -6.1053641317786065 11.181309411773578 -3.4
      vertex -6.091227196924607 11.168846027167264 -3.4
    endloop
  endfacet
  facet normal -4.4291032133717575e-14 -5.709965456452675e-14 -1
    outer loop
      vertex -11.100000002980233 5.900000094832529 -3.399999999999477
      vertex -6.091227196924607 11.168846027167264 -3.4
      vertex -6.076335575687742 11.157294901687516 -3.4
    endloop
  endfacet
  facet normal -4.0964881839584726e-14 -6.027799314479246e-14 -1
    outer loop
      vertex -11.100000002980233 5.900000094832529 -3.399999999999477
      vertex -6.076335575687742 11.157294901687516 -3.4
      vertex -6.060748038493699 11.146701622349395 -3.4
    endloop
  endfacet
  facet normal -5.752253232890206e-14 -4.4619049751223636e-14 -1
    outer loop
      vertex -11.100000002980233 5.900000094832529 -3.399999999999477
      vertex -6.142705098312485 11.223664424312258 -3.4
      vertex -6.131153972832737 11.208772803075394 -3.4
    endloop
  endfacet
  facet normal -3.757424081877442e-14 -6.353457146078272e-14 -1
    outer loop
      vertex -11.100000002980233 5.900000094832529 -3.399999999999477
      vertex -6.060748038493699 11.146701622349395 -3.4
      vertex -6.044526102230515 11.137107995986842 -3.4
    endloop
  endfacet
  facet normal -3.8655661481461426e-14 -5.949047475073158e-14 -1
    outer loop
      vertex -7.581630000472069 12.399999999527932 -3.4
      vertex -6.185316954888546 11.492705098312484 -3.4
      vertex -11.100000002980233 5.900000094832529 -3.399999999999477
    endloop
  endfacet
  facet normal -1.426815898881662e-13 3.189311396187462e-14 -1
    outer loop
      vertex -11.100000002980233 5.900000094832529 -3.399999999999477
      vertex -6.19057494833859 11.474606966149457 -3.4
      vertex -6.194686175218607 11.456214394375717 -3.4
    endloop
  endfacet
  facet normal -1.2985206761324043e-13 2.056654705390846e-14 -1
    outer loop
      vertex -11.100000002980233 5.900000094832529 -3.399999999999477
      vertex -6.194686175218607 11.456214394375717 -3.4
      vertex -6.197634410394343 11.437599970069291 -3.4
    endloop
  endfacet
  facet normal -1.5888039741398827e-13 4.615902245700306e-14 -1
    outer loop
      vertex -11.100000002980233 5.900000094832529 -3.399999999999477
      vertex -6.185316954888546 11.492705098312484 -3.4
      vertex -6.19057494833859 11.474606966149457 -3.4
    endloop
  endfacet
  facet normal 0 0 -1
    outer loop
      vertex -7.581630000472069 12.399999999527932 -3.4
      vertex -6.1789329457664754 11.510437365805403 -3.4
      vertex -6.185316954888546 11.492705098312484 -3.4
    endloop
  endfacet
  facet normal 0 0 -1
    outer loop
      vertex -7.581630000472069 12.399999999527932 -3.4
      vertex -6.171448115739806 11.527733787469522 -3.4
      vertex -6.1789329457664754 11.510437365805403 -3.4
    endloop
  endfacet
  facet normal 0 0 -1
    outer loop
      vertex -7.581630000472069 12.399999999527932 -3.4
      vertex -6.1532983776506045 11.5607480384937 -3.4
      vertex -6.162892004013159 11.544526102230515 -3.4
    endloop
  endfacet
  facet normal 0 0 -1
    outer loop
      vertex -7.581630000472069 12.399999999527932 -3.4
      vertex -6.162892004013159 11.544526102230515 -3.4
      vertex -6.171448115739806 11.527733787469522 -3.4
    endloop
  endfacet
  facet normal 0 0 -1
    outer loop
      vertex -7.581630000472069 12.399999999527932 -3.4
      vertex -6.142705098312485 11.576335575687743 -3.4
      vertex -6.1532983776506045 11.5607480384937 -3.4
    endloop
  endfacet
  facet normal 0 0 -1
    outer loop
      vertex -7.581630000472069 12.399999999527932 -3.4
      vertex -6.118690588226424 11.605364131778607 -3.4
      vertex -6.131153972832737 11.591227196924608 -3.4
    endloop
  endfacet
  facet normal 0 0 -1
    outer loop
      vertex -7.581630000472069 12.399999999527932 -3.4
      vertex -6.131153972832737 11.591227196924608 -3.4
      vertex -6.142705098312485 11.576335575687743 -3.4
    endloop
  endfacet
  facet normal 0 0 -1
    outer loop
      vertex -7.581630000472069 12.399999999527932 -3.4
      vertex -6.105364131778607 11.618690588226423 -3.4
      vertex -6.118690588226424 11.605364131778607 -3.4
    endloop
  endfacet
  facet normal 0 0 -1
    outer loop
      vertex -7.581630000472069 12.399999999527932 -3.4
      vertex -6.091227196924607 11.631153972832736 -3.4
      vertex -6.105364131778607 11.618690588226423 -3.4
    endloop
  endfacet
  facet normal 0 0 -1
    outer loop
      vertex -7.581630000472069 12.399999999527932 -3.4
      vertex -6.060748038493699 11.653298377650605 -3.4
      vertex -6.076335575687742 11.642705098312485 -3.4
    endloop
  endfacet
  facet normal 0 0 -1
    outer loop
      vertex -7.581630000472069 12.399999999527932 -3.4
      vertex -6.076335575687742 11.642705098312485 -3.4
      vertex -6.091227196924607 11.631153972832736 -3.4
    endloop
  endfacet
  facet normal 0 0 -1
    outer loop
      vertex -7.581630000472069 12.399999999527932 -3.4
      vertex -6.027733787469522 11.671448115739807 -3.4
      vertex -6.044526102230515 11.662892004013159 -3.4
    endloop
  endfacet
  facet normal 0 0 -1
    outer loop
      vertex -7.581630000472069 12.399999999527932 -3.4
      vertex -6.044526102230515 11.662892004013159 -3.4
      vertex -6.060748038493699 11.653298377650605 -3.4
    endloop
  endfacet
  facet normal 0 0 -1
    outer loop
      vertex -7.581630000472069 12.399999999527932 -3.4
      vertex -5.992705098312484 11.685316954888547 -3.4
      vertex -6.010437365805403 11.678932945766476 -3.4
    endloop
  endfacet
  facet normal 0 0 -1
    outer loop
      vertex -7.581630000472069 12.399999999527932 -3.4
      vertex -6.010437365805403 11.678932945766476 -3.4
      vertex -6.027733787469522 11.671448115739807 -3.4
    endloop
  endfacet
  facet normal 0 0 -1
    outer loop
      vertex -7.581630000472069 12.399999999527932 -3.4
      vertex -5.956214394375718 11.694686175218607 -3.4
      vertex -5.974606966149457 11.69057494833859 -3.4
    endloop
  endfacet
  facet normal 0 0 -1
    outer loop
      vertex -7.581630000472069 12.399999999527932 -3.4
      vertex -5.974606966149457 11.69057494833859 -3.4
      vertex -5.992705098312484 11.685316954888547 -3.4
    endloop
  endfacet
  facet normal 0 0 -1
    outer loop
      vertex -7.581630000472069 12.399999999527932 -3.4
      vertex -5.918837155858794 11.699408018528482 -3.4
      vertex -5.937599970069291 11.697634410394343 -3.4
    endloop
  endfacet
  facet normal 0 0 -1
    outer loop
      vertex -7.581630000472069 12.399999999527932 -3.4
      vertex -5.937599970069291 11.697634410394343 -3.4
      vertex -5.956214394375718 11.694686175218607 -3.4
    endloop
  endfacet
  facet normal 0 0 -1
    outer loop
      vertex -7.581630000472069 12.399999999527932 -3.4
      vertex -5.900000094832527 11.699999997019768 -3.4
      vertex -5.918837155858794 11.699408018528482 -3.4
    endloop
  endfacet
  facet normal -0.7071067811865476 0.7071067811865476 0
    outer loop
      vertex -12.399999999527932 7.581630000472069 -3.3999999999990203
      vertex -12.399999999527932 7.581630000472069 2.9899999999999998
      vertex -7.581630000472069 12.399999999527932 -3.4
    endloop
  endfacet
  facet normal -1 0 0
    outer loop
      vertex -12.399999999527932 7.581630000472069 -3.3999999999990203
      vertex -12.399999999527932 5.5 0.21499999929189695
      vertex -12.399999999527932 7.581630000472069 2.9899999999999998
    endloop
  endfacet
  facet normal 0 1 0
    outer loop
      vertex -7.581630000472069 12.399999999527932 -3.4
      vertex -7.581630000472069 12.399999999527932 2.9899999999999998
      vertex -5.5 12.399999999527932 0.18999999999999995
    endloop
  endfacet
  facet normal -2.5412021512084306e-14 4.429601623662012e-14 -1
    outer loop
      vertex 12.399999999527932 7.581630000472069 -3.4
      vertex -11.100000002980233 -5.900000094832527 -3.4
      vertex -11.100000002980233 5.900000094832529 -3.399999999999477
    endloop
  endfacet
  facet normal 4.42960162366201e-14 -1.448139026262975e-13 -1
    outer loop
      vertex -11.100000002980233 5.900000094832529 -3.399999999999477
      vertex -5.900000094832527 11.100000002980233 -3.4
      vertex 5.900000094832529 11.100000002980233 -3.399999999999477
    endloop
  endfacet
  facet normal 6.460753141924887e-14 1.5520850939266698e-13 -1
    outer loop
      vertex -7.581630000472069 12.399999999527932 -3.4
      vertex 7.581630000472069 12.399999999527932 -3.3999999999990203
      vertex -5.900000094832527 11.699999997019768 -3.4
    endloop
  endfacet
  facet normal 0 1 0
    outer loop
      vertex -7.581630000472069 12.399999999527932 -3.4
      vertex -5.5 12.399999999527932 0.18999999999999995
      vertex 7.581630000472069 12.399999999527932 -3.3999999999990203
    endloop
  endfacet
  facet normal -1 0 0
    outer loop
      vertex -12.399999999527932 -5.5 0.21499999929189695
      vertex -12.399999999527932 5.5 0.21499999929189695
      vertex -12.399999999527932 5.5 0.20000000000000018
    endloop
  endfacet
  facet normal -1 0 0
    outer loop
      vertex -12.399999999527932 5.5 0.21499999929189695
      vertex -12.399999999527932 5.5 1.9850000007081037
      vertex -12.399999999527932 6 2.1999999999999997
    endloop
  endfacet
  facet normal -1 0 0
    outer loop
      vertex -12.399999999527932 -5.5 1.9850000007081037
      vertex -12.399999999527932 6 2.1999999999999997
      vertex -12.399999999527932 5.5 1.9850000007081037
    endloop
  endfacet
  facet normal -1 0 0
    outer loop
      vertex -12.399999999527932 7.581630000472069 2.9899999999999998
      vertex -12.399999999527932 6 2.6
      vertex -12.399999999527932 -6 2.6
    endloop
  endfacet
  facet normal -1 0 0
    outer loop
      vertex -12.399999999527932 5.5 0.21499999929189695
      vertex -12.399999999527932 6 2.1999999999999997
      vertex -12.399999999527932 7.581630000472069 2.9899999999999998
    endloop
  endfacet
  facet normal -0.7071067811865476 0.7071067811865476 0
    outer loop
      vertex -7.581630000472069 12.399999999527932 -3.4
      vertex -12.399999999527932 7.581630000472069 2.9899999999999998
      vertex -7.581630000472069 12.399999999527932 2.9899999999999998
    endloop
  endfacet
  facet normal -1 0 0
    outer loop
      vertex -12.399999999527932 7.581630000472069 2.9899999999999998
      vertex -12.399999999527932 6 2.1999999999999997
      vertex -12.399999999527932 6 2.6
    endloop
  endfacet
  facet normal 0 1 0
    outer loop
      vertex -7.581630000472069 12.399999999527932 2.9899999999999998
      vertex -6 12.399999999527932 2.6
      vertex -6 12.399999999527932 2.1999999999999997
    endloop
  endfacet
  facet normal 0 1 0
    outer loop
      vertex -7.581630000472069 12.399999999527932 2.9899999999999998
      vertex -5.5 12.399999999527932 0.20000000000000018
      vertex -5.5 12.399999999527932 0.18999999999999995
    endloop
  endfacet
  facet normal 0 1 0
    outer loop
      vertex -7.581630000472069 12.399999999527932 2.9899999999999998
      vertex -5.5 12.399999999527932 0.21499999929189695
      vertex -5.5 12.399999999527932 0.20000000000000018
    endloop
  endfacet
  facet normal 0 1 0
    outer loop
      vertex -5.5 12.399999999527932 0.21499999929189695
      vertex -6 12.399999999527932 2.1999999999999997
      vertex -5.5 12.399999999527932 1.9850000007081037
    endloop
  endfacet
  facet normal 0 1 0
    outer loop
      vertex -5.5 12.399999999527932 0.20000000000000018
      vertex -5.5 12.399999999527932 0.21499999929189695
      vertex 5.5 12.399999999527932 0.20000000000000018
    endloop
  endfacet
  facet normal 0 1 0
    outer loop
      vertex -7.581630000472069 12.399999999527932 2.9899999999999998
      vertex -6 12.399999999527932 2.1999999999999997
      vertex -5.5 12.399999999527932 0.21499999929189695
    endloop
  endfacet
  facet normal 0 1 0
    outer loop
      vertex -5.5 12.399999999527932 1.9850000007081037
      vertex -6 12.399999999527932 2.1999999999999997
      vertex 6 12.399999999527932 2.1999999999999997
    endloop
  endfacet
  facet normal 0 1 0
    outer loop
      vertex -7.581630000472069 12.399999999527932 2.9899999999999998
      vertex 7.581630000472069 12.399999999527932 2.9899999999999998
      vertex -6 12.399999999527932 2.6
    endloop
  endfacet
  facet normal -6.460753141924887e-14 -1.552085093926672e-13 -1
    outer loop
      vertex -7.581630000472069 -12.399999999527932 -3.3999999999990203
      vertex 5.900000094832527 -11.699999997019768 -3.4
      vertex 7.581630000472069 -12.399999999527932 -3.4
    endloop
  endfacet
  facet normal 0 -1 0
    outer loop
      vertex -7.581630000472069 -12.399999999527932 -3.3999999999990203
      vertex 7.581630000472069 -12.399999999527932 -3.4
      vertex 5.5 -12.399999999527932 0.18999999999999995
    endloop
  endfacet
  facet normal -4.4296016236620106e-14 1.448139026262975e-13 -1
    outer loop
      vertex -5.900000094832529 -11.100000002980233 -3.399999999999477
      vertex 11.100000002980233 -5.900000094832529 -3.399999999999477
      vertex 5.900000094832527 -11.100000002980233 -3.4
    endloop
  endfacet
  facet normal 2.5412021512084306e-14 -4.429601623662012e-14 -1
    outer loop
      vertex -12.399999999527932 -7.581630000472069 -3.4
      vertex 11.100000002980233 5.900000094832527 -3.4
      vertex 11.100000002980233 -5.900000094832529 -3.399999999999477
    endloop
  endfacet
  facet normal 0 0 -1
    outer loop
      vertex 7.581630000472069 -12.399999999527932 -3.4
      vertex 5.900000094832527 -11.699999997019768 -3.4
      vertex 5.918837155858794 -11.699408018528482 -3.4
    endloop
  endfacet
  facet normal 0 0 -1
    outer loop
      vertex 7.581630000472069 -12.399999999527932 -3.4
      vertex 5.918837155858794 -11.699408018528482 -3.4
      vertex 5.937599970069291 -11.697634410394343 -3.4
    endloop
  endfacet
  facet normal 0 0 -1
    outer loop
      vertex 7.581630000472069 -12.399999999527932 -3.4
      vertex 5.937599970069291 -11.697634410394343 -3.4
      vertex 5.956214394375718 -11.694686175218607 -3.4
    endloop
  endfacet
  facet normal 0 0 -1
    outer loop
      vertex 7.581630000472069 -12.399999999527932 -3.4
      vertex 5.956214394375718 -11.694686175218607 -3.4
      vertex 5.974606966149457 -11.69057494833859 -3.4
    endloop
  endfacet
  facet normal 0 0 -1
    outer loop
      vertex 7.581630000472069 -12.399999999527932 -3.4
      vertex 5.974606966149457 -11.69057494833859 -3.4
      vertex 5.992705098312484 -11.685316954888547 -3.4
    endloop
  endfacet
  facet normal 0 0 -1
    outer loop
      vertex 7.581630000472069 -12.399999999527932 -3.4
      vertex 5.992705098312484 -11.685316954888547 -3.4
      vertex 6.010437365805403 -11.678932945766476 -3.4
    endloop
  endfacet
  facet normal 0 0 -1
    outer loop
      vertex 7.581630000472069 -12.399999999527932 -3.4
      vertex 6.010437365805403 -11.678932945766476 -3.4
      vertex 6.027733787469522 -11.671448115739807 -3.4
    endloop
  endfacet
  facet normal 0 0 -1
    outer loop
      vertex 7.581630000472069 -12.399999999527932 -3.4
      vertex 6.027733787469522 -11.671448115739807 -3.4
      vertex 6.044526102230515 -11.662892004013159 -3.4
    endloop
  endfacet
  facet normal 0 0 -1
    outer loop
      vertex 7.581630000472069 -12.399999999527932 -3.4
      vertex 6.044526102230515 -11.662892004013159 -3.4
      vertex 6.060748038493699 -11.653298377650605 -3.4
    endloop
  endfacet
  facet normal 0 0 -1
    outer loop
      vertex 7.581630000472069 -12.399999999527932 -3.4
      vertex 6.060748038493699 -11.653298377650605 -3.4
      vertex 6.076335575687742 -11.642705098312485 -3.4
    endloop
  endfacet
  facet normal 0 0 -1
    outer loop
      vertex 7.581630000472069 -12.399999999527932 -3.4
      vertex 6.076335575687742 -11.642705098312485 -3.4
      vertex 6.091227196924607 -11.631153972832736 -3.4
    endloop
  endfacet
  facet normal 0 0 -1
    outer loop
      vertex 7.581630000472069 -12.399999999527932 -3.4
      vertex 6.091227196924607 -11.631153972832736 -3.4
      vertex 6.105364131778607 -11.618690588226423 -3.4
    endloop
  endfacet
  facet normal 0 0 -1
    outer loop
      vertex 7.581630000472069 -12.399999999527932 -3.4
      vertex 6.105364131778607 -11.618690588226423 -3.4
      vertex 6.118690588226424 -11.605364131778607 -3.4
    endloop
  endfacet
  facet normal 0 0 -1
    outer loop
      vertex 7.581630000472069 -12.399999999527932 -3.4
      vertex 6.118690588226424 -11.605364131778607 -3.4
      vertex 6.131153972832737 -11.591227196924608 -3.4
    endloop
  endfacet
  facet normal 0 0 -1
    outer loop
      vertex 7.581630000472069 -12.399999999527932 -3.4
      vertex 6.131153972832737 -11.591227196924608 -3.4
      vertex 6.142705098312485 -11.576335575687743 -3.4
    endloop
  endfacet
  facet normal 0 0 -1
    outer loop
      vertex 7.581630000472069 -12.399999999527932 -3.4
      vertex 6.142705098312485 -11.576335575687743 -3.4
      vertex 6.1532983776506045 -11.5607480384937 -3.4
    endloop
  endfacet
  facet normal 0 0 -1
    outer loop
      vertex 7.581630000472069 -12.399999999527932 -3.4
      vertex 6.1532983776506045 -11.5607480384937 -3.4
      vertex 6.162892004013159 -11.544526102230515 -3.4
    endloop
  endfacet
  facet normal 0 0 -1
    outer loop
      vertex 7.581630000472069 -12.399999999527932 -3.4
      vertex 6.162892004013159 -11.544526102230515 -3.4
      vertex 6.171448115739806 -11.527733787469522 -3.4
    endloop
  endfacet
  facet normal 0 0 -1
    outer loop
      vertex 7.581630000472069 -12.399999999527932 -3.4
      vertex 6.171448115739806 -11.527733787469522 -3.4
      vertex 6.1789329457664754 -11.510437365805403 -3.4
    endloop
  endfacet
  facet normal 0 0 -1
    outer loop
      vertex 7.581630000472069 -12.399999999527932 -3.4
      vertex 6.1789329457664754 -11.510437365805403 -3.4
      vertex 6.185316954888546 -11.492705098312484 -3.4
    endloop
  endfacet
  facet normal 1.5888039741398827e-13 -4.615902245700306e-14 -1
    outer loop
      vertex 11.100000002980233 -5.900000094832529 -3.399999999999477
      vertex 6.185316954888546 -11.492705098312484 -3.4
      vertex 6.19057494833859 -11.474606966149457 -3.4
    endloop
  endfacet
  facet normal 1.426815898881662e-13 -3.189311396187462e-14 -1
    outer loop
      vertex 11.100000002980233 -5.900000094832529 -3.399999999999477
      vertex 6.19057494833859 -11.474606966149457 -3.4
      vertex 6.194686175218607 -11.456214394375717 -3.4
    endloop
  endfacet
  facet normal 1.2985206761324043e-13 -2.056654705390846e-14 -1
    outer loop
      vertex 11.100000002980233 -5.900000094832529 -3.399999999999477
      vertex 6.194686175218607 -11.456214394375717 -3.4
      vertex 6.197634410394343 -11.437599970069291 -3.4
    endloop
  endfacet
  facet normal 3.8655661481461426e-14 5.949047475073158e-14 -1
    outer loop
      vertex 7.581630000472069 -12.399999999527932 -3.4
      vertex 6.185316954888546 -11.492705098312484 -3.4
      vertex 11.100000002980233 -5.900000094832529 -3.399999999999477
    endloop
  endfacet
  facet normal 3.757424081877442e-14 6.353457146078272e-14 -1
    outer loop
      vertex 11.100000002980233 -5.900000094832529 -3.399999999999477
      vertex 6.060748038493699 -11.146701622349395 -3.4
      vertex 6.044526102230515 -11.137107995986842 -3.4
    endloop
  endfacet
  facet normal 5.752253232890206e-14 4.4619049751223636e-14 -1
    outer loop
      vertex 11.100000002980233 -5.900000094832529 -3.399999999999477
      vertex 6.142705098312485 -11.223664424312258 -3.4
      vertex 6.131153972832737 -11.208772803075394 -3.4
    endloop
  endfacet
  facet normal 4.758197402564727e-14 5.397115537014982e-14 -1
    outer loop
      vertex 11.100000002980233 -5.900000094832529 -3.399999999999477
      vertex 6.1053641317786065 -11.181309411773578 -3.4
      vertex 6.091227196924607 -11.168846027167264 -3.4
    endloop
  endfacet
  facet normal 4.4291032133717575e-14 5.709965456452675e-14 -1
    outer loop
      vertex 11.100000002980233 -5.900000094832529 -3.399999999999477
      vertex 6.091227196924607 -11.168846027167264 -3.4
      vertex 6.076335575687742 -11.157294901687516 -3.4
    endloop
  endfacet
  facet normal 4.0964881839584726e-14 6.027799314479246e-14 -1
    outer loop
      vertex 11.100000002980233 -5.900000094832529 -3.399999999999477
      vertex 6.076335575687742 -11.157294901687516 -3.4
      vertex 6.060748038493699 -11.146701622349395 -3.4
    endloop
  endfacet
  facet normal 5.416980002173113e-14 4.775710284374964e-14 -1
    outer loop
      vertex 11.100000002980233 -5.900000094832529 -3.399999999999477
      vertex 6.131153972832737 -11.208772803075394 -3.4
      vertex 6.118690588226424 -11.194635868221393 -3.4
    endloop
  endfacet
  facet normal 5.0865685873512505e-14 5.0865685873518406e-14 -1
    outer loop
      vertex 11.100000002980233 -5.900000094832529 -3.399999999999477
      vertex 6.118690588226424 -11.194635868221393 -3.4
      vertex 6.1053641317786065 -11.181309411773578 -3.4
    endloop
  endfacet
  facet normal 3.0626540585537563e-15 9.745523233112421e-14 -1
    outer loop
      vertex 11.100000002980233 -5.900000094832529 -3.399999999999477
      vertex 5.918837155858794 -11.100591981471519 -3.4
      vertex 5.900000094832527 -11.100000002980233 -3.4
    endloop
  endfacet
  facet normal 1.3751878720201492e-14 8.682594509931956e-14 -1
    outer loop
      vertex 11.100000002980233 -5.900000094832529 -3.399999999999477
      vertex 5.956214394375718 -11.105313824781394 -3.4
      vertex 5.937599970069291 -11.102365589605657 -3.4
    endloop
  endfacet
  facet normal 8.68294284075554e-15 9.185594054604168e-14 -1
    outer loop
      vertex 11.100000002980233 -5.900000094832529 -3.399999999999477
      vertex 5.937599970069291 -11.102365589605657 -3.4
      vertex 5.918837155858794 -11.100591981471519 -3.4
    endloop
  endfacet
  facet normal 2.2670239192042215e-14 7.80314751175099e-14 -1
    outer loop
      vertex 11.100000002980233 -5.900000094832529 -3.399999999999477
      vertex 5.992705098312484 -11.114683045111454 -3.4
      vertex 5.974606966149457 -11.109425051661411 -3.4
    endloop
  endfacet
  facet normal 1.8384602075413053e-14 8.224798170278509e-14 -1
    outer loop
      vertex 11.100000002980233 -5.900000094832529 -3.399999999999477
      vertex 5.974606966149457 -11.109425051661411 -3.4
      vertex 5.956214394375718 -11.105313824781394 -3.4
    endloop
  endfacet
  facet normal 3.046931089530317e-14 7.041042310679593e-14 -1
    outer loop
      vertex 11.100000002980233 -5.900000094832529 -3.399999999999477
      vertex 6.027733787469522 -11.128551884260194 -3.4
      vertex 6.010437365805403 -11.121067054233524 -3.4
    endloop
  endfacet
  facet normal 2.667939793947644e-14 7.410487857501644e-14 -1
    outer loop
      vertex 11.100000002980233 -5.900000094832529 -3.399999999999477
      vertex 6.010437365805403 -11.121067054233524 -3.4
      vertex 5.992705098312484 -11.114683045111454 -3.4
    endloop
  endfacet
  facet normal 3.408746554305091e-14 6.690041798082848e-14 -1
    outer loop
      vertex 11.100000002980233 -5.900000094832529 -3.399999999999477
      vertex 6.044526102230515 -11.137107995986842 -3.4
      vertex 6.027733787469522 -11.128551884260194 -3.4
    endloop
  endfacet
  facet normal 1.1936605331790466e-13 -1.1283414136573839e-14 -1
    outer loop
      vertex 11.100000002980233 -5.900000094832529 -3.399999999999477
      vertex 6.197634410394343 -11.437599970069291 -3.4
      vertex 6.199408018528482 -11.418837155858794 -3.4
    endloop
  endfacet
  facet normal 1.1057237321280757e-13 -3.4748418304273693e-15 -1
    outer loop
      vertex 11.100000002980233 -5.900000094832529 -3.399999999999477
      vertex 6.199408018528482 -11.418837155858794 -3.4
      vertex 6.199999997019768 -11.399999905167473 -3.4
    endloop
  endfacet
  facet normal 1.0303745832960868e-13 3.2380825778964632e-15 -1
    outer loop
      vertex 11.100000002980233 -5.900000094832529 -3.399999999999477
      vertex 6.199999997019768 -11.399999905167473 -3.4
      vertex 6.199408018528482 -11.381162844141206 -3.4
    endloop
  endfacet
  facet normal 9.646070272419103e-14 9.11822102254867e-15 -1
    outer loop
      vertex 11.100000002980233 -5.900000094832529 -3.399999999999477
      vertex 6.199408018528482 -11.381162844141206 -3.4
      vertex 6.197634410394343 -11.36240002993071 -3.4
    endloop
  endfacet
  facet normal 9.062691929877104e-14 1.4353893891473836e-14 -1
    outer loop
      vertex 11.100000002980233 -5.900000094832529 -3.399999999999477
      vertex 6.197634410394343 -11.36240002993071 -3.4
      vertex 6.194686175218607 -11.343785605624284 -3.4
    endloop
  endfacet
  facet normal 8.53774421441503e-14 1.908411936123559e-14 -1
    outer loop
      vertex 11.100000002980233 -5.900000094832529 -3.399999999999477
      vertex 6.194686175218607 -11.343785605624284 -3.4
      vertex 6.19057494833859 -11.325393033850544 -3.4
    endloop
  endfacet
  facet normal 8.059226270095388e-14 2.3414216759421663e-14 -1
    outer loop
      vertex 11.100000002980233 -5.900000094832529 -3.399999999999477
      vertex 6.19057494833859 -11.325393033850544 -3.4
      vertex 6.185316954888546 -11.307294901687516 -3.4
    endloop
  endfacet
  facet normal 7.617844657674065e-14 2.7425928356048836e-14 -1
    outer loop
      vertex 11.100000002980233 -5.900000094832529 -3.399999999999477
      vertex 6.185316954888546 -11.307294901687516 -3.4
      vertex 6.1789329457664754 -11.289562634194597 -3.4
    endloop
  endfacet
  facet normal 7.206239741856083e-14 3.118418401599936e-14 -1
    outer loop
      vertex 11.100000002980233 -5.900000094832529 -3.399999999999477
      vertex 6.1789329457664754 -11.289562634194597 -3.4
      vertex 6.171448115739806 -11.272266212530479 -3.4
    endloop
  endfacet
  facet normal 6.818453807156589e-14 3.4741757409487256e-14 -1
    outer loop
      vertex 11.100000002980233 -5.900000094832529 -3.399999999999477
      vertex 6.171448115739806 -11.272266212530479 -3.4
      vertex 6.162892004013159 -11.255473897769486 -3.4
    endloop
  endfacet
  facet normal 6.449555159547246e-14 3.814256288616366e-14 -1
    outer loop
      vertex 11.100000002980233 -5.900000094832529 -3.399999999999477
      vertex 6.162892004013159 -11.255473897769486 -3.4
      vertex 6.1532983776506045 -11.239251961506302 -3.4
    endloop
  endfacet
  facet normal 6.095365031788745e-14 4.142405798025332e-14 -1
    outer loop
      vertex 11.100000002980233 -5.900000094832529 -3.399999999999477
      vertex 6.1532983776506045 -11.239251961506302 -3.4
      vertex 6.142705098312485 -11.223664424312258 -3.4
    endloop
  endfacet
  facet normal 2.77089783883422e-13 -6.984650928071169e-14 -1
    outer loop
      vertex 7.581630000472069 -12.399999999527932 -3.4
      vertex 11.168846027167264 -6.091227196924607 -3.3999999999994466
      vertex 11.18130941177358 -6.105364131778607 -3.399999999999442
    endloop
  endfacet
  facet normal 2.6837560301732213e-13 -6.486317774111136e-14 -1
    outer loop
      vertex 7.581630000472069 -12.399999999527932 -3.4
      vertex 11.18130941177358 -6.105364131778607 -3.399999999999442
      vertex 11.194635868221395 -6.118690588226425 -3.3999999999994377
    endloop
  endfacet
  facet normal 2.4442640971163433e-13 -5.1676801757466787e-14 -1
    outer loop
      vertex 7.581630000472069 -12.399999999527932 -3.4
      vertex 11.109425051661411 -5.974606966149459 -3.3999999999994697
      vertex 11.114683045111454 -5.992705098312484 -3.3999999999994674
    endloop
  endfacet
  facet normal 2.8352218312126085e-13 -7.323464222009193e-14 -1
    outer loop
      vertex 7.581630000472069 -12.399999999527932 -3.4
      vertex 11.114683045111454 -5.992705098312484 -3.3999999999994674
      vertex 11.121067054233524 -6.010437365805403 -3.3999999999994643
    endloop
  endfacet
  facet normal 2.5141552124722645e-13 -5.5608743998368025e-14 -1
    outer loop
      vertex 7.581630000472069 -12.399999999527932 -3.4
      vertex 11.102365589605657 -5.937599970069293 -3.399999999999474
      vertex 11.105313824781394 -5.956214394375718 -3.3999999999994723
    endloop
  endfacet
  facet normal 2.9433490146820537e-13 -7.907853878997432e-14 -1
    outer loop
      vertex 7.581630000472069 -12.399999999527932 -3.4
      vertex 11.105313824781394 -5.956214394375718 -3.3999999999994723
      vertex 11.109425051661411 -5.974606966149459 -3.3999999999994697
    endloop
  endfacet
  facet normal 2.5283532427374526e-13 -5.6093432293978456e-14 -1
    outer loop
      vertex 7.581630000472069 -12.399999999527932 -3.4
      vertex 11.146701622349395 -6.060748038493699 -3.399999999999454
      vertex 11.157294901687518 -6.076335575687743 -3.3999999999994506
    endloop
  endfacet
  facet normal 2.6710428496726434e-13 -6.414010470598395e-14 -1
    outer loop
      vertex 7.581630000472069 -12.399999999527932 -3.4
      vertex 11.121067054233524 -6.010437365805403 -3.3999999999994643
      vertex 11.128551884260194 -6.027733787469522 -3.3999999999994612
    endloop
  endfacet
  facet normal 2.529273264504259e-13 -5.624894593522217e-14 -1
    outer loop
      vertex 7.581630000472069 -12.399999999527932 -3.4
      vertex 11.128551884260194 -6.027733787469522 -3.3999999999994612
      vertex 11.137107995986842 -6.044526102230515 -3.399999999999458
    endloop
  endfacet
  facet normal 2.8816512553273893e-13 -7.596222322533762e-14 -1
    outer loop
      vertex 7.581630000472069 -12.399999999527932 -3.4
      vertex 11.137107995986842 -6.044526102230515 -3.399999999999458
      vertex 11.146701622349395 -6.060748038493699 -3.399999999999454
    endloop
  endfacet
  facet normal 2.648999423200307e-13 -6.291527298686259e-14 -1
    outer loop
      vertex 7.581630000472069 -12.399999999527932 -3.4
      vertex 11.157294901687518 -6.076335575687743 -3.3999999999994506
      vertex 11.168846027167264 -6.091227196924607 -3.3999999999994466
    endloop
  endfacet
  facet normal 2.639016908717261e-13 -6.243243057397543e-14 -1
    outer loop
      vertex 7.581630000472069 -12.399999999527932 -3.4
      vertex 11.100000002980233 -5.900000094832529 -3.399999999999477
      vertex 11.100591981471519 -5.918837155858794 -3.399999999999476
    endloop
  endfacet
  facet normal 2.753465089528014e-13 -6.864642035917018e-14 -1
    outer loop
      vertex 7.581630000472069 -12.399999999527932 -3.4
      vertex 11.100591981471519 -5.918837155858794 -3.399999999999476
      vertex 11.102365589605657 -5.937599970069293 -3.399999999999474
    endloop
  endfacet
  facet normal 2.6027844132722665e-13 -6.010952317067335e-14 -1
    outer loop
      vertex 7.581630000472069 -12.399999999527932 -3.4
      vertex 11.255473897769487 -6.16289200401316 -3.3999999999994186
      vertex 11.272266212530479 -6.171448115739806 -3.3999999999994137
    endloop
  endfacet
  facet normal 2.7481326744254843e-13 -6.861376582928042e-14 -1
    outer loop
      vertex 7.581630000472069 -12.399999999527932 -3.4
      vertex 11.208772803075396 -6.131153972832738 -3.3999999999994333
      vertex 11.223664424312258 -6.142705098312485 -3.3999999999994284
    endloop
  endfacet
  facet normal 2.6904285915963276e-13 -6.525512188844391e-14 -1
    outer loop
      vertex 7.581630000472069 -12.399999999527932 -3.4
      vertex 11.223664424312258 -6.142705098312485 -3.3999999999994284
      vertex 11.239251961506303 -6.153298377650605 -3.3999999999994235
    endloop
  endfacet
  facet normal 2.607940740506806e-13 -6.05022862693893e-14 -1
    outer loop
      vertex 7.581630000472069 -12.399999999527932 -3.4
      vertex 11.194635868221395 -6.118690588226425 -3.3999999999994377
      vertex 11.208772803075396 -6.131153972832738 -3.3999999999994333
    endloop
  endfacet
  facet normal 2.6421449156997303e-13 -6.242797495540327e-14 -1
    outer loop
      vertex 7.581630000472069 -12.399999999527932 -3.4
      vertex 11.239251961506303 -6.153298377650605 -3.3999999999994235
      vertex 11.255473897769487 -6.16289200401316 -3.3999999999994186
    endloop
  endfacet
  facet normal 2.776392403979804e-13 -7.039640765301685e-14 -1
    outer loop
      vertex 7.581630000472069 -12.399999999527932 -3.4
      vertex 11.272266212530479 -6.171448115739806 -3.3999999999994137
      vertex 11.2895626341946 -6.178932945766476 -3.3999999999994084
    endloop
  endfacet
  facet normal 2.756188371506049e-13 -6.919218994092659e-14 -1
    outer loop
      vertex 7.581630000472069 -12.399999999527932 -3.4
      vertex 11.2895626341946 -6.178932945766476 -3.3999999999994084
      vertex 11.307294901687518 -6.185316954888547 -3.399999999999403
    endloop
  endfacet
  facet normal 2.678567513678533e-13 -6.453886645631718e-14 -1
    outer loop
      vertex 7.581630000472069 -12.399999999527932 -3.4
      vertex 11.307294901687518 -6.185316954888547 -3.399999999999403
      vertex 12.399999999527932 -7.581630000472069 -3.3999999999990203
    endloop
  endfacet
  facet normal 2.462546919225678e-13 -8.144387250375769e-14 -1
    outer loop
      vertex 12.399999999527932 -7.581630000472069 -3.3999999999990203
      vertex 11.307294901687518 -6.185316954888547 -3.399999999999403
      vertex 11.325393033850544 -6.19057494833859 -3.399999999999398
    endloop
  endfacet
  facet normal 2.7681205799960926e-13 -5.78379351335782e-14 -1
    outer loop
      vertex 12.399999999527932 -7.581630000472069 -3.3999999999990203
      vertex 11.325393033850544 -6.19057494833859 -3.399999999999398
      vertex 11.343785605624285 -6.194686175218607 -3.399999999999393
    endloop
  endfacet
  facet normal 2.7716965485662887e-13 -5.756561051543183e-14 -1
    outer loop
      vertex 12.399999999527932 -7.581630000472069 -3.3999999999990203
      vertex 11.343785605624285 -6.194686175218607 -3.399999999999393
      vertex 11.36240002993071 -6.197634410394343 -3.3999999999993875
    endloop
  endfacet
  facet normal 2.5321523078703895e-13 -7.552456202114319e-14 -1
    outer loop
      vertex 12.399999999527932 -7.581630000472069 -3.3999999999990203
      vertex 11.36240002993071 -6.197634410394343 -3.3999999999993875
      vertex 11.38116284414237 -6.199408018528518 -3.3999999999993826
    endloop
  endfacet
  facet normal 2.8117778006802297e-13 -5.491333998956874e-14 -1
    outer loop
      vertex 12.399999999527932 -7.581630000472069 -3.3999999999990203
      vertex 11.38116284414237 -6.199408018528518 -3.3999999999993826
      vertex 11.399999905167473 -6.199999997019768 -3.3999999999993773
    endloop
  endfacet
  facet normal 2.6149890928814374e-13 -6.915656906508935e-14 -1
    outer loop
      vertex 12.399999999527932 -7.581630000472069 -3.3999999999990203
      vertex 11.399999905167473 -6.199999997019768 -3.3999999999993773
      vertex 11.418837155858796 -6.199408018528482 -3.3999999999993724
    endloop
  endfacet
  facet normal 2.665525262695907e-13 -6.556928621681671e-14 -1
    outer loop
      vertex 12.399999999527932 -7.581630000472069 -3.3999999999990203
      vertex 11.418837155858796 -6.199408018528482 -3.3999999999993724
      vertex 11.437599970069291 -6.197634410394343 -3.3999999999993675
    endloop
  endfacet
  facet normal 2.721937375428782e-13 -6.164651223219072e-14 -1
    outer loop
      vertex 12.399999999527932 -7.581630000472069 -3.3999999999990203
      vertex 11.437599970069291 -6.197634410394343 -3.3999999999993675
      vertex 11.456214394375717 -6.194686175218607 -3.3999999999993626
    endloop
  endfacet
  facet normal 2.574695563468328e-13 -7.166600257308041e-14 -1
    outer loop
      vertex 12.399999999527932 -7.581630000472069 -3.3999999999990203
      vertex 11.456214394375717 -6.194686175218607 -3.3999999999993626
      vertex 11.474606966149459 -6.190574948338589 -3.399999999999358
    endloop
  endfacet
  facet normal 2.647854248962992e-13 -6.679915436430113e-14 -1
    outer loop
      vertex 12.399999999527932 -7.581630000472069 -3.3999999999990203
      vertex 11.474606966149459 -6.190574948338589 -3.399999999999358
      vertex 11.492705098312486 -6.185316954888545 -3.3999999999993538
    endloop
  endfacet
  facet normal 2.7265054777184237e-13 -6.168856264922517e-14 -1
    outer loop
      vertex 12.399999999527932 -7.581630000472069 -3.3999999999990203
      vertex 11.492705098312486 -6.185316954888545 -3.3999999999993538
      vertex 11.510437365805403 -6.1789329457664754 -3.3999999999993493
    endloop
  endfacet
  facet normal 2.8112218833340347e-13 -5.631601633595153e-14 -1
    outer loop
      vertex 12.399999999527932 -7.581630000472069 -3.3999999999990203
      vertex 11.510437365805403 -6.1789329457664754 -3.3999999999993493
      vertex 11.527733787469522 -6.171448115739806 -3.399999999999345
    endloop
  endfacet
  facet normal 2.5005394305206155e-13 -7.553323995814043e-14 -1
    outer loop
      vertex 12.399999999527932 -7.581630000472069 -3.3999999999990203
      vertex 11.527733787469522 -6.171448115739806 -3.399999999999345
      vertex 11.544526102230517 -6.162892004013158 -3.3999999999993413
    endloop
  endfacet
  facet normal 2.8027568211768214e-13 -5.731006628823138e-14 -1
    outer loop
      vertex 12.399999999527932 -7.581630000472069 -3.3999999999990203
      vertex 11.544526102230517 -6.162892004013158 -3.3999999999993413
      vertex 11.5607480384937 -6.153298377650605 -3.3999999999993373
    endloop
  endfacet
  facet normal 2.7069409779131233e-13 -6.293996575081876e-14 -1
    outer loop
      vertex 12.399999999527932 -7.581630000472069 -3.3999999999990203
      vertex 11.5607480384937 -6.153298377650605 -3.3999999999993373
      vertex 11.576335575687745 -6.142705098312484 -3.3999999999993338
    endloop
  endfacet
  facet normal 2.616062535039559e-13 -6.814199819716875e-14 -1
    outer loop
      vertex 12.399999999527932 -7.581630000472069 -3.3999999999990203
      vertex 11.576335575687745 -6.142705098312484 -3.3999999999993338
      vertex 11.591227196925555 -6.131153972831903 -3.3999999999993307
    endloop
  endfacet
  facet normal 2.739172083939329e-13 -6.127751695146621e-14 -1
    outer loop
      vertex 12.399999999527932 -7.581630000472069 -3.3999999999990203
      vertex 11.591227196925555 -6.131153972831903 -3.3999999999993307
      vertex 11.605364131779503 -6.118690588225528 -3.3999999999993276
    endloop
  endfacet
  facet normal 2.6568975404157944e-13 -6.574648557307406e-14 -1
    outer loop
      vertex 12.399999999527932 -7.581630000472069 -3.3999999999990203
      vertex 11.605364131779503 -6.118690588225528 -3.3999999999993276
      vertex 11.618690588226423 -6.1053641317786065 -3.399999999999325
    endloop
  endfacet
  facet normal 2.5759292788673426e-13 -7.003170723307838e-14 -1
    outer loop
      vertex 12.399999999527932 -7.581630000472069 -3.3999999999990203
      vertex 11.618690588226423 -6.1053641317786065 -3.399999999999325
      vertex 11.631153972832736 -6.091227196924607 -3.3999999999993227
    endloop
  endfacet
  facet normal 2.7255890816814407e-13 -6.23112879963639e-14 -1
    outer loop
      vertex 12.399999999527932 -7.581630000472069 -3.3999999999990203
      vertex 11.631153972832736 -6.091227196924607 -3.3999999999993227
      vertex 11.642705098312485 -6.076335575687742 -3.3999999999993205
    endloop
  endfacet
  facet normal 2.6498337451867896e-13 -6.612244474568045e-14 -1
    outer loop
      vertex 12.399999999527932 -7.581630000472069 -3.3999999999990203
      vertex 11.642705098312485 -6.076335575687742 -3.3999999999993205
      vertex 11.653298377650607 -6.060748038493697 -3.3999999999993187
    endloop
  endfacet
  facet normal 2.8245908854645715e-13 -5.754246001693177e-14 -1
    outer loop
      vertex 12.399999999527932 -7.581630000472069 -3.3999999999990203
      vertex 11.653298377650607 -6.060748038493697 -3.3999999999993187
      vertex 11.662892004013159 -6.044526102230515 -3.399999999999317
    endloop
  endfacet
  facet normal 2.4860333012088955e-13 -7.377776477300579e-14 -1
    outer loop
      vertex 12.399999999527932 -7.581630000472069 -3.3999999999990203
      vertex 11.662892004013159 -6.044526102230515 -3.399999999999317
      vertex 11.671448115739807 -6.02773378746952 -3.399999999999316
    endloop
  endfacet
  facet normal 2.9032756607155307e-13 -5.4436095715047136e-14 -1
    outer loop
      vertex 12.399999999527932 -7.581630000472069 -3.3999999999990203
      vertex 11.678932945766476 -6.010437365805402 -3.399999999999315
      vertex 11.685316954888547 -5.992705098312484 -3.3999999999993142
    endloop
  endfacet
  facet normal 2.680665476516976e-13 -6.465233948527032e-14 -1
    outer loop
      vertex 12.399999999527932 -7.581630000472069 -3.3999999999990203
      vertex 11.671448115739807 -6.02773378746952 -3.399999999999316
      vertex 11.678932945766476 -6.010437365805402 -3.399999999999315
    endloop
  endfacet
  facet normal 2.7510462949303814e-13 -6.149317025930375e-14 -1
    outer loop
      vertex 12.399999999527932 -7.581630000472069 -3.3999999999990203
      vertex 11.69057494833859 -5.974606966149455 -3.3999999999993142
      vertex 11.694686175218607 -5.956214394375718 -3.3999999999993142
    endloop
  endfacet
  facet normal 2.4992345239496836e-13 -7.260947504788343e-14 -1
    outer loop
      vertex 12.399999999527932 -7.581630000472069 -3.3999999999990203
      vertex 11.685316954888547 -5.992705098312484 -3.3999999999993142
      vertex 11.69057494833859 -5.974606966149455 -3.3999999999993142
    endloop
  endfacet
  facet normal 2.525232583620548e-13 -7.12076402719435e-14 -1
    outer loop
      vertex 12.399999999527932 -7.581630000472069 -3.3999999999990203
      vertex 11.697634410394343 -5.937599970069289 -3.3999999999993147
      vertex 11.699408018528482 -5.918837155858794 -3.3999999999993156
    endloop
  endfacet
  facet normal 2.6508224637651327e-13 -6.584216588730596e-14 -1
    outer loop
      vertex 12.399999999527932 -7.581630000472069 -3.3999999999990203
      vertex 11.694686175218607 -5.956214394375718 -3.3999999999993142
      vertex 11.697634410394343 -5.937599970069289 -3.3999999999993147
    endloop
  endfacet
  facet normal 2.881296868988337e-13 -5.6205423738649756e-14 -1
    outer loop
      vertex 12.399999999527932 -7.581630000472069 -3.3999999999990203
      vertex 11.699408018528482 -5.918837155858794 -3.3999999999993156
      vertex 11.699999997019768 -5.900000094831226 -3.3999999999993165
    endloop
  endfacet
  facet normal 0 -1 0
    outer loop
      vertex 7.581630000472069 -12.399999999527932 -3.4
      vertex 7.581630000472069 -12.399999999527932 2.9899999999999998
      vertex 5.5 -12.399999999527932 0.18999999999999995
    endloop
  endfacet
  facet normal 0.7071067811865476 -0.7071067811865476 0
    outer loop
      vertex 7.581630000472069 -12.399999999527932 -3.4
      vertex 12.399999999527932 -7.581630000472069 -3.3999999999990203
      vertex 12.399999999527932 -7.581630000472069 2.9899999999999998
    endloop
  endfacet
  facet normal 1 0 0
    outer loop
      vertex 12.399999999527932 -7.581630000472069 -3.3999999999990203
      vertex 12.399999999527932 -5.5 0.21499999929189695
      vertex 12.399999999527932 -7.581630000472069 2.9899999999999998
    endloop
  endfacet
  facet normal 2.840112647557843e-13 -5.791976974355641e-14 -1
    outer loop
      vertex 12.399999999527932 -7.581630000472069 -3.3999999999990203
      vertex 11.699999997019768 -5.900000094831226 -3.3999999999993165
      vertex 11.699999997019768 5.900000094832527 -3.4
    endloop
  endfacet
  facet normal 1 0 0
    outer loop
      vertex 12.399999999527932 -7.581630000472069 -3.3999999999990203
      vertex 12.399999999527932 -5.5 0.18999999999999995
      vertex 12.399999999527932 -5.5 0.20000000000000018
    endloop
  endfacet
  facet normal 1 0 0
    outer loop
      vertex 12.399999999527932 -7.581630000472069 -3.3999999999990203
      vertex 12.399999999527932 -5.5 0.20000000000000018
      vertex 12.399999999527932 -5.5 0.21499999929189695
    endloop
  endfacet
  facet normal 1 0 0
    outer loop
      vertex 12.399999999527932 -7.581630000472069 -3.3999999999990203
      vertex 12.399999999527932 5.5 0.18999999999999995
      vertex 12.399999999527932 -5.5 0.18999999999999995
    endloop
  endfacet
  facet normal 0 -1 0
    outer loop
      vertex -5.5 -12.399999999527932 0.20000000000000018
      vertex 5.5 -12.399999999527932 0.20000000000000018
      vertex 5.5 -12.399999999527932 0.21499999929189695
    endloop
  endfacet
  facet normal 0 -1 0
    outer loop
      vertex 5.5 -12.399999999527932 0.18999999999999995
      vertex 7.581630000472069 -12.399999999527932 2.9899999999999998
      vertex 5.5 -12.399999999527932 0.20000000000000018
    endloop
  endfacet
  facet normal 0 -1 0
    outer loop
      vertex 5.5 -12.399999999527932 0.20000000000000018
      vertex 7.581630000472069 -12.399999999527932 2.9899999999999998
      vertex 5.5 -12.399999999527932 0.21499999929189695
    endloop
  endfacet
  facet normal 0 -1 0
    outer loop
      vertex 5.5 -12.399999999527932 0.21499999929189695
      vertex 6 -12.399999999527932 2.1999999999999997
      vertex 5.5 -12.399999999527932 1.9850000007081037
    endloop
  endfacet
  facet normal 0 -1 0
    outer loop
      vertex 5.5 -12.399999999527932 1.9850000007081037
      vertex 6 -12.399999999527932 2.1999999999999997
      vertex -6 -12.399999999527932 2.1999999999999997
    endloop
  endfacet
  facet normal 0 -1 0
    outer loop
      vertex -7.581630000472069 -12.399999999527932 2.9899999999999998
      vertex 6 -12.399999999527932 2.6
      vertex 7.581630000472069 -12.399999999527932 2.9899999999999998
    endloop
  endfacet
  facet normal 0 -1 0
    outer loop
      vertex 5.5 -12.399999999527932 0.21499999929189695
      vertex 7.581630000472069 -12.399999999527932 2.9899999999999998
      vertex 6 -12.399999999527932 2.1999999999999997
    endloop
  endfacet
  facet normal 0.7071067811865476 -0.7071067811865476 0
    outer loop
      vertex 7.581630000472069 -12.399999999527932 -3.4
      vertex 12.399999999527932 -7.581630000472069 2.9899999999999998
      vertex 7.581630000472069 -12.399999999527932 2.9899999999999998
    endloop
  endfacet
  facet normal 0 -1 0
    outer loop
      vertex 7.581630000472069 -12.399999999527932 2.9899999999999998
      vertex 6 -12.399999999527932 2.6
      vertex 6 -12.399999999527932 2.1999999999999997
    endloop
  endfacet
  facet normal 1 0 0
    outer loop
      vertex 12.399999999527932 -7.581630000472069 2.9899999999999998
      vertex 12.399999999527932 -6 2.1999999999999997
      vertex 12.399999999527932 -6 2.6
    endloop
  endfacet
  facet normal 1 0 0
    outer loop
      vertex 12.399999999527932 -5.5 0.21499999929189695
      vertex 12.399999999527932 -5.5 1.9850000007081037
      vertex 12.399999999527932 -6 2.1999999999999997
    endloop
  endfacet
  facet normal 1 0 0
    outer loop
      vertex 12.399999999527932 -5.5 0.20000000000000018
      vertex 12.399999999527932 5.5 0.21499999929189695
      vertex 12.399999999527932 -5.5 0.21499999929189695
    endloop
  endfacet
  facet normal 1 0 0
    outer loop
      vertex 12.399999999527932 -7.581630000472069 2.9899999999999998
      vertex 12.399999999527932 -5.5 0.21499999929189695
      vertex 12.399999999527932 -6 2.1999999999999997
    endloop
  endfacet
  facet normal 1 0 0
    outer loop
      vertex 12.399999999527932 -5.5 1.9850000007081037
      vertex 12.399999999527932 5.5 1.9850000007081037
      vertex 12.399999999527932 -6 2.1999999999999997
    endloop
  endfacet
  facet normal 1 0 0
    outer loop
      vertex 12.399999999527932 -7.581630000472069 2.9899999999999998
      vertex 12.399999999527932 -6 2.6
      vertex 12.399999999527932 6 2.6
    endloop
  endfacet
  facet normal 0 0 -1
    outer loop
      vertex -12.399999999527932 -7.581630000472069 -3.4
      vertex 11.100591981471519 5.918837155858794 -3.4
      vertex 11.100000002980233 5.900000094832527 -3.4
    endloop
  endfacet
  facet normal 0 0 -1
    outer loop
      vertex -12.399999999527932 -7.581630000472069 -3.4
      vertex 11.102365589605657 5.937599970069291 -3.4
      vertex 11.100591981471519 5.918837155858794 -3.4
    endloop
  endfacet
  facet normal 0 0 -1
    outer loop
      vertex -12.399999999527932 -7.581630000472069 -3.4
      vertex 11.105313824781394 5.956214394375718 -3.4
      vertex 11.102365589605657 5.937599970069291 -3.4
    endloop
  endfacet
  facet normal 0 0 -1
    outer loop
      vertex -12.399999999527932 -7.581630000472069 -3.4
      vertex 11.109425051661411 5.974606966149457 -3.4
      vertex 11.105313824781394 5.956214394375718 -3.4
    endloop
  endfacet
  facet normal 0 0 -1
    outer loop
      vertex -12.399999999527932 -7.581630000472069 -3.4
      vertex 11.114683045111454 5.992705098312484 -3.4
      vertex 11.109425051661411 5.974606966149457 -3.4
    endloop
  endfacet
  facet normal 0 0 -1
    outer loop
      vertex -12.399999999527932 -7.581630000472069 -3.4
      vertex 11.121067054233524 6.010437365805403 -3.4
      vertex 11.114683045111454 5.992705098312484 -3.4
    endloop
  endfacet
  facet normal 0 0 -1
    outer loop
      vertex -12.399999999527932 -7.581630000472069 -3.4
      vertex 11.128551884260194 6.027733787469522 -3.4
      vertex 11.121067054233524 6.010437365805403 -3.4
    endloop
  endfacet
  facet normal 0 0 -1
    outer loop
      vertex -12.399999999527932 -7.581630000472069 -3.4
      vertex 11.137107995986842 6.044526102230515 -3.4
      vertex 11.128551884260194 6.027733787469522 -3.4
    endloop
  endfacet
  facet normal 0 0 -1
    outer loop
      vertex -12.399999999527932 -7.581630000472069 -3.4
      vertex 11.146701622349395 6.060748038493699 -3.4
      vertex 11.137107995986842 6.044526102230515 -3.4
    endloop
  endfacet
  facet normal 0 0 -1
    outer loop
      vertex -12.399999999527932 -7.581630000472069 -3.4
      vertex 11.157294901687516 6.076335575687742 -3.4
      vertex 11.146701622349395 6.060748038493699 -3.4
    endloop
  endfacet
  facet normal 0 0 -1
    outer loop
      vertex -12.399999999527932 -7.581630000472069 -3.4
      vertex 11.181309411773578 6.1053641317786065 -3.4
      vertex 11.168846027167264 6.091227196924607 -3.4
    endloop
  endfacet
  facet normal 0 0 -1
    outer loop
      vertex -12.399999999527932 -7.581630000472069 -3.4
      vertex 11.168846027167264 6.091227196924607 -3.4
      vertex 11.157294901687516 6.076335575687742 -3.4
    endloop
  endfacet
  facet normal 0 0 -1
    outer loop
      vertex -12.399999999527932 -7.581630000472069 -3.4
      vertex 11.194635868221393 6.118690588226424 -3.4
      vertex 11.181309411773578 6.1053641317786065 -3.4
    endloop
  endfacet
  facet normal 0 0 -1
    outer loop
      vertex -12.399999999527932 -7.581630000472069 -3.4
      vertex 11.223664424312258 6.142705098312485 -3.4
      vertex 11.208772803075394 6.131153972832737 -3.4
    endloop
  endfacet
  facet normal 0 0 -1
    outer loop
      vertex -12.399999999527932 -7.581630000472069 -3.4
      vertex 11.208772803075394 6.131153972832737 -3.4
      vertex 11.194635868221393 6.118690588226424 -3.4
    endloop
  endfacet
  facet normal 0 0 -1
    outer loop
      vertex -12.399999999527932 -7.581630000472069 -3.4
      vertex 11.239251961506302 6.1532983776506045 -3.4
      vertex 11.223664424312258 6.142705098312485 -3.4
    endloop
  endfacet
  facet normal 0 0 -1
    outer loop
      vertex -12.399999999527932 -7.581630000472069 -3.4
      vertex 11.255473897769486 6.162892004013159 -3.4
      vertex 11.239251961506302 6.1532983776506045 -3.4
    endloop
  endfacet
  facet normal 0 0 -1
    outer loop
      vertex -12.399999999527932 -7.581630000472069 -3.4
      vertex 12.399999999527932 7.581630000472069 -3.4
      vertex 11.255473897769486 6.162892004013159 -3.4
    endloop
  endfacet
  facet normal -2.903468735194618e-14 9.492109548880165e-14 -1
    outer loop
      vertex 12.399999999527932 7.581630000472069 -3.4
      vertex -11.100000002980233 5.900000094832529 -3.399999999999477
      vertex 5.900000094832529 11.100000002980233 -3.399999999999477
    endloop
  endfacet
  facet normal 5.791976974355641e-14 2.840112647557843e-13 -1
    outer loop
      vertex 7.581630000472069 12.399999999527932 -3.3999999999990203
      vertex 5.900000094831226 11.699999997019768 -3.3999999999993165
      vertex -5.900000094832527 11.699999997019768 -3.4
    endloop
  endfacet
  facet normal 0 1 0
    outer loop
      vertex -5.5 12.399999999527932 0.18999999999999995
      vertex 5.5 12.399999999527932 0.18999999999999995
      vertex 7.581630000472069 12.399999999527932 -3.3999999999990203
    endloop
  endfacet
  facet normal 0 1 0
    outer loop
      vertex 7.581630000472069 12.399999999527932 -3.3999999999990203
      vertex 5.5 12.399999999527932 0.18999999999999995
      vertex 5.5 12.399999999527932 0.20000000000000018
    endloop
  endfacet
  facet normal 0 1 0
    outer loop
      vertex 7.581630000472069 12.399999999527932 -3.3999999999990203
      vertex 5.5 12.399999999527932 0.20000000000000018
      vertex 5.5 12.399999999527932 0.21499999929189695
    endloop
  endfacet
  facet normal 1.552085093926672e-13 -6.460753141924887e-14 -1
    outer loop
      vertex 12.399999999527932 -7.581630000472069 -3.3999999999990203
      vertex 11.699999997019768 5.900000094832527 -3.4
      vertex 12.399999999527932 7.581630000472069 -3.4
    endloop
  endfacet
  facet normal 1 0 0
    outer loop
      vertex 12.399999999527932 -7.581630000472069 -3.3999999999990203
      vertex 12.399999999527932 7.581630000472069 -3.4
      vertex 12.399999999527932 5.5 0.18999999999999995
    endloop
  endfacet
  facet normal 5.6205423738649756e-14 2.881296868988337e-13 -1
    outer loop
      vertex 7.581630000472069 12.399999999527932 -3.3999999999990203
      vertex 5.918837155858794 11.699408018528482 -3.3999999999993156
      vertex 5.900000094831226 11.699999997019768 -3.3999999999993165
    endloop
  endfacet
  facet normal 7.12076402719435e-14 2.525232583620548e-13 -1
    outer loop
      vertex 7.581630000472069 12.399999999527932 -3.3999999999990203
      vertex 5.937599970069289 11.697634410394343 -3.3999999999993147
      vertex 5.918837155858794 11.699408018528482 -3.3999999999993156
    endloop
  endfacet
  facet normal 6.584216588730596e-14 2.6508224637651327e-13 -1
    outer loop
      vertex 7.581630000472069 12.399999999527932 -3.3999999999990203
      vertex 5.956214394375718 11.694686175218607 -3.3999999999993142
      vertex 5.937599970069289 11.697634410394343 -3.3999999999993147
    endloop
  endfacet
  facet normal 7.003170723307838e-14 2.5759292788673426e-13 -1
    outer loop
      vertex 7.581630000472069 12.399999999527932 -3.3999999999990203
      vertex 6.1053641317786065 11.618690588226423 -3.399999999999325
      vertex 6.091227196924607 11.631153972832736 -3.3999999999993227
    endloop
  endfacet
  facet normal 6.149317025930375e-14 2.7510462949303814e-13 -1
    outer loop
      vertex 7.581630000472069 12.399999999527932 -3.3999999999990203
      vertex 5.974606966149455 11.69057494833859 -3.3999999999993142
      vertex 5.956214394375718 11.694686175218607 -3.3999999999993142
    endloop
  endfacet
  facet normal 7.260947504788343e-14 2.4992345239496836e-13 -1
    outer loop
      vertex 7.581630000472069 12.399999999527932 -3.3999999999990203
      vertex 5.992705098312484 11.685316954888547 -3.3999999999993142
      vertex 5.974606966149455 11.69057494833859 -3.3999999999993142
    endloop
  endfacet
  facet normal 5.4436095715047136e-14 2.9032756607155307e-13 -1
    outer loop
      vertex 7.581630000472069 12.399999999527932 -3.3999999999990203
      vertex 6.010437365805402 11.678932945766476 -3.399999999999315
      vertex 5.992705098312484 11.685316954888547 -3.3999999999993142
    endloop
  endfacet
  facet normal 6.465233948527032e-14 2.680665476516976e-13 -1
    outer loop
      vertex 7.581630000472069 12.399999999527932 -3.3999999999990203
      vertex 6.02773378746952 11.671448115739807 -3.399999999999316
      vertex 6.010437365805402 11.678932945766476 -3.399999999999315
    endloop
  endfacet
  facet normal 5.754246001693177e-14 2.8245908854645715e-13 -1
    outer loop
      vertex 7.581630000472069 12.399999999527932 -3.3999999999990203
      vertex 6.060748038493697 11.653298377650607 -3.3999999999993187
      vertex 6.044526102230515 11.662892004013159 -3.399999999999317
    endloop
  endfacet
  facet normal 7.377776477300579e-14 2.4860333012088955e-13 -1
    outer loop
      vertex 7.581630000472069 12.399999999527932 -3.3999999999990203
      vertex 6.044526102230515 11.662892004013159 -3.399999999999317
      vertex 6.02773378746952 11.671448115739807 -3.399999999999316
    endloop
  endfacet
  facet normal 6.23112879963639e-14 2.7255890816814407e-13 -1
    outer loop
      vertex 7.581630000472069 12.399999999527932 -3.3999999999990203
      vertex 6.091227196924607 11.631153972832736 -3.3999999999993227
      vertex 6.076335575687742 11.642705098312485 -3.3999999999993205
    endloop
  endfacet
  facet normal 6.612244474568045e-14 2.6498337451867896e-13 -1
    outer loop
      vertex 7.581630000472069 12.399999999527932 -3.3999999999990203
      vertex 6.076335575687742 11.642705098312485 -3.3999999999993205
      vertex 6.060748038493697 11.653298377650607 -3.3999999999993187
    endloop
  endfacet
  facet normal 8.144387250375769e-14 2.462546919225678e-13 -1
    outer loop
      vertex 7.581630000472069 12.399999999527932 -3.3999999999990203
      vertex 6.185316954888547 11.307294901687518 -3.399999999999403
      vertex 6.19057494833859 11.325393033850544 -3.399999999999398
    endloop
  endfacet
  facet normal 5.78379351335782e-14 2.7681205799960926e-13 -1
    outer loop
      vertex 7.581630000472069 12.399999999527932 -3.3999999999990203
      vertex 6.19057494833859 11.325393033850544 -3.399999999999398
      vertex 6.194686175218607 11.343785605624285 -3.399999999999393
    endloop
  endfacet
  facet normal 5.756561051543183e-14 2.7716965485662887e-13 -1
    outer loop
      vertex 7.581630000472069 12.399999999527932 -3.3999999999990203
      vertex 6.194686175218607 11.343785605624285 -3.399999999999393
      vertex 6.197634410394343 11.36240002993071 -3.3999999999993875
    endloop
  endfacet
  facet normal 7.552456202114319e-14 2.5321523078703895e-13 -1
    outer loop
      vertex 7.581630000472069 12.399999999527932 -3.3999999999990203
      vertex 6.197634410394343 11.36240002993071 -3.3999999999993875
      vertex 6.199408018528518 11.38116284414237 -3.3999999999993826
    endloop
  endfacet
  facet normal 5.491333998956874e-14 2.8117778006802297e-13 -1
    outer loop
      vertex 7.581630000472069 12.399999999527932 -3.3999999999990203
      vertex 6.199408018528518 11.38116284414237 -3.3999999999993826
      vertex 6.199999997019768 11.399999905167473 -3.3999999999993773
    endloop
  endfacet
  facet normal 6.915656906508935e-14 2.6149890928814374e-13 -1
    outer loop
      vertex 7.581630000472069 12.399999999527932 -3.3999999999990203
      vertex 6.199999997019768 11.399999905167473 -3.3999999999993773
      vertex 6.199408018528482 11.418837155858796 -3.3999999999993724
    endloop
  endfacet
  facet normal 6.556928621681671e-14 2.665525262695907e-13 -1
    outer loop
      vertex 7.581630000472069 12.399999999527932 -3.3999999999990203
      vertex 6.199408018528482 11.418837155858796 -3.3999999999993724
      vertex 6.197634410394343 11.437599970069291 -3.3999999999993675
    endloop
  endfacet
  facet normal 6.164651223219072e-14 2.721937375428782e-13 -1
    outer loop
      vertex 7.581630000472069 12.399999999527932 -3.3999999999990203
      vertex 6.197634410394343 11.437599970069291 -3.3999999999993675
      vertex 6.194686175218607 11.456214394375717 -3.3999999999993626
    endloop
  endfacet
  facet normal 7.166600257308041e-14 2.574695563468328e-13 -1
    outer loop
      vertex 7.581630000472069 12.399999999527932 -3.3999999999990203
      vertex 6.194686175218607 11.456214394375717 -3.3999999999993626
      vertex 6.190574948338589 11.474606966149459 -3.399999999999358
    endloop
  endfacet
  facet normal 6.679915436430113e-14 2.647854248962992e-13 -1
    outer loop
      vertex 7.581630000472069 12.399999999527932 -3.3999999999990203
      vertex 6.190574948338589 11.474606966149459 -3.399999999999358
      vertex 6.185316954888545 11.492705098312486 -3.3999999999993538
    endloop
  endfacet
  facet normal 5.631601633595153e-14 2.8112218833340347e-13 -1
    outer loop
      vertex 7.581630000472069 12.399999999527932 -3.3999999999990203
      vertex 6.1789329457664754 11.510437365805403 -3.3999999999993493
      vertex 6.171448115739806 11.527733787469522 -3.399999999999345
    endloop
  endfacet
  facet normal 7.553323995814043e-14 2.5005394305206155e-13 -1
    outer loop
      vertex 7.581630000472069 12.399999999527932 -3.3999999999990203
      vertex 6.171448115739806 11.527733787469522 -3.399999999999345
      vertex 6.162892004013158 11.544526102230517 -3.3999999999993413
    endloop
  endfacet
  facet normal 5.731006628823138e-14 2.8027568211768214e-13 -1
    outer loop
      vertex 7.581630000472069 12.399999999527932 -3.3999999999990203
      vertex 6.162892004013158 11.544526102230517 -3.3999999999993413
      vertex 6.153298377650605 11.5607480384937 -3.3999999999993373
    endloop
  endfacet
  facet normal 6.814199819716875e-14 2.616062535039559e-13 -1
    outer loop
      vertex 7.581630000472069 12.399999999527932 -3.3999999999990203
      vertex 6.142705098312484 11.576335575687745 -3.3999999999993338
      vertex 6.131153972831903 11.591227196925555 -3.3999999999993307
    endloop
  endfacet
  facet normal 6.127751695146621e-14 2.739172083939329e-13 -1
    outer loop
      vertex 7.581630000472069 12.399999999527932 -3.3999999999990203
      vertex 6.131153972831903 11.591227196925555 -3.3999999999993307
      vertex 6.118690588225528 11.605364131779503 -3.3999999999993276
    endloop
  endfacet
  facet normal 6.574648557307406e-14 2.6568975404157944e-13 -1
    outer loop
      vertex 7.581630000472069 12.399999999527932 -3.3999999999990203
      vertex 6.118690588225528 11.605364131779503 -3.3999999999993276
      vertex 6.1053641317786065 11.618690588226423 -3.399999999999325
    endloop
  endfacet
  facet normal 6.293996575081876e-14 2.7069409779131233e-13 -1
    outer loop
      vertex 7.581630000472069 12.399999999527932 -3.3999999999990203
      vertex 6.153298377650605 11.5607480384937 -3.3999999999993373
      vertex 6.142705098312484 11.576335575687745 -3.3999999999993338
    endloop
  endfacet
  facet normal 6.168856264922517e-14 2.7265054777184237e-13 -1
    outer loop
      vertex 7.581630000472069 12.399999999527932 -3.3999999999990203
      vertex 6.185316954888545 11.492705098312486 -3.3999999999993538
      vertex 6.1789329457664754 11.510437365805403 -3.3999999999993493
    endloop
  endfacet
  facet normal 6.243243057397543e-14 2.639016908717261e-13 -1
    outer loop
      vertex 12.399999999527932 7.581630000472069 -3.4
      vertex 5.900000094832529 11.100000002980233 -3.399999999999477
      vertex 5.918837155858794 11.100591981471519 -3.399999999999476
    endloop
  endfacet
  facet normal 6.864642035917018e-14 2.753465089528014e-13 -1
    outer loop
      vertex 12.399999999527932 7.581630000472069 -3.4
      vertex 5.918837155858794 11.100591981471519 -3.399999999999476
      vertex 5.937599970069293 11.102365589605657 -3.399999999999474
    endloop
  endfacet
  facet normal 5.5608743998368025e-14 2.5141552124722645e-13 -1
    outer loop
      vertex 12.399999999527932 7.581630000472069 -3.4
      vertex 5.937599970069293 11.102365589605657 -3.399999999999474
      vertex 5.956214394375718 11.105313824781394 -3.3999999999994723
    endloop
  endfacet
  facet normal 7.907853878997432e-14 2.9433490146820537e-13 -1
    outer loop
      vertex 12.399999999527932 7.581630000472069 -3.4
      vertex 5.956214394375718 11.105313824781394 -3.3999999999994723
      vertex 5.974606966149459 11.109425051661411 -3.3999999999994697
    endloop
  endfacet
  facet normal 5.1676801757466787e-14 2.4442640971163433e-13 -1
    outer loop
      vertex 12.399999999527932 7.581630000472069 -3.4
      vertex 5.974606966149459 11.109425051661411 -3.3999999999994697
      vertex 5.992705098312484 11.114683045111454 -3.3999999999994674
    endloop
  endfacet
  facet normal 7.323464222009193e-14 2.8352218312126085e-13 -1
    outer loop
      vertex 12.399999999527932 7.581630000472069 -3.4
      vertex 5.992705098312484 11.114683045111454 -3.3999999999994674
      vertex 6.010437365805403 11.121067054233524 -3.3999999999994643
    endloop
  endfacet
  facet normal 6.414010470598395e-14 2.6710428496726434e-13 -1
    outer loop
      vertex 12.399999999527932 7.581630000472069 -3.4
      vertex 6.010437365805403 11.121067054233524 -3.3999999999994643
      vertex 6.027733787469522 11.128551884260194 -3.3999999999994612
    endloop
  endfacet
  facet normal 5.624894593522217e-14 2.529273264504259e-13 -1
    outer loop
      vertex 12.399999999527932 7.581630000472069 -3.4
      vertex 6.027733787469522 11.128551884260194 -3.3999999999994612
      vertex 6.044526102230515 11.137107995986842 -3.399999999999458
    endloop
  endfacet
  facet normal 7.596222322533762e-14 2.8816512553273893e-13 -1
    outer loop
      vertex 12.399999999527932 7.581630000472069 -3.4
      vertex 6.044526102230515 11.137107995986842 -3.399999999999458
      vertex 6.060748038493699 11.146701622349395 -3.399999999999454
    endloop
  endfacet
  facet normal 5.6093432293978456e-14 2.5283532427374526e-13 -1
    outer loop
      vertex 12.399999999527932 7.581630000472069 -3.4
      vertex 6.060748038493699 11.146701622349395 -3.399999999999454
      vertex 6.076335575687743 11.157294901687518 -3.3999999999994506
    endloop
  endfacet
  facet normal 6.291527298686259e-14 2.648999423200307e-13 -1
    outer loop
      vertex 12.399999999527932 7.581630000472069 -3.4
      vertex 6.076335575687743 11.157294901687518 -3.3999999999994506
      vertex 6.091227196924607 11.168846027167264 -3.3999999999994466
    endloop
  endfacet
  facet normal 6.984650928071169e-14 2.77089783883422e-13 -1
    outer loop
      vertex 12.399999999527932 7.581630000472069 -3.4
      vertex 6.091227196924607 11.168846027167264 -3.3999999999994466
      vertex 6.105364131778607 11.18130941177358 -3.399999999999442
    endloop
  endfacet
  facet normal 6.486317774111136e-14 2.6837560301732213e-13 -1
    outer loop
      vertex 12.399999999527932 7.581630000472069 -3.4
      vertex 6.105364131778607 11.18130941177358 -3.399999999999442
      vertex 6.118690588226425 11.194635868221395 -3.3999999999994377
    endloop
  endfacet
  facet normal 6.05022862693893e-14 2.607940740506806e-13 -1
    outer loop
      vertex 12.399999999527932 7.581630000472069 -3.4
      vertex 6.118690588226425 11.194635868221395 -3.3999999999994377
      vertex 6.131153972832738 11.208772803075396 -3.3999999999994333
    endloop
  endfacet
  facet normal 6.861376582928042e-14 2.7481326744254843e-13 -1
    outer loop
      vertex 12.399999999527932 7.581630000472069 -3.4
      vertex 6.131153972832738 11.208772803075396 -3.3999999999994333
      vertex 6.142705098312485 11.223664424312258 -3.3999999999994284
    endloop
  endfacet
  facet normal 6.525512188844391e-14 2.6904285915963276e-13 -1
    outer loop
      vertex 12.399999999527932 7.581630000472069 -3.4
      vertex 6.142705098312485 11.223664424312258 -3.3999999999994284
      vertex 6.153298377650605 11.239251961506303 -3.3999999999994235
    endloop
  endfacet
  facet normal 6.242797495540327e-14 2.6421449156997303e-13 -1
    outer loop
      vertex 12.399999999527932 7.581630000472069 -3.4
      vertex 6.153298377650605 11.239251961506303 -3.3999999999994235
      vertex 6.16289200401316 11.255473897769487 -3.3999999999994186
    endloop
  endfacet
  facet normal 6.010952317067335e-14 2.6027844132722665e-13 -1
    outer loop
      vertex 12.399999999527932 7.581630000472069 -3.4
      vertex 6.16289200401316 11.255473897769487 -3.3999999999994186
      vertex 6.171448115739806 11.272266212530479 -3.3999999999994137
    endloop
  endfacet
  facet normal 7.039640765301685e-14 2.776392403979804e-13 -1
    outer loop
      vertex 12.399999999527932 7.581630000472069 -3.4
      vertex 6.171448115739806 11.272266212530479 -3.3999999999994137
      vertex 6.178932945766476 11.2895626341946 -3.3999999999994084
    endloop
  endfacet
  facet normal 6.919218994092659e-14 2.756188371506049e-13 -1
    outer loop
      vertex 12.399999999527932 7.581630000472069 -3.4
      vertex 6.178932945766476 11.2895626341946 -3.3999999999994084
      vertex 6.185316954888547 11.307294901687518 -3.399999999999403
    endloop
  endfacet
  facet normal 6.453886645631721e-14 2.678567513678533e-13 -1
    outer loop
      vertex 7.581630000472069 12.399999999527932 -3.3999999999990203
      vertex 12.399999999527932 7.581630000472069 -3.4
      vertex 6.185316954888547 11.307294901687518 -3.399999999999403
    endloop
  endfacet
  facet normal 0 0 -1
    outer loop
      vertex 12.399999999527932 7.581630000472069 -3.4
      vertex 11.289562634194597 6.1789329457664754 -3.4
      vertex 11.272266212530479 6.171448115739806 -3.4
    endloop
  endfacet
  facet normal 0 0 -1
    outer loop
      vertex 12.399999999527932 7.581630000472069 -3.4
      vertex 11.272266212530479 6.171448115739806 -3.4
      vertex 11.255473897769486 6.162892004013159 -3.4
    endloop
  endfacet
  facet normal 0 0 -1
    outer loop
      vertex 12.399999999527932 7.581630000472069 -3.4
      vertex 11.307294901687516 6.185316954888546 -3.4
      vertex 11.289562634194597 6.1789329457664754 -3.4
    endloop
  endfacet
  facet normal 0 0 -1
    outer loop
      vertex 12.399999999527932 7.581630000472069 -3.4
      vertex 11.343785605624284 6.194686175218607 -3.4
      vertex 11.325393033850544 6.19057494833859 -3.4
    endloop
  endfacet
  facet normal 0 0 -1
    outer loop
      vertex 12.399999999527932 7.581630000472069 -3.4
      vertex 11.325393033850544 6.19057494833859 -3.4
      vertex 11.307294901687516 6.185316954888546 -3.4
    endloop
  endfacet
  facet normal 0 0 -1
    outer loop
      vertex 12.399999999527932 7.581630000472069 -3.4
      vertex 11.381162844141206 6.199408018528482 -3.4
      vertex 11.36240002993071 6.197634410394343 -3.4
    endloop
  endfacet
  facet normal 0 0 -1
    outer loop
      vertex 12.399999999527932 7.581630000472069 -3.4
      vertex 11.36240002993071 6.197634410394343 -3.4
      vertex 11.343785605624284 6.194686175218607 -3.4
    endloop
  endfacet
  facet normal 0 0 -1
    outer loop
      vertex 12.399999999527932 7.581630000472069 -3.4
      vertex 11.418837155858794 6.199408018528482 -3.4
      vertex 11.399999905167473 6.199999997019768 -3.4
    endloop
  endfacet
  facet normal 0 0 -1
    outer loop
      vertex 12.399999999527932 7.581630000472069 -3.4
      vertex 11.399999905167473 6.199999997019768 -3.4
      vertex 11.381162844141206 6.199408018528482 -3.4
    endloop
  endfacet
  facet normal 0 0 -1
    outer loop
      vertex 12.399999999527932 7.581630000472069 -3.4
      vertex 11.456214394375717 6.194686175218607 -3.4
      vertex 11.437599970069291 6.197634410394343 -3.4
    endloop
  endfacet
  facet normal 0 0 -1
    outer loop
      vertex 12.399999999527932 7.581630000472069 -3.4
      vertex 11.437599970069291 6.197634410394343 -3.4
      vertex 11.418837155858794 6.199408018528482 -3.4
    endloop
  endfacet
  facet normal 0 0 -1
    outer loop
      vertex 12.399999999527932 7.581630000472069 -3.4
      vertex 11.492705098312484 6.185316954888546 -3.4
      vertex 11.474606966149457 6.19057494833859 -3.4
    endloop
  endfacet
  facet normal 0 0 -1
    outer loop
      vertex 12.399999999527932 7.581630000472069 -3.4
      vertex 11.474606966149457 6.19057494833859 -3.4
      vertex 11.456214394375717 6.194686175218607 -3.4
    endloop
  endfacet
  facet normal 0 0 -1
    outer loop
      vertex 12.399999999527932 7.581630000472069 -3.4
      vertex 11.631153972832736 6.091227196924607 -3.4
      vertex 11.618690588226423 6.105364131778607 -3.4
    endloop
  endfacet
  facet normal 0 0 -1
    outer loop
      vertex 12.399999999527932 7.581630000472069 -3.4
      vertex 11.699999997019768 5.900000094832527 -3.4
      vertex 11.699408018528482 5.918837155858794 -3.4
    endloop
  endfacet
  facet normal 0 0 -1
    outer loop
      vertex 12.399999999527932 7.581630000472069 -3.4
      vertex 11.699408018528482 5.918837155858794 -3.4
      vertex 11.697634410394343 5.937599970069291 -3.4
    endloop
  endfacet
  facet normal 0 0 -1
    outer loop
      vertex 12.399999999527932 7.581630000472069 -3.4
      vertex 11.697634410394343 5.937599970069291 -3.4
      vertex 11.694686175218607 5.956214394375718 -3.4
    endloop
  endfacet
  facet normal 0 0 -1
    outer loop
      vertex 12.399999999527932 7.581630000472069 -3.4
      vertex 11.694686175218607 5.956214394375718 -3.4
      vertex 11.69057494833859 5.974606966149457 -3.4
    endloop
  endfacet
  facet normal 0 0 -1
    outer loop
      vertex 12.399999999527932 7.581630000472069 -3.4
      vertex 11.69057494833859 5.974606966149457 -3.4
      vertex 11.685316954888547 5.992705098312484 -3.4
    endloop
  endfacet
  facet normal 0 0 -1
    outer loop
      vertex 12.399999999527932 7.581630000472069 -3.4
      vertex 11.685316954888547 5.992705098312484 -3.4
      vertex 11.678932945766476 6.010437365805403 -3.4
    endloop
  endfacet
  facet normal 0 0 -1
    outer loop
      vertex 12.399999999527932 7.581630000472069 -3.4
      vertex 11.678932945766476 6.010437365805403 -3.4
      vertex 11.671448115739807 6.027733787469522 -3.4
    endloop
  endfacet
  facet normal 0 0 -1
    outer loop
      vertex 12.399999999527932 7.581630000472069 -3.4
      vertex 11.671448115739807 6.027733787469522 -3.4
      vertex 11.662892004013159 6.044526102230515 -3.4
    endloop
  endfacet
  facet normal 0 0 -1
    outer loop
      vertex 12.399999999527932 7.581630000472069 -3.4
      vertex 11.662892004013159 6.044526102230515 -3.4
      vertex 11.653298377650605 6.060748038493699 -3.4
    endloop
  endfacet
  facet normal 0 0 -1
    outer loop
      vertex 12.399999999527932 7.581630000472069 -3.4
      vertex 11.653298377650605 6.060748038493699 -3.4
      vertex 11.642705098312485 6.076335575687742 -3.4
    endloop
  endfacet
  facet normal 0 0 -1
    outer loop
      vertex 12.399999999527932 7.581630000472069 -3.4
      vertex 11.642705098312485 6.076335575687742 -3.4
      vertex 11.631153972832736 6.091227196924607 -3.4
    endloop
  endfacet
  facet normal 0 0 -1
    outer loop
      vertex 12.399999999527932 7.581630000472069 -3.4
      vertex 11.527733787469522 6.171448115739806 -3.4
      vertex 11.510437365805403 6.1789329457664754 -3.4
    endloop
  endfacet
  facet normal 0 0 -1
    outer loop
      vertex 12.399999999527932 7.581630000472069 -3.4
      vertex 11.5607480384937 6.1532983776506045 -3.4
      vertex 11.544526102230515 6.162892004013159 -3.4
    endloop
  endfacet
  facet normal 0 0 -1
    outer loop
      vertex 12.399999999527932 7.581630000472069 -3.4
      vertex 11.544526102230515 6.162892004013159 -3.4
      vertex 11.527733787469522 6.171448115739806 -3.4
    endloop
  endfacet
  facet normal 0 0 -1
    outer loop
      vertex 12.399999999527932 7.581630000472069 -3.4
      vertex 11.510437365805403 6.1789329457664754 -3.4
      vertex 11.492705098312484 6.185316954888546 -3.4
    endloop
  endfacet
  facet normal 0 0 -1
    outer loop
      vertex 12.399999999527932 7.581630000472069 -3.4
      vertex 11.605364131778607 6.118690588226424 -3.4
      vertex 11.591227196924608 6.131153972832737 -3.4
    endloop
  endfacet
  facet normal 0 0 -1
    outer loop
      vertex 12.399999999527932 7.581630000472069 -3.4
      vertex 11.591227196924608 6.131153972832737 -3.4
      vertex 11.576335575687743 6.142705098312485 -3.4
    endloop
  endfacet
  facet normal 0 0 -1
    outer loop
      vertex 12.399999999527932 7.581630000472069 -3.4
      vertex 11.576335575687743 6.142705098312485 -3.4
      vertex 11.5607480384937 6.1532983776506045 -3.4
    endloop
  endfacet
  facet normal 0 0 -1
    outer loop
      vertex 12.399999999527932 7.581630000472069 -3.4
      vertex 11.618690588226423 6.105364131778607 -3.4
      vertex 11.605364131778607 6.118690588226424 -3.4
    endloop
  endfacet
  facet normal 0.7071067811865476 0.7071067811865476 0
    outer loop
      vertex 7.581630000472069 12.399999999527932 -3.3999999999990203
      vertex 7.581630000472069 12.399999999527932 2.9899999999999998
      vertex 12.399999999527932 7.581630000472069 -3.4
    endloop
  endfacet
  facet normal 0 1 0
    outer loop
      vertex 7.581630000472069 12.399999999527932 -3.3999999999990203
      vertex 5.5 12.399999999527932 0.21499999929189695
      vertex 7.581630000472069 12.399999999527932 2.9899999999999998
    endloop
  endfacet
  facet normal 1 0 0
    outer loop
      vertex 12.399999999527932 7.581630000472069 -3.4
      vertex 12.399999999527932 7.581630000472069 2.9899999999999998
      vertex 12.399999999527932 5.5 0.18999999999999995
    endloop
  endfacet
  facet normal 0 1 0
    outer loop
      vertex -5.5 12.399999999527932 0.21499999929189695
      vertex 5.5 12.399999999527932 0.21499999929189695
      vertex 5.5 12.399999999527932 0.20000000000000018
    endloop
  endfacet
  facet normal 0 1 0
    outer loop
      vertex 5.5 12.399999999527932 0.21499999929189695
      vertex 5.5 12.399999999527932 1.9850000007081037
      vertex 6 12.399999999527932 2.1999999999999997
    endloop
  endfacet
  facet normal 0 1 0
    outer loop
      vertex -5.5 12.399999999527932 1.9850000007081037
      vertex 6 12.399999999527932 2.1999999999999997
      vertex 5.5 12.399999999527932 1.9850000007081037
    endloop
  endfacet
  facet normal 0 1 0
    outer loop
      vertex 7.581630000472069 12.399999999527932 2.9899999999999998
      vertex 6 12.399999999527932 2.6
      vertex -6 12.399999999527932 2.6
    endloop
  endfacet
  facet normal 0 1 0
    outer loop
      vertex 5.5 12.399999999527932 0.21499999929189695
      vertex 6 12.399999999527932 2.1999999999999997
      vertex 7.581630000472069 12.399999999527932 2.9899999999999998
    endloop
  endfacet
  facet normal 1 0 0
    outer loop
      vertex 12.399999999527932 -5.5 0.20000000000000018
      vertex 12.399999999527932 5.5 0.20000000000000018
      vertex 12.399999999527932 5.5 0.21499999929189695
    endloop
  endfacet
  facet normal 1 0 0
    outer loop
      vertex 12.399999999527932 5.5 0.18999999999999995
      vertex 12.399999999527932 7.581630000472069 2.9899999999999998
      vertex 12.399999999527932 5.5 0.20000000000000018
    endloop
  endfacet
  facet normal 1 0 0
    outer loop
      vertex 12.399999999527932 5.5 0.20000000000000018
      vertex 12.399999999527932 7.581630000472069 2.9899999999999998
      vertex 12.399999999527932 5.5 0.21499999929189695
    endloop
  endfacet
  facet normal 1 0 0
    outer loop
      vertex 12.399999999527932 5.5 0.21499999929189695
      vertex 12.399999999527932 6 2.1999999999999997
      vertex 12.399999999527932 5.5 1.9850000007081037
    endloop
  endfacet
  facet normal 1 0 0
    outer loop
      vertex 12.399999999527932 5.5 1.9850000007081037
      vertex 12.399999999527932 6 2.1999999999999997
      vertex 12.399999999527932 -6 2.1999999999999997
    endloop
  endfacet
  facet normal 1 0 0
    outer loop
      vertex 12.399999999527932 -7.581630000472069 2.9899999999999998
      vertex 12.399999999527932 6 2.6
      vertex 12.399999999527932 7.581630000472069 2.9899999999999998
    endloop
  endfacet
  facet normal 1 0 0
    outer loop
      vertex 12.399999999527932 5.5 0.21499999929189695
      vertex 12.399999999527932 7.581630000472069 2.9899999999999998
      vertex 12.399999999527932 6 2.1999999999999997
    endloop
  endfacet
  facet normal 0.7071067811865476 0.7071067811865476 0
    outer loop
      vertex 12.399999999527932 7.581630000472069 -3.4
      vertex 7.581630000472069 12.399999999527932 2.9899999999999998
      vertex 12.399999999527932 7.581630000472069 2.9899999999999998
    endloop
  endfacet
  facet normal 0 1 0
    outer loop
      vertex 7.581630000472069 12.399999999527932 2.9899999999999998
      vertex 6 12.399999999527932 2.1999999999999997
      vertex 6 12.399999999527932 2.6
    endloop
  endfacet
  facet normal 1 0 0
    outer loop
      vertex 12.399999999527932 7.581630000472069 2.9899999999999998
      vertex 12.399999999527932 6 2.6
      vertex 12.399999999527932 6 2.1999999999999997
    endloop
  endfacet
  facet normal -0.7071067811865476 -0.7071067811865476 0
    outer loop
      vertex -12.4 -9.137257 3.0000000000000004
      vertex -12.4 -9.137257 2.9996036954247134
      vertex -9.137257 -12.4 2.9996036954247134
    endloop
  endfacet
  facet normal -0.7071067811865475 -0.7071067811865475 0
    outer loop
      vertex -12.4 -9.137257 3.0000000000000004
      vertex -9.137257 -12.4 2.9996036954247134
      vertex -9.137257000000002 -12.399999999999999 3.0000000000000004
    endloop
  endfacet
  facet normal -1 0 0
    outer loop
      vertex -12.4 -7.5821825406948 1.9000000000000008
      vertex -12.4 -9.12367532368147 2.9899999999999998
      vertex -12.4 -7.5821825406948 2.9899999999999998
    endloop
  endfacet
  facet normal 0 -1 0
    outer loop
      vertex -7.5821825406948 -12.4 1.9000000000000008
      vertex -7.5821825406948 -12.4 2.9899999999999998
      vertex -9.12367532368147 -12.4 2.9899999999999998
    endloop
  endfacet
  facet normal 0 -1 0
    outer loop
      vertex -9.12367532368147 -12.4 2.9899999999999998
      vertex -7.5821825406948 -12.4 2.9899999999999998
      vertex -9.137257 -12.4 2.9996036954247134
    endloop
  endfacet
  facet normal 0 -1 0
    outer loop
      vertex -9.137257 -12.4 2.9996036954247134
      vertex -7.5821825406948 -12.4 2.9899999999999998
      vertex -7.5821825406948 -12.4 3.0000000000000004
    endloop
  endfacet
  facet normal -1 0 0
    outer loop
      vertex -12.4 7.5821825406948 1.9000000000000008
      vertex -12.4 7.5821825406948 2.9899999999999998
      vertex -12.4 9.12367532368147 2.9899999999999998
    endloop
  endfacet
  facet normal -1 0 0
    outer loop
      vertex -12.4 7.5821825406948 2.9899999999999998
      vertex -12.4 7.5821825406948 3.0000000000000004
      vertex -12.4 9.137257 2.9996036954247134
    endloop
  endfacet
  facet normal -1 0 0
    outer loop
      vertex -12.4 7.5821825406948 2.9899999999999998
      vertex -12.4 9.137257 2.9996036954247134
      vertex -12.4 9.12367532368147 2.9899999999999998
    endloop
  endfacet
  facet normal -0.7071067811865475 0.7071067811865475 0
    outer loop
      vertex -12.4 9.137257 2.9996036954247134
      vertex -12.399999999999999 9.137257000000002 3.0000000000000004
      vertex -9.137257 12.4 3.0000000000000004
    endloop
  endfacet
  facet normal -0.7071067811865476 0.7071067811865476 0
    outer loop
      vertex -12.4 9.137257 2.9996036954247134
      vertex -9.137257 12.4 3.0000000000000004
      vertex -9.137257 12.4 2.9996036954247134
    endloop
  endfacet
  facet normal 0 1 0
    outer loop
      vertex -7.5821825406948 12.4 1.9000000000000008
      vertex -9.12367532368147 12.4 2.9899999999999998
      vertex -7.5821825406948 12.4 2.9899999999999998
    endloop
  endfacet
  facet normal 0 1 0
    outer loop
      vertex -9.137257 12.4 2.9996036954247134
      vertex -9.137257 12.4 3.0000000000000004
      vertex -7.5821825406948 12.4 3.0000000000000004
    endloop
  endfacet
  facet normal 0 1 0
    outer loop
      vertex -9.12367532368147 12.4 2.9899999999999998
      vertex -9.137257 12.4 2.9996036954247134
      vertex -7.5821825406948 12.4 2.9899999999999998
    endloop
  endfacet
  facet normal 0 1 0
    outer loop
      vertex -9.137257 12.4 2.9996036954247134
      vertex -7.5821825406948 12.4 3.0000000000000004
      vertex -7.5821825406948 12.4 2.9899999999999998
    endloop
  endfacet
  facet normal 0 -1 0
    outer loop
      vertex 7.5821825406948 -12.4 1.9000000000000008
      vertex 9.12367532368147 -12.4 2.9899999999999998
      vertex 7.5821825406948 -12.4 2.9899999999999998
    endloop
  endfacet
  facet normal 0 -1 0
    outer loop
      vertex 7.5821825406948 -12.4 2.9899999999999998
      vertex 9.137257 -12.4 2.9996036954247134
      vertex 7.5821825406948 -12.4 3.0000000000000004
    endloop
  endfacet
  facet normal 0 -1 0
    outer loop
      vertex 7.5821825406948 -12.4 2.9899999999999998
      vertex 9.12367532368147 -12.4 2.9899999999999998
      vertex 9.137257 -12.4 2.9996036954247134
    endloop
  endfacet
  facet normal 0 -1 0
    outer loop
      vertex 7.5821825406948 -12.4 3.0000000000000004
      vertex 9.137257 -12.4 2.9996036954247134
      vertex 9.137257 -12.4 3.0000000000000004
    endloop
  endfacet
  facet normal 0.7071067811865476 -0.7071067811865476 0
    outer loop
      vertex 9.137257 -12.4 2.9996036954247134
      vertex 12.4 -9.137257 2.9996036954247134
      vertex 9.137257 -12.4 3.0000000000000004
    endloop
  endfacet
  facet normal 0.7071067811865476 -0.7071067811865476 0
    outer loop
      vertex 9.137257 -12.4 3.0000000000000004
      vertex 12.4 -9.137257 2.9996036954247134
      vertex 12.4 -9.137257 3.0000000000000004
    endloop
  endfacet
  facet normal 1 0 0
    outer loop
      vertex 12.4 -7.5821825406948 1.9000000000000008
      vertex 12.4 -7.5821825406948 2.9899999999999998
      vertex 12.4 -9.12367532368147 2.9899999999999998
    endloop
  endfacet
  facet normal 0 1 0
    outer loop
      vertex 7.5821825406948 12.4 1.9000000000000008
      vertex 7.5821825406948 12.4 2.9899999999999998
      vertex 9.12367532368147 12.4 2.9899999999999998
    endloop
  endfacet
  facet normal 0 1 0
    outer loop
      vertex 7.5821825406948 12.4 2.9899999999999998
      vertex 7.5821825406948 12.4 3.0000000000000004
      vertex 9.137257 12.4 2.9996036954247134
    endloop
  endfacet
  facet normal 0 1 0
    outer loop
      vertex 7.5821825406948 12.4 2.9899999999999998
      vertex 9.137257 12.4 2.9996036954247134
      vertex 9.12367532368147 12.4 2.9899999999999998
    endloop
  endfacet
  facet normal 1 0 0
    outer loop
      vertex 12.4 7.5821825406948 1.9000000000000008
      vertex 12.4 9.12367532368147 2.9899999999999998
      vertex 12.4 7.5821825406948 2.9899999999999998
    endloop
  endfacet
  facet normal 1 0 0
    outer loop
      vertex 12.4 7.5821825406948 2.9899999999999998
      vertex 12.4 9.137257 2.9996036954247134
      vertex 12.4 7.5821825406948 3.0000000000000004
    endloop
  endfacet
  facet normal 1 0 0
    outer loop
      vertex 12.4 7.5821825406948 2.9899999999999998
      vertex 12.4 9.12367532368147 2.9899999999999998
      vertex 12.4 9.137257 2.9996036954247134
    endloop
  endfacet
  facet normal 1 0 0
    outer loop
      vertex 12.4 7.5821825406948 3.0000000000000004
      vertex 12.4 9.137257 2.9996036954247134
      vertex 12.4 9.137257 3.0000000000000004
    endloop
  endfacet
  facet normal 0.7071067811865475 0.7071067811865475 0
    outer loop
      vertex 9.137257 12.4 2.9996036954247134
      vertex 9.137257000000002 12.399999999999999 3.0000000000000004
      vertex 12.4 9.137257 3.0000000000000004
    endloop
  endfacet
  facet normal 0.7071067811865476 0.7071067811865476 0
    outer loop
      vertex 9.137257 12.4 2.9996036954247134
      vertex 12.4 9.137257 3.0000000000000004
      vertex 12.4 9.137257 2.9996036954247134
    endloop
  endfacet
  facet normal -0.7071067811865476 -0.7071067811865476 0
    outer loop
      vertex 7.5821825406948 12.4 1.9000000000000008
      vertex 12.4 7.5821825406948 2.9899999999999998
      vertex 7.5821825406948 12.4 2.9899999999999998
    endloop
  endfacet
  facet normal -0.7071067811865476 -0.7071067811865476 0
    outer loop
      vertex 7.5821825406948 12.4 1.9000000000000008
      vertex 12.4 7.5821825406948 1.9000000000000008
      vertex 12.4 7.5821825406948 2.9899999999999998
    endloop
  endfacet
  facet normal 0.5000000000000004 0.5000000000000004 -0.707106781186547
    outer loop
      vertex 7.5821825406948 12.4 1.9000000000000008
      vertex 12.4 9.12367532368147 2.9899999999999998
      vertex 12.4 7.5821825406948 1.9000000000000008
    endloop
  endfacet
  facet normal 0.5000000000000003 0.5000000000000003 -0.707106781186547
    outer loop
      vertex 7.5821825406948 12.4 1.9000000000000008
      vertex 9.12367532368147 12.4 2.9899999999999998
      vertex 12.4 9.12367532368147 2.9899999999999998
    endloop
  endfacet
  facet normal 0.7071067811865476 -0.7071067811865476 0
    outer loop
      vertex -12.4 7.5821825406948 1.9000000000000008
      vertex -7.5821825406948 12.4 2.9899999999999998
      vertex -12.4 7.5821825406948 2.9899999999999998
    endloop
  endfacet
  facet normal -0.5000000000000004 0.5000000000000004 -0.707106781186547
    outer loop
      vertex -12.4 7.5821825406948 1.9000000000000008
      vertex -9.12367532368147 12.4 2.9899999999999998
      vertex -7.5821825406948 12.4 1.9000000000000008
    endloop
  endfacet
  facet normal -0.5000000000000003 0.5000000000000003 -0.707106781186547
    outer loop
      vertex -12.4 7.5821825406948 1.9000000000000008
      vertex -12.4 9.12367532368147 2.9899999999999998
      vertex -9.12367532368147 12.4 2.9899999999999998
    endloop
  endfacet
  facet normal 0.7071067811865476 -0.7071067811865476 0
    outer loop
      vertex -12.4 7.5821825406948 1.9000000000000008
      vertex -7.5821825406948 12.4 1.9000000000000008
      vertex -7.5821825406948 12.4 2.9899999999999998
    endloop
  endfacet
  facet normal -0.5000000000000003 -0.5000000000000003 -0.707106781186547
    outer loop
      vertex -12.4 -7.5821825406948 1.9000000000000008
      vertex -7.5821825406948 -12.4 1.9000000000000008
      vertex -12.4 -9.12367532368147 2.9899999999999998
    endloop
  endfacet
  facet normal -0.5000000000000003 -0.5000000000000003 -0.7071067811865471
    outer loop
      vertex -12.4 -9.12367532368147 2.9899999999999998
      vertex -7.5821825406948 -12.4 1.9000000000000008
      vertex -9.12367532368147 -12.4 2.9899999999999998
    endloop
  endfacet
  facet normal 0.7071067811865476 0.7071067811865476 0
    outer loop
      vertex -12.4 -7.5821825406948 1.9000000000000008
      vertex -12.4 -7.5821825406948 2.9899999999999998
      vertex -7.5821825406948 -12.4 1.9000000000000008
    endloop
  endfacet
  facet normal 0.7071067811865476 0.7071067811865476 0
    outer loop
      vertex -12.4 -7.5821825406948 2.9899999999999998
      vertex -7.5821825406948 -12.4 2.9899999999999998
      vertex -7.5821825406948 -12.4 1.9000000000000008
    endloop
  endfacet
  facet normal -0.7071067811865476 0.7071067811865476 0
    outer loop
      vertex 7.5821825406948 -12.4 1.9000000000000008
      vertex 7.5821825406948 -12.4 2.9899999999999998
      vertex 12.4 -7.5821825406948 1.9000000000000008
    endloop
  endfacet
  facet normal 0.5000000000000003 -0.5000000000000003 -0.707106781186547
    outer loop
      vertex 7.5821825406948 -12.4 1.9000000000000008
      vertex 12.4 -7.5821825406948 1.9000000000000008
      vertex 9.12367532368147 -12.4 2.9899999999999998
    endloop
  endfacet
  facet normal 0.5000000000000003 -0.5000000000000003 -0.7071067811865471
    outer loop
      vertex 9.12367532368147 -12.4 2.9899999999999998
      vertex 12.4 -7.5821825406948 1.9000000000000008
      vertex 12.4 -9.12367532368147 2.9899999999999998
    endloop
  endfacet
  facet normal -0.7071067811865476 0.7071067811865476 0
    outer loop
      vertex 7.5821825406948 -12.4 2.9899999999999998
      vertex 12.4 -7.5821825406948 2.9899999999999998
      vertex 12.4 -7.5821825406948 1.9000000000000008
    endloop
  endfacet
  facet normal -1 0 0
    outer loop
      vertex -5.5 -12.411170825010513 0.18999999999999995
      vertex -5.5 -12.411170825010513 0.20000000000000018
      vertex -5.5 -12.399999999527932 0.18999999999999995
    endloop
  endfacet
  facet normal -1 0 0
    outer loop
      vertex -5.5 -12.399999999527932 0.18999999999999995
      vertex -5.5 -12.411170825010513 0.20000000000000018
      vertex -5.5 -12.399999999527932 0.20000000000000018
    endloop
  endfacet
  facet normal -1 0 0
    outer loop
      vertex -5.5 -12.399999999527932 0.21499999929189695
      vertex -5.5 -12.411170825010513 0.23175623751577
      vertex -5.5 -12.411170825010513 1.9682437624842302
    endloop
  endfacet
  facet normal -1 0 0
    outer loop
      vertex -5.5 -12.399999999527932 0.21499999929189695
      vertex -5.5 -12.411170825010513 1.9682437624842302
      vertex -5.5 -12.399999999527932 1.9850000007081037
    endloop
  endfacet
  facet normal 0 0 -1
    outer loop
      vertex -5.473927038357819 -12.417511124744376 0.18999999999999995
      vertex 3.864189378098355 -12.741315824252187 0.18999999999999995
      vertex -5.297208594024313 -12.45898027892451 0.18999999999999995
    endloop
  endfacet
  facet normal 0 0 -1
    outer loop
      vertex -5.119909251074374 -12.499086455355178 0.18999999999999995
      vertex 3.864189378098355 -12.741315824252187 0.18999999999999995
      vertex -4.942048452378904 -12.537825255942186 0.18999999999999995
    endloop
  endfacet
  facet normal 0 0 -1
    outer loop
      vertex -5.297208594024313 -12.45898027892451 0.18999999999999995
      vertex 3.864189378098355 -12.741315824252187 0.18999999999999995
      vertex -5.119909251074374 -12.499086455355178 0.18999999999999995
    endloop
  endfacet
  facet normal 0 0 -1
    outer loop
      vertex -4.942048452378904 -12.537825255942186 0.18999999999999995
      vertex 3.864189378098355 -12.741315824252187 0.18999999999999995
      vertex -4.763645702378824 -12.575192432539499 0.18999999999999995
    endloop
  endfacet
  facet normal 0 0 -1
    outer loop
      vertex -4.763645702378824 -12.575192432539499 0.18999999999999995
      vertex 3.864189378098355 -12.741315824252187 0.18999999999999995
      vertex -4.5847205649460525 -12.611183887415116 0.18999999999999995
    endloop
  endfacet
  facet normal 0 0 -1
    outer loop
      vertex -5.5 -12.411170825010513 0.18999999999999995
      vertex -5.5 -12.399999999527932 0.18999999999999995
      vertex 5.5 -12.399999999527932 0.18999999999999995
    endloop
  endfacet
  facet normal 0 0 -1
    outer loop
      vertex -5.5 -12.411170825010513 0.18999999999999995
      vertex 5.5 -12.399999999527932 0.18999999999999995
      vertex -5.473927038357819 -12.417511124744376 0.18999999999999995
    endloop
  endfacet
  facet normal 0 0 -1
    outer loop
      vertex -4.5847205649460525 -12.611183887415116 0.18999999999999995
      vertex 3.864189378098355 -12.741315824252187 0.18999999999999995
      vertex -4.4052926612382315 -12.645795673700423 0.18999999999999995
    endloop
  endfacet
  facet normal 0 0 -1
    outer loop
      vertex -4.4052926612382315 -12.645795673700423 0.18999999999999995
      vertex 3.864189378098355 -12.741315824252187 0.18999999999999995
      vertex -4.225381667546985 -12.67902399582301 0.18999999999999995
    endloop
  endfacet
  facet normal 0 0 -1
    outer loop
      vertex -4.225381667546985 -12.67902399582301 0.18999999999999995
      vertex 3.864189378098355 -12.741315824252187 0.18999999999999995
      vertex -4.045007313140152 -12.710865209922915 0.18999999999999995
    endloop
  endfacet
  facet normal 0 0 -1
    outer loop
      vertex -4.045007313140152 -12.710865209922915 0.18999999999999995
      vertex 3.864189378098355 -12.741315824252187 0.18999999999999995
      vertex -3.864189378098362 -12.741315824252185 0.18999999999999995
    endloop
  endfacet
  facet normal 0 0 -1
    outer loop
      vertex -3.864189378098362 -12.741315824252185 0.18999999999999995
      vertex 3.682947691145789 -12.770372499557821 0.18999999999999995
      vertex -3.682947691145789 -12.770372499557821 0.18999999999999995
    endloop
  endfacet
  facet normal 0 0 -1
    outer loop
      vertex -3.682947691145789 -12.770372499557821 0.18999999999999995
      vertex 3.554050135132888 -12.790000000000001 0.18999999999999995
      vertex -3.5540501351328833 -12.790000000000001 0.18999999999999995
    endloop
  endfacet
  facet normal 0 -1 0
    outer loop
      vertex -3.5540501351328833 -12.790000000000001 0.18999999999999995
      vertex 3.554050135132888 -12.790000000000001 0.20000000000000018
      vertex -3.5540501351328833 -12.790000000000001 0.20000000000000018
    endloop
  endfacet
  facet normal 0 -1 0
    outer loop
      vertex -3.5540501351328833 -12.790000000000001 0.8000000000000003
      vertex 3.554050135132888 -12.790000000000001 1.4
      vertex -3.5540501351328833 -12.790000000000001 1.4
    endloop
  endfacet
  facet normal 0 0 -1
    outer loop
      vertex -3.682947691145789 -12.770372499557821 0.18999999999999995
      vertex 3.682947691145789 -12.770372499557821 0.18999999999999995
      vertex 3.554050135132888 -12.790000000000001 0.18999999999999995
    endloop
  endfacet
  facet normal 0 -1 0
    outer loop
      vertex -3.5540501351328833 -12.790000000000001 0.18999999999999995
      vertex 3.554050135132888 -12.790000000000001 0.18999999999999995
      vertex 3.554050135132888 -12.790000000000001 0.20000000000000018
    endloop
  endfacet
  facet normal 0 0 -1
    outer loop
      vertex -3.864189378098362 -12.741315824252185 0.18999999999999995
      vertex 3.864189378098355 -12.741315824252187 0.18999999999999995
      vertex 3.682947691145789 -12.770372499557821 0.18999999999999995
    endloop
  endfacet
  facet normal 0 0 -1
    outer loop
      vertex -5.473927038357819 -12.417511124744376 0.18999999999999995
      vertex 5.5 -12.399999999527932 0.18999999999999995
      vertex 3.864189378098355 -12.741315824252187 0.18999999999999995
    endloop
  endfacet
  facet normal 0 -1 0
    outer loop
      vertex -3.5540501351328833 -12.790000000000001 0.8000000000000003
      vertex 3.554050135132888 -12.790000000000001 0.8000000000000003
      vertex 3.554050135132888 -12.790000000000001 1.4
    endloop
  endfacet
  facet normal 0 0 -1
    outer loop
      vertex 3.864189378098355 -12.741315824252187 0.18999999999999995
      vertex 5.5 -12.399999999527932 0.18999999999999995
      vertex 4.045007313140156 -12.710865209922915 0.18999999999999995
    endloop
  endfacet
  facet normal 0 0 -1
    outer loop
      vertex 4.045007313140156 -12.710865209922915 0.18999999999999995
      vertex 5.5 -12.399999999527932 0.18999999999999995
      vertex 4.225381667546983 -12.67902399582301 0.18999999999999995
    endloop
  endfacet
  facet normal 0 0 -1
    outer loop
      vertex 4.225381667546983 -12.67902399582301 0.18999999999999995
      vertex 5.5 -12.399999999527932 0.18999999999999995
      vertex 4.405292661238239 -12.645795673700421 0.18999999999999995
    endloop
  endfacet
  facet normal 0 0 -1
    outer loop
      vertex 4.405292661238239 -12.645795673700421 0.18999999999999995
      vertex 5.5 -12.399999999527932 0.18999999999999995
      vertex 4.5847205649460525 -12.611183887415116 0.18999999999999995
    endloop
  endfacet
  facet normal 0 0 -1
    outer loop
      vertex 4.5847205649460525 -12.611183887415116 0.18999999999999995
      vertex 5.5 -12.399999999527932 0.18999999999999995
      vertex 4.763645702378817 -12.5751924325395 0.18999999999999995
    endloop
  endfacet
  facet normal 0 0 -1
    outer loop
      vertex 4.763645702378817 -12.5751924325395 0.18999999999999995
      vertex 5.5 -12.399999999527932 0.18999999999999995
      vertex 4.942048452378907 -12.537825255942185 0.18999999999999995
    endloop
  endfacet
  facet normal 0 0 -1
    outer loop
      vertex 4.942048452378907 -12.537825255942185 0.18999999999999995
      vertex 5.5 -12.399999999527932 0.18999999999999995
      vertex 5.119909251074371 -12.499086455355178 0.18999999999999995
    endloop
  endfacet
  facet normal 0 0 -1
    outer loop
      vertex 5.119909251074371 -12.499086455355178 0.18999999999999995
      vertex 5.5 -12.399999999527932 0.18999999999999995
      vertex 5.297208594024319 -12.458980278924509 0.18999999999999995
    endloop
  endfacet
  facet normal 0 0 -1
    outer loop
      vertex 5.297208594024319 -12.458980278924509 0.18999999999999995
      vertex 5.5 -12.399999999527932 0.18999999999999995
      vertex 5.473927038357819 -12.417511124744376 0.18999999999999995
    endloop
  endfacet
  facet normal 0 0 -1
    outer loop
      vertex 5.473927038357819 -12.417511124744376 0.18999999999999995
      vertex 5.5 -12.399999999527932 0.18999999999999995
      vertex 5.5 -12.411170825010513 0.18999999999999995
    endloop
  endfacet
  facet normal 1 0 0
    outer loop
      vertex 5.5 -12.411170825010513 0.18999999999999995
      vertex 5.5 -12.399999999527932 0.18999999999999995
      vertex 5.5 -12.399999999527932 0.20000000000000018
    endloop
  endfacet
  facet normal 1 0 0
    outer loop
      vertex 5.5 -12.411170825010513 0.18999999999999995
      vertex 5.5 -12.399999999527932 0.20000000000000018
      vertex 5.5 -12.411170825010513 0.20000000000000018
    endloop
  endfacet
  facet normal 1 0 0
    outer loop
      vertex 5.5 -12.399999999527932 0.21499999929189695
      vertex 5.5 -12.399999999527932 1.9850000007081037
      vertex 5.5 -12.411170825010513 0.23175623751577
    endloop
  endfacet
  facet normal 1 0 0
    outer loop
      vertex 5.5 -12.411170825010513 0.23175623751577
      vertex 5.5 -12.399999999527932 1.9850000007081037
      vertex 5.5 -12.411170825010513 1.9682437624842302
    endloop
  endfacet
  facet normal 0 -1 0
    outer loop
      vertex -12.411170825010513 -5.5 0.18999999999999995
      vertex -12.399999999527932 -5.5 0.18999999999999995
      vertex -12.399999999527932 -5.5 0.20000000000000018
    endloop
  endfacet
  facet normal 0 -1 0
    outer loop
      vertex -12.411170825010513 -5.5 0.18999999999999995
      vertex -12.399999999527932 -5.5 0.20000000000000018
      vertex -12.411170825010513 -5.5 0.20000000000000018
    endloop
  endfacet
  facet normal 0 0 -1
    outer loop
      vertex -12.411170825010513 -5.5 0.18999999999999995
      vertex -12.417511124744376 -5.473927038357819 0.18999999999999995
      vertex -12.399999999527932 -5.5 0.18999999999999995
    endloop
  endfacet
  facet normal 0 0 -1
    outer loop
      vertex -12.399999999527932 -5.5 0.18999999999999995
      vertex -12.417511124744376 -5.473927038357819 0.18999999999999995
      vertex -12.458980278924509 -5.297208594024319 0.18999999999999995
    endloop
  endfacet
  facet normal 0 0 -1
    outer loop
      vertex -12.399999999527932 -5.5 0.18999999999999995
      vertex -12.458980278924509 -5.297208594024319 0.18999999999999995
      vertex -12.499086455355178 -5.119909251074371 0.18999999999999995
    endloop
  endfacet
  facet normal 0 0 -1
    outer loop
      vertex -12.399999999527932 -5.5 0.18999999999999995
      vertex -12.537825255942185 -4.942048452378907 0.18999999999999995
      vertex -12.5751924325395 -4.763645702378817 0.18999999999999995
    endloop
  endfacet
  facet normal 0 0 -1
    outer loop
      vertex -12.399999999527932 -5.5 0.18999999999999995
      vertex -12.499086455355178 -5.119909251074371 0.18999999999999995
      vertex -12.537825255942185 -4.942048452378907 0.18999999999999995
    endloop
  endfacet
  facet normal 0 0 -1
    outer loop
      vertex -12.399999999527932 -5.5 0.18999999999999995
      vertex -12.5751924325395 -4.763645702378817 0.18999999999999995
      vertex -12.611183887415116 -4.5847205649460525 0.18999999999999995
    endloop
  endfacet
  facet normal 0 0 -1
    outer loop
      vertex -12.399999999527932 -5.5 0.18999999999999995
      vertex -12.611183887415116 -4.5847205649460525 0.18999999999999995
      vertex -12.645795673700421 -4.405292661238239 0.18999999999999995
    endloop
  endfacet
  facet normal 0 -1 0
    outer loop
      vertex -12.399999999527932 -5.5 0.21499999929189695
      vertex -12.399999999527932 -5.5 1.9850000007081037
      vertex -12.411170825010513 -5.5 0.23175623751577
    endloop
  endfacet
  facet normal 0 0 -1
    outer loop
      vertex -12.399999999527932 -5.5 0.18999999999999995
      vertex -12.67902399582301 -4.225381667546983 0.18999999999999995
      vertex -12.710865209922915 -4.045007313140156 0.18999999999999995
    endloop
  endfacet
  facet normal 0 0 -1
    outer loop
      vertex -12.399999999527932 -5.5 0.18999999999999995
      vertex -12.710865209922915 -4.045007313140156 0.18999999999999995
      vertex -12.741315824252187 -3.864189378098355 0.18999999999999995
    endloop
  endfacet
  facet normal 0 0 -1
    outer loop
      vertex -12.399999999527932 -5.5 0.18999999999999995
      vertex -12.645795673700421 -4.405292661238239 0.18999999999999995
      vertex -12.67902399582301 -4.225381667546983 0.18999999999999995
    endloop
  endfacet
  facet normal 0 -1 0
    outer loop
      vertex -12.411170825010513 -5.5 0.23175623751577
      vertex -12.399999999527932 -5.5 1.9850000007081037
      vertex -12.411170825010513 -5.5 1.9682437624842302
    endloop
  endfacet
  facet normal 0 0 -1
    outer loop
      vertex -12.741315824252187 -3.864189378098355 0.18999999999999995
      vertex -12.770372499557821 -3.682947691145789 0.18999999999999995
      vertex -12.741315824252185 3.864189378098362 0.18999999999999995
    endloop
  endfacet
  facet normal 0 0 -1
    outer loop
      vertex -12.399999999527932 -5.5 0.18999999999999995
      vertex -12.741315824252187 -3.864189378098355 0.18999999999999995
      vertex -12.417511124744376 5.473927038357819 0.18999999999999995
    endloop
  endfacet
  facet normal 0 0 -1
    outer loop
      vertex -12.770372499557821 -3.682947691145789 0.18999999999999995
      vertex -12.790000000000001 -3.554050135132888 0.18999999999999995
      vertex -12.770372499557821 3.682947691145789 0.18999999999999995
    endloop
  endfacet
  facet normal -1 0 0
    outer loop
      vertex -12.790000000000001 -3.554050135132888 0.18999999999999995
      vertex -12.790000000000001 -3.554050135132888 0.20000000000000018
      vertex -12.790000000000001 3.5540501351328833 0.18999999999999995
    endloop
  endfacet
  facet normal -1 0 0
    outer loop
      vertex -12.790000000000001 -3.554050135132888 0.8000000000000003
      vertex -12.790000000000001 -3.554050135132888 1.4
      vertex -12.790000000000001 3.5540501351328833 0.8000000000000003
    endloop
  endfacet
  facet normal -1 0 0
    outer loop
      vertex -12.790000000000001 -3.554050135132888 0.20000000000000018
      vertex -12.790000000000001 3.5540501351328833 0.20000000000000018
      vertex -12.790000000000001 3.5540501351328833 0.18999999999999995
    endloop
  endfacet
  facet normal 0 0 -1
    outer loop
      vertex -12.790000000000001 -3.554050135132888 0.18999999999999995
      vertex -12.790000000000001 3.5540501351328833 0.18999999999999995
      vertex -12.770372499557821 3.682947691145789 0.18999999999999995
    endloop
  endfacet
  facet normal 0 0 -1
    outer loop
      vertex -12.770372499557821 -3.682947691145789 0.18999999999999995
      vertex -12.770372499557821 3.682947691145789 0.18999999999999995
      vertex -12.741315824252185 3.864189378098362 0.18999999999999995
    endloop
  endfacet
  facet normal 0 0 -1
    outer loop
      vertex -12.741315824252187 -3.864189378098355 0.18999999999999995
      vertex -12.741315824252185 3.864189378098362 0.18999999999999995
      vertex -12.710865209922915 4.045007313140152 0.18999999999999995
    endloop
  endfacet
  facet normal 0 0 -1
    outer loop
      vertex -12.741315824252187 -3.864189378098355 0.18999999999999995
      vertex -12.710865209922915 4.045007313140152 0.18999999999999995
      vertex -12.67902399582301 4.225381667546985 0.18999999999999995
    endloop
  endfacet
  facet normal 0 0 -1
    outer loop
      vertex -12.741315824252187 -3.864189378098355 0.18999999999999995
      vertex -12.67902399582301 4.225381667546985 0.18999999999999995
      vertex -12.645795673700423 4.4052926612382315 0.18999999999999995
    endloop
  endfacet
  facet normal 0 0 -1
    outer loop
      vertex -12.741315824252187 -3.864189378098355 0.18999999999999995
      vertex -12.645795673700423 4.4052926612382315 0.18999999999999995
      vertex -12.611183887415116 4.5847205649460525 0.18999999999999995
    endloop
  endfacet
  facet normal 0 0 -1
    outer loop
      vertex -12.741315824252187 -3.864189378098355 0.18999999999999995
      vertex -12.611183887415116 4.5847205649460525 0.18999999999999995
      vertex -12.575192432539499 4.763645702378824 0.18999999999999995
    endloop
  endfacet
  facet normal 0 0 -1
    outer loop
      vertex -12.741315824252187 -3.864189378098355 0.18999999999999995
      vertex -12.575192432539499 4.763645702378824 0.18999999999999995
      vertex -12.537825255942186 4.942048452378904 0.18999999999999995
    endloop
  endfacet
  facet normal 0 0 -1
    outer loop
      vertex -12.399999999527932 -5.5 0.18999999999999995
      vertex -12.411170825010513 5.5 0.18999999999999995
      vertex -12.399999999527932 5.5 0.18999999999999995
    endloop
  endfacet
  facet normal 0 0 -1
    outer loop
      vertex -12.399999999527932 -5.5 0.18999999999999995
      vertex -12.417511124744376 5.473927038357819 0.18999999999999995
      vertex -12.411170825010513 5.5 0.18999999999999995
    endloop
  endfacet
  facet normal 0 0 -1
    outer loop
      vertex -12.741315824252187 -3.864189378098355 0.18999999999999995
      vertex -12.537825255942186 4.942048452378904 0.18999999999999995
      vertex -12.499086455355178 5.119909251074374 0.18999999999999995
    endloop
  endfacet
  facet normal 0 0 -1
    outer loop
      vertex -12.741315824252187 -3.864189378098355 0.18999999999999995
      vertex -12.499086455355178 5.119909251074374 0.18999999999999995
      vertex -12.45898027892451 5.297208594024313 0.18999999999999995
    endloop
  endfacet
  facet normal 0 0 -1
    outer loop
      vertex -12.741315824252187 -3.864189378098355 0.18999999999999995
      vertex -12.45898027892451 5.297208594024313 0.18999999999999995
      vertex -12.417511124744376 5.473927038357819 0.18999999999999995
    endloop
  endfacet
  facet normal -1 0 0
    outer loop
      vertex -12.790000000000001 -3.554050135132888 1.4
      vertex -12.790000000000001 3.5540501351328833 1.4
      vertex -12.790000000000001 3.5540501351328833 0.8000000000000003
    endloop
  endfacet
  facet normal 0 1 0
    outer loop
      vertex -12.411170825010513 5.5 0.18999999999999995
      vertex -12.411170825010513 5.5 0.20000000000000018
      vertex -12.399999999527932 5.5 0.18999999999999995
    endloop
  endfacet
  facet normal 0 1 0
    outer loop
      vertex -12.399999999527932 5.5 0.18999999999999995
      vertex -12.411170825010513 5.5 0.20000000000000018
      vertex -12.399999999527932 5.5 0.20000000000000018
    endloop
  endfacet
  facet normal 0 1 0
    outer loop
      vertex -12.399999999527932 5.5 0.21499999929189695
      vertex -12.411170825010513 5.5 0.23175623751577
      vertex -12.411170825010513 5.5 1.9682437624842302
    endloop
  endfacet
  facet normal 0 1 0
    outer loop
      vertex -12.399999999527932 5.5 0.21499999929189695
      vertex -12.411170825010513 5.5 1.9682437624842302
      vertex -12.399999999527932 5.5 1.9850000007081037
    endloop
  endfacet
  facet normal 0 -1 0
    outer loop
      vertex 12.411170825010513 -5.5 0.18999999999999995
      vertex 12.411170825010513 -5.5 0.20000000000000018
      vertex 12.399999999527932 -5.5 0.18999999999999995
    endloop
  endfacet
  facet normal 0 -1 0
    outer loop
      vertex 12.399999999527932 -5.5 0.18999999999999995
      vertex 12.411170825010513 -5.5 0.20000000000000018
      vertex 12.399999999527932 -5.5 0.20000000000000018
    endloop
  endfacet
  facet normal 0 -1 0
    outer loop
      vertex 12.399999999527932 -5.5 0.21499999929189695
      vertex 12.411170825010513 -5.5 0.23175623751577
      vertex 12.411170825010513 -5.5 1.9682437624842302
    endloop
  endfacet
  facet normal 0 -1 0
    outer loop
      vertex 12.399999999527932 -5.5 0.21499999929189695
      vertex 12.411170825010513 -5.5 1.9682437624842302
      vertex 12.399999999527932 -5.5 1.9850000007081037
    endloop
  endfacet
  facet normal 0 0 -1
    outer loop
      vertex 12.417511124744376 -5.473927038357819 0.18999999999999995
      vertex 12.741315824252187 3.864189378098355 0.18999999999999995
      vertex 12.45898027892451 -5.297208594024313 0.18999999999999995
    endloop
  endfacet
  facet normal 0 0 -1
    outer loop
      vertex 12.45898027892451 -5.297208594024313 0.18999999999999995
      vertex 12.741315824252187 3.864189378098355 0.18999999999999995
      vertex 12.499086455355178 -5.119909251074374 0.18999999999999995
    endloop
  endfacet
  facet normal 0 0 -1
    outer loop
      vertex 12.499086455355178 -5.119909251074374 0.18999999999999995
      vertex 12.741315824252187 3.864189378098355 0.18999999999999995
      vertex 12.537825255942186 -4.942048452378904 0.18999999999999995
    endloop
  endfacet
  facet normal 0 0 -1
    outer loop
      vertex 12.411170825010513 -5.5 0.18999999999999995
      vertex 12.399999999527932 -5.5 0.18999999999999995
      vertex 12.399999999527932 5.5 0.18999999999999995
    endloop
  endfacet
  facet normal 0 0 -1
    outer loop
      vertex 12.411170825010513 -5.5 0.18999999999999995
      vertex 12.399999999527932 5.5 0.18999999999999995
      vertex 12.417511124744376 -5.473927038357819 0.18999999999999995
    endloop
  endfacet
  facet normal 0 0 -1
    outer loop
      vertex 12.537825255942186 -4.942048452378904 0.18999999999999995
      vertex 12.741315824252187 3.864189378098355 0.18999999999999995
      vertex 12.575192432539499 -4.763645702378824 0.18999999999999995
    endloop
  endfacet
  facet normal 0 0 -1
    outer loop
      vertex 12.575192432539499 -4.763645702378824 0.18999999999999995
      vertex 12.741315824252187 3.864189378098355 0.18999999999999995
      vertex 12.611183887415116 -4.5847205649460525 0.18999999999999995
    endloop
  endfacet
  facet normal 0 0 -1
    outer loop
      vertex 12.611183887415116 -4.5847205649460525 0.18999999999999995
      vertex 12.741315824252187 3.864189378098355 0.18999999999999995
      vertex 12.645795673700423 -4.4052926612382315 0.18999999999999995
    endloop
  endfacet
  facet normal 0 0 -1
    outer loop
      vertex 12.645795673700423 -4.4052926612382315 0.18999999999999995
      vertex 12.741315824252187 3.864189378098355 0.18999999999999995
      vertex 12.67902399582301 -4.225381667546985 0.18999999999999995
    endloop
  endfacet
  facet normal 0 0 -1
    outer loop
      vertex 12.67902399582301 -4.225381667546985 0.18999999999999995
      vertex 12.741315824252187 3.864189378098355 0.18999999999999995
      vertex 12.710865209922915 -4.045007313140152 0.18999999999999995
    endloop
  endfacet
  facet normal 0 0 -1
    outer loop
      vertex 12.710865209922915 -4.045007313140152 0.18999999999999995
      vertex 12.741315824252187 3.864189378098355 0.18999999999999995
      vertex 12.741315824252185 -3.864189378098362 0.18999999999999995
    endloop
  endfacet
  facet normal 0 0 -1
    outer loop
      vertex 12.741315824252185 -3.864189378098362 0.18999999999999995
      vertex 12.770372499557821 3.682947691145789 0.18999999999999995
      vertex 12.770372499557821 -3.682947691145789 0.18999999999999995
    endloop
  endfacet
  facet normal 0 0 -1
    outer loop
      vertex 12.770372499557821 -3.682947691145789 0.18999999999999995
      vertex 12.790000000000001 3.554050135132888 0.18999999999999995
      vertex 12.790000000000001 -3.5540501351328833 0.18999999999999995
    endloop
  endfacet
  facet normal 1 0 0
    outer loop
      vertex 12.790000000000001 -3.5540501351328833 0.18999999999999995
      vertex 12.790000000000001 3.554050135132888 0.20000000000000018
      vertex 12.790000000000001 -3.5540501351328833 0.20000000000000018
    endloop
  endfacet
  facet normal 1 0 0
    outer loop
      vertex 12.790000000000001 -3.5540501351328833 0.8000000000000003
      vertex 12.790000000000001 3.554050135132888 1.4
      vertex 12.790000000000001 -3.5540501351328833 1.4
    endloop
  endfacet
  facet normal 0 0 -1
    outer loop
      vertex 12.770372499557821 -3.682947691145789 0.18999999999999995
      vertex 12.770372499557821 3.682947691145789 0.18999999999999995
      vertex 12.790000000000001 3.554050135132888 0.18999999999999995
    endloop
  endfacet
  facet normal 1 0 0
    outer loop
      vertex 12.790000000000001 -3.5540501351328833 0.18999999999999995
      vertex 12.790000000000001 3.554050135132888 0.18999999999999995
      vertex 12.790000000000001 3.554050135132888 0.20000000000000018
    endloop
  endfacet
  facet normal 0 0 -1
    outer loop
      vertex 12.417511124744376 -5.473927038357819 0.18999999999999995
      vertex 12.399999999527932 5.5 0.18999999999999995
      vertex 12.741315824252187 3.864189378098355 0.18999999999999995
    endloop
  endfacet
  facet normal 0 0 -1
    outer loop
      vertex 12.741315824252185 -3.864189378098362 0.18999999999999995
      vertex 12.741315824252187 3.864189378098355 0.18999999999999995
      vertex 12.770372499557821 3.682947691145789 0.18999999999999995
    endloop
  endfacet
  facet normal 1 0 0
    outer loop
      vertex 12.790000000000001 -3.5540501351328833 0.8000000000000003
      vertex 12.790000000000001 3.554050135132888 0.8000000000000003
      vertex 12.790000000000001 3.554050135132888 1.4
    endloop
  endfacet
  facet normal 0 0 -1
    outer loop
      vertex 12.67902399582301 4.225381667546983 0.18999999999999995
      vertex 12.399999999527932 5.5 0.18999999999999995
      vertex 12.645795673700421 4.405292661238239 0.18999999999999995
    endloop
  endfacet
  facet normal 0 0 -1
    outer loop
      vertex 12.741315824252187 3.864189378098355 0.18999999999999995
      vertex 12.399999999527932 5.5 0.18999999999999995
      vertex 12.710865209922915 4.045007313140156 0.18999999999999995
    endloop
  endfacet
  facet normal 0 0 -1
    outer loop
      vertex 12.710865209922915 4.045007313140156 0.18999999999999995
      vertex 12.399999999527932 5.5 0.18999999999999995
      vertex 12.67902399582301 4.225381667546983 0.18999999999999995
    endloop
  endfacet
  facet normal 0 0 -1
    outer loop
      vertex 12.645795673700421 4.405292661238239 0.18999999999999995
      vertex 12.399999999527932 5.5 0.18999999999999995
      vertex 12.611183887415116 4.5847205649460525 0.18999999999999995
    endloop
  endfacet
  facet normal 0 0 -1
    outer loop
      vertex 12.5751924325395 4.763645702378817 0.18999999999999995
      vertex 12.611183887415116 4.5847205649460525 0.18999999999999995
      vertex 12.399999999527932 5.5 0.18999999999999995
    endloop
  endfacet
  facet normal 0 0 -1
    outer loop
      vertex 12.537825255942185 4.942048452378907 0.18999999999999995
      vertex 12.399999999527932 5.5 0.18999999999999995
      vertex 12.499086455355178 5.119909251074371 0.18999999999999995
    endloop
  endfacet
  facet normal 0 0 -1
    outer loop
      vertex 12.5751924325395 4.763645702378817 0.18999999999999995
      vertex 12.399999999527932 5.5 0.18999999999999995
      vertex 12.537825255942185 4.942048452378907 0.18999999999999995
    endloop
  endfacet
  facet normal 0 0 -1
    outer loop
      vertex 12.499086455355178 5.119909251074371 0.18999999999999995
      vertex 12.399999999527932 5.5 0.18999999999999995
      vertex 12.458980278924509 5.297208594024319 0.18999999999999995
    endloop
  endfacet
  facet normal 0 0 -1
    outer loop
      vertex 12.458980278924509 5.297208594024319 0.18999999999999995
      vertex 12.399999999527932 5.5 0.18999999999999995
      vertex 12.417511124744376 5.473927038357819 0.18999999999999995
    endloop
  endfacet
  facet normal 0 0 -1
    outer loop
      vertex 12.417511124744376 5.473927038357819 0.18999999999999995
      vertex 12.399999999527932 5.5 0.18999999999999995
      vertex 12.411170825010513 5.5 0.18999999999999995
    endloop
  endfacet
  facet normal 0 1 0
    outer loop
      vertex 12.411170825010513 5.5 0.18999999999999995
      vertex 12.399999999527932 5.5 0.18999999999999995
      vertex 12.399999999527932 5.5 0.20000000000000018
    endloop
  endfacet
  facet normal 0 1 0
    outer loop
      vertex 12.411170825010513 5.5 0.18999999999999995
      vertex 12.399999999527932 5.5 0.20000000000000018
      vertex 12.411170825010513 5.5 0.20000000000000018
    endloop
  endfacet
  facet normal 0 1 0
    outer loop
      vertex 12.399999999527932 5.5 0.21499999929189695
      vertex 12.399999999527932 5.5 1.9850000007081037
      vertex 12.411170825010513 5.5 0.23175623751577
    endloop
  endfacet
  facet normal 0 1 0
    outer loop
      vertex 12.411170825010513 5.5 0.23175623751577
      vertex 12.399999999527932 5.5 1.9850000007081037
      vertex 12.411170825010513 5.5 1.9682437624842302
    endloop
  endfacet
  facet normal -1 0 0
    outer loop
      vertex -5.5 12.411170825010513 0.18999999999999995
      vertex -5.5 12.399999999527932 0.18999999999999995
      vertex -5.5 12.399999999527932 0.20000000000000018
    endloop
  endfacet
  facet normal -1 0 0
    outer loop
      vertex -5.5 12.411170825010513 0.18999999999999995
      vertex -5.5 12.399999999527932 0.20000000000000018
      vertex -5.5 12.411170825010513 0.20000000000000018
    endloop
  endfacet
  facet normal 0 0 -1
    outer loop
      vertex -5.5 12.411170825010513 0.18999999999999995
      vertex -5.473927038357819 12.417511124744376 0.18999999999999995
      vertex -5.5 12.399999999527932 0.18999999999999995
    endloop
  endfacet
  facet normal 0 0 -1
    outer loop
      vertex -5.5 12.399999999527932 0.18999999999999995
      vertex -5.473927038357819 12.417511124744376 0.18999999999999995
      vertex -5.297208594024319 12.458980278924509 0.18999999999999995
    endloop
  endfacet
  facet normal 0 0 -1
    outer loop
      vertex -5.5 12.399999999527932 0.18999999999999995
      vertex -5.297208594024319 12.458980278924509 0.18999999999999995
      vertex -5.119909251074371 12.499086455355178 0.18999999999999995
    endloop
  endfacet
  facet normal 0 0 -1
    outer loop
      vertex -5.5 12.399999999527932 0.18999999999999995
      vertex -5.119909251074371 12.499086455355178 0.18999999999999995
      vertex -4.942048452378907 12.537825255942185 0.18999999999999995
    endloop
  endfacet
  facet normal 0 0 -1
    outer loop
      vertex -5.5 12.399999999527932 0.18999999999999995
      vertex -4.942048452378907 12.537825255942185 0.18999999999999995
      vertex -4.763645702378817 12.5751924325395 0.18999999999999995
    endloop
  endfacet
  facet normal 0 0 -1
    outer loop
      vertex -5.5 12.399999999527932 0.18999999999999995
      vertex -4.763645702378817 12.5751924325395 0.18999999999999995
      vertex -4.5847205649460525 12.611183887415116 0.18999999999999995
    endloop
  endfacet
  facet normal 0 0 -1
    outer loop
      vertex -5.5 12.399999999527932 0.18999999999999995
      vertex -4.5847205649460525 12.611183887415116 0.18999999999999995
      vertex -4.405292661238239 12.645795673700421 0.18999999999999995
    endloop
  endfacet
  facet normal -1 0 0
    outer loop
      vertex -5.5 12.399999999527932 0.21499999929189695
      vertex -5.5 12.399999999527932 1.9850000007081037
      vertex -5.5 12.411170825010513 0.23175623751577
    endloop
  endfacet
  facet normal 0 0 -1
    outer loop
      vertex -5.5 12.399999999527932 0.18999999999999995
      vertex -4.405292661238239 12.645795673700421 0.18999999999999995
      vertex -4.225381667546983 12.67902399582301 0.18999999999999995
    endloop
  endfacet
  facet normal 0 0 -1
    outer loop
      vertex -5.5 12.399999999527932 0.18999999999999995
      vertex -4.225381667546983 12.67902399582301 0.18999999999999995
      vertex -4.045007313140156 12.710865209922915 0.18999999999999995
    endloop
  endfacet
  facet normal 0 0 -1
    outer loop
      vertex -5.5 12.399999999527932 0.18999999999999995
      vertex -4.045007313140156 12.710865209922915 0.18999999999999995
      vertex -3.864189378098355 12.741315824252187 0.18999999999999995
    endloop
  endfacet
  facet normal -1 0 0
    outer loop
      vertex -5.5 12.411170825010513 0.23175623751577
      vertex -5.5 12.399999999527932 1.9850000007081037
      vertex -5.5 12.411170825010513 1.9682437624842302
    endloop
  endfacet
  facet normal 0 0 -1
    outer loop
      vertex -5.5 12.399999999527932 0.18999999999999995
      vertex -3.864189378098355 12.741315824252187 0.18999999999999995
      vertex 5.473927038357819 12.417511124744376 0.18999999999999995
    endloop
  endfacet
  facet normal 0 0 -1
    outer loop
      vertex -3.864189378098355 12.741315824252187 0.18999999999999995
      vertex -3.682947691145789 12.770372499557821 0.18999999999999995
      vertex 3.864189378098362 12.741315824252185 0.18999999999999995
    endloop
  endfacet
  facet normal 0 0 -1
    outer loop
      vertex -3.682947691145789 12.770372499557821 0.18999999999999995
      vertex -3.554050135132888 12.790000000000001 0.18999999999999995
      vertex 3.682947691145789 12.770372499557821 0.18999999999999995
    endloop
  endfacet
  facet normal 0 1 0
    outer loop
      vertex -3.554050135132888 12.790000000000001 0.18999999999999995
      vertex -3.554050135132888 12.790000000000001 0.20000000000000018
      vertex 3.5540501351328833 12.790000000000001 0.18999999999999995
    endloop
  endfacet
  facet normal 0 1 0
    outer loop
      vertex -3.554050135132888 12.790000000000001 0.8000000000000003
      vertex -3.554050135132888 12.790000000000001 1.4
      vertex 3.5540501351328833 12.790000000000001 0.8000000000000003
    endloop
  endfacet
  facet normal 0 1 0
    outer loop
      vertex -3.554050135132888 12.790000000000001 0.20000000000000018
      vertex 3.5540501351328833 12.790000000000001 0.20000000000000018
      vertex 3.5540501351328833 12.790000000000001 0.18999999999999995
    endloop
  endfacet
  facet normal 0 0 -1
    outer loop
      vertex -3.554050135132888 12.790000000000001 0.18999999999999995
      vertex 3.5540501351328833 12.790000000000001 0.18999999999999995
      vertex 3.682947691145789 12.770372499557821 0.18999999999999995
    endloop
  endfacet
  facet normal 0 0 -1
    outer loop
      vertex -3.682947691145789 12.770372499557821 0.18999999999999995
      vertex 3.682947691145789 12.770372499557821 0.18999999999999995
      vertex 3.864189378098362 12.741315824252185 0.18999999999999995
    endloop
  endfacet
  facet normal 0 0 -1
    outer loop
      vertex -3.864189378098355 12.741315824252187 0.18999999999999995
      vertex 3.864189378098362 12.741315824252185 0.18999999999999995
      vertex 4.045007313140152 12.710865209922915 0.18999999999999995
    endloop
  endfacet
  facet normal 0 0 -1
    outer loop
      vertex -3.864189378098355 12.741315824252187 0.18999999999999995
      vertex 4.045007313140152 12.710865209922915 0.18999999999999995
      vertex 4.225381667546985 12.67902399582301 0.18999999999999995
    endloop
  endfacet
  facet normal 0 0 -1
    outer loop
      vertex -3.864189378098355 12.741315824252187 0.18999999999999995
      vertex 4.225381667546985 12.67902399582301 0.18999999999999995
      vertex 4.4052926612382315 12.645795673700423 0.18999999999999995
    endloop
  endfacet
  facet normal 0 0 -1
    outer loop
      vertex -3.864189378098355 12.741315824252187 0.18999999999999995
      vertex 4.4052926612382315 12.645795673700423 0.18999999999999995
      vertex 4.5847205649460525 12.611183887415116 0.18999999999999995
    endloop
  endfacet
  facet normal 0 0 -1
    outer loop
      vertex -5.5 12.399999999527932 0.18999999999999995
      vertex 5.5 12.411170825010513 0.18999999999999995
      vertex 5.5 12.399999999527932 0.18999999999999995
    endloop
  endfacet
  facet normal 0 0 -1
    outer loop
      vertex -5.5 12.399999999527932 0.18999999999999995
      vertex 5.473927038357819 12.417511124744376 0.18999999999999995
      vertex 5.5 12.411170825010513 0.18999999999999995
    endloop
  endfacet
  facet normal 0 0 -1
    outer loop
      vertex -3.864189378098355 12.741315824252187 0.18999999999999995
      vertex 4.5847205649460525 12.611183887415116 0.18999999999999995
      vertex 4.763645702378824 12.575192432539499 0.18999999999999995
    endloop
  endfacet
  facet normal 0 0 -1
    outer loop
      vertex -3.864189378098355 12.741315824252187 0.18999999999999995
      vertex 4.763645702378824 12.575192432539499 0.18999999999999995
      vertex 4.942048452378904 12.537825255942186 0.18999999999999995
    endloop
  endfacet
  facet normal 0 0 -1
    outer loop
      vertex -3.864189378098355 12.741315824252187 0.18999999999999995
      vertex 5.119909251074374 12.499086455355178 0.18999999999999995
      vertex 5.297208594024313 12.45898027892451 0.18999999999999995
    endloop
  endfacet
  facet normal 0 0 -1
    outer loop
      vertex -3.864189378098355 12.741315824252187 0.18999999999999995
      vertex 4.942048452378904 12.537825255942186 0.18999999999999995
      vertex 5.119909251074374 12.499086455355178 0.18999999999999995
    endloop
  endfacet
  facet normal 0 0 -1
    outer loop
      vertex -3.864189378098355 12.741315824252187 0.18999999999999995
      vertex 5.297208594024313 12.45898027892451 0.18999999999999995
      vertex 5.473927038357819 12.417511124744376 0.18999999999999995
    endloop
  endfacet
  facet normal 0 1 0
    outer loop
      vertex -3.554050135132888 12.790000000000001 1.4
      vertex 3.5540501351328833 12.790000000000001 1.4
      vertex 3.5540501351328833 12.790000000000001 0.8000000000000003
    endloop
  endfacet
  facet normal 1 0 0
    outer loop
      vertex 5.5 12.411170825010513 0.18999999999999995
      vertex 5.5 12.411170825010513 0.20000000000000018
      vertex 5.5 12.399999999527932 0.18999999999999995
    endloop
  endfacet
  facet normal 1 0 0
    outer loop
      vertex 5.5 12.399999999527932 0.18999999999999995
      vertex 5.5 12.411170825010513 0.20000000000000018
      vertex 5.5 12.399999999527932 0.20000000000000018
    endloop
  endfacet
  facet normal 1 0 0
    outer loop
      vertex 5.5 12.399999999527932 0.21499999929189695
      vertex 5.5 12.411170825010513 0.23175623751577
      vertex 5.5 12.411170825010513 1.9682437624842302
    endloop
  endfacet
  facet normal 1 0 0
    outer loop
      vertex 5.5 12.399999999527932 0.21499999929189695
      vertex 5.5 12.411170825010513 1.9682437624842302
      vertex 5.5 12.399999999527932 1.9850000007081037
    endloop
  endfacet
  facet normal -1.5702765644600504e-14 -0.8320502943378664 0.5547001962251953
    outer loop
      vertex -4.225381667546985 -12.67902399582301 1.5664640062654844
      vertex -4.045007313140152 -12.710865209922915 1.5187021851156293
      vertex -5.5 -12.399999999527932 1.9850000007081037
    endloop
  endfacet
  facet normal 1.2852022179288033e-14 -0.832050294337825 0.5547001962252571
    outer loop
      vertex -4.045007313140152 -12.710865209922915 1.5187021851156293
      vertex -3.864189378098362 -12.741315824252185 1.473026263621723
      vertex -5.5 -12.399999999527932 1.9850000007081037
    endloop
  endfacet
  facet normal -6.37485246560467e-17 -0.8320502943378438 0.5547001962252289
    outer loop
      vertex -3.864189378098362 -12.741315824252185 1.473026263621723
      vertex -3.682947691145789 -12.770372499557821 1.429441250663269
      vertex 3.864189378098355 -12.741315824252187 1.4730262636217213
    endloop
  endfacet
  facet normal 0 -0.832050294337836 0.5547001962252407
    outer loop
      vertex -3.682947691145789 -12.770372499557821 1.429441250663269
      vertex -3.5540501351328833 -12.790000000000001 1.4
      vertex 3.682947691145789 -12.770372499557821 1.429441250663269
    endloop
  endfacet
  facet normal 1.2525127389459004e-14 -0.8320502943378303 0.5547001962252491
    outer loop
      vertex -5.297208594024313 -12.45898027892451 1.8965295816132355
      vertex -5.119909251074374 -12.499086455355178 1.8363703169672339
      vertex -5.5 -12.399999999527932 1.9850000007081037
    endloop
  endfacet
  facet normal 0 -0.8320502943378437 0.5547001962252291
    outer loop
      vertex -4.5847205649460525 -12.611183887415116 1.6682241688773272
      vertex -5.5 -12.399999999527932 1.9850000007081037
      vertex -4.763645702378824 -12.575192432539499 1.722211351190753
    endloop
  endfacet
  facet normal 0 -0.8320502943378437 0.5547001962252291
    outer loop
      vertex -4.4052926612382315 -12.645795673700423 1.6163064894493666
      vertex -5.5 -12.399999999527932 1.9850000007081037
      vertex -4.5847205649460525 -12.611183887415116 1.6682241688773272
    endloop
  endfacet
  facet normal -2.3159927936874034e-14 -0.8320502943378737 0.5547001962251843
    outer loop
      vertex -4.942048452378904 -12.537825255942186 1.778262116086721
      vertex -4.763645702378824 -12.575192432539499 1.722211351190753
      vertex -5.5 -12.399999999527932 1.9850000007081037
    endloop
  endfacet
  facet normal -6.637735706281457e-15 -0.8320502943378529 0.5547001962252152
    outer loop
      vertex -4.942048452378904 -12.537825255942186 1.778262116086721
      vertex -5.5 -12.399999999527932 1.9850000007081037
      vertex -5.119909251074374 -12.499086455355178 1.8363703169672339
    endloop
  endfacet
  facet normal 0 -0.8320502943378437 0.5547001962252289
    outer loop
      vertex -5.297208594024313 -12.45898027892451 1.8965295816132355
      vertex -5.5 -12.399999999527932 1.9850000007081037
      vertex -5.473927038357819 -12.417511124744376 1.9587333128834374
    endloop
  endfacet
  facet normal -2.957927946020716e-14 -0.8320502943378573 0.5547001962252088
    outer loop
      vertex -5.473927038357819 -12.417511124744376 1.9587333128834374
      vertex -5.5 -12.399999999527932 1.9850000007081037
      vertex -5.5 -12.411170825010513 1.9682437624842302
    endloop
  endfacet
  facet normal 1.545281916364662e-14 -0.8320502943378224 0.5547001962252609
    outer loop
      vertex -4.4052926612382315 -12.645795673700423 1.6163064894493666
      vertex -4.225381667546985 -12.67902399582301 1.5664640062654844
      vertex -5.5 -12.399999999527932 1.9850000007081037
    endloop
  endfacet
  facet normal 4.5328468268226473e-17 -0.832050294337844 0.5547001962252286
    outer loop
      vertex -3.864189378098362 -12.741315824252185 1.473026263621723
      vertex 5.5 -12.411170825010513 1.9682437624842302
      vertex -5.5 -12.399999999527932 1.9850000007081037
    endloop
  endfacet
  facet normal 0 -0.832050294337836 0.5547001962252408
    outer loop
      vertex -3.5540501351328833 -12.790000000000001 1.4
      vertex 3.554050135132888 -12.790000000000001 1.4
      vertex 3.682947691145789 -12.770372499557821 1.429441250663269
    endloop
  endfacet
  facet normal 0 -0.8320502943378488 0.5547001962252213
    outer loop
      vertex -3.682947691145789 -12.770372499557821 1.429441250663269
      vertex 3.682947691145789 -12.770372499557821 1.429441250663269
      vertex 3.864189378098355 -12.741315824252187 1.4730262636217213
    endloop
  endfacet
  facet normal -6.374852465604656e-17 -0.8320502943378436 0.5547001962252293
    outer loop
      vertex -3.864189378098362 -12.741315824252185 1.473026263621723
      vertex 3.864189378098355 -12.741315824252187 1.4730262636217213
      vertex 4.045007313140156 -12.710865209922915 1.5187021851156293
    endloop
  endfacet
  facet normal -1.249951574914013e-16 -0.8320502943378387 0.5547001962252366
    outer loop
      vertex -3.864189378098362 -12.741315824252185 1.473026263621723
      vertex 4.045007313140156 -12.710865209922915 1.5187021851156293
      vertex 4.225381667546983 -12.67902399582301 1.5664640062654844
    endloop
  endfacet
  facet normal 0 -0.8320502943378436 0.5547001962252291
    outer loop
      vertex -3.864189378098362 -12.741315824252185 1.473026263621723
      vertex 4.225381667546983 -12.67902399582301 1.5664640062654844
      vertex 4.405292661238239 -12.645795673700421 1.6163064894493684
    endloop
  endfacet
  facet normal 1.7880226720291326e-16 -0.8320502943378483 0.5547001962252223
    outer loop
      vertex -3.864189378098362 -12.741315824252185 1.473026263621723
      vertex 4.405292661238239 -12.645795673700421 1.6163064894493684
      vertex 4.5847205649460525 -12.611183887415116 1.6682241688773272
    endloop
  endfacet
  facet normal -2.878481947095443e-16 -0.8320502943378391 0.5547001962252358
    outer loop
      vertex -3.864189378098362 -12.741315824252185 1.473026263621723
      vertex 4.5847205649460525 -12.611183887415116 1.6682241688773272
      vertex 4.763645702378817 -12.5751924325395 1.7222113511907495
    endloop
  endfacet
  facet normal 2.892398144342246e-16 -0.832050294337848 0.5547001962252224
    outer loop
      vertex -3.864189378098362 -12.741315824252185 1.473026263621723
      vertex 4.763645702378817 -12.5751924325395 1.7222113511907495
      vertex 4.942048452378907 -12.537825255942185 1.7782621160867245
    endloop
  endfacet
  facet normal -4.0389620283894613e-16 -0.8320502943378391 0.5547001962252363
    outer loop
      vertex -3.864189378098362 -12.741315824252185 1.473026263621723
      vertex 4.942048452378907 -12.537825255942185 1.7782621160867245
      vertex 5.119909251074371 -12.499086455355178 1.8363703169672339
    endloop
  endfacet
  facet normal 0 -0.8320502943378436 0.5547001962252294
    outer loop
      vertex -3.864189378098362 -12.741315824252185 1.473026263621723
      vertex 5.119909251074371 -12.499086455355178 1.8363703169672339
      vertex 5.297208594024319 -12.458980278924509 1.8965295816132373
    endloop
  endfacet
  facet normal 4.1986415421097425e-16 -0.8320502943378478 0.5547001962252229
    outer loop
      vertex -3.864189378098362 -12.741315824252185 1.473026263621723
      vertex 5.297208594024319 -12.458980278924509 1.8965295816132373
      vertex 5.473927038357819 -12.417511124744376 1.9587333128834374
    endloop
  endfacet
  facet normal -3.336154706056768e-15 -0.8320502943378162 0.5547001962252707
    outer loop
      vertex -3.864189378098362 -12.741315824252185 1.473026263621723
      vertex 5.473927038357819 -12.417511124744376 1.9587333128834374
      vertex 5.5 -12.411170825010513 1.9682437624842302
    endloop
  endfacet
  facet normal 0 -0.8320502943378572 0.5547001962252087
    outer loop
      vertex -5.5 -12.399999999527932 1.9850000007081037
      vertex 5.5 -12.411170825010513 1.9682437624842302
      vertex 5.5 -12.399999999527932 1.9850000007081037
    endloop
  endfacet
  facet normal -0.8320502943378392 3.9127444650022864e-16 0.5547001962252358
    outer loop
      vertex -12.537825255942185 -4.942048452378907 1.7782621160867245
      vertex -12.499086455355178 -5.119909251074371 1.8363703169672339
      vertex -12.741315824252185 3.864189378098362 1.473026263621723
    endloop
  endfacet
  facet normal -0.8320502943378483 -1.7343819918682595e-16 0.5547001962252222
    outer loop
      vertex -12.645795673700421 -4.405292661238239 1.6163064894493684
      vertex -12.611183887415116 -4.5847205649460525 1.6682241688773272
      vertex -12.741315824252185 3.864189378098362 1.473026263621723
    endloop
  endfacet
  facet normal -0.832050294337839 2.9127495893227676e-16 0.554700196225236
    outer loop
      vertex -12.611183887415116 -4.5847205649460525 1.6682241688773272
      vertex -12.5751924325395 -4.763645702378817 1.7222113511907495
      vertex -12.741315824252185 3.864189378098362 1.473026263621723
    endloop
  endfacet
  facet normal -0.8320502943378482 -2.793793662148764e-16 0.5547001962252225
    outer loop
      vertex -12.537825255942185 -4.942048452378907 1.7782621160867245
      vertex -12.741315824252185 3.864189378098362 1.473026263621723
      vertex -12.5751924325395 -4.763645702378817 1.7222113511907495
    endloop
  endfacet
  facet normal -0.832050294337836 0 0.5547001962252408
    outer loop
      vertex -12.770372499557821 -3.682947691145789 1.429441250663269
      vertex -12.790000000000001 3.5540501351328833 1.4
      vertex -12.790000000000001 -3.554050135132888 1.4
    endloop
  endfacet
  facet normal -0.8320502943378489 0 0.5547001962252212
    outer loop
      vertex -12.741315824252187 -3.864189378098355 1.4730262636217213
      vertex -12.770372499557821 3.682947691145789 1.429441250663269
      vertex -12.770372499557821 -3.682947691145789 1.429441250663269
    endloop
  endfacet
  facet normal -0.8320502943378386 1.2401863282349974e-16 0.5547001962252366
    outer loop
      vertex -12.67902399582301 -4.225381667546983 1.5664640062654844
      vertex -12.741315824252185 3.864189378098362 1.473026263621723
      vertex -12.710865209922915 -4.045007313140156 1.5187021851156293
    endloop
  endfacet
  facet normal -0.8320502943378437 0 0.554700196225229
    outer loop
      vertex -12.645795673700421 -4.405292661238239 1.6163064894493684
      vertex -12.741315824252185 3.864189378098362 1.473026263621723
      vertex -12.67902399582301 -4.225381667546983 1.5664640062654844
    endloop
  endfacet
  facet normal -0.8320502943378436 6.388871372208212e-17 0.5547001962252293
    outer loop
      vertex -12.710865209922915 -4.045007313140156 1.5187021851156293
      vertex -12.741315824252185 3.864189378098362 1.473026263621723
      vertex -12.741315824252187 -3.864189378098355 1.4730262636217213
    endloop
  endfacet
  facet normal -0.8320502943378479 -4.2569560079723806e-16 0.5547001962252228
    outer loop
      vertex -12.458980278924509 -5.297208594024319 1.8965295816132373
      vertex -12.417511124744376 -5.473927038357819 1.9587333128834374
      vertex -12.741315824252185 3.864189378098362 1.473026263621723
    endloop
  endfacet
  facet normal -0.8320502943378156 3.2034667347931293e-15 0.554700196225271
    outer loop
      vertex -12.417511124744376 -5.473927038357819 1.9587333128834374
      vertex -12.411170825010513 -5.5 1.9682437624842302
      vertex -12.741315824252185 3.864189378098362 1.473026263621723
    endloop
  endfacet
  facet normal -0.8320502943378436 0 0.5547001962252291
    outer loop
      vertex -12.458980278924509 -5.297208594024319 1.8965295816132373
      vertex -12.741315824252185 3.864189378098362 1.473026263621723
      vertex -12.499086455355178 -5.119909251074371 1.8363703169672339
    endloop
  endfacet
  facet normal -0.8320502943378572 0 0.5547001962252087
    outer loop
      vertex -12.411170825010513 -5.5 1.9682437624842302
      vertex -12.399999999527932 -5.5 1.9850000007081037
      vertex -12.399999999527932 5.5 1.9850000007081037
    endloop
  endfacet
  facet normal -0.832050294337836 0 0.5547001962252407
    outer loop
      vertex -12.770372499557821 -3.682947691145789 1.429441250663269
      vertex -12.770372499557821 3.682947691145789 1.429441250663269
      vertex -12.790000000000001 3.5540501351328833 1.4
    endloop
  endfacet
  facet normal -0.8320502943378438 6.37485246560467e-17 0.5547001962252289
    outer loop
      vertex -12.741315824252187 -3.864189378098355 1.4730262636217213
      vertex -12.741315824252185 3.864189378098362 1.473026263621723
      vertex -12.770372499557821 3.682947691145789 1.429441250663269
    endloop
  endfacet
  facet normal -0.832050294337825 -1.2852022179288033e-14 0.5547001962252571
    outer loop
      vertex -12.741315824252185 3.864189378098362 1.473026263621723
      vertex -12.399999999527932 5.5 1.9850000007081037
      vertex -12.710865209922915 4.045007313140152 1.5187021851156293
    endloop
  endfacet
  facet normal -0.8320502943378663 1.5702765644600494e-14 0.5547001962251953
    outer loop
      vertex -12.710865209922915 4.045007313140152 1.5187021851156293
      vertex -12.399999999527932 5.5 1.9850000007081037
      vertex -12.67902399582301 4.225381667546985 1.5664640062654844
    endloop
  endfacet
  facet normal -0.8320502943378442 -4.3525631462103835e-17 0.5547001962252286
    outer loop
      vertex -12.411170825010513 -5.5 1.9682437624842302
      vertex -12.399999999527932 5.5 1.9850000007081037
      vertex -12.741315824252185 3.864189378098362 1.473026263621723
    endloop
  endfacet
  facet normal -0.8320502943378226 -1.5452819163646617e-14 0.5547001962252607
    outer loop
      vertex -12.67902399582301 4.225381667546985 1.5664640062654844
      vertex -12.399999999527932 5.5 1.9850000007081037
      vertex -12.645795673700423 4.4052926612382315 1.6163064894493666
    endloop
  endfacet
  facet normal -0.8320502943378437 0 0.5547001962252291
    outer loop
      vertex -12.645795673700423 4.4052926612382315 1.6163064894493666
      vertex -12.399999999527932 5.5 1.9850000007081037
      vertex -12.611183887415116 4.5847205649460525 1.6682241688773272
    endloop
  endfacet
  facet normal -0.8320502943378437 0 0.5547001962252291
    outer loop
      vertex -12.611183887415116 4.5847205649460525 1.6682241688773272
      vertex -12.399999999527932 5.5 1.9850000007081037
      vertex -12.575192432539499 4.763645702378824 1.722211351190753
    endloop
  endfacet
  facet normal -0.8320502943378739 2.315992793687404e-14 0.5547001962251839
    outer loop
      vertex -12.575192432539499 4.763645702378824 1.722211351190753
      vertex -12.399999999527932 5.5 1.9850000007081037
      vertex -12.537825255942186 4.942048452378904 1.778262116086721
    endloop
  endfacet
  facet normal -0.8320502943378529 6.637735706281457e-15 0.5547001962252152
    outer loop
      vertex -12.537825255942186 4.942048452378904 1.778262116086721
      vertex -12.399999999527932 5.5 1.9850000007081037
      vertex -12.499086455355178 5.119909251074374 1.8363703169672339
    endloop
  endfacet
  facet normal -0.8320502943378304 -1.262864083895866e-14 0.5547001962252489
    outer loop
      vertex -12.499086455355178 5.119909251074374 1.8363703169672339
      vertex -12.399999999527932 5.5 1.9850000007081037
      vertex -12.45898027892451 5.297208594024313 1.8965295816132355
    endloop
  endfacet
  facet normal -0.8320502943378437 0 0.5547001962252289
    outer loop
      vertex -12.45898027892451 5.297208594024313 1.8965295816132355
      vertex -12.399999999527932 5.5 1.9850000007081037
      vertex -12.417511124744376 5.473927038357819 1.9587333128834374
    endloop
  endfacet
  facet normal -0.8320502943378573 2.957927946020716e-14 0.5547001962252088
    outer loop
      vertex -12.417511124744376 5.473927038357819 1.9587333128834374
      vertex -12.399999999527932 5.5 1.9850000007081037
      vertex -12.411170825010513 5.5 1.9682437624842302
    endloop
  endfacet
  facet normal 0.8320502943378664 -1.5702765644600504e-14 0.5547001962251953
    outer loop
      vertex 12.67902399582301 -4.225381667546985 1.5664640062654844
      vertex 12.710865209922915 -4.045007313140152 1.5187021851156293
      vertex 12.399999999527932 -5.5 1.9850000007081037
    endloop
  endfacet
  facet normal 0.832050294337825 1.2852022179288033e-14 0.5547001962252571
    outer loop
      vertex 12.710865209922915 -4.045007313140152 1.5187021851156293
      vertex 12.741315824252185 -3.864189378098362 1.473026263621723
      vertex 12.399999999527932 -5.5 1.9850000007081037
    endloop
  endfacet
  facet normal 0.8320502943378438 -6.37485246560467e-17 0.5547001962252289
    outer loop
      vertex 12.741315824252185 -3.864189378098362 1.473026263621723
      vertex 12.770372499557821 -3.682947691145789 1.429441250663269
      vertex 12.741315824252187 3.864189378098355 1.4730262636217213
    endloop
  endfacet
  facet normal 0.832050294337836 0 0.5547001962252407
    outer loop
      vertex 12.770372499557821 -3.682947691145789 1.429441250663269
      vertex 12.790000000000001 -3.5540501351328833 1.4
      vertex 12.770372499557821 3.682947691145789 1.429441250663269
    endloop
  endfacet
  facet normal 0.8320502943378303 1.2525127389459004e-14 0.5547001962252491
    outer loop
      vertex 12.45898027892451 -5.297208594024313 1.8965295816132355
      vertex 12.499086455355178 -5.119909251074374 1.8363703169672339
      vertex 12.399999999527932 -5.5 1.9850000007081037
    endloop
  endfacet
  facet normal 0.8320502943378437 0 0.5547001962252291
    outer loop
      vertex 12.611183887415116 -4.5847205649460525 1.6682241688773272
      vertex 12.399999999527932 -5.5 1.9850000007081037
      vertex 12.575192432539499 -4.763645702378824 1.722211351190753
    endloop
  endfacet
  facet normal 0.8320502943378437 0 0.5547001962252291
    outer loop
      vertex 12.645795673700423 -4.4052926612382315 1.6163064894493666
      vertex 12.399999999527932 -5.5 1.9850000007081037
      vertex 12.611183887415116 -4.5847205649460525 1.6682241688773272
    endloop
  endfacet
  facet normal 0.8320502943378737 -2.3159927936874034e-14 0.5547001962251843
    outer loop
      vertex 12.537825255942186 -4.942048452378904 1.778262116086721
      vertex 12.575192432539499 -4.763645702378824 1.722211351190753
      vertex 12.399999999527932 -5.5 1.9850000007081037
    endloop
  endfacet
  facet normal 0.8320502943378529 -6.637735706281457e-15 0.5547001962252152
    outer loop
      vertex 12.537825255942186 -4.942048452378904 1.778262116086721
      vertex 12.399999999527932 -5.5 1.9850000007081037
      vertex 12.499086455355178 -5.119909251074374 1.8363703169672339
    endloop
  endfacet
  facet normal 0.8320502943378437 0 0.5547001962252289
    outer loop
      vertex 12.45898027892451 -5.297208594024313 1.8965295816132355
      vertex 12.399999999527932 -5.5 1.9850000007081037
      vertex 12.417511124744376 -5.473927038357819 1.9587333128834374
    endloop
  endfacet
  facet normal 0.8320502943378573 -2.957927946020716e-14 0.5547001962252088
    outer loop
      vertex 12.417511124744376 -5.473927038357819 1.9587333128834374
      vertex 12.399999999527932 -5.5 1.9850000007081037
      vertex 12.411170825010513 -5.5 1.9682437624842302
    endloop
  endfacet
  facet normal 0.8320502943378224 1.545281916364662e-14 0.5547001962252609
    outer loop
      vertex 12.645795673700423 -4.4052926612382315 1.6163064894493666
      vertex 12.67902399582301 -4.225381667546985 1.5664640062654844
      vertex 12.399999999527932 -5.5 1.9850000007081037
    endloop
  endfacet
  facet normal 0.832050294337844 4.5328468268226473e-17 0.5547001962252286
    outer loop
      vertex 12.741315824252185 -3.864189378098362 1.473026263621723
      vertex 12.411170825010513 5.5 1.9682437624842302
      vertex 12.399999999527932 -5.5 1.9850000007081037
    endloop
  endfacet
  facet normal 0.832050294337836 0 0.5547001962252408
    outer loop
      vertex 12.790000000000001 -3.5540501351328833 1.4
      vertex 12.790000000000001 3.554050135132888 1.4
      vertex 12.770372499557821 3.682947691145789 1.429441250663269
    endloop
  endfacet
  facet normal 0.8320502943378488 0 0.5547001962252213
    outer loop
      vertex 12.770372499557821 -3.682947691145789 1.429441250663269
      vertex 12.770372499557821 3.682947691145789 1.429441250663269
      vertex 12.741315824252187 3.864189378098355 1.4730262636217213
    endloop
  endfacet
  facet normal 0.8320502943378436 -6.374852465604656e-17 0.5547001962252293
    outer loop
      vertex 12.741315824252185 -3.864189378098362 1.473026263621723
      vertex 12.741315824252187 3.864189378098355 1.4730262636217213
      vertex 12.710865209922915 4.045007313140156 1.5187021851156293
    endloop
  endfacet
  facet normal 0.8320502943378387 -1.249951574914013e-16 0.5547001962252366
    outer loop
      vertex 12.741315824252185 -3.864189378098362 1.473026263621723
      vertex 12.710865209922915 4.045007313140156 1.5187021851156293
      vertex 12.67902399582301 4.225381667546983 1.5664640062654844
    endloop
  endfacet
  facet normal 0.8320502943378436 0 0.5547001962252291
    outer loop
      vertex 12.741315824252185 -3.864189378098362 1.473026263621723
      vertex 12.67902399582301 4.225381667546983 1.5664640062654844
      vertex 12.645795673700421 4.405292661238239 1.6163064894493684
    endloop
  endfacet
  facet normal 0.8320502943378483 1.7880226720291326e-16 0.5547001962252223
    outer loop
      vertex 12.741315824252185 -3.864189378098362 1.473026263621723
      vertex 12.645795673700421 4.405292661238239 1.6163064894493684
      vertex 12.611183887415116 4.5847205649460525 1.6682241688773272
    endloop
  endfacet
  facet normal 0.8320502943378391 -2.878481947095443e-16 0.5547001962252358
    outer loop
      vertex 12.741315824252185 -3.864189378098362 1.473026263621723
      vertex 12.611183887415116 4.5847205649460525 1.6682241688773272
      vertex 12.5751924325395 4.763645702378817 1.7222113511907495
    endloop
  endfacet
  facet normal 0.832050294337848 2.892398144342246e-16 0.5547001962252224
    outer loop
      vertex 12.741315824252185 -3.864189378098362 1.473026263621723
      vertex 12.5751924325395 4.763645702378817 1.7222113511907495
      vertex 12.537825255942185 4.942048452378907 1.7782621160867245
    endloop
  endfacet
  facet normal 0.8320502943378391 -4.0389620283894613e-16 0.5547001962252363
    outer loop
      vertex 12.741315824252185 -3.864189378098362 1.473026263621723
      vertex 12.537825255942185 4.942048452378907 1.7782621160867245
      vertex 12.499086455355178 5.119909251074371 1.8363703169672339
    endloop
  endfacet
  facet normal 0.8320502943378436 0 0.5547001962252294
    outer loop
      vertex 12.741315824252185 -3.864189378098362 1.473026263621723
      vertex 12.499086455355178 5.119909251074371 1.8363703169672339
      vertex 12.458980278924509 5.297208594024319 1.8965295816132373
    endloop
  endfacet
  facet normal 0.8320502943378478 4.1986415421097425e-16 0.5547001962252229
    outer loop
      vertex 12.741315824252185 -3.864189378098362 1.473026263621723
      vertex 12.458980278924509 5.297208594024319 1.8965295816132373
      vertex 12.417511124744376 5.473927038357819 1.9587333128834374
    endloop
  endfacet
  facet normal 0.8320502943378162 -3.336154706056768e-15 0.5547001962252707
    outer loop
      vertex 12.741315824252185 -3.864189378098362 1.473026263621723
      vertex 12.417511124744376 5.473927038357819 1.9587333128834374
      vertex 12.411170825010513 5.5 1.9682437624842302
    endloop
  endfacet
  facet normal 0.8320502943378572 0 0.5547001962252087
    outer loop
      vertex 12.399999999527932 -5.5 1.9850000007081037
      vertex 12.411170825010513 5.5 1.9682437624842302
      vertex 12.399999999527932 5.5 1.9850000007081037
    endloop
  endfacet
  facet normal 3.9127444650022864e-16 0.8320502943378392 0.5547001962252358
    outer loop
      vertex -4.942048452378907 12.537825255942185 1.7782621160867245
      vertex -5.119909251074371 12.499086455355178 1.8363703169672339
      vertex 3.864189378098362 12.741315824252185 1.473026263621723
    endloop
  endfacet
  facet normal -1.7343819918682595e-16 0.8320502943378483 0.5547001962252222
    outer loop
      vertex -4.405292661238239 12.645795673700421 1.6163064894493684
      vertex -4.5847205649460525 12.611183887415116 1.6682241688773272
      vertex 3.864189378098362 12.741315824252185 1.473026263621723
    endloop
  endfacet
  facet normal 2.9127495893227676e-16 0.832050294337839 0.554700196225236
    outer loop
      vertex -4.5847205649460525 12.611183887415116 1.6682241688773272
      vertex -4.763645702378817 12.5751924325395 1.7222113511907495
      vertex 3.864189378098362 12.741315824252185 1.473026263621723
    endloop
  endfacet
  facet normal -2.793793662148764e-16 0.8320502943378482 0.5547001962252225
    outer loop
      vertex -4.942048452378907 12.537825255942185 1.7782621160867245
      vertex 3.864189378098362 12.741315824252185 1.473026263621723
      vertex -4.763645702378817 12.5751924325395 1.7222113511907495
    endloop
  endfacet
  facet normal 0 0.832050294337836 0.5547001962252408
    outer loop
      vertex -3.682947691145789 12.770372499557821 1.429441250663269
      vertex 3.5540501351328833 12.790000000000001 1.4
      vertex -3.554050135132888 12.790000000000001 1.4
    endloop
  endfacet
  facet normal 0 0.8320502943378489 0.5547001962252212
    outer loop
      vertex -3.864189378098355 12.741315824252187 1.4730262636217213
      vertex 3.682947691145789 12.770372499557821 1.429441250663269
      vertex -3.682947691145789 12.770372499557821 1.429441250663269
    endloop
  endfacet
  facet normal 1.2401863282349974e-16 0.8320502943378386 0.5547001962252366
    outer loop
      vertex -4.225381667546983 12.67902399582301 1.5664640062654844
      vertex 3.864189378098362 12.741315824252185 1.473026263621723
      vertex -4.045007313140156 12.710865209922915 1.5187021851156293
    endloop
  endfacet
  facet normal 0 0.8320502943378437 0.554700196225229
    outer loop
      vertex -4.405292661238239 12.645795673700421 1.6163064894493684
      vertex 3.864189378098362 12.741315824252185 1.473026263621723
      vertex -4.225381667546983 12.67902399582301 1.5664640062654844
    endloop
  endfacet
  facet normal 6.388871372208212e-17 0.8320502943378436 0.5547001962252293
    outer loop
      vertex -4.045007313140156 12.710865209922915 1.5187021851156293
      vertex 3.864189378098362 12.741315824252185 1.473026263621723
      vertex -3.864189378098355 12.741315824252187 1.4730262636217213
    endloop
  endfacet
  facet normal -4.2569560079723806e-16 0.8320502943378479 0.5547001962252228
    outer loop
      vertex -5.297208594024319 12.458980278924509 1.8965295816132373
      vertex -5.473927038357819 12.417511124744376 1.9587333128834374
      vertex 3.864189378098362 12.741315824252185 1.473026263621723
    endloop
  endfacet
  facet normal 3.2034667347931293e-15 0.8320502943378156 0.554700196225271
    outer loop
      vertex -5.473927038357819 12.417511124744376 1.9587333128834374
      vertex -5.5 12.411170825010513 1.9682437624842302
      vertex 3.864189378098362 12.741315824252185 1.473026263621723
    endloop
  endfacet
  facet normal 0 0.8320502943378436 0.5547001962252291
    outer loop
      vertex -5.297208594024319 12.458980278924509 1.8965295816132373
      vertex 3.864189378098362 12.741315824252185 1.473026263621723
      vertex -5.119909251074371 12.499086455355178 1.8363703169672339
    endloop
  endfacet
  facet normal 0 0.8320502943378572 0.5547001962252087
    outer loop
      vertex -5.5 12.411170825010513 1.9682437624842302
      vertex -5.5 12.399999999527932 1.9850000007081037
      vertex 5.5 12.399999999527932 1.9850000007081037
    endloop
  endfacet
  facet normal 0 0.832050294337836 0.5547001962252407
    outer loop
      vertex -3.682947691145789 12.770372499557821 1.429441250663269
      vertex 3.682947691145789 12.770372499557821 1.429441250663269
      vertex 3.5540501351328833 12.790000000000001 1.4
    endloop
  endfacet
  facet normal 6.37485246560467e-17 0.8320502943378438 0.5547001962252289
    outer loop
      vertex -3.864189378098355 12.741315824252187 1.4730262636217213
      vertex 3.864189378098362 12.741315824252185 1.473026263621723
      vertex 3.682947691145789 12.770372499557821 1.429441250663269
    endloop
  endfacet
  facet normal -1.2852022179288033e-14 0.832050294337825 0.5547001962252571
    outer loop
      vertex 3.864189378098362 12.741315824252185 1.473026263621723
      vertex 5.5 12.399999999527932 1.9850000007081037
      vertex 4.045007313140152 12.710865209922915 1.5187021851156293
    endloop
  endfacet
  facet normal 1.5702765644600494e-14 0.8320502943378663 0.5547001962251953
    outer loop
      vertex 4.045007313140152 12.710865209922915 1.5187021851156293
      vertex 5.5 12.399999999527932 1.9850000007081037
      vertex 4.225381667546985 12.67902399582301 1.5664640062654844
    endloop
  endfacet
  facet normal -4.3525631462103835e-17 0.8320502943378442 0.5547001962252286
    outer loop
      vertex -5.5 12.411170825010513 1.9682437624842302
      vertex 5.5 12.399999999527932 1.9850000007081037
      vertex 3.864189378098362 12.741315824252185 1.473026263621723
    endloop
  endfacet
  facet normal -1.5452819163646617e-14 0.8320502943378226 0.5547001962252607
    outer loop
      vertex 4.225381667546985 12.67902399582301 1.5664640062654844
      vertex 5.5 12.399999999527932 1.9850000007081037
      vertex 4.4052926612382315 12.645795673700423 1.6163064894493666
    endloop
  endfacet
  facet normal 0 0.8320502943378437 0.5547001962252291
    outer loop
      vertex 4.4052926612382315 12.645795673700423 1.6163064894493666
      vertex 5.5 12.399999999527932 1.9850000007081037
      vertex 4.5847205649460525 12.611183887415116 1.6682241688773272
    endloop
  endfacet
  facet normal 0 0.8320502943378437 0.5547001962252291
    outer loop
      vertex 4.5847205649460525 12.611183887415116 1.6682241688773272
      vertex 5.5 12.399999999527932 1.9850000007081037
      vertex 4.763645702378824 12.575192432539499 1.722211351190753
    endloop
  endfacet
  facet normal 2.315992793687404e-14 0.8320502943378739 0.5547001962251839
    outer loop
      vertex 4.763645702378824 12.575192432539499 1.722211351190753
      vertex 5.5 12.399999999527932 1.9850000007081037
      vertex 4.942048452378904 12.537825255942186 1.778262116086721
    endloop
  endfacet
  facet normal 6.637735706281457e-15 0.8320502943378529 0.5547001962252152
    outer loop
      vertex 4.942048452378904 12.537825255942186 1.778262116086721
      vertex 5.5 12.399999999527932 1.9850000007081037
      vertex 5.119909251074374 12.499086455355178 1.8363703169672339
    endloop
  endfacet
  facet normal -1.262864083895866e-14 0.8320502943378304 0.5547001962252489
    outer loop
      vertex 5.119909251074374 12.499086455355178 1.8363703169672339
      vertex 5.5 12.399999999527932 1.9850000007081037
      vertex 5.297208594024313 12.45898027892451 1.8965295816132355
    endloop
  endfacet
  facet normal 0 0.8320502943378437 0.5547001962252289
    outer loop
      vertex 5.297208594024313 12.45898027892451 1.8965295816132355
      vertex 5.5 12.399999999527932 1.9850000007081037
      vertex 5.473927038357819 12.417511124744376 1.9587333128834374
    endloop
  endfacet
  facet normal 2.957927946020716e-14 0.8320502943378573 0.5547001962252088
    outer loop
      vertex 5.473927038357819 12.417511124744376 1.9587333128834374
      vertex 5.5 12.399999999527932 1.9850000007081037
      vertex 5.5 12.411170825010513 1.9682437624842302
    endloop
  endfacet
  facet normal 0 0 1
    outer loop
      vertex -5.5 -12.411170825010513 0.20000000000000018
      vertex -5.473927038357819 -12.417511124744376 0.20000000000000018
      vertex -5.5 -12.399999999527932 0.20000000000000018
    endloop
  endfacet
  facet normal 0 0 1
    outer loop
      vertex -5.5 -12.399999999527932 0.20000000000000018
      vertex -5.473927038357819 -12.417511124744376 0.20000000000000018
      vertex 4.045007313140156 -12.710865209922915 0.20000000000000018
    endloop
  endfacet
  facet normal 0 0 1
    outer loop
      vertex -5.473927038357819 -12.417511124744376 0.20000000000000018
      vertex -5.297208594024313 -12.45898027892451 0.20000000000000018
      vertex 4.045007313140156 -12.710865209922915 0.20000000000000018
    endloop
  endfacet
  facet normal 0 0 1
    outer loop
      vertex -5.297208594024313 -12.45898027892451 0.20000000000000018
      vertex -5.119909251074374 -12.499086455355178 0.20000000000000018
      vertex 4.045007313140156 -12.710865209922915 0.20000000000000018
    endloop
  endfacet
  facet normal 0 0 1
    outer loop
      vertex -5.119909251074374 -12.499086455355178 0.20000000000000018
      vertex -4.942048452378904 -12.537825255942186 0.20000000000000018
      vertex 4.045007313140156 -12.710865209922915 0.20000000000000018
    endloop
  endfacet
  facet normal 0 0 1
    outer loop
      vertex -4.942048452378904 -12.537825255942186 0.20000000000000018
      vertex -4.763645702378824 -12.575192432539499 0.20000000000000018
      vertex 4.045007313140156 -12.710865209922915 0.20000000000000018
    endloop
  endfacet
  facet normal 0 0 1
    outer loop
      vertex -4.763645702378824 -12.575192432539499 0.20000000000000018
      vertex -4.5847205649460525 -12.611183887415116 0.20000000000000018
      vertex 4.045007313140156 -12.710865209922915 0.20000000000000018
    endloop
  endfacet
  facet normal 0 0 1
    outer loop
      vertex -4.5847205649460525 -12.611183887415116 0.20000000000000018
      vertex -4.4052926612382315 -12.645795673700423 0.20000000000000018
      vertex 4.045007313140156 -12.710865209922915 0.20000000000000018
    endloop
  endfacet
  facet normal -2.915723293131677e-17 -0.8320502943378437 -0.5547001962252291
    outer loop
      vertex -5.473927038357819 -12.417511124744376 0.24126668711656318
      vertex 3.864189378098355 -12.741315824252187 0.7269737363782789
      vertex -5.297208594024313 -12.45898027892451 0.30347041838676514
    endloop
  endfacet
  facet normal 0 -0.8320502943378505 -0.5547001962252189
    outer loop
      vertex -5.5 -12.399999999527932 0.21499999929189695
      vertex 5.5 -12.399999999527932 0.21499999929189695
      vertex -5.5 -12.411170825010513 0.23175623751577
    endloop
  endfacet
  facet normal -6.161381970781092e-17 -0.8320502943378318 -0.5547001962252469
    outer loop
      vertex -5.5 -12.411170825010513 0.23175623751577
      vertex 5.5 -12.399999999527932 0.21499999929189695
      vertex -5.473927038357819 -12.417511124744376 0.24126668711656318
    endloop
  endfacet
  facet normal -3.15543908467908e-17 -0.8320502943378437 -0.554700196225229
    outer loop
      vertex -5.119909251074374 -12.499086455355178 0.3636296830327659
      vertex 3.864189378098355 -12.741315824252187 0.7269737363782789
      vertex -4.942048452378904 -12.537825255942186 0.4217378839132788
    endloop
  endfacet
  facet normal -3.031947628172619e-17 -0.8320502943378438 -0.5547001962252291
    outer loop
      vertex -5.297208594024313 -12.45898027892451 0.30347041838676514
      vertex 3.864189378098355 -12.741315824252187 0.7269737363782789
      vertex -5.119909251074374 -12.499086455355178 0.3636296830327659
    endloop
  endfacet
  facet normal -3.286816073116564e-17 -0.8320502943378437 -0.554700196225229
    outer loop
      vertex -4.942048452378904 -12.537825255942186 0.4217378839132788
      vertex 3.864189378098355 -12.741315824252187 0.7269737363782789
      vertex -4.763645702378824 -12.575192432539499 0.47778864880924754
    endloop
  endfacet
  facet normal 1.1308321935017188e-16 -0.8320502943378414 -0.5547001962252326
    outer loop
      vertex -4.763645702378824 -12.575192432539499 0.47778864880924754
      vertex 3.864189378098355 -12.741315824252187 0.7269737363782789
      vertex -4.5847205649460525 -12.611183887415116 0.531775831122673
    endloop
  endfacet
  facet normal 0 -0.8320502943378437 -0.5547001962252291
    outer loop
      vertex -4.5847205649460525 -12.611183887415116 0.531775831122673
      vertex 3.864189378098355 -12.741315824252187 0.7269737363782789
      vertex -4.4052926612382315 -12.645795673700423 0.5836935105506336
    endloop
  endfacet
  facet normal 0 0 1
    outer loop
      vertex -4.4052926612382315 -12.645795673700423 0.20000000000000018
      vertex -4.225381667546985 -12.67902399582301 0.20000000000000018
      vertex 4.045007313140156 -12.710865209922915 0.20000000000000018
    endloop
  endfacet
  facet normal 0 0 1
    outer loop
      vertex -4.225381667546985 -12.67902399582301 0.20000000000000018
      vertex -4.045007313140152 -12.710865209922915 0.20000000000000018
      vertex 4.045007313140156 -12.710865209922915 0.20000000000000018
    endloop
  endfacet
  facet normal 0 0 1
    outer loop
      vertex -4.045007313140152 -12.710865209922915 0.20000000000000018
      vertex -3.864189378098362 -12.741315824252185 0.20000000000000018
      vertex 4.045007313140156 -12.710865209922915 0.20000000000000018
    endloop
  endfacet
  facet normal 0 0 1
    outer loop
      vertex -3.864189378098362 -12.741315824252185 0.20000000000000018
      vertex -3.682947691145789 -12.770372499557821 0.20000000000000018
      vertex 3.864189378098355 -12.741315824252187 0.20000000000000018
    endloop
  endfacet
  facet normal 0 0 1
    outer loop
      vertex -3.682947691145789 -12.770372499557821 0.20000000000000018
      vertex -3.5540501351328833 -12.790000000000001 0.20000000000000018
      vertex 3.682947691145789 -12.770372499557821 0.20000000000000018
    endloop
  endfacet
  facet normal 0 -0.8320502943378436 -0.5547001962252291
    outer loop
      vertex -4.4052926612382315 -12.645795673700423 0.5836935105506336
      vertex 3.864189378098355 -12.741315824252187 0.7269737363782789
      vertex -4.225381667546985 -12.67902399582301 0.6335359937345149
    endloop
  endfacet
  facet normal 0 -0.8320502943378437 -0.5547001962252291
    outer loop
      vertex -4.225381667546985 -12.67902399582301 0.6335359937345149
      vertex 3.864189378098355 -12.741315824252187 0.7269737363782789
      vertex -4.045007313140152 -12.710865209922915 0.6812978148843709
    endloop
  endfacet
  facet normal 0 -0.8320502943378437 -0.5547001962252291
    outer loop
      vertex -4.045007313140152 -12.710865209922915 0.6812978148843709
      vertex 3.864189378098355 -12.741315824252187 0.7269737363782789
      vertex -3.864189378098362 -12.741315824252185 0.7269737363782762
    endloop
  endfacet
  facet normal 0 -0.8320502943378437 -0.5547001962252291
    outer loop
      vertex -3.864189378098362 -12.741315824252185 0.7269737363782762
      vertex 3.682947691145789 -12.770372499557821 0.7705587493367303
      vertex -3.682947691145789 -12.770372499557821 0.7705587493367303
    endloop
  endfacet
  facet normal 0 -0.8320502943378437 -0.5547001962252291
    outer loop
      vertex -3.682947691145789 -12.770372499557821 0.7705587493367303
      vertex 3.554050135132888 -12.790000000000001 0.8000000000000003
      vertex -3.5540501351328833 -12.790000000000001 0.8000000000000003
    endloop
  endfacet
  facet normal 0 0 1
    outer loop
      vertex -5.5 -12.399999999527932 0.20000000000000018
      vertex 4.045007313140156 -12.710865209922915 0.20000000000000018
      vertex 4.225381667546983 -12.67902399582301 0.20000000000000018
    endloop
  endfacet
  facet normal 0 0 1
    outer loop
      vertex -5.5 -12.399999999527932 0.20000000000000018
      vertex 4.225381667546983 -12.67902399582301 0.20000000000000018
      vertex 4.405292661238239 -12.645795673700421 0.20000000000000018
    endloop
  endfacet
  facet normal 0 0 1
    outer loop
      vertex -5.5 -12.399999999527932 0.20000000000000018
      vertex 4.405292661238239 -12.645795673700421 0.20000000000000018
      vertex 4.5847205649460525 -12.611183887415116 0.20000000000000018
    endloop
  endfacet
  facet normal 0 0 1
    outer loop
      vertex -3.5540501351328833 -12.790000000000001 0.20000000000000018
      vertex 3.554050135132888 -12.790000000000001 0.20000000000000018
      vertex 3.682947691145789 -12.770372499557821 0.20000000000000018
    endloop
  endfacet
  facet normal 0 0 1
    outer loop
      vertex -3.682947691145789 -12.770372499557821 0.20000000000000018
      vertex 3.682947691145789 -12.770372499557821 0.20000000000000018
      vertex 3.864189378098355 -12.741315824252187 0.20000000000000018
    endloop
  endfacet
  facet normal 0 0 1
    outer loop
      vertex -3.864189378098362 -12.741315824252185 0.20000000000000018
      vertex 3.864189378098355 -12.741315824252187 0.20000000000000018
      vertex 4.045007313140156 -12.710865209922915 0.20000000000000018
    endloop
  endfacet
  facet normal 0 0 1
    outer loop
      vertex -5.5 -12.399999999527932 0.20000000000000018
      vertex 4.5847205649460525 -12.611183887415116 0.20000000000000018
      vertex 4.763645702378817 -12.5751924325395 0.20000000000000018
    endloop
  endfacet
  facet normal 0 0 1
    outer loop
      vertex -5.5 -12.399999999527932 0.20000000000000018
      vertex 4.763645702378817 -12.5751924325395 0.20000000000000018
      vertex 4.942048452378907 -12.537825255942185 0.20000000000000018
    endloop
  endfacet
  facet normal 0 0 1
    outer loop
      vertex -5.5 -12.399999999527932 0.20000000000000018
      vertex 4.942048452378907 -12.537825255942185 0.20000000000000018
      vertex 5.119909251074371 -12.499086455355178 0.20000000000000018
    endloop
  endfacet
  facet normal -1.0355335544552956e-18 -0.8320502943378434 -0.5547001962252294
    outer loop
      vertex -5.473927038357819 -12.417511124744376 0.24126668711656318
      vertex 5.5 -12.399999999527932 0.21499999929189695
      vertex 3.864189378098355 -12.741315824252187 0.7269737363782789
    endloop
  endfacet
  facet normal 0 -0.8320502943378436 -0.554700196225229
    outer loop
      vertex -3.682947691145789 -12.770372499557821 0.7705587493367303
      vertex 3.682947691145789 -12.770372499557821 0.7705587493367303
      vertex 3.554050135132888 -12.790000000000001 0.8000000000000003
    endloop
  endfacet
  facet normal 0 -0.8320502943378436 -0.554700196225229
    outer loop
      vertex -3.864189378098362 -12.741315824252185 0.7269737363782762
      vertex 3.864189378098355 -12.741315824252187 0.7269737363782789
      vertex 3.682947691145789 -12.770372499557821 0.7705587493367303
    endloop
  endfacet
  facet normal 0 0 1
    outer loop
      vertex -5.5 -12.399999999527932 0.20000000000000018
      vertex 5.119909251074371 -12.499086455355178 0.20000000000000018
      vertex 5.297208594024319 -12.458980278924509 0.20000000000000018
    endloop
  endfacet
  facet normal 0 0 1
    outer loop
      vertex -5.5 -12.399999999527932 0.20000000000000018
      vertex 5.297208594024319 -12.458980278924509 0.20000000000000018
      vertex 5.473927038357819 -12.417511124744376 0.20000000000000018
    endloop
  endfacet
  facet normal 0 0 1
    outer loop
      vertex -5.5 -12.399999999527932 0.20000000000000018
      vertex 5.473927038357819 -12.417511124744376 0.20000000000000018
      vertex 5.5 -12.399999999527932 0.20000000000000018
    endloop
  endfacet
  facet normal -7.900762588480229e-16 -0.8320502943378423 -0.5547001962252314
    outer loop
      vertex 4.225381667546983 -12.67902399582301 0.6335359937345149
      vertex 4.045007313140156 -12.710865209922915 0.6812978148843709
      vertex 5.5 -12.399999999527932 0.21499999929189695
    endloop
  endfacet
  facet normal -9.811313754695286e-16 -0.8320502943378417 -0.5547001962252319
    outer loop
      vertex 4.225381667546983 -12.67902399582301 0.6335359937345149
      vertex 5.5 -12.399999999527932 0.21499999929189695
      vertex 4.405292661238239 -12.645795673700421 0.5836935105506309
    endloop
  endfacet
  facet normal -6.46642625372907e-16 -0.8320502943378426 -0.5547001962252308
    outer loop
      vertex 3.864189378098355 -12.741315824252187 0.7269737363782789
      vertex 5.5 -12.399999999527932 0.21499999929189695
      vertex 4.045007313140156 -12.710865209922915 0.6812978148843709
    endloop
  endfacet
  facet normal 0 0 1
    outer loop
      vertex 5.473927038357819 -12.417511124744376 0.20000000000000018
      vertex 5.5 -12.411170825010513 0.20000000000000018
      vertex 5.5 -12.399999999527932 0.20000000000000018
    endloop
  endfacet
  facet normal 8.93940921545817e-15 -0.8320502943378554 -0.5547001962252116
    outer loop
      vertex 4.763645702378817 -12.5751924325395 0.4777886488092502
      vertex 4.5847205649460525 -12.611183887415116 0.531775831122673
      vertex 5.5 -12.399999999527932 0.21499999929189695
    endloop
  endfacet
  facet normal 0 -0.8320502943378439 -0.5547001962252286
    outer loop
      vertex 4.763645702378817 -12.5751924325395 0.4777886488092502
      vertex 5.5 -12.399999999527932 0.21499999929189695
      vertex 4.942048452378907 -12.537825255942185 0.42173788391327616
    endloop
  endfacet
  facet normal 0 -0.8320502943378434 -0.5547001962252294
    outer loop
      vertex 4.942048452378907 -12.537825255942185 0.42173788391327616
      vertex 5.5 -12.399999999527932 0.21499999929189695
      vertex 5.119909251074371 -12.499086455355178 0.3636296830327659
    endloop
  endfacet
  facet normal 0 -0.8320502943378439 -0.5547001962252289
    outer loop
      vertex 5.119909251074371 -12.499086455355178 0.3636296830327659
      vertex 5.5 -12.399999999527932 0.21499999929189695
      vertex 5.297208594024319 -12.458980278924509 0.3034704183867625
    endloop
  endfacet
  facet normal 1.476382884052252e-14 -0.8320502943378505 -0.5547001962252189
    outer loop
      vertex 5.473927038357819 -12.417511124744376 0.24126668711656318
      vertex 5.5 -12.399999999527932 0.21499999929189695
      vertex 5.5 -12.411170825010513 0.23175623751577
    endloop
  endfacet
  facet normal 0 -0.8320502943378437 -0.554700196225229
    outer loop
      vertex 5.297208594024319 -12.458980278924509 0.3034704183867625
      vertex 5.5 -12.399999999527932 0.21499999929189695
      vertex 5.473927038357819 -12.417511124744376 0.24126668711656318
    endloop
  endfacet
  facet normal -1.3939329588588157e-15 -0.8320502943378416 -0.5547001962252323
    outer loop
      vertex 4.405292661238239 -12.645795673700421 0.5836935105506309
      vertex 5.5 -12.399999999527932 0.21499999929189695
      vertex 4.5847205649460525 -12.611183887415116 0.531775831122673
    endloop
  endfacet
  facet normal 0 0 1
    outer loop
      vertex -12.411170825010513 -5.5 0.20000000000000018
      vertex -12.399999999527932 -5.5 0.20000000000000018
      vertex -12.417511124744376 -5.473927038357819 0.20000000000000018
    endloop
  endfacet
  facet normal -0.8320502943378505 -1.476382884052252e-14 -0.5547001962252189
    outer loop
      vertex -12.399999999527932 -5.5 0.21499999929189695
      vertex -12.411170825010513 -5.5 0.23175623751577
      vertex -12.417511124744376 -5.473927038357819 0.24126668711656318
    endloop
  endfacet
  facet normal -0.8320502943378436 0 -0.5547001962252291
    outer loop
      vertex -12.399999999527932 -5.5 0.21499999929189695
      vertex -12.417511124744376 -5.473927038357819 0.24126668711656318
      vertex -12.458980278924509 -5.297208594024319 0.3034704183867625
    endloop
  endfacet
  facet normal -0.8320502943378436 0 -0.5547001962252294
    outer loop
      vertex -12.399999999527932 -5.5 0.21499999929189695
      vertex -12.458980278924509 -5.297208594024319 0.3034704183867625
      vertex -12.499086455355178 -5.119909251074371 0.3636296830327659
    endloop
  endfacet
  facet normal -0.8320502943378434 0 -0.5547001962252296
    outer loop
      vertex -12.399999999527932 -5.5 0.21499999929189695
      vertex -12.537825255942185 -4.942048452378907 0.42173788391327616
      vertex -12.5751924325395 -4.763645702378817 0.4777886488092502
    endloop
  endfacet
  facet normal -0.8320502943378434 0 -0.5547001962252294
    outer loop
      vertex -12.399999999527932 -5.5 0.21499999929189695
      vertex -12.499086455355178 -5.119909251074371 0.3636296830327659
      vertex -12.537825255942185 -4.942048452378907 0.42173788391327616
    endloop
  endfacet
  facet normal -0.8320502943378555 -9.53536982982204e-15 -0.5547001962252116
    outer loop
      vertex -12.399999999527932 -5.5 0.21499999929189695
      vertex -12.5751924325395 -4.763645702378817 0.4777886488092502
      vertex -12.611183887415116 -4.5847205649460525 0.531775831122673
    endloop
  endfacet
  facet normal -0.8320502943378411 1.2390515189856132e-15 -0.5547001962252331
    outer loop
      vertex -12.399999999527932 -5.5 0.21499999929189695
      vertex -12.611183887415116 -4.5847205649460525 0.531775831122673
      vertex -12.645795673700421 -4.405292661238239 0.5836935105506309
    endloop
  endfacet
  facet normal -0.8320502943378428 1.5801525176960483e-15 -0.5547001962252306
    outer loop
      vertex -12.399999999527932 -5.5 0.21499999929189695
      vertex -12.67902399582301 -4.225381667546983 0.6335359937345149
      vertex -12.710865209922915 -4.045007313140156 0.6812978148843709
    endloop
  endfacet
  facet normal -0.8320502943378406 9.811313754695308e-16 -0.5547001962252336
    outer loop
      vertex -12.399999999527932 -5.5 0.21499999929189695
      vertex -12.645795673700421 -4.405292661238239 0.5836935105506309
      vertex -12.67902399582301 -4.225381667546983 0.6335359937345149
    endloop
  endfacet
  facet normal -0.8320502943378417 1.2932852507458148e-15 -0.5547001962252321
    outer loop
      vertex -12.399999999527932 -5.5 0.21499999929189695
      vertex -12.710865209922915 -4.045007313140156 0.6812978148843709
      vertex -12.741315824252187 -3.864189378098355 0.7269737363782789
    endloop
  endfacet
  facet normal 0 0 1
    outer loop
      vertex -12.399999999527932 -5.5 0.20000000000000018
      vertex -12.399999999527932 5.5 0.20000000000000018
      vertex -12.417511124744376 -5.473927038357819 0.20000000000000018
    endloop
  endfacet
  facet normal 0 0 1
    outer loop
      vertex -12.417511124744376 -5.473927038357819 0.20000000000000018
      vertex -12.399999999527932 5.5 0.20000000000000018
      vertex -12.458980278924509 -5.297208594024319 0.20000000000000018
    endloop
  endfacet
  facet normal 0 0 1
    outer loop
      vertex -12.458980278924509 -5.297208594024319 0.20000000000000018
      vertex -12.399999999527932 5.5 0.20000000000000018
      vertex -12.499086455355178 -5.119909251074371 0.20000000000000018
    endloop
  endfacet
  facet normal 0 0 1
    outer loop
      vertex -12.710865209922915 -4.045007313140156 0.20000000000000018
      vertex -12.741315824252185 3.864189378098362 0.20000000000000018
      vertex -12.741315824252187 -3.864189378098355 0.20000000000000018
    endloop
  endfacet
  facet normal 0 0 1
    outer loop
      vertex -12.741315824252187 -3.864189378098355 0.20000000000000018
      vertex -12.770372499557821 3.682947691145789 0.20000000000000018
      vertex -12.770372499557821 -3.682947691145789 0.20000000000000018
    endloop
  endfacet
  facet normal 0 0 1
    outer loop
      vertex -12.770372499557821 -3.682947691145789 0.20000000000000018
      vertex -12.790000000000001 3.5540501351328833 0.20000000000000018
      vertex -12.790000000000001 -3.554050135132888 0.20000000000000018
    endloop
  endfacet
  facet normal 0 0 1
    outer loop
      vertex -12.537825255942185 -4.942048452378907 0.20000000000000018
      vertex -12.399999999527932 5.5 0.20000000000000018
      vertex -12.5751924325395 -4.763645702378817 0.20000000000000018
    endloop
  endfacet
  facet normal 0 0 1
    outer loop
      vertex -12.499086455355178 -5.119909251074371 0.20000000000000018
      vertex -12.399999999527932 5.5 0.20000000000000018
      vertex -12.537825255942185 -4.942048452378907 0.20000000000000018
    endloop
  endfacet
  facet normal 0 0 1
    outer loop
      vertex -12.611183887415116 -4.5847205649460525 0.20000000000000018
      vertex -12.5751924325395 -4.763645702378817 0.20000000000000018
      vertex -12.399999999527932 5.5 0.20000000000000018
    endloop
  endfacet
  facet normal 0 0 1
    outer loop
      vertex -12.67902399582301 -4.225381667546983 0.20000000000000018
      vertex -12.399999999527932 5.5 0.20000000000000018
      vertex -12.710865209922915 -4.045007313140156 0.20000000000000018
    endloop
  endfacet
  facet normal 0 0 1
    outer loop
      vertex -12.611183887415116 -4.5847205649460525 0.20000000000000018
      vertex -12.399999999527932 5.5 0.20000000000000018
      vertex -12.645795673700421 -4.405292661238239 0.20000000000000018
    endloop
  endfacet
  facet normal 0 0 1
    outer loop
      vertex -12.645795673700421 -4.405292661238239 0.20000000000000018
      vertex -12.399999999527932 5.5 0.20000000000000018
      vertex -12.67902399582301 -4.225381667546983 0.20000000000000018
    endloop
  endfacet
  facet normal -0.8320502943378434 1.0355335544552956e-18 -0.5547001962252294
    outer loop
      vertex -12.399999999527932 -5.5 0.21499999929189695
      vertex -12.741315824252187 -3.864189378098355 0.7269737363782789
      vertex -12.417511124744376 5.473927038357819 0.24126668711656318
    endloop
  endfacet
  facet normal -0.8320502943378436 0 -0.554700196225229
    outer loop
      vertex -12.741315824252187 -3.864189378098355 0.7269737363782789
      vertex -12.770372499557821 -3.682947691145789 0.7705587493367303
      vertex -12.741315824252185 3.864189378098362 0.7269737363782762
    endloop
  endfacet
  facet normal -0.8320502943378436 0 -0.554700196225229
    outer loop
      vertex -12.770372499557821 -3.682947691145789 0.7705587493367303
      vertex -12.790000000000001 -3.554050135132888 0.8000000000000003
      vertex -12.770372499557821 3.682947691145789 0.7705587493367303
    endloop
  endfacet
  facet normal 0 0 1
    outer loop
      vertex -12.770372499557821 -3.682947691145789 0.20000000000000018
      vertex -12.770372499557821 3.682947691145789 0.20000000000000018
      vertex -12.790000000000001 3.5540501351328833 0.20000000000000018
    endloop
  endfacet
  facet normal 0 0 1
    outer loop
      vertex -12.741315824252187 -3.864189378098355 0.20000000000000018
      vertex -12.741315824252185 3.864189378098362 0.20000000000000018
      vertex -12.770372499557821 3.682947691145789 0.20000000000000018
    endloop
  endfacet
  facet normal 0 0 1
    outer loop
      vertex -12.710865209922915 -4.045007313140156 0.20000000000000018
      vertex -12.710865209922915 4.045007313140152 0.20000000000000018
      vertex -12.741315824252185 3.864189378098362 0.20000000000000018
    endloop
  endfacet
  facet normal 0 0 1
    outer loop
      vertex -12.710865209922915 -4.045007313140156 0.20000000000000018
      vertex -12.67902399582301 4.225381667546985 0.20000000000000018
      vertex -12.710865209922915 4.045007313140152 0.20000000000000018
    endloop
  endfacet
  facet normal 0 0 1
    outer loop
      vertex -12.710865209922915 -4.045007313140156 0.20000000000000018
      vertex -12.645795673700423 4.4052926612382315 0.20000000000000018
      vertex -12.67902399582301 4.225381667546985 0.20000000000000018
    endloop
  endfacet
  facet normal -0.8320502943378437 0 -0.5547001962252293
    outer loop
      vertex -12.741315824252187 -3.864189378098355 0.7269737363782789
      vertex -12.741315824252185 3.864189378098362 0.7269737363782762
      vertex -12.710865209922915 4.045007313140152 0.6812978148843709
    endloop
  endfacet
  facet normal -0.8320502943378437 0 -0.5547001962252291
    outer loop
      vertex -12.741315824252187 -3.864189378098355 0.7269737363782789
      vertex -12.710865209922915 4.045007313140152 0.6812978148843709
      vertex -12.67902399582301 4.225381667546985 0.6335359937345149
    endloop
  endfacet
  facet normal -0.8320502943378437 0 -0.5547001962252291
    outer loop
      vertex -12.741315824252187 -3.864189378098355 0.7269737363782789
      vertex -12.67902399582301 4.225381667546985 0.6335359937345149
      vertex -12.645795673700423 4.4052926612382315 0.5836935105506336
    endloop
  endfacet
  facet normal -0.8320502943378437 0 -0.5547001962252291
    outer loop
      vertex -12.770372499557821 -3.682947691145789 0.7705587493367303
      vertex -12.770372499557821 3.682947691145789 0.7705587493367303
      vertex -12.741315824252185 3.864189378098362 0.7269737363782762
    endloop
  endfacet
  facet normal -0.8320502943378436 0 -0.5547001962252291
    outer loop
      vertex -12.790000000000001 -3.554050135132888 0.8000000000000003
      vertex -12.790000000000001 3.5540501351328833 0.8000000000000003
      vertex -12.770372499557821 3.682947691145789 0.7705587493367303
    endloop
  endfacet
  facet normal 0 0 1
    outer loop
      vertex -12.710865209922915 -4.045007313140156 0.20000000000000018
      vertex -12.611183887415116 4.5847205649460525 0.20000000000000018
      vertex -12.645795673700423 4.4052926612382315 0.20000000000000018
    endloop
  endfacet
  facet normal 0 0 1
    outer loop
      vertex -12.710865209922915 -4.045007313140156 0.20000000000000018
      vertex -12.575192432539499 4.763645702378824 0.20000000000000018
      vertex -12.611183887415116 4.5847205649460525 0.20000000000000018
    endloop
  endfacet
  facet normal 0 0 1
    outer loop
      vertex -12.710865209922915 -4.045007313140156 0.20000000000000018
      vertex -12.537825255942186 4.942048452378904 0.20000000000000018
      vertex -12.575192432539499 4.763645702378824 0.20000000000000018
    endloop
  endfacet
  facet normal 0 0 1
    outer loop
      vertex -12.710865209922915 -4.045007313140156 0.20000000000000018
      vertex -12.499086455355178 5.119909251074374 0.20000000000000018
      vertex -12.537825255942186 4.942048452378904 0.20000000000000018
    endloop
  endfacet
  facet normal 0 0 1
    outer loop
      vertex -12.710865209922915 -4.045007313140156 0.20000000000000018
      vertex -12.45898027892451 5.297208594024313 0.20000000000000018
      vertex -12.499086455355178 5.119909251074374 0.20000000000000018
    endloop
  endfacet
  facet normal 0 0 1
    outer loop
      vertex -12.710865209922915 -4.045007313140156 0.20000000000000018
      vertex -12.417511124744376 5.473927038357819 0.20000000000000018
      vertex -12.45898027892451 5.297208594024313 0.20000000000000018
    endloop
  endfacet
  facet normal 0 0 1
    outer loop
      vertex -12.710865209922915 -4.045007313140156 0.20000000000000018
      vertex -12.399999999527932 5.5 0.20000000000000018
      vertex -12.417511124744376 5.473927038357819 0.20000000000000018
    endloop
  endfacet
  facet normal -0.8320502943378505 0 -0.5547001962252189
    outer loop
      vertex -12.399999999527932 -5.5 0.21499999929189695
      vertex -12.411170825010513 5.5 0.23175623751577
      vertex -12.399999999527932 5.5 0.21499999929189695
    endloop
  endfacet
  facet normal -0.8320502943378318 6.139913740917743e-17 -0.554700196225247
    outer loop
      vertex -12.399999999527932 -5.5 0.21499999929189695
      vertex -12.417511124744376 5.473927038357819 0.24126668711656318
      vertex -12.411170825010513 5.5 0.23175623751577
    endloop
  endfacet
  facet normal -0.832050294337844 4.665157269010686e-17 -0.5547001962252288
    outer loop
      vertex -12.741315824252187 -3.864189378098355 0.7269737363782789
      vertex -12.45898027892451 5.297208594024313 0.30347041838676514
      vertex -12.417511124744376 5.473927038357819 0.24126668711656318
    endloop
  endfacet
  facet normal -0.8320502943378436 0 -0.5547001962252294
    outer loop
      vertex -12.741315824252187 -3.864189378098355 0.7269737363782789
      vertex -12.645795673700423 4.4052926612382315 0.5836935105506336
      vertex -12.611183887415116 4.5847205649460525 0.531775831122673
    endloop
  endfacet
  facet normal -0.8320502943378415 -1.2336351201836939e-16 -0.5547001962252324
    outer loop
      vertex -12.741315824252187 -3.864189378098355 0.7269737363782789
      vertex -12.611183887415116 4.5847205649460525 0.531775831122673
      vertex -12.575192432539499 4.763645702378824 0.47778864880924754
    endloop
  endfacet
  facet normal -0.8320502943378436 2.6294528584932482e-17 -0.554700196225229
    outer loop
      vertex -12.741315824252187 -3.864189378098355 0.7269737363782789
      vertex -12.575192432539499 4.763645702378824 0.47778864880924754
      vertex -12.537825255942186 4.942048452378904 0.4217378839132788
    endloop
  endfacet
  facet normal -0.8320502943378439 2.5243512677432638e-17 -0.5547001962252289
    outer loop
      vertex -12.741315824252187 -3.864189378098355 0.7269737363782789
      vertex -12.537825255942186 4.942048452378904 0.4217378839132788
      vertex -12.499086455355178 5.119909251074374 0.3636296830327659
    endloop
  endfacet
  facet normal -0.8320502943378435 2.4255581025380972e-17 -0.5547001962252293
    outer loop
      vertex -12.741315824252187 -3.864189378098355 0.7269737363782789
      vertex -12.499086455355178 5.119909251074374 0.3636296830327659
      vertex -12.45898027892451 5.297208594024313 0.30347041838676514
    endloop
  endfacet
  facet normal 0 0 1
    outer loop
      vertex -12.417511124744376 5.473927038357819 0.20000000000000018
      vertex -12.399999999527932 5.5 0.20000000000000018
      vertex -12.411170825010513 5.5 0.20000000000000018
    endloop
  endfacet
  facet normal 0 0 1
    outer loop
      vertex 12.411170825010513 -5.5 0.20000000000000018
      vertex 12.417511124744376 -5.473927038357819 0.20000000000000018
      vertex 12.399999999527932 -5.5 0.20000000000000018
    endloop
  endfacet
  facet normal 0 0 1
    outer loop
      vertex 12.399999999527932 -5.5 0.20000000000000018
      vertex 12.417511124744376 -5.473927038357819 0.20000000000000018
      vertex 12.710865209922915 4.045007313140156 0.20000000000000018
    endloop
  endfacet
  facet normal 0 0 1
    outer loop
      vertex 12.417511124744376 -5.473927038357819 0.20000000000000018
      vertex 12.45898027892451 -5.297208594024313 0.20000000000000018
      vertex 12.710865209922915 4.045007313140156 0.20000000000000018
    endloop
  endfacet
  facet normal 0 0 1
    outer loop
      vertex 12.45898027892451 -5.297208594024313 0.20000000000000018
      vertex 12.499086455355178 -5.119909251074374 0.20000000000000018
      vertex 12.710865209922915 4.045007313140156 0.20000000000000018
    endloop
  endfacet
  facet normal 0 0 1
    outer loop
      vertex 12.499086455355178 -5.119909251074374 0.20000000000000018
      vertex 12.537825255942186 -4.942048452378904 0.20000000000000018
      vertex 12.710865209922915 4.045007313140156 0.20000000000000018
    endloop
  endfacet
  facet normal 0 0 1
    outer loop
      vertex 12.537825255942186 -4.942048452378904 0.20000000000000018
      vertex 12.575192432539499 -4.763645702378824 0.20000000000000018
      vertex 12.710865209922915 4.045007313140156 0.20000000000000018
    endloop
  endfacet
  facet normal 0 0 1
    outer loop
      vertex 12.575192432539499 -4.763645702378824 0.20000000000000018
      vertex 12.611183887415116 -4.5847205649460525 0.20000000000000018
      vertex 12.710865209922915 4.045007313140156 0.20000000000000018
    endloop
  endfacet
  facet normal 0 0 1
    outer loop
      vertex 12.611183887415116 -4.5847205649460525 0.20000000000000018
      vertex 12.645795673700423 -4.4052926612382315 0.20000000000000018
      vertex 12.710865209922915 4.045007313140156 0.20000000000000018
    endloop
  endfacet
  facet normal 0.8320502943378437 -2.915723293131677e-17 -0.5547001962252291
    outer loop
      vertex 12.417511124744376 -5.473927038357819 0.24126668711656318
      vertex 12.741315824252187 3.864189378098355 0.7269737363782789
      vertex 12.45898027892451 -5.297208594024313 0.30347041838676514
    endloop
  endfacet
  facet normal 0.8320502943378505 0 -0.5547001962252189
    outer loop
      vertex 12.399999999527932 -5.5 0.21499999929189695
      vertex 12.399999999527932 5.5 0.21499999929189695
      vertex 12.411170825010513 -5.5 0.23175623751577
    endloop
  endfacet
  facet normal 0.8320502943378318 -6.161381970781092e-17 -0.5547001962252469
    outer loop
      vertex 12.411170825010513 -5.5 0.23175623751577
      vertex 12.399999999527932 5.5 0.21499999929189695
      vertex 12.417511124744376 -5.473927038357819 0.24126668711656318
    endloop
  endfacet
  facet normal 0.8320502943378438 -3.031947628172619e-17 -0.5547001962252291
    outer loop
      vertex 12.45898027892451 -5.297208594024313 0.30347041838676514
      vertex 12.741315824252187 3.864189378098355 0.7269737363782789
      vertex 12.499086455355178 -5.119909251074374 0.3636296830327659
    endloop
  endfacet
  facet normal 0.8320502943378437 -3.15543908467908e-17 -0.554700196225229
    outer loop
      vertex 12.499086455355178 -5.119909251074374 0.3636296830327659
      vertex 12.741315824252187 3.864189378098355 0.7269737363782789
      vertex 12.537825255942186 -4.942048452378904 0.4217378839132788
    endloop
  endfacet
  facet normal 0.8320502943378437 -3.286816073116564e-17 -0.554700196225229
    outer loop
      vertex 12.537825255942186 -4.942048452378904 0.4217378839132788
      vertex 12.741315824252187 3.864189378098355 0.7269737363782789
      vertex 12.575192432539499 -4.763645702378824 0.47778864880924754
    endloop
  endfacet
  facet normal 0.8320502943378414 1.1308321935017188e-16 -0.5547001962252326
    outer loop
      vertex 12.575192432539499 -4.763645702378824 0.47778864880924754
      vertex 12.741315824252187 3.864189378098355 0.7269737363782789
      vertex 12.611183887415116 -4.5847205649460525 0.531775831122673
    endloop
  endfacet
  facet normal 0.8320502943378437 0 -0.5547001962252291
    outer loop
      vertex 12.611183887415116 -4.5847205649460525 0.531775831122673
      vertex 12.741315824252187 3.864189378098355 0.7269737363782789
      vertex 12.645795673700423 -4.4052926612382315 0.5836935105506336
    endloop
  endfacet
  facet normal 0 0 1
    outer loop
      vertex 12.645795673700423 -4.4052926612382315 0.20000000000000018
      vertex 12.67902399582301 -4.225381667546985 0.20000000000000018
      vertex 12.710865209922915 4.045007313140156 0.20000000000000018
    endloop
  endfacet
  facet normal 0 0 1
    outer loop
      vertex 12.67902399582301 -4.225381667546985 0.20000000000000018
      vertex 12.710865209922915 -4.045007313140152 0.20000000000000018
      vertex 12.710865209922915 4.045007313140156 0.20000000000000018
    endloop
  endfacet
  facet normal 0 0 1
    outer loop
      vertex 12.710865209922915 -4.045007313140152 0.20000000000000018
      vertex 12.741315824252185 -3.864189378098362 0.20000000000000018
      vertex 12.710865209922915 4.045007313140156 0.20000000000000018
    endloop
  endfacet
  facet normal 0 0 1
    outer loop
      vertex 12.741315824252185 -3.864189378098362 0.20000000000000018
      vertex 12.770372499557821 -3.682947691145789 0.20000000000000018
      vertex 12.741315824252187 3.864189378098355 0.20000000000000018
    endloop
  endfacet
  facet normal 0 0 1
    outer loop
      vertex 12.770372499557821 -3.682947691145789 0.20000000000000018
      vertex 12.790000000000001 -3.5540501351328833 0.20000000000000018
      vertex 12.770372499557821 3.682947691145789 0.20000000000000018
    endloop
  endfacet
  facet normal 0.8320502943378436 0 -0.5547001962252291
    outer loop
      vertex 12.645795673700423 -4.4052926612382315 0.5836935105506336
      vertex 12.741315824252187 3.864189378098355 0.7269737363782789
      vertex 12.67902399582301 -4.225381667546985 0.6335359937345149
    endloop
  endfacet
  facet normal 0.8320502943378437 0 -0.5547001962252291
    outer loop
      vertex 12.67902399582301 -4.225381667546985 0.6335359937345149
      vertex 12.741315824252187 3.864189378098355 0.7269737363782789
      vertex 12.710865209922915 -4.045007313140152 0.6812978148843709
    endloop
  endfacet
  facet normal 0.8320502943378437 0 -0.5547001962252291
    outer loop
      vertex 12.710865209922915 -4.045007313140152 0.6812978148843709
      vertex 12.741315824252187 3.864189378098355 0.7269737363782789
      vertex 12.741315824252185 -3.864189378098362 0.7269737363782762
    endloop
  endfacet
  facet normal 0.8320502943378437 0 -0.5547001962252291
    outer loop
      vertex 12.741315824252185 -3.864189378098362 0.7269737363782762
      vertex 12.770372499557821 3.682947691145789 0.7705587493367303
      vertex 12.770372499557821 -3.682947691145789 0.7705587493367303
    endloop
  endfacet
  facet normal 0.8320502943378437 0 -0.5547001962252291
    outer loop
      vertex 12.770372499557821 -3.682947691145789 0.7705587493367303
      vertex 12.790000000000001 3.554050135132888 0.8000000000000003
      vertex 12.790000000000001 -3.5540501351328833 0.8000000000000003
    endloop
  endfacet
  facet normal 0 0 1
    outer loop
      vertex 12.399999999527932 -5.5 0.20000000000000018
      vertex 12.67902399582301 4.225381667546983 0.20000000000000018
      vertex 12.645795673700421 4.405292661238239 0.20000000000000018
    endloop
  endfacet
  facet normal 0 0 1
    outer loop
      vertex 12.399999999527932 -5.5 0.20000000000000018
      vertex 12.645795673700421 4.405292661238239 0.20000000000000018
      vertex 12.611183887415116 4.5847205649460525 0.20000000000000018
    endloop
  endfacet
  facet normal 0 0 1
    outer loop
      vertex 12.399999999527932 -5.5 0.20000000000000018
      vertex 12.710865209922915 4.045007313140156 0.20000000000000018
      vertex 12.67902399582301 4.225381667546983 0.20000000000000018
    endloop
  endfacet
  facet normal 0 0 1
    outer loop
      vertex 12.399999999527932 -5.5 0.20000000000000018
      vertex 12.611183887415116 4.5847205649460525 0.20000000000000018
      vertex 12.5751924325395 4.763645702378817 0.20000000000000018
    endloop
  endfacet
  facet normal 0 0 1
    outer loop
      vertex 12.399999999527932 -5.5 0.20000000000000018
      vertex 12.537825255942185 4.942048452378907 0.20000000000000018
      vertex 12.499086455355178 5.119909251074371 0.20000000000000018
    endloop
  endfacet
  facet normal 0 0 1
    outer loop
      vertex 12.399999999527932 -5.5 0.20000000000000018
      vertex 12.5751924325395 4.763645702378817 0.20000000000000018
      vertex 12.537825255942185 4.942048452378907 0.20000000000000018
    endloop
  endfacet
  facet normal 0 0 1
    outer loop
      vertex 12.790000000000001 -3.5540501351328833 0.20000000000000018
      vertex 12.790000000000001 3.554050135132888 0.20000000000000018
      vertex 12.770372499557821 3.682947691145789 0.20000000000000018
    endloop
  endfacet
  facet normal 0 0 1
    outer loop
      vertex 12.770372499557821 -3.682947691145789 0.20000000000000018
      vertex 12.770372499557821 3.682947691145789 0.20000000000000018
      vertex 12.741315824252187 3.864189378098355 0.20000000000000018
    endloop
  endfacet
  facet normal 0 0 1
    outer loop
      vertex 12.741315824252185 -3.864189378098362 0.20000000000000018
      vertex 12.741315824252187 3.864189378098355 0.20000000000000018
      vertex 12.710865209922915 4.045007313140156 0.20000000000000018
    endloop
  endfacet
  facet normal 0.8320502943378434 -1.0355335544552956e-18 -0.5547001962252294
    outer loop
      vertex 12.417511124744376 -5.473927038357819 0.24126668711656318
      vertex 12.399999999527932 5.5 0.21499999929189695
      vertex 12.741315824252187 3.864189378098355 0.7269737363782789
    endloop
  endfacet
  facet normal 0.8320502943378436 0 -0.554700196225229
    outer loop
      vertex 12.770372499557821 -3.682947691145789 0.7705587493367303
      vertex 12.770372499557821 3.682947691145789 0.7705587493367303
      vertex 12.790000000000001 3.554050135132888 0.8000000000000003
    endloop
  endfacet
  facet normal 0.8320502943378436 0 -0.554700196225229
    outer loop
      vertex 12.741315824252185 -3.864189378098362 0.7269737363782762
      vertex 12.741315824252187 3.864189378098355 0.7269737363782789
      vertex 12.770372499557821 3.682947691145789 0.7705587493367303
    endloop
  endfacet
  facet normal 0 0 1
    outer loop
      vertex 12.399999999527932 -5.5 0.20000000000000018
      vertex 12.499086455355178 5.119909251074371 0.20000000000000018
      vertex 12.458980278924509 5.297208594024319 0.20000000000000018
    endloop
  endfacet
  facet normal 0 0 1
    outer loop
      vertex 12.399999999527932 -5.5 0.20000000000000018
      vertex 12.458980278924509 5.297208594024319 0.20000000000000018
      vertex 12.417511124744376 5.473927038357819 0.20000000000000018
    endloop
  endfacet
  facet normal 0 0 1
    outer loop
      vertex 12.399999999527932 -5.5 0.20000000000000018
      vertex 12.417511124744376 5.473927038357819 0.20000000000000018
      vertex 12.399999999527932 5.5 0.20000000000000018
    endloop
  endfacet
  facet normal 0.8320502943378417 -9.811313754695286e-16 -0.5547001962252319
    outer loop
      vertex 12.67902399582301 4.225381667546983 0.6335359937345149
      vertex 12.399999999527932 5.5 0.21499999929189695
      vertex 12.645795673700421 4.405292661238239 0.5836935105506309
    endloop
  endfacet
  facet normal 0.8320502943378423 -7.900762588480229e-16 -0.5547001962252314
    outer loop
      vertex 12.67902399582301 4.225381667546983 0.6335359937345149
      vertex 12.710865209922915 4.045007313140156 0.6812978148843709
      vertex 12.399999999527932 5.5 0.21499999929189695
    endloop
  endfacet
  facet normal 0.8320502943378426 -6.46642625372907e-16 -0.5547001962252308
    outer loop
      vertex 12.741315824252187 3.864189378098355 0.7269737363782789
      vertex 12.399999999527932 5.5 0.21499999929189695
      vertex 12.710865209922915 4.045007313140156 0.6812978148843709
    endloop
  endfacet
  facet normal 0 0 1
    outer loop
      vertex 12.417511124744376 5.473927038357819 0.20000000000000018
      vertex 12.411170825010513 5.5 0.20000000000000018
      vertex 12.399999999527932 5.5 0.20000000000000018
    endloop
  endfacet
  facet normal 0.8320502943378554 8.93940921545817e-15 -0.5547001962252116
    outer loop
      vertex 12.5751924325395 4.763645702378817 0.4777886488092502
      vertex 12.611183887415116 4.5847205649460525 0.531775831122673
      vertex 12.399999999527932 5.5 0.21499999929189695
    endloop
  endfacet
  facet normal 0.8320502943378434 0 -0.5547001962252294
    outer loop
      vertex 12.537825255942185 4.942048452378907 0.42173788391327616
      vertex 12.399999999527932 5.5 0.21499999929189695
      vertex 12.499086455355178 5.119909251074371 0.3636296830327659
    endloop
  endfacet
  facet normal 0.8320502943378439 0 -0.5547001962252286
    outer loop
      vertex 12.5751924325395 4.763645702378817 0.4777886488092502
      vertex 12.399999999527932 5.5 0.21499999929189695
      vertex 12.537825255942185 4.942048452378907 0.42173788391327616
    endloop
  endfacet
  facet normal 0.8320502943378439 0 -0.5547001962252289
    outer loop
      vertex 12.499086455355178 5.119909251074371 0.3636296830327659
      vertex 12.399999999527932 5.5 0.21499999929189695
      vertex 12.458980278924509 5.297208594024319 0.3034704183867625
    endloop
  endfacet
  facet normal 0.8320502943378505 1.476382884052252e-14 -0.5547001962252189
    outer loop
      vertex 12.417511124744376 5.473927038357819 0.24126668711656318
      vertex 12.399999999527932 5.5 0.21499999929189695
      vertex 12.411170825010513 5.5 0.23175623751577
    endloop
  endfacet
  facet normal 0.8320502943378437 0 -0.554700196225229
    outer loop
      vertex 12.458980278924509 5.297208594024319 0.3034704183867625
      vertex 12.399999999527932 5.5 0.21499999929189695
      vertex 12.417511124744376 5.473927038357819 0.24126668711656318
    endloop
  endfacet
  facet normal 0.8320502943378416 -1.3939329588588157e-15 -0.5547001962252323
    outer loop
      vertex 12.645795673700421 4.405292661238239 0.5836935105506309
      vertex 12.399999999527932 5.5 0.21499999929189695
      vertex 12.611183887415116 4.5847205649460525 0.531775831122673
    endloop
  endfacet
  facet normal 0 0 1
    outer loop
      vertex -5.5 12.411170825010513 0.20000000000000018
      vertex -5.5 12.399999999527932 0.20000000000000018
      vertex -5.473927038357819 12.417511124744376 0.20000000000000018
    endloop
  endfacet
  facet normal -1.476382884052252e-14 0.8320502943378505 -0.5547001962252189
    outer loop
      vertex -5.5 12.399999999527932 0.21499999929189695
      vertex -5.5 12.411170825010513 0.23175623751577
      vertex -5.473927038357819 12.417511124744376 0.24126668711656318
    endloop
  endfacet
  facet normal 0 0.8320502943378436 -0.5547001962252291
    outer loop
      vertex -5.5 12.399999999527932 0.21499999929189695
      vertex -5.473927038357819 12.417511124744376 0.24126668711656318
      vertex -5.297208594024319 12.458980278924509 0.3034704183867625
    endloop
  endfacet
  facet normal 0 0.8320502943378436 -0.5547001962252294
    outer loop
      vertex -5.5 12.399999999527932 0.21499999929189695
      vertex -5.297208594024319 12.458980278924509 0.3034704183867625
      vertex -5.119909251074371 12.499086455355178 0.3636296830327659
    endloop
  endfacet
  facet normal 0 0.8320502943378434 -0.5547001962252294
    outer loop
      vertex -5.5 12.399999999527932 0.21499999929189695
      vertex -5.119909251074371 12.499086455355178 0.3636296830327659
      vertex -4.942048452378907 12.537825255942185 0.42173788391327616
    endloop
  endfacet
  facet normal 0 0.8320502943378434 -0.5547001962252296
    outer loop
      vertex -5.5 12.399999999527932 0.21499999929189695
      vertex -4.942048452378907 12.537825255942185 0.42173788391327616
      vertex -4.763645702378817 12.5751924325395 0.4777886488092502
    endloop
  endfacet
  facet normal -9.53536982982204e-15 0.8320502943378555 -0.5547001962252116
    outer loop
      vertex -5.5 12.399999999527932 0.21499999929189695
      vertex -4.763645702378817 12.5751924325395 0.4777886488092502
      vertex -4.5847205649460525 12.611183887415116 0.531775831122673
    endloop
  endfacet
  facet normal 1.2390515189856132e-15 0.8320502943378411 -0.5547001962252331
    outer loop
      vertex -5.5 12.399999999527932 0.21499999929189695
      vertex -4.5847205649460525 12.611183887415116 0.531775831122673
      vertex -4.405292661238239 12.645795673700421 0.5836935105506309
    endloop
  endfacet
  facet normal 9.811313754695308e-16 0.8320502943378406 -0.5547001962252336
    outer loop
      vertex -5.5 12.399999999527932 0.21499999929189695
      vertex -4.405292661238239 12.645795673700421 0.5836935105506309
      vertex -4.225381667546983 12.67902399582301 0.6335359937345149
    endloop
  endfacet
  facet normal 1.5801525176960483e-15 0.8320502943378428 -0.5547001962252306
    outer loop
      vertex -5.5 12.399999999527932 0.21499999929189695
      vertex -4.225381667546983 12.67902399582301 0.6335359937345149
      vertex -4.045007313140156 12.710865209922915 0.6812978148843709
    endloop
  endfacet
  facet normal 1.2932852507458148e-15 0.8320502943378417 -0.5547001962252321
    outer loop
      vertex -5.5 12.399999999527932 0.21499999929189695
      vertex -4.045007313140156 12.710865209922915 0.6812978148843709
      vertex -3.864189378098355 12.741315824252187 0.7269737363782789
    endloop
  endfacet
  facet normal 0 0 1
    outer loop
      vertex -5.5 12.399999999527932 0.20000000000000018
      vertex 5.5 12.399999999527932 0.20000000000000018
      vertex -5.473927038357819 12.417511124744376 0.20000000000000018
    endloop
  endfacet
  facet normal 0 0 1
    outer loop
      vertex -5.473927038357819 12.417511124744376 0.20000000000000018
      vertex 5.5 12.399999999527932 0.20000000000000018
      vertex -5.297208594024319 12.458980278924509 0.20000000000000018
    endloop
  endfacet
  facet normal 0 0 1
    outer loop
      vertex -5.297208594024319 12.458980278924509 0.20000000000000018
      vertex 5.5 12.399999999527932 0.20000000000000018
      vertex -5.119909251074371 12.499086455355178 0.20000000000000018
    endloop
  endfacet
  facet normal 0 0 1
    outer loop
      vertex -5.119909251074371 12.499086455355178 0.20000000000000018
      vertex 5.5 12.399999999527932 0.20000000000000018
      vertex -4.942048452378907 12.537825255942185 0.20000000000000018
    endloop
  endfacet
  facet normal 0 0 1
    outer loop
      vertex -4.942048452378907 12.537825255942185 0.20000000000000018
      vertex 5.5 12.399999999527932 0.20000000000000018
      vertex -4.763645702378817 12.5751924325395 0.20000000000000018
    endloop
  endfacet
  facet normal 0 0 1
    outer loop
      vertex -4.763645702378817 12.5751924325395 0.20000000000000018
      vertex 5.5 12.399999999527932 0.20000000000000018
      vertex -4.5847205649460525 12.611183887415116 0.20000000000000018
    endloop
  endfacet
  facet normal 0 0 1
    outer loop
      vertex -4.045007313140156 12.710865209922915 0.20000000000000018
      vertex 3.864189378098362 12.741315824252185 0.20000000000000018
      vertex -3.864189378098355 12.741315824252187 0.20000000000000018
    endloop
  endfacet
  facet normal 0 0 1
    outer loop
      vertex -3.864189378098355 12.741315824252187 0.20000000000000018
      vertex 3.682947691145789 12.770372499557821 0.20000000000000018
      vertex -3.682947691145789 12.770372499557821 0.20000000000000018
    endloop
  endfacet
  facet normal 0 0 1
    outer loop
      vertex -3.682947691145789 12.770372499557821 0.20000000000000018
      vertex 3.5540501351328833 12.790000000000001 0.20000000000000018
      vertex -3.554050135132888 12.790000000000001 0.20000000000000018
    endloop
  endfacet
  facet normal 0 0 1
    outer loop
      vertex -4.5847205649460525 12.611183887415116 0.20000000000000018
      vertex 5.5 12.399999999527932 0.20000000000000018
      vertex -4.405292661238239 12.645795673700421 0.20000000000000018
    endloop
  endfacet
  facet normal 0 0 1
    outer loop
      vertex -4.405292661238239 12.645795673700421 0.20000000000000018
      vertex 5.5 12.399999999527932 0.20000000000000018
      vertex -4.225381667546983 12.67902399582301 0.20000000000000018
    endloop
  endfacet
  facet normal 0 0 1
    outer loop
      vertex -4.225381667546983 12.67902399582301 0.20000000000000018
      vertex 5.5 12.399999999527932 0.20000000000000018
      vertex -4.045007313140156 12.710865209922915 0.20000000000000018
    endloop
  endfacet
  facet normal 1.0355335544552956e-18 0.8320502943378434 -0.5547001962252294
    outer loop
      vertex -5.5 12.399999999527932 0.21499999929189695
      vertex -3.864189378098355 12.741315824252187 0.7269737363782789
      vertex 5.473927038357819 12.417511124744376 0.24126668711656318
    endloop
  endfacet
  facet normal 0 0.8320502943378436 -0.554700196225229
    outer loop
      vertex -3.864189378098355 12.741315824252187 0.7269737363782789
      vertex -3.682947691145789 12.770372499557821 0.7705587493367303
      vertex 3.864189378098362 12.741315824252185 0.7269737363782762
    endloop
  endfacet
  facet normal 0 0.8320502943378436 -0.554700196225229
    outer loop
      vertex -3.682947691145789 12.770372499557821 0.7705587493367303
      vertex -3.554050135132888 12.790000000000001 0.8000000000000003
      vertex 3.682947691145789 12.770372499557821 0.7705587493367303
    endloop
  endfacet
  facet normal 0 0 1
    outer loop
      vertex -3.682947691145789 12.770372499557821 0.20000000000000018
      vertex 3.682947691145789 12.770372499557821 0.20000000000000018
      vertex 3.5540501351328833 12.790000000000001 0.20000000000000018
    endloop
  endfacet
  facet normal 0 0 1
    outer loop
      vertex -3.864189378098355 12.741315824252187 0.20000000000000018
      vertex 3.864189378098362 12.741315824252185 0.20000000000000018
      vertex 3.682947691145789 12.770372499557821 0.20000000000000018
    endloop
  endfacet
  facet normal 0 0 1
    outer loop
      vertex -4.045007313140156 12.710865209922915 0.20000000000000018
      vertex 4.045007313140152 12.710865209922915 0.20000000000000018
      vertex 3.864189378098362 12.741315824252185 0.20000000000000018
    endloop
  endfacet
  facet normal 0 0 1
    outer loop
      vertex -4.045007313140156 12.710865209922915 0.20000000000000018
      vertex 4.225381667546985 12.67902399582301 0.20000000000000018
      vertex 4.045007313140152 12.710865209922915 0.20000000000000018
    endloop
  endfacet
  facet normal 0 0 1
    outer loop
      vertex -4.045007313140156 12.710865209922915 0.20000000000000018
      vertex 4.4052926612382315 12.645795673700423 0.20000000000000018
      vertex 4.225381667546985 12.67902399582301 0.20000000000000018
    endloop
  endfacet
  facet normal 0 0.8320502943378437 -0.5547001962252293
    outer loop
      vertex -3.864189378098355 12.741315824252187 0.7269737363782789
      vertex 3.864189378098362 12.741315824252185 0.7269737363782762
      vertex 4.045007313140152 12.710865209922915 0.6812978148843709
    endloop
  endfacet
  facet normal 0 0.8320502943378437 -0.5547001962252291
    outer loop
      vertex -3.864189378098355 12.741315824252187 0.7269737363782789
      vertex 4.045007313140152 12.710865209922915 0.6812978148843709
      vertex 4.225381667546985 12.67902399582301 0.6335359937345149
    endloop
  endfacet
  facet normal 0 0.8320502943378437 -0.5547001962252291
    outer loop
      vertex -3.864189378098355 12.741315824252187 0.7269737363782789
      vertex 4.225381667546985 12.67902399582301 0.6335359937345149
      vertex 4.4052926612382315 12.645795673700423 0.5836935105506336
    endloop
  endfacet
  facet normal 0 0.8320502943378437 -0.5547001962252291
    outer loop
      vertex -3.682947691145789 12.770372499557821 0.7705587493367303
      vertex 3.682947691145789 12.770372499557821 0.7705587493367303
      vertex 3.864189378098362 12.741315824252185 0.7269737363782762
    endloop
  endfacet
  facet normal 0 0.8320502943378436 -0.5547001962252291
    outer loop
      vertex -3.554050135132888 12.790000000000001 0.8000000000000003
      vertex 3.5540501351328833 12.790000000000001 0.8000000000000003
      vertex 3.682947691145789 12.770372499557821 0.7705587493367303
    endloop
  endfacet
  facet normal 0 0 1
    outer loop
      vertex -4.045007313140156 12.710865209922915 0.20000000000000018
      vertex 4.5847205649460525 12.611183887415116 0.20000000000000018
      vertex 4.4052926612382315 12.645795673700423 0.20000000000000018
    endloop
  endfacet
  facet normal 0 0 1
    outer loop
      vertex -4.045007313140156 12.710865209922915 0.20000000000000018
      vertex 4.763645702378824 12.575192432539499 0.20000000000000018
      vertex 4.5847205649460525 12.611183887415116 0.20000000000000018
    endloop
  endfacet
  facet normal 0 0 1
    outer loop
      vertex -4.045007313140156 12.710865209922915 0.20000000000000018
      vertex 4.942048452378904 12.537825255942186 0.20000000000000018
      vertex 4.763645702378824 12.575192432539499 0.20000000000000018
    endloop
  endfacet
  facet normal 0 0 1
    outer loop
      vertex -4.045007313140156 12.710865209922915 0.20000000000000018
      vertex 5.119909251074374 12.499086455355178 0.20000000000000018
      vertex 4.942048452378904 12.537825255942186 0.20000000000000018
    endloop
  endfacet
  facet normal 0 0 1
    outer loop
      vertex -4.045007313140156 12.710865209922915 0.20000000000000018
      vertex 5.297208594024313 12.45898027892451 0.20000000000000018
      vertex 5.119909251074374 12.499086455355178 0.20000000000000018
    endloop
  endfacet
  facet normal 0 0 1
    outer loop
      vertex -4.045007313140156 12.710865209922915 0.20000000000000018
      vertex 5.473927038357819 12.417511124744376 0.20000000000000018
      vertex 5.297208594024313 12.45898027892451 0.20000000000000018
    endloop
  endfacet
  facet normal 0 0 1
    outer loop
      vertex -4.045007313140156 12.710865209922915 0.20000000000000018
      vertex 5.5 12.399999999527932 0.20000000000000018
      vertex 5.473927038357819 12.417511124744376 0.20000000000000018
    endloop
  endfacet
  facet normal 0 0.8320502943378505 -0.5547001962252189
    outer loop
      vertex -5.5 12.399999999527932 0.21499999929189695
      vertex 5.5 12.411170825010513 0.23175623751577
      vertex 5.5 12.399999999527932 0.21499999929189695
    endloop
  endfacet
  facet normal 6.139913740917743e-17 0.8320502943378318 -0.554700196225247
    outer loop
      vertex -5.5 12.399999999527932 0.21499999929189695
      vertex 5.473927038357819 12.417511124744376 0.24126668711656318
      vertex 5.5 12.411170825010513 0.23175623751577
    endloop
  endfacet
  facet normal 4.665157269010686e-17 0.832050294337844 -0.5547001962252288
    outer loop
      vertex -3.864189378098355 12.741315824252187 0.7269737363782789
      vertex 5.297208594024313 12.45898027892451 0.30347041838676514
      vertex 5.473927038357819 12.417511124744376 0.24126668711656318
    endloop
  endfacet
  facet normal 0 0.8320502943378436 -0.5547001962252294
    outer loop
      vertex -3.864189378098355 12.741315824252187 0.7269737363782789
      vertex 4.4052926612382315 12.645795673700423 0.5836935105506336
      vertex 4.5847205649460525 12.611183887415116 0.531775831122673
    endloop
  endfacet
  facet normal -1.2336351201836939e-16 0.8320502943378415 -0.5547001962252324
    outer loop
      vertex -3.864189378098355 12.741315824252187 0.7269737363782789
      vertex 4.5847205649460525 12.611183887415116 0.531775831122673
      vertex 4.763645702378824 12.575192432539499 0.47778864880924754
    endloop
  endfacet
  facet normal 2.6294528584932482e-17 0.8320502943378436 -0.554700196225229
    outer loop
      vertex -3.864189378098355 12.741315824252187 0.7269737363782789
      vertex 4.763645702378824 12.575192432539499 0.47778864880924754
      vertex 4.942048452378904 12.537825255942186 0.4217378839132788
    endloop
  endfacet
  facet normal 2.4255581025380972e-17 0.8320502943378435 -0.5547001962252293
    outer loop
      vertex -3.864189378098355 12.741315824252187 0.7269737363782789
      vertex 5.119909251074374 12.499086455355178 0.3636296830327659
      vertex 5.297208594024313 12.45898027892451 0.30347041838676514
    endloop
  endfacet
  facet normal 2.5243512677432638e-17 0.8320502943378439 -0.5547001962252289
    outer loop
      vertex -3.864189378098355 12.741315824252187 0.7269737363782789
      vertex 4.942048452378904 12.537825255942186 0.4217378839132788
      vertex 5.119909251074374 12.499086455355178 0.3636296830327659
    endloop
  endfacet
  facet normal 0 0 1
    outer loop
      vertex 5.473927038357819 12.417511124744376 0.20000000000000018
      vertex 5.5 12.399999999527932 0.20000000000000018
      vertex 5.5 12.411170825010513 0.20000000000000018
    endloop
  endfacet
  facet normal -0.2362892285184938 -0.971682767412356 0
    outer loop
      vertex -5.5 -12.411170825010513 0.18999999999999995
      vertex -5.473927038357819 -12.417511124744376 0.18999999999999995
      vertex -5.473927038357819 -12.417511124744376 0.20000000000000018
    endloop
  endfacet
  facet normal -0.2362892285184938 -0.971682767412356 0
    outer loop
      vertex -5.5 -12.411170825010513 0.18999999999999995
      vertex -5.473927038357819 -12.417511124744376 0.20000000000000018
      vertex -5.5 -12.411170825010513 0.20000000000000018
    endloop
  endfacet
  facet normal -0.22845643935000418 -0.9735541357929296 0
    outer loop
      vertex -5.473927038357819 -12.417511124744376 0.18999999999999995
      vertex -5.297208594024313 -12.45898027892451 0.20000000000000018
      vertex -5.473927038357819 -12.417511124744376 0.20000000000000018
    endloop
  endfacet
  facet normal -0.22845643935000418 -0.9735541357929296 0
    outer loop
      vertex -5.473927038357819 -12.417511124744376 0.18999999999999995
      vertex -5.297208594024313 -12.45898027892451 0.18999999999999995
      vertex -5.297208594024313 -12.45898027892451 0.20000000000000018
    endloop
  endfacet
  facet normal -0.22063165815492364 -0.9753572019623421 0
    outer loop
      vertex -5.297208594024313 -12.45898027892451 0.18999999999999995
      vertex -5.119909251074374 -12.499086455355178 0.20000000000000018
      vertex -5.297208594024313 -12.45898027892451 0.20000000000000018
    endloop
  endfacet
  facet normal -0.22063165815492364 -0.9753572019623421 0
    outer loop
      vertex -5.297208594024313 -12.45898027892451 0.18999999999999995
      vertex -5.119909251074374 -12.499086455355178 0.18999999999999995
      vertex -5.119909251074374 -12.499086455355178 0.20000000000000018
    endloop
  endfacet
  facet normal -0.21281471056435186 -0.9770925744101278 0
    outer loop
      vertex -5.119909251074374 -12.499086455355178 0.18999999999999995
      vertex -4.942048452378904 -12.537825255942186 0.20000000000000018
      vertex -5.119909251074374 -12.499086455355178 0.20000000000000018
    endloop
  endfacet
  facet normal -0.21281471056435186 -0.9770925744101278 0
    outer loop
      vertex -5.119909251074374 -12.499086455355178 0.18999999999999995
      vertex -4.942048452378904 -12.537825255942186 0.18999999999999995
      vertex -4.942048452378904 -12.537825255942186 0.20000000000000018
    endloop
  endfacet
  facet normal -0.20500541131572708 -0.9787608397005213 0
    outer loop
      vertex -4.942048452378904 -12.537825255942186 0.18999999999999995
      vertex -4.763645702378824 -12.575192432539499 0.20000000000000018
      vertex -4.942048452378904 -12.537825255942186 0.20000000000000018
    endloop
  endfacet
  facet normal -0.20500541131572708 -0.9787608397005213 0
    outer loop
      vertex -4.942048452378904 -12.537825255942186 0.18999999999999995
      vertex -4.763645702378824 -12.575192432539499 0.18999999999999995
      vertex -4.763645702378824 -12.575192432539499 0.20000000000000018
    endloop
  endfacet
  facet normal -0.23628922851849377 -0.9716827674123562 0
    outer loop
      vertex -5.5 -12.411170825010513 0.23175623751577
      vertex -5.473927038357819 -12.417511124744376 0.24126668711656318
      vertex -5.5 -12.411170825010513 1.9682437624842302
    endloop
  endfacet
  facet normal -0.2284564393500041 -0.9735541357929295 0
    outer loop
      vertex -5.473927038357819 -12.417511124744376 0.24126668711656318
      vertex -5.297208594024313 -12.45898027892451 0.30347041838676514
      vertex -5.297208594024313 -12.45898027892451 1.8965295816132355
    endloop
  endfacet
  facet normal -0.22063165815492358 -0.975357201962342 0
    outer loop
      vertex -5.297208594024313 -12.45898027892451 0.30347041838676514
      vertex -5.119909251074374 -12.499086455355178 0.3636296830327659
      vertex -5.119909251074374 -12.499086455355178 1.8363703169672339
    endloop
  endfacet
  facet normal -0.19720356478567796 -0.980362562542971 0
    outer loop
      vertex -4.763645702378824 -12.575192432539499 0.18999999999999995
      vertex -4.5847205649460525 -12.611183887415116 0.18999999999999995
      vertex -4.5847205649460525 -12.611183887415116 0.20000000000000018
    endloop
  endfacet
  facet normal -0.19720356478567796 -0.980362562542971 0
    outer loop
      vertex -4.763645702378824 -12.575192432539499 0.18999999999999995
      vertex -4.5847205649460525 -12.611183887415116 0.20000000000000018
      vertex -4.763645702378824 -12.575192432539499 0.20000000000000018
    endloop
  endfacet
  facet normal -0.18940896550644826 -0.9818982858655866 0
    outer loop
      vertex -4.5847205649460525 -12.611183887415116 0.18999999999999995
      vertex -4.4052926612382315 -12.645795673700423 0.20000000000000018
      vertex -4.5847205649460525 -12.611183887415116 0.20000000000000018
    endloop
  endfacet
  facet normal -0.18940896550644826 -0.9818982858655866 0
    outer loop
      vertex -4.5847205649460525 -12.611183887415116 0.18999999999999995
      vertex -4.4052926612382315 -12.645795673700423 0.18999999999999995
      vertex -4.4052926612382315 -12.645795673700423 0.20000000000000018
    endloop
  endfacet
  facet normal -0.1816213986663536 -0.9833685308908748 0
    outer loop
      vertex -4.4052926612382315 -12.645795673700423 0.18999999999999995
      vertex -4.225381667546985 -12.67902399582301 0.20000000000000018
      vertex -4.4052926612382315 -12.645795673700423 0.20000000000000018
    endloop
  endfacet
  facet normal -0.1816213986663536 -0.9833685308908748 0
    outer loop
      vertex -4.4052926612382315 -12.645795673700423 0.18999999999999995
      vertex -4.225381667546985 -12.67902399582301 0.18999999999999995
      vertex -4.225381667546985 -12.67902399582301 0.20000000000000018
    endloop
  endfacet
  facet normal -0.1738406405952395 -0.9847737972130639 0
    outer loop
      vertex -4.225381667546985 -12.67902399582301 0.18999999999999995
      vertex -4.045007313140152 -12.710865209922915 0.18999999999999995
      vertex -4.045007313140152 -12.710865209922915 0.20000000000000018
    endloop
  endfacet
  facet normal -0.1738406405952395 -0.9847737972130639 0
    outer loop
      vertex -4.225381667546985 -12.67902399582301 0.18999999999999995
      vertex -4.045007313140152 -12.710865209922915 0.20000000000000018
      vertex -4.225381667546985 -12.67902399582301 0.20000000000000018
    endloop
  endfacet
  facet normal -0.16606645923529845 -0.9861145628764697 0
    outer loop
      vertex -4.045007313140152 -12.710865209922915 0.18999999999999995
      vertex -3.864189378098362 -12.741315824252185 0.20000000000000018
      vertex -4.045007313140152 -12.710865209922915 0.20000000000000018
    endloop
  endfacet
  facet normal -0.16606645923529845 -0.9861145628764697 0
    outer loop
      vertex -4.045007313140152 -12.710865209922915 0.18999999999999995
      vertex -3.864189378098362 -12.741315824252185 0.18999999999999995
      vertex -3.864189378098362 -12.741315824252185 0.20000000000000018
    endloop
  endfacet
  facet normal -0.15829861459803982 -0.9873912844543147 0
    outer loop
      vertex -3.864189378098362 -12.741315824252185 0.18999999999999995
      vertex -3.682947691145789 -12.770372499557821 0.20000000000000018
      vertex -3.864189378098362 -12.741315824252185 0.20000000000000018
    endloop
  endfacet
  facet normal -0.15829861459803982 -0.9873912844543147 0
    outer loop
      vertex -3.864189378098362 -12.741315824252185 0.18999999999999995
      vertex -3.682947691145789 -12.770372499557821 0.18999999999999995
      vertex -3.682947691145789 -12.770372499557821 0.20000000000000018
    endloop
  endfacet
  facet normal -0.1505368592079289 -0.9886043971274922 0
    outer loop
      vertex -3.682947691145789 -12.770372499557821 0.18999999999999995
      vertex -3.5540501351328833 -12.790000000000001 0.18999999999999995
      vertex -3.682947691145789 -12.770372499557821 0.20000000000000018
    endloop
  endfacet
  facet normal -0.1505368592079289 -0.9886043971274922 0
    outer loop
      vertex -3.682947691145789 -12.770372499557821 0.20000000000000018
      vertex -3.5540501351328833 -12.790000000000001 0.18999999999999995
      vertex -3.5540501351328833 -12.790000000000001 0.20000000000000018
    endloop
  endfacet
  facet normal -0.21281471056435183 -0.9770925744101278 0
    outer loop
      vertex -5.119909251074374 -12.499086455355178 0.3636296830327659
      vertex -4.942048452378904 -12.537825255942186 0.4217378839132788
      vertex -4.942048452378904 -12.537825255942186 1.778262116086721
    endloop
  endfacet
  facet normal -0.2050054113157271 -0.9787608397005214 0
    outer loop
      vertex -4.942048452378904 -12.537825255942186 0.4217378839132788
      vertex -4.763645702378824 -12.575192432539499 0.47778864880924754
      vertex -4.763645702378824 -12.575192432539499 1.722211351190753
    endloop
  endfacet
  facet normal -0.22845643935000415 -0.9735541357929295 0
    outer loop
      vertex -5.473927038357819 -12.417511124744376 0.24126668711656318
      vertex -5.297208594024313 -12.45898027892451 1.8965295816132355
      vertex -5.473927038357819 -12.417511124744376 1.9587333128834374
    endloop
  endfacet
  facet normal -0.22063165815492364 -0.9753572019623421 0
    outer loop
      vertex -5.297208594024313 -12.45898027892451 0.30347041838676514
      vertex -5.119909251074374 -12.499086455355178 1.8363703169672339
      vertex -5.297208594024313 -12.45898027892451 1.8965295816132355
    endloop
  endfacet
  facet normal -0.23628922851849374 -0.971682767412356 0
    outer loop
      vertex -5.473927038357819 -12.417511124744376 0.24126668711656318
      vertex -5.473927038357819 -12.417511124744376 1.9587333128834374
      vertex -5.5 -12.411170825010513 1.9682437624842302
    endloop
  endfacet
  facet normal -0.21281471056435186 -0.9770925744101279 0
    outer loop
      vertex -5.119909251074374 -12.499086455355178 0.3636296830327659
      vertex -4.942048452378904 -12.537825255942186 1.778262116086721
      vertex -5.119909251074374 -12.499086455355178 1.8363703169672339
    endloop
  endfacet
  facet normal -0.20500541131572708 -0.9787608397005213 0
    outer loop
      vertex -4.942048452378904 -12.537825255942186 0.4217378839132788
      vertex -4.763645702378824 -12.575192432539499 1.722211351190753
      vertex -4.942048452378904 -12.537825255942186 1.778262116086721
    endloop
  endfacet
  facet normal -0.197203564785678 -0.9803625625429712 0
    outer loop
      vertex -4.763645702378824 -12.575192432539499 0.47778864880924754
      vertex -4.5847205649460525 -12.611183887415116 0.531775831122673
      vertex -4.5847205649460525 -12.611183887415116 1.6682241688773272
    endloop
  endfacet
  facet normal -0.18940896550644828 -0.9818982858655865 0
    outer loop
      vertex -4.5847205649460525 -12.611183887415116 0.531775831122673
      vertex -4.4052926612382315 -12.645795673700423 0.5836935105506336
      vertex -4.4052926612382315 -12.645795673700423 1.6163064894493666
    endloop
  endfacet
  facet normal -0.1816213986663536 -0.9833685308908747 0
    outer loop
      vertex -4.4052926612382315 -12.645795673700423 0.5836935105506336
      vertex -4.225381667546985 -12.67902399582301 0.6335359937345149
      vertex -4.225381667546985 -12.67902399582301 1.5664640062654844
    endloop
  endfacet
  facet normal -0.17384064059523952 -0.984773797213064 0
    outer loop
      vertex -4.225381667546985 -12.67902399582301 0.6335359937345149
      vertex -4.045007313140152 -12.710865209922915 0.6812978148843709
      vertex -4.045007313140152 -12.710865209922915 1.5187021851156293
    endloop
  endfacet
  facet normal -0.18940896550644826 -0.9818982858655865 0
    outer loop
      vertex -4.5847205649460525 -12.611183887415116 0.531775831122673
      vertex -4.4052926612382315 -12.645795673700423 1.6163064894493666
      vertex -4.5847205649460525 -12.611183887415116 1.6682241688773272
    endloop
  endfacet
  facet normal -0.18162139866635363 -0.983368530890875 0
    outer loop
      vertex -4.4052926612382315 -12.645795673700423 0.5836935105506336
      vertex -4.225381667546985 -12.67902399582301 1.5664640062654844
      vertex -4.4052926612382315 -12.645795673700423 1.6163064894493666
    endloop
  endfacet
  facet normal -0.1738406405952395 -0.9847737972130639 0
    outer loop
      vertex -4.225381667546985 -12.67902399582301 0.6335359937345149
      vertex -4.045007313140152 -12.710865209922915 1.5187021851156293
      vertex -4.225381667546985 -12.67902399582301 1.5664640062654844
    endloop
  endfacet
  facet normal -0.16606645923529845 -0.9861145628764698 0
    outer loop
      vertex -4.045007313140152 -12.710865209922915 0.6812978148843709
      vertex -3.864189378098362 -12.741315824252185 0.7269737363782762
      vertex -3.864189378098362 -12.741315824252185 1.473026263621723
    endloop
  endfacet
  facet normal -0.15829861459803984 -0.9873912844543147 0
    outer loop
      vertex -3.864189378098362 -12.741315824252185 0.7269737363782762
      vertex -3.682947691145789 -12.770372499557821 0.7705587493367303
      vertex -3.682947691145789 -12.770372499557821 1.429441250663269
    endloop
  endfacet
  facet normal -0.15053685920792886 -0.9886043971274922 0
    outer loop
      vertex -3.682947691145789 -12.770372499557821 0.7705587493367303
      vertex -3.5540501351328833 -12.790000000000001 0.8000000000000003
      vertex -3.5540501351328833 -12.790000000000001 1.4
    endloop
  endfacet
  facet normal -0.15829861459803984 -0.9873912844543146 0
    outer loop
      vertex -3.864189378098362 -12.741315824252185 0.7269737363782762
      vertex -3.682947691145789 -12.770372499557821 1.429441250663269
      vertex -3.864189378098362 -12.741315824252185 1.473026263621723
    endloop
  endfacet
  facet normal -0.1660664592352984 -0.9861145628764697 0
    outer loop
      vertex -4.045007313140152 -12.710865209922915 0.6812978148843709
      vertex -3.864189378098362 -12.741315824252185 1.473026263621723
      vertex -4.045007313140152 -12.710865209922915 1.5187021851156293
    endloop
  endfacet
  facet normal -0.15053685920792892 -0.9886043971274922 0
    outer loop
      vertex -3.682947691145789 -12.770372499557821 0.7705587493367303
      vertex -3.5540501351328833 -12.790000000000001 1.4
      vertex -3.682947691145789 -12.770372499557821 1.429441250663269
    endloop
  endfacet
  facet normal -0.197203564785678 -0.9803625625429712 0
    outer loop
      vertex -4.763645702378824 -12.575192432539499 0.47778864880924754
      vertex -4.5847205649460525 -12.611183887415116 1.6682241688773272
      vertex -4.763645702378824 -12.575192432539499 1.722211351190753
    endloop
  endfacet
  facet normal 0.15053685920793447 -0.9886043971274914 0
    outer loop
      vertex 3.554050135132888 -12.790000000000001 0.18999999999999995
      vertex 3.682947691145789 -12.770372499557821 0.20000000000000018
      vertex 3.554050135132888 -12.790000000000001 0.20000000000000018
    endloop
  endfacet
  facet normal 0.15053685920793447 -0.9886043971274914 0
    outer loop
      vertex 3.554050135132888 -12.790000000000001 0.18999999999999995
      vertex 3.682947691145789 -12.770372499557821 0.18999999999999995
      vertex 3.682947691145789 -12.770372499557821 0.20000000000000018
    endloop
  endfacet
  facet normal 0.15829861459803646 -0.9873912844543152 0
    outer loop
      vertex 3.682947691145789 -12.770372499557821 0.18999999999999995
      vertex 3.864189378098355 -12.741315824252187 0.20000000000000018
      vertex 3.682947691145789 -12.770372499557821 0.20000000000000018
    endloop
  endfacet
  facet normal 0.15829861459803646 -0.9873912844543152 0
    outer loop
      vertex 3.682947691145789 -12.770372499557821 0.18999999999999995
      vertex 3.864189378098355 -12.741315824252187 0.18999999999999995
      vertex 3.864189378098355 -12.741315824252187 0.20000000000000018
    endloop
  endfacet
  facet normal 0.16606645923529834 -0.9861145628764698 0
    outer loop
      vertex 3.864189378098355 -12.741315824252187 0.18999999999999995
      vertex 4.045007313140156 -12.710865209922915 0.20000000000000018
      vertex 3.864189378098355 -12.741315824252187 0.20000000000000018
    endloop
  endfacet
  facet normal 0.16606645923529834 -0.9861145628764698 0
    outer loop
      vertex 3.864189378098355 -12.741315824252187 0.18999999999999995
      vertex 4.045007313140156 -12.710865209922915 0.18999999999999995
      vertex 4.045007313140156 -12.710865209922915 0.20000000000000018
    endloop
  endfacet
  facet normal 0.1738406405952453 -0.9847737972130629 0
    outer loop
      vertex 4.045007313140156 -12.710865209922915 0.18999999999999995
      vertex 4.225381667546983 -12.67902399582301 0.20000000000000018
      vertex 4.045007313140156 -12.710865209922915 0.20000000000000018
    endloop
  endfacet
  facet normal 0.1738406405952453 -0.9847737972130629 0
    outer loop
      vertex 4.045007313140156 -12.710865209922915 0.18999999999999995
      vertex 4.225381667546983 -12.67902399582301 0.18999999999999995
      vertex 4.225381667546983 -12.67902399582301 0.20000000000000018
    endloop
  endfacet
  facet normal 0.18162139866635346 -0.9833685308908748 0
    outer loop
      vertex 4.225381667546983 -12.67902399582301 0.18999999999999995
      vertex 4.405292661238239 -12.645795673700421 0.20000000000000018
      vertex 4.225381667546983 -12.67902399582301 0.20000000000000018
    endloop
  endfacet
  facet normal 0.18162139866635346 -0.9833685308908748 0
    outer loop
      vertex 4.225381667546983 -12.67902399582301 0.18999999999999995
      vertex 4.405292661238239 -12.645795673700421 0.18999999999999995
      vertex 4.405292661238239 -12.645795673700421 0.20000000000000018
    endloop
  endfacet
  facet normal 0.18940896550644612 -0.9818982858655869 0
    outer loop
      vertex 4.405292661238239 -12.645795673700421 0.18999999999999995
      vertex 4.5847205649460525 -12.611183887415116 0.20000000000000018
      vertex 4.405292661238239 -12.645795673700421 0.20000000000000018
    endloop
  endfacet
  facet normal 0.18940896550644612 -0.9818982858655869 0
    outer loop
      vertex 4.405292661238239 -12.645795673700421 0.18999999999999995
      vertex 4.5847205649460525 -12.611183887415116 0.18999999999999995
      vertex 4.5847205649460525 -12.611183887415116 0.20000000000000018
    endloop
  endfacet
  facet normal 0.19720356478567616 -0.9803625625429715 0
    outer loop
      vertex 4.5847205649460525 -12.611183887415116 0.18999999999999995
      vertex 4.763645702378817 -12.5751924325395 0.20000000000000018
      vertex 4.5847205649460525 -12.611183887415116 0.20000000000000018
    endloop
  endfacet
  facet normal 0.19720356478567616 -0.9803625625429715 0
    outer loop
      vertex 4.5847205649460525 -12.611183887415116 0.18999999999999995
      vertex 4.763645702378817 -12.5751924325395 0.18999999999999995
      vertex 4.763645702378817 -12.5751924325395 0.20000000000000018
    endloop
  endfacet
  facet normal 0.20500541131573405 -0.9787608397005199 0
    outer loop
      vertex 4.763645702378817 -12.5751924325395 0.18999999999999995
      vertex 4.942048452378907 -12.537825255942185 0.20000000000000018
      vertex 4.763645702378817 -12.5751924325395 0.20000000000000018
    endloop
  endfacet
  facet normal 0.20500541131573405 -0.9787608397005199 0
    outer loop
      vertex 4.763645702378817 -12.5751924325395 0.18999999999999995
      vertex 4.942048452378907 -12.537825255942185 0.18999999999999995
      vertex 4.942048452378907 -12.537825255942185 0.20000000000000018
    endloop
  endfacet
  facet normal 0.21281471056434964 -0.9770925744101283 0
    outer loop
      vertex 4.942048452378907 -12.537825255942185 0.18999999999999995
      vertex 5.119909251074371 -12.499086455355178 0.20000000000000018
      vertex 4.942048452378907 -12.537825255942185 0.20000000000000018
    endloop
  endfacet
  facet normal 0.21281471056434964 -0.9770925744101283 0
    outer loop
      vertex 4.942048452378907 -12.537825255942185 0.18999999999999995
      vertex 5.119909251074371 -12.499086455355178 0.18999999999999995
      vertex 5.119909251074371 -12.499086455355178 0.20000000000000018
    endloop
  endfacet
  facet normal 0.2206316581549224 -0.9753572019623423 0
    outer loop
      vertex 5.119909251074371 -12.499086455355178 0.18999999999999995
      vertex 5.297208594024319 -12.458980278924509 0.20000000000000018
      vertex 5.119909251074371 -12.499086455355178 0.20000000000000018
    endloop
  endfacet
  facet normal 0.2206316581549224 -0.9753572019623423 0
    outer loop
      vertex 5.119909251074371 -12.499086455355178 0.18999999999999995
      vertex 5.297208594024319 -12.458980278924509 0.18999999999999995
      vertex 5.297208594024319 -12.458980278924509 0.20000000000000018
    endloop
  endfacet
  facet normal 0.22845643935000248 -0.9735541357929299 0
    outer loop
      vertex 5.297208594024319 -12.458980278924509 0.18999999999999995
      vertex 5.473927038357819 -12.417511124744376 0.20000000000000018
      vertex 5.297208594024319 -12.458980278924509 0.20000000000000018
    endloop
  endfacet
  facet normal 0.22845643935000248 -0.9735541357929299 0
    outer loop
      vertex 5.297208594024319 -12.458980278924509 0.18999999999999995
      vertex 5.473927038357819 -12.417511124744376 0.18999999999999995
      vertex 5.473927038357819 -12.417511124744376 0.20000000000000018
    endloop
  endfacet
  facet normal 0.2362892285184938 -0.971682767412356 0
    outer loop
      vertex 5.473927038357819 -12.417511124744376 0.18999999999999995
      vertex 5.5 -12.411170825010513 0.18999999999999995
      vertex 5.473927038357819 -12.417511124744376 0.20000000000000018
    endloop
  endfacet
  facet normal 0.2362892285184938 -0.971682767412356 0
    outer loop
      vertex 5.473927038357819 -12.417511124744376 0.20000000000000018
      vertex 5.5 -12.411170825010513 0.18999999999999995
      vertex 5.5 -12.411170825010513 0.20000000000000018
    endloop
  endfacet
  facet normal 0.23628922851849374 -0.971682767412356 0
    outer loop
      vertex 5.473927038357819 -12.417511124744376 0.24126668711656318
      vertex 5.5 -12.411170825010513 0.23175623751577
      vertex 5.473927038357819 -12.417511124744376 1.9587333128834374
    endloop
  endfacet
  facet normal 0.22845643935000248 -0.97355413579293 0
    outer loop
      vertex 5.297208594024319 -12.458980278924509 0.3034704183867625
      vertex 5.473927038357819 -12.417511124744376 0.24126668711656318
      vertex 5.473927038357819 -12.417511124744376 1.9587333128834374
    endloop
  endfacet
  facet normal 0.15053685920793447 -0.9886043971274913 0
    outer loop
      vertex 3.554050135132888 -12.790000000000001 0.8000000000000003
      vertex 3.682947691145789 -12.770372499557821 0.7705587493367303
      vertex 3.682947691145789 -12.770372499557821 1.429441250663269
    endloop
  endfacet
  facet normal 0.15829861459803646 -0.9873912844543152 0
    outer loop
      vertex 3.864189378098355 -12.741315824252187 0.7269737363782789
      vertex 3.864189378098355 -12.741315824252187 1.4730262636217213
      vertex 3.682947691145789 -12.770372499557821 0.7705587493367303
    endloop
  endfacet
  facet normal 0.1660664592352983 -0.9861145628764697 0
    outer loop
      vertex 3.864189378098355 -12.741315824252187 0.7269737363782789
      vertex 4.045007313140156 -12.710865209922915 0.6812978148843709
      vertex 4.045007313140156 -12.710865209922915 1.5187021851156293
    endloop
  endfacet
  facet normal 0.15053685920793447 -0.9886043971274914 0
    outer loop
      vertex 3.554050135132888 -12.790000000000001 0.8000000000000003
      vertex 3.682947691145789 -12.770372499557821 1.429441250663269
      vertex 3.554050135132888 -12.790000000000001 1.4
    endloop
  endfacet
  facet normal 0.15829861459803646 -0.9873912844543151 0
    outer loop
      vertex 3.682947691145789 -12.770372499557821 0.7705587493367303
      vertex 3.864189378098355 -12.741315824252187 1.4730262636217213
      vertex 3.682947691145789 -12.770372499557821 1.429441250663269
    endloop
  endfacet
  facet normal 0.16606645923529834 -0.9861145628764697 0
    outer loop
      vertex 3.864189378098355 -12.741315824252187 0.7269737363782789
      vertex 4.045007313140156 -12.710865209922915 1.5187021851156293
      vertex 3.864189378098355 -12.741315824252187 1.4730262636217213
    endloop
  endfacet
  facet normal 0.1816213986663535 -0.9833685308908748 0
    outer loop
      vertex 4.225381667546983 -12.67902399582301 0.6335359937345149
      vertex 4.405292661238239 -12.645795673700421 0.5836935105506309
      vertex 4.405292661238239 -12.645795673700421 1.6163064894493684
    endloop
  endfacet
  facet normal 0.17384064059524532 -0.9847737972130629 0
    outer loop
      vertex 4.225381667546983 -12.67902399582301 0.6335359937345149
      vertex 4.225381667546983 -12.67902399582301 1.5664640062654844
      vertex 4.045007313140156 -12.710865209922915 0.6812978148843709
    endloop
  endfacet
  facet normal 0.18940896550644612 -0.981898285865587 0
    outer loop
      vertex 4.405292661238239 -12.645795673700421 0.5836935105506309
      vertex 4.5847205649460525 -12.611183887415116 0.531775831122673
      vertex 4.5847205649460525 -12.611183887415116 1.6682241688773272
    endloop
  endfacet
  facet normal 0.19720356478567613 -0.9803625625429715 0
    outer loop
      vertex 4.763645702378817 -12.5751924325395 0.4777886488092502
      vertex 4.763645702378817 -12.5751924325395 1.7222113511907495
      vertex 4.5847205649460525 -12.611183887415116 0.531775831122673
    endloop
  endfacet
  facet normal 0.17384064059524532 -0.9847737972130629 0
    outer loop
      vertex 4.045007313140156 -12.710865209922915 0.6812978148843709
      vertex 4.225381667546983 -12.67902399582301 1.5664640062654844
      vertex 4.045007313140156 -12.710865209922915 1.5187021851156293
    endloop
  endfacet
  facet normal 0.18162139866635343 -0.9833685308908748 0
    outer loop
      vertex 4.225381667546983 -12.67902399582301 0.6335359937345149
      vertex 4.405292661238239 -12.645795673700421 1.6163064894493684
      vertex 4.225381667546983 -12.67902399582301 1.5664640062654844
    endloop
  endfacet
  facet normal 0.18940896550644612 -0.981898285865587 0
    outer loop
      vertex 4.405292661238239 -12.645795673700421 0.5836935105506309
      vertex 4.5847205649460525 -12.611183887415116 1.6682241688773272
      vertex 4.405292661238239 -12.645795673700421 1.6163064894493684
    endloop
  endfacet
  facet normal 0.19720356478567616 -0.9803625625429714 0
    outer loop
      vertex 4.5847205649460525 -12.611183887415116 0.531775831122673
      vertex 4.763645702378817 -12.5751924325395 1.7222113511907495
      vertex 4.5847205649460525 -12.611183887415116 1.6682241688773272
    endloop
  endfacet
  facet normal 0.20500541131573402 -0.9787608397005199 0
    outer loop
      vertex 4.763645702378817 -12.5751924325395 0.4777886488092502
      vertex 4.942048452378907 -12.537825255942185 0.42173788391327616
      vertex 4.942048452378907 -12.537825255942185 1.7782621160867245
    endloop
  endfacet
  facet normal 0.21281471056434964 -0.9770925744101282 0
    outer loop
      vertex 4.942048452378907 -12.537825255942185 0.42173788391327616
      vertex 5.119909251074371 -12.499086455355178 0.3636296830327659
      vertex 5.119909251074371 -12.499086455355178 1.8363703169672339
    endloop
  endfacet
  facet normal 0.2206316581549224 -0.9753572019623423 0
    outer loop
      vertex 5.119909251074371 -12.499086455355178 0.3636296830327659
      vertex 5.297208594024319 -12.458980278924509 0.3034704183867625
      vertex 5.297208594024319 -12.458980278924509 1.8965295816132373
    endloop
  endfacet
  facet normal 0.20500541131573405 -0.9787608397005199 0
    outer loop
      vertex 4.763645702378817 -12.5751924325395 0.4777886488092502
      vertex 4.942048452378907 -12.537825255942185 1.7782621160867245
      vertex 4.763645702378817 -12.5751924325395 1.7222113511907495
    endloop
  endfacet
  facet normal 0.21281471056434967 -0.9770925744101283 0
    outer loop
      vertex 4.942048452378907 -12.537825255942185 0.42173788391327616
      vertex 5.119909251074371 -12.499086455355178 1.8363703169672339
      vertex 4.942048452378907 -12.537825255942185 1.7782621160867245
    endloop
  endfacet
  facet normal 0.22063165815492242 -0.9753572019623423 0
    outer loop
      vertex 5.119909251074371 -12.499086455355178 0.3636296830327659
      vertex 5.297208594024319 -12.458980278924509 1.8965295816132373
      vertex 5.119909251074371 -12.499086455355178 1.8363703169672339
    endloop
  endfacet
  facet normal 0.22845643935000248 -0.9735541357929298 0
    outer loop
      vertex 5.297208594024319 -12.458980278924509 0.3034704183867625
      vertex 5.473927038357819 -12.417511124744376 1.9587333128834374
      vertex 5.297208594024319 -12.458980278924509 1.8965295816132373
    endloop
  endfacet
  facet normal 0.23628922851849377 -0.9716827674123562 0
    outer loop
      vertex 5.5 -12.411170825010513 0.23175623751577
      vertex 5.5 -12.411170825010513 1.9682437624842302
      vertex 5.473927038357819 -12.417511124744376 1.9587333128834374
    endloop
  endfacet
  facet normal -0.971682767412356 -0.2362892285184938 0
    outer loop
      vertex -12.411170825010513 -5.5 0.18999999999999995
      vertex -12.417511124744376 -5.473927038357819 0.20000000000000018
      vertex -12.417511124744376 -5.473927038357819 0.18999999999999995
    endloop
  endfacet
  facet normal -0.971682767412356 -0.2362892285184938 0
    outer loop
      vertex -12.411170825010513 -5.5 0.18999999999999995
      vertex -12.411170825010513 -5.5 0.20000000000000018
      vertex -12.417511124744376 -5.473927038357819 0.20000000000000018
    endloop
  endfacet
  facet normal -0.9735541357929299 -0.22845643935000248 0
    outer loop
      vertex -12.417511124744376 -5.473927038357819 0.18999999999999995
      vertex -12.417511124744376 -5.473927038357819 0.20000000000000018
      vertex -12.458980278924509 -5.297208594024319 0.18999999999999995
    endloop
  endfacet
  facet normal -0.9735541357929299 -0.22845643935000248 0
    outer loop
      vertex -12.417511124744376 -5.473927038357819 0.20000000000000018
      vertex -12.458980278924509 -5.297208594024319 0.20000000000000018
      vertex -12.458980278924509 -5.297208594024319 0.18999999999999995
    endloop
  endfacet
  facet normal -0.9753572019623423 -0.2206316581549224 0
    outer loop
      vertex -12.458980278924509 -5.297208594024319 0.18999999999999995
      vertex -12.458980278924509 -5.297208594024319 0.20000000000000018
      vertex -12.499086455355178 -5.119909251074371 0.18999999999999995
    endloop
  endfacet
  facet normal -0.9770925744101283 -0.21281471056434964 0
    outer loop
      vertex -12.499086455355178 -5.119909251074371 0.18999999999999995
      vertex -12.499086455355178 -5.119909251074371 0.20000000000000018
      vertex -12.537825255942185 -4.942048452378907 0.18999999999999995
    endloop
  endfacet
  facet normal -0.9770925744101283 -0.21281471056434964 0
    outer loop
      vertex -12.499086455355178 -5.119909251074371 0.20000000000000018
      vertex -12.537825255942185 -4.942048452378907 0.20000000000000018
      vertex -12.537825255942185 -4.942048452378907 0.18999999999999995
    endloop
  endfacet
  facet normal -0.9753572019623423 -0.2206316581549224 0
    outer loop
      vertex -12.458980278924509 -5.297208594024319 0.20000000000000018
      vertex -12.499086455355178 -5.119909251074371 0.20000000000000018
      vertex -12.499086455355178 -5.119909251074371 0.18999999999999995
    endloop
  endfacet
  facet normal -0.9787608397005199 -0.20500541131573405 0
    outer loop
      vertex -12.537825255942185 -4.942048452378907 0.18999999999999995
      vertex -12.537825255942185 -4.942048452378907 0.20000000000000018
      vertex -12.5751924325395 -4.763645702378817 0.18999999999999995
    endloop
  endfacet
  facet normal -0.9787608397005199 -0.20500541131573405 0
    outer loop
      vertex -12.537825255942185 -4.942048452378907 0.20000000000000018
      vertex -12.5751924325395 -4.763645702378817 0.20000000000000018
      vertex -12.5751924325395 -4.763645702378817 0.18999999999999995
    endloop
  endfacet
  facet normal -0.971682767412356 -0.23628922851849374 0
    outer loop
      vertex -12.411170825010513 -5.5 0.23175623751577
      vertex -12.417511124744376 -5.473927038357819 1.9587333128834374
      vertex -12.417511124744376 -5.473927038357819 0.24126668711656318
    endloop
  endfacet
  facet normal -0.97355413579293 -0.22845643935000248 0
    outer loop
      vertex -12.417511124744376 -5.473927038357819 0.24126668711656318
      vertex -12.417511124744376 -5.473927038357819 1.9587333128834374
      vertex -12.458980278924509 -5.297208594024319 0.3034704183867625
    endloop
  endfacet
  facet normal -0.9803625625429715 -0.19720356478567616 0
    outer loop
      vertex -12.611183887415116 -4.5847205649460525 0.18999999999999995
      vertex -12.5751924325395 -4.763645702378817 0.20000000000000018
      vertex -12.611183887415116 -4.5847205649460525 0.20000000000000018
    endloop
  endfacet
  facet normal -0.9818982858655869 -0.18940896550644612 0
    outer loop
      vertex -12.611183887415116 -4.5847205649460525 0.18999999999999995
      vertex -12.611183887415116 -4.5847205649460525 0.20000000000000018
      vertex -12.645795673700421 -4.405292661238239 0.18999999999999995
    endloop
  endfacet
  facet normal -0.9818982858655869 -0.18940896550644612 0
    outer loop
      vertex -12.611183887415116 -4.5847205649460525 0.20000000000000018
      vertex -12.645795673700421 -4.405292661238239 0.20000000000000018
      vertex -12.645795673700421 -4.405292661238239 0.18999999999999995
    endloop
  endfacet
  facet normal -0.9803625625429715 -0.19720356478567616 0
    outer loop
      vertex -12.611183887415116 -4.5847205649460525 0.18999999999999995
      vertex -12.5751924325395 -4.763645702378817 0.18999999999999995
      vertex -12.5751924325395 -4.763645702378817 0.20000000000000018
    endloop
  endfacet
  facet normal -0.9833685308908748 -0.18162139866635346 0
    outer loop
      vertex -12.645795673700421 -4.405292661238239 0.18999999999999995
      vertex -12.645795673700421 -4.405292661238239 0.20000000000000018
      vertex -12.67902399582301 -4.225381667546983 0.18999999999999995
    endloop
  endfacet
  facet normal -0.9833685308908748 -0.18162139866635346 0
    outer loop
      vertex -12.645795673700421 -4.405292661238239 0.20000000000000018
      vertex -12.67902399582301 -4.225381667546983 0.20000000000000018
      vertex -12.67902399582301 -4.225381667546983 0.18999999999999995
    endloop
  endfacet
  facet normal -0.9847737972130629 -0.1738406405952453 0
    outer loop
      vertex -12.67902399582301 -4.225381667546983 0.20000000000000018
      vertex -12.710865209922915 -4.045007313140156 0.20000000000000018
      vertex -12.710865209922915 -4.045007313140156 0.18999999999999995
    endloop
  endfacet
  facet normal -0.9847737972130629 -0.1738406405952453 0
    outer loop
      vertex -12.67902399582301 -4.225381667546983 0.18999999999999995
      vertex -12.67902399582301 -4.225381667546983 0.20000000000000018
      vertex -12.710865209922915 -4.045007313140156 0.18999999999999995
    endloop
  endfacet
  facet normal -0.9861145628764698 -0.16606645923529834 0
    outer loop
      vertex -12.710865209922915 -4.045007313140156 0.18999999999999995
      vertex -12.710865209922915 -4.045007313140156 0.20000000000000018
      vertex -12.741315824252187 -3.864189378098355 0.18999999999999995
    endloop
  endfacet
  facet normal -0.9861145628764698 -0.16606645923529834 0
    outer loop
      vertex -12.710865209922915 -4.045007313140156 0.20000000000000018
      vertex -12.741315824252187 -3.864189378098355 0.20000000000000018
      vertex -12.741315824252187 -3.864189378098355 0.18999999999999995
    endloop
  endfacet
  facet normal -0.9873912844543152 -0.15829861459803646 0
    outer loop
      vertex -12.741315824252187 -3.864189378098355 0.18999999999999995
      vertex -12.741315824252187 -3.864189378098355 0.20000000000000018
      vertex -12.770372499557821 -3.682947691145789 0.18999999999999995
    endloop
  endfacet
  facet normal -0.9873912844543152 -0.15829861459803646 0
    outer loop
      vertex -12.741315824252187 -3.864189378098355 0.20000000000000018
      vertex -12.770372499557821 -3.682947691145789 0.20000000000000018
      vertex -12.770372499557821 -3.682947691145789 0.18999999999999995
    endloop
  endfacet
  facet normal -0.9886043971274914 -0.15053685920793447 0
    outer loop
      vertex -12.770372499557821 -3.682947691145789 0.18999999999999995
      vertex -12.770372499557821 -3.682947691145789 0.20000000000000018
      vertex -12.790000000000001 -3.554050135132888 0.18999999999999995
    endloop
  endfacet
  facet normal -0.9886043971274914 -0.15053685920793447 0
    outer loop
      vertex -12.770372499557821 -3.682947691145789 0.20000000000000018
      vertex -12.790000000000001 -3.554050135132888 0.20000000000000018
      vertex -12.790000000000001 -3.554050135132888 0.18999999999999995
    endloop
  endfacet
  facet normal -0.9753572019623423 -0.2206316581549224 0
    outer loop
      vertex -12.458980278924509 -5.297208594024319 0.3034704183867625
      vertex -12.458980278924509 -5.297208594024319 1.8965295816132373
      vertex -12.499086455355178 -5.119909251074371 0.3636296830327659
    endloop
  endfacet
  facet normal -0.9770925744101282 -0.21281471056434964 0
    outer loop
      vertex -12.499086455355178 -5.119909251074371 0.3636296830327659
      vertex -12.499086455355178 -5.119909251074371 1.8363703169672339
      vertex -12.537825255942185 -4.942048452378907 0.42173788391327616
    endloop
  endfacet
  facet normal -0.9787608397005199 -0.20500541131573402 0
    outer loop
      vertex -12.537825255942185 -4.942048452378907 0.42173788391327616
      vertex -12.537825255942185 -4.942048452378907 1.7782621160867245
      vertex -12.5751924325395 -4.763645702378817 0.4777886488092502
    endloop
  endfacet
  facet normal -0.9716827674123562 -0.23628922851849377 0
    outer loop
      vertex -12.411170825010513 -5.5 0.23175623751577
      vertex -12.411170825010513 -5.5 1.9682437624842302
      vertex -12.417511124744376 -5.473927038357819 1.9587333128834374
    endloop
  endfacet
  facet normal -0.9735541357929298 -0.22845643935000248 0
    outer loop
      vertex -12.458980278924509 -5.297208594024319 0.3034704183867625
      vertex -12.417511124744376 -5.473927038357819 1.9587333128834374
      vertex -12.458980278924509 -5.297208594024319 1.8965295816132373
    endloop
  endfacet
  facet normal -0.9770925744101283 -0.21281471056434967 0
    outer loop
      vertex -12.537825255942185 -4.942048452378907 0.42173788391327616
      vertex -12.499086455355178 -5.119909251074371 1.8363703169672339
      vertex -12.537825255942185 -4.942048452378907 1.7782621160867245
    endloop
  endfacet
  facet normal -0.9753572019623423 -0.22063165815492242 0
    outer loop
      vertex -12.499086455355178 -5.119909251074371 0.3636296830327659
      vertex -12.458980278924509 -5.297208594024319 1.8965295816132373
      vertex -12.499086455355178 -5.119909251074371 1.8363703169672339
    endloop
  endfacet
  facet normal -0.9787608397005199 -0.20500541131573405 0
    outer loop
      vertex -12.5751924325395 -4.763645702378817 0.4777886488092502
      vertex -12.537825255942185 -4.942048452378907 1.7782621160867245
      vertex -12.5751924325395 -4.763645702378817 1.7222113511907495
    endloop
  endfacet
  facet normal -0.981898285865587 -0.18940896550644612 0
    outer loop
      vertex -12.611183887415116 -4.5847205649460525 0.531775831122673
      vertex -12.611183887415116 -4.5847205649460525 1.6682241688773272
      vertex -12.645795673700421 -4.405292661238239 0.5836935105506309
    endloop
  endfacet
  facet normal -0.9803625625429715 -0.19720356478567613 0
    outer loop
      vertex -12.5751924325395 -4.763645702378817 0.4777886488092502
      vertex -12.5751924325395 -4.763645702378817 1.7222113511907495
      vertex -12.611183887415116 -4.5847205649460525 0.531775831122673
    endloop
  endfacet
  facet normal -0.9833685308908748 -0.1816213986663535 0
    outer loop
      vertex -12.645795673700421 -4.405292661238239 0.5836935105506309
      vertex -12.645795673700421 -4.405292661238239 1.6163064894493684
      vertex -12.67902399582301 -4.225381667546983 0.6335359937345149
    endloop
  endfacet
  facet normal -0.9847737972130629 -0.17384064059524532 0
    outer loop
      vertex -12.67902399582301 -4.225381667546983 0.6335359937345149
      vertex -12.67902399582301 -4.225381667546983 1.5664640062654844
      vertex -12.710865209922915 -4.045007313140156 0.6812978148843709
    endloop
  endfacet
  facet normal -0.9833685308908748 -0.18162139866635343 0
    outer loop
      vertex -12.67902399582301 -4.225381667546983 0.6335359937345149
      vertex -12.645795673700421 -4.405292661238239 1.6163064894493684
      vertex -12.67902399582301 -4.225381667546983 1.5664640062654844
    endloop
  endfacet
  facet normal -0.9847737972130629 -0.17384064059524532 0
    outer loop
      vertex -12.710865209922915 -4.045007313140156 0.6812978148843709
      vertex -12.67902399582301 -4.225381667546983 1.5664640062654844
      vertex -12.710865209922915 -4.045007313140156 1.5187021851156293
    endloop
  endfacet
  facet normal -0.9861145628764697 -0.16606645923529834 0
    outer loop
      vertex -12.710865209922915 -4.045007313140156 0.6812978148843709
      vertex -12.710865209922915 -4.045007313140156 1.5187021851156293
      vertex -12.741315824252187 -3.864189378098355 0.7269737363782789
    endloop
  endfacet
  facet normal -0.9873912844543152 -0.15829861459803646 0
    outer loop
      vertex -12.741315824252187 -3.864189378098355 0.7269737363782789
      vertex -12.741315824252187 -3.864189378098355 1.4730262636217213
      vertex -12.770372499557821 -3.682947691145789 0.7705587493367303
    endloop
  endfacet
  facet normal -0.9886043971274913 -0.15053685920793447 0
    outer loop
      vertex -12.770372499557821 -3.682947691145789 0.7705587493367303
      vertex -12.770372499557821 -3.682947691145789 1.429441250663269
      vertex -12.790000000000001 -3.554050135132888 0.8000000000000003
    endloop
  endfacet
  facet normal -0.9861145628764697 -0.16606645923529834 0
    outer loop
      vertex -12.741315824252187 -3.864189378098355 0.7269737363782789
      vertex -12.710865209922915 -4.045007313140156 1.5187021851156293
      vertex -12.741315824252187 -3.864189378098355 1.4730262636217213
    endloop
  endfacet
  facet normal -0.9873912844543151 -0.15829861459803646 0
    outer loop
      vertex -12.770372499557821 -3.682947691145789 0.7705587493367303
      vertex -12.741315824252187 -3.864189378098355 1.4730262636217213
      vertex -12.770372499557821 -3.682947691145789 1.429441250663269
    endloop
  endfacet
  facet normal -0.9886043971274914 -0.15053685920793447 0
    outer loop
      vertex -12.790000000000001 -3.554050135132888 0.8000000000000003
      vertex -12.770372499557821 -3.682947691145789 1.429441250663269
      vertex -12.790000000000001 -3.554050135132888 1.4
    endloop
  endfacet
  facet normal -0.9803625625429714 -0.19720356478567616 0
    outer loop
      vertex -12.611183887415116 -4.5847205649460525 0.531775831122673
      vertex -12.5751924325395 -4.763645702378817 1.7222113511907495
      vertex -12.611183887415116 -4.5847205649460525 1.6682241688773272
    endloop
  endfacet
  facet normal -0.981898285865587 -0.18940896550644612 0
    outer loop
      vertex -12.645795673700421 -4.405292661238239 0.5836935105506309
      vertex -12.611183887415116 -4.5847205649460525 1.6682241688773272
      vertex -12.645795673700421 -4.405292661238239 1.6163064894493684
    endloop
  endfacet
  facet normal -0.9886043971274922 0.1505368592079289 0
    outer loop
      vertex -12.790000000000001 3.5540501351328833 0.18999999999999995
      vertex -12.790000000000001 3.5540501351328833 0.20000000000000018
      vertex -12.770372499557821 3.682947691145789 0.20000000000000018
    endloop
  endfacet
  facet normal -0.9886043971274922 0.1505368592079289 0
    outer loop
      vertex -12.790000000000001 3.5540501351328833 0.18999999999999995
      vertex -12.770372499557821 3.682947691145789 0.20000000000000018
      vertex -12.770372499557821 3.682947691145789 0.18999999999999995
    endloop
  endfacet
  facet normal -0.9873912844543147 0.15829861459803982 0
    outer loop
      vertex -12.770372499557821 3.682947691145789 0.18999999999999995
      vertex -12.770372499557821 3.682947691145789 0.20000000000000018
      vertex -12.741315824252185 3.864189378098362 0.18999999999999995
    endloop
  endfacet
  facet normal -0.9873912844543147 0.15829861459803982 0
    outer loop
      vertex -12.770372499557821 3.682947691145789 0.20000000000000018
      vertex -12.741315824252185 3.864189378098362 0.20000000000000018
      vertex -12.741315824252185 3.864189378098362 0.18999999999999995
    endloop
  endfacet
  facet normal -0.9861145628764697 0.16606645923529845 0
    outer loop
      vertex -12.741315824252185 3.864189378098362 0.18999999999999995
      vertex -12.741315824252185 3.864189378098362 0.20000000000000018
      vertex -12.710865209922915 4.045007313140152 0.18999999999999995
    endloop
  endfacet
  facet normal -0.9861145628764697 0.16606645923529845 0
    outer loop
      vertex -12.741315824252185 3.864189378098362 0.20000000000000018
      vertex -12.710865209922915 4.045007313140152 0.20000000000000018
      vertex -12.710865209922915 4.045007313140152 0.18999999999999995
    endloop
  endfacet
  facet normal -0.9847737972130639 0.1738406405952395 0
    outer loop
      vertex -12.710865209922915 4.045007313140152 0.18999999999999995
      vertex -12.710865209922915 4.045007313140152 0.20000000000000018
      vertex -12.67902399582301 4.225381667546985 0.18999999999999995
    endloop
  endfacet
  facet normal -0.9847737972130639 0.1738406405952395 0
    outer loop
      vertex -12.710865209922915 4.045007313140152 0.20000000000000018
      vertex -12.67902399582301 4.225381667546985 0.20000000000000018
      vertex -12.67902399582301 4.225381667546985 0.18999999999999995
    endloop
  endfacet
  facet normal -0.9833685308908748 0.1816213986663536 0
    outer loop
      vertex -12.67902399582301 4.225381667546985 0.18999999999999995
      vertex -12.67902399582301 4.225381667546985 0.20000000000000018
      vertex -12.645795673700423 4.4052926612382315 0.18999999999999995
    endloop
  endfacet
  facet normal -0.9833685308908748 0.1816213986663536 0
    outer loop
      vertex -12.67902399582301 4.225381667546985 0.20000000000000018
      vertex -12.645795673700423 4.4052926612382315 0.20000000000000018
      vertex -12.645795673700423 4.4052926612382315 0.18999999999999995
    endloop
  endfacet
  facet normal -0.9818982858655866 0.18940896550644826 0
    outer loop
      vertex -12.645795673700423 4.4052926612382315 0.18999999999999995
      vertex -12.645795673700423 4.4052926612382315 0.20000000000000018
      vertex -12.611183887415116 4.5847205649460525 0.18999999999999995
    endloop
  endfacet
  facet normal -0.9818982858655866 0.18940896550644826 0
    outer loop
      vertex -12.645795673700423 4.4052926612382315 0.20000000000000018
      vertex -12.611183887415116 4.5847205649460525 0.20000000000000018
      vertex -12.611183887415116 4.5847205649460525 0.18999999999999995
    endloop
  endfacet
  facet normal -0.980362562542971 0.19720356478567796 0
    outer loop
      vertex -12.611183887415116 4.5847205649460525 0.18999999999999995
      vertex -12.611183887415116 4.5847205649460525 0.20000000000000018
      vertex -12.575192432539499 4.763645702378824 0.18999999999999995
    endloop
  endfacet
  facet normal -0.980362562542971 0.19720356478567796 0
    outer loop
      vertex -12.611183887415116 4.5847205649460525 0.20000000000000018
      vertex -12.575192432539499 4.763645702378824 0.20000000000000018
      vertex -12.575192432539499 4.763645702378824 0.18999999999999995
    endloop
  endfacet
  facet normal -0.9787608397005213 0.20500541131572708 0
    outer loop
      vertex -12.575192432539499 4.763645702378824 0.18999999999999995
      vertex -12.575192432539499 4.763645702378824 0.20000000000000018
      vertex -12.537825255942186 4.942048452378904 0.18999999999999995
    endloop
  endfacet
  facet normal -0.9787608397005213 0.20500541131572708 0
    outer loop
      vertex -12.575192432539499 4.763645702378824 0.20000000000000018
      vertex -12.537825255942186 4.942048452378904 0.20000000000000018
      vertex -12.537825255942186 4.942048452378904 0.18999999999999995
    endloop
  endfacet
  facet normal -0.9770925744101278 0.21281471056435186 0
    outer loop
      vertex -12.537825255942186 4.942048452378904 0.18999999999999995
      vertex -12.537825255942186 4.942048452378904 0.20000000000000018
      vertex -12.499086455355178 5.119909251074374 0.18999999999999995
    endloop
  endfacet
  facet normal -0.9770925744101278 0.21281471056435186 0
    outer loop
      vertex -12.537825255942186 4.942048452378904 0.20000000000000018
      vertex -12.499086455355178 5.119909251074374 0.20000000000000018
      vertex -12.499086455355178 5.119909251074374 0.18999999999999995
    endloop
  endfacet
  facet normal -0.9753572019623421 0.22063165815492364 0
    outer loop
      vertex -12.499086455355178 5.119909251074374 0.18999999999999995
      vertex -12.499086455355178 5.119909251074374 0.20000000000000018
      vertex -12.45898027892451 5.297208594024313 0.18999999999999995
    endloop
  endfacet
  facet normal -0.9753572019623421 0.22063165815492364 0
    outer loop
      vertex -12.499086455355178 5.119909251074374 0.20000000000000018
      vertex -12.45898027892451 5.297208594024313 0.20000000000000018
      vertex -12.45898027892451 5.297208594024313 0.18999999999999995
    endloop
  endfacet
  facet normal -0.9735541357929296 0.22845643935000418 0
    outer loop
      vertex -12.45898027892451 5.297208594024313 0.18999999999999995
      vertex -12.45898027892451 5.297208594024313 0.20000000000000018
      vertex -12.417511124744376 5.473927038357819 0.18999999999999995
    endloop
  endfacet
  facet normal -0.9735541357929296 0.22845643935000418 0
    outer loop
      vertex -12.45898027892451 5.297208594024313 0.20000000000000018
      vertex -12.417511124744376 5.473927038357819 0.20000000000000018
      vertex -12.417511124744376 5.473927038357819 0.18999999999999995
    endloop
  endfacet
  facet normal -0.971682767412356 0.2362892285184938 0
    outer loop
      vertex -12.417511124744376 5.473927038357819 0.18999999999999995
      vertex -12.417511124744376 5.473927038357819 0.20000000000000018
      vertex -12.411170825010513 5.5 0.18999999999999995
    endloop
  endfacet
  facet normal -0.971682767412356 0.2362892285184938 0
    outer loop
      vertex -12.417511124744376 5.473927038357819 0.20000000000000018
      vertex -12.411170825010513 5.5 0.20000000000000018
      vertex -12.411170825010513 5.5 0.18999999999999995
    endloop
  endfacet
  facet normal -0.975357201962342 0.22063165815492358 0
    outer loop
      vertex -12.499086455355178 5.119909251074374 0.3636296830327659
      vertex -12.499086455355178 5.119909251074374 1.8363703169672339
      vertex -12.45898027892451 5.297208594024313 0.30347041838676514
    endloop
  endfacet
  facet normal -0.9735541357929295 0.22845643935000415 0
    outer loop
      vertex -12.45898027892451 5.297208594024313 0.30347041838676514
      vertex -12.45898027892451 5.297208594024313 1.8965295816132355
      vertex -12.417511124744376 5.473927038357819 0.24126668711656318
    endloop
  endfacet
  facet normal -0.9716827674123562 0.23628922851849377 0
    outer loop
      vertex -12.417511124744376 5.473927038357819 0.24126668711656318
      vertex -12.411170825010513 5.5 1.9682437624842302
      vertex -12.411170825010513 5.5 0.23175623751577
    endloop
  endfacet
  facet normal -0.9886043971274922 0.1505368592079289 0
    outer loop
      vertex -12.790000000000001 3.5540501351328833 0.8000000000000003
      vertex -12.790000000000001 3.5540501351328833 1.4
      vertex -12.770372499557821 3.682947691145789 0.7705587493367303
    endloop
  endfacet
  facet normal -0.9873912844543147 0.15829861459803984 0
    outer loop
      vertex -12.741315824252185 3.864189378098362 0.7269737363782762
      vertex -12.770372499557821 3.682947691145789 0.7705587493367303
      vertex -12.770372499557821 3.682947691145789 1.429441250663269
    endloop
  endfacet
  facet normal -0.9861145628764698 0.16606645923529845 0
    outer loop
      vertex -12.741315824252185 3.864189378098362 0.7269737363782762
      vertex -12.741315824252185 3.864189378098362 1.473026263621723
      vertex -12.710865209922915 4.045007313140152 0.6812978148843709
    endloop
  endfacet
  facet normal -0.9886043971274922 0.15053685920792892 0
    outer loop
      vertex -12.770372499557821 3.682947691145789 0.7705587493367303
      vertex -12.790000000000001 3.5540501351328833 1.4
      vertex -12.770372499557821 3.682947691145789 1.429441250663269
    endloop
  endfacet
  facet normal -0.9873912844543146 0.15829861459803984 0
    outer loop
      vertex -12.741315824252185 3.864189378098362 0.7269737363782762
      vertex -12.770372499557821 3.682947691145789 1.429441250663269
      vertex -12.741315824252185 3.864189378098362 1.473026263621723
    endloop
  endfacet
  facet normal -0.9861145628764697 0.1660664592352984 0
    outer loop
      vertex -12.710865209922915 4.045007313140152 0.6812978148843709
      vertex -12.741315824252185 3.864189378098362 1.473026263621723
      vertex -12.710865209922915 4.045007313140152 1.5187021851156293
    endloop
  endfacet
  facet normal -0.984773797213064 0.17384064059523952 0
    outer loop
      vertex -12.67902399582301 4.225381667546985 0.6335359937345149
      vertex -12.710865209922915 4.045007313140152 0.6812978148843709
      vertex -12.710865209922915 4.045007313140152 1.5187021851156293
    endloop
  endfacet
  facet normal -0.9833685308908747 0.1816213986663536 0
    outer loop
      vertex -12.67902399582301 4.225381667546985 0.6335359937345149
      vertex -12.67902399582301 4.225381667546985 1.5664640062654844
      vertex -12.645795673700423 4.4052926612382315 0.5836935105506336
    endloop
  endfacet
  facet normal -0.9818982858655865 0.18940896550644826 0
    outer loop
      vertex -12.645795673700423 4.4052926612382315 0.5836935105506336
      vertex -12.645795673700423 4.4052926612382315 1.6163064894493666
      vertex -12.611183887415116 4.5847205649460525 0.531775831122673
    endloop
  endfacet
  facet normal -0.9803625625429712 0.197203564785678 0
    outer loop
      vertex -12.575192432539499 4.763645702378824 0.47778864880924754
      vertex -12.611183887415116 4.5847205649460525 0.531775831122673
      vertex -12.611183887415116 4.5847205649460525 1.6682241688773272
    endloop
  endfacet
  facet normal -0.9847737972130639 0.1738406405952395 0
    outer loop
      vertex -12.67902399582301 4.225381667546985 0.6335359937345149
      vertex -12.710865209922915 4.045007313140152 1.5187021851156293
      vertex -12.67902399582301 4.225381667546985 1.5664640062654844
    endloop
  endfacet
  facet normal -0.983368530890875 0.18162139866635363 0
    outer loop
      vertex -12.645795673700423 4.4052926612382315 0.5836935105506336
      vertex -12.67902399582301 4.225381667546985 1.5664640062654844
      vertex -12.645795673700423 4.4052926612382315 1.6163064894493666
    endloop
  endfacet
  facet normal -0.9818982858655865 0.18940896550644826 0
    outer loop
      vertex -12.611183887415116 4.5847205649460525 0.531775831122673
      vertex -12.645795673700423 4.4052926612382315 1.6163064894493666
      vertex -12.611183887415116 4.5847205649460525 1.6682241688773272
    endloop
  endfacet
  facet normal -0.9803625625429712 0.197203564785678 0
    outer loop
      vertex -12.575192432539499 4.763645702378824 0.47778864880924754
      vertex -12.611183887415116 4.5847205649460525 1.6682241688773272
      vertex -12.575192432539499 4.763645702378824 1.722211351190753
    endloop
  endfacet
  facet normal -0.9787608397005214 0.20500541131572714 0
    outer loop
      vertex -12.575192432539499 4.763645702378824 0.47778864880924754
      vertex -12.575192432539499 4.763645702378824 1.722211351190753
      vertex -12.537825255942186 4.942048452378904 0.4217378839132788
    endloop
  endfacet
  facet normal -0.9770925744101278 0.21281471056435186 0
    outer loop
      vertex -12.537825255942186 4.942048452378904 0.4217378839132788
      vertex -12.537825255942186 4.942048452378904 1.778262116086721
      vertex -12.499086455355178 5.119909251074374 0.3636296830327659
    endloop
  endfacet
  facet normal -0.9787608397005213 0.20500541131572708 0
    outer loop
      vertex -12.537825255942186 4.942048452378904 0.4217378839132788
      vertex -12.575192432539499 4.763645702378824 1.722211351190753
      vertex -12.537825255942186 4.942048452378904 1.778262116086721
    endloop
  endfacet
  facet normal -0.9770925744101279 0.21281471056435186 0
    outer loop
      vertex -12.499086455355178 5.119909251074374 0.3636296830327659
      vertex -12.537825255942186 4.942048452378904 1.778262116086721
      vertex -12.499086455355178 5.119909251074374 1.8363703169672339
    endloop
  endfacet
  facet normal -0.9753572019623421 0.22063165815492364 0
    outer loop
      vertex -12.45898027892451 5.297208594024313 0.30347041838676514
      vertex -12.499086455355178 5.119909251074374 1.8363703169672339
      vertex -12.45898027892451 5.297208594024313 1.8965295816132355
    endloop
  endfacet
  facet normal -0.9735541357929295 0.22845643935000415 0
    outer loop
      vertex -12.417511124744376 5.473927038357819 0.24126668711656318
      vertex -12.45898027892451 5.297208594024313 1.8965295816132355
      vertex -12.417511124744376 5.473927038357819 1.9587333128834374
    endloop
  endfacet
  facet normal -0.971682767412356 0.23628922851849374 0
    outer loop
      vertex -12.417511124744376 5.473927038357819 0.24126668711656318
      vertex -12.417511124744376 5.473927038357819 1.9587333128834374
      vertex -12.411170825010513 5.5 1.9682437624842302
    endloop
  endfacet
  facet normal 0.971682767412356 -0.2362892285184938 0
    outer loop
      vertex 12.411170825010513 -5.5 0.18999999999999995
      vertex 12.417511124744376 -5.473927038357819 0.20000000000000018
      vertex 12.411170825010513 -5.5 0.20000000000000018
    endloop
  endfacet
  facet normal 0.971682767412356 -0.2362892285184938 0
    outer loop
      vertex 12.411170825010513 -5.5 0.18999999999999995
      vertex 12.417511124744376 -5.473927038357819 0.18999999999999995
      vertex 12.417511124744376 -5.473927038357819 0.20000000000000018
    endloop
  endfacet
  facet normal 0.9735541357929296 -0.22845643935000418 0
    outer loop
      vertex 12.417511124744376 -5.473927038357819 0.18999999999999995
      vertex 12.45898027892451 -5.297208594024313 0.20000000000000018
      vertex 12.417511124744376 -5.473927038357819 0.20000000000000018
    endloop
  endfacet
  facet normal 0.9735541357929296 -0.22845643935000418 0
    outer loop
      vertex 12.417511124744376 -5.473927038357819 0.18999999999999995
      vertex 12.45898027892451 -5.297208594024313 0.18999999999999995
      vertex 12.45898027892451 -5.297208594024313 0.20000000000000018
    endloop
  endfacet
  facet normal 0.9753572019623421 -0.22063165815492364 0
    outer loop
      vertex 12.45898027892451 -5.297208594024313 0.18999999999999995
      vertex 12.499086455355178 -5.119909251074374 0.20000000000000018
      vertex 12.45898027892451 -5.297208594024313 0.20000000000000018
    endloop
  endfacet
  facet normal 0.9753572019623421 -0.22063165815492364 0
    outer loop
      vertex 12.45898027892451 -5.297208594024313 0.18999999999999995
      vertex 12.499086455355178 -5.119909251074374 0.18999999999999995
      vertex 12.499086455355178 -5.119909251074374 0.20000000000000018
    endloop
  endfacet
  facet normal 0.9770925744101278 -0.21281471056435186 0
    outer loop
      vertex 12.499086455355178 -5.119909251074374 0.18999999999999995
      vertex 12.537825255942186 -4.942048452378904 0.20000000000000018
      vertex 12.499086455355178 -5.119909251074374 0.20000000000000018
    endloop
  endfacet
  facet normal 0.9770925744101278 -0.21281471056435186 0
    outer loop
      vertex 12.499086455355178 -5.119909251074374 0.18999999999999995
      vertex 12.537825255942186 -4.942048452378904 0.18999999999999995
      vertex 12.537825255942186 -4.942048452378904 0.20000000000000018
    endloop
  endfacet
  facet normal 0.9787608397005213 -0.20500541131572708 0
    outer loop
      vertex 12.537825255942186 -4.942048452378904 0.18999999999999995
      vertex 12.575192432539499 -4.763645702378824 0.20000000000000018
      vertex 12.537825255942186 -4.942048452378904 0.20000000000000018
    endloop
  endfacet
  facet normal 0.9787608397005213 -0.20500541131572708 0
    outer loop
      vertex 12.537825255942186 -4.942048452378904 0.18999999999999995
      vertex 12.575192432539499 -4.763645702378824 0.18999999999999995
      vertex 12.575192432539499 -4.763645702378824 0.20000000000000018
    endloop
  endfacet
  facet normal 0.9716827674123562 -0.23628922851849377 0
    outer loop
      vertex 12.411170825010513 -5.5 0.23175623751577
      vertex 12.417511124744376 -5.473927038357819 0.24126668711656318
      vertex 12.411170825010513 -5.5 1.9682437624842302
    endloop
  endfacet
  facet normal 0.9735541357929295 -0.2284564393500041 0
    outer loop
      vertex 12.417511124744376 -5.473927038357819 0.24126668711656318
      vertex 12.45898027892451 -5.297208594024313 0.30347041838676514
      vertex 12.45898027892451 -5.297208594024313 1.8965295816132355
    endloop
  endfacet
  facet normal 0.975357201962342 -0.22063165815492358 0
    outer loop
      vertex 12.45898027892451 -5.297208594024313 0.30347041838676514
      vertex 12.499086455355178 -5.119909251074374 0.3636296830327659
      vertex 12.499086455355178 -5.119909251074374 1.8363703169672339
    endloop
  endfacet
  facet normal 0.980362562542971 -0.19720356478567796 0
    outer loop
      vertex 12.575192432539499 -4.763645702378824 0.18999999999999995
      vertex 12.611183887415116 -4.5847205649460525 0.20000000000000018
      vertex 12.575192432539499 -4.763645702378824 0.20000000000000018
    endloop
  endfacet
  facet normal 0.980362562542971 -0.19720356478567796 0
    outer loop
      vertex 12.575192432539499 -4.763645702378824 0.18999999999999995
      vertex 12.611183887415116 -4.5847205649460525 0.18999999999999995
      vertex 12.611183887415116 -4.5847205649460525 0.20000000000000018
    endloop
  endfacet
  facet normal 0.9818982858655866 -0.18940896550644826 0
    outer loop
      vertex 12.611183887415116 -4.5847205649460525 0.18999999999999995
      vertex 12.645795673700423 -4.4052926612382315 0.20000000000000018
      vertex 12.611183887415116 -4.5847205649460525 0.20000000000000018
    endloop
  endfacet
  facet normal 0.9818982858655866 -0.18940896550644826 0
    outer loop
      vertex 12.611183887415116 -4.5847205649460525 0.18999999999999995
      vertex 12.645795673700423 -4.4052926612382315 0.18999999999999995
      vertex 12.645795673700423 -4.4052926612382315 0.20000000000000018
    endloop
  endfacet
  facet normal 0.9833685308908748 -0.1816213986663536 0
    outer loop
      vertex 12.645795673700423 -4.4052926612382315 0.18999999999999995
      vertex 12.67902399582301 -4.225381667546985 0.20000000000000018
      vertex 12.645795673700423 -4.4052926612382315 0.20000000000000018
    endloop
  endfacet
  facet normal 0.9833685308908748 -0.1816213986663536 0
    outer loop
      vertex 12.645795673700423 -4.4052926612382315 0.18999999999999995
      vertex 12.67902399582301 -4.225381667546985 0.18999999999999995
      vertex 12.67902399582301 -4.225381667546985 0.20000000000000018
    endloop
  endfacet
  facet normal 0.9847737972130639 -0.1738406405952395 0
    outer loop
      vertex 12.67902399582301 -4.225381667546985 0.18999999999999995
      vertex 12.710865209922915 -4.045007313140152 0.20000000000000018
      vertex 12.67902399582301 -4.225381667546985 0.20000000000000018
    endloop
  endfacet
  facet normal 0.9847737972130639 -0.1738406405952395 0
    outer loop
      vertex 12.67902399582301 -4.225381667546985 0.18999999999999995
      vertex 12.710865209922915 -4.045007313140152 0.18999999999999995
      vertex 12.710865209922915 -4.045007313140152 0.20000000000000018
    endloop
  endfacet
  facet normal 0.9861145628764697 -0.16606645923529845 0
    outer loop
      vertex 12.710865209922915 -4.045007313140152 0.18999999999999995
      vertex 12.741315824252185 -3.864189378098362 0.20000000000000018
      vertex 12.710865209922915 -4.045007313140152 0.20000000000000018
    endloop
  endfacet
  facet normal 0.9861145628764697 -0.16606645923529845 0
    outer loop
      vertex 12.710865209922915 -4.045007313140152 0.18999999999999995
      vertex 12.741315824252185 -3.864189378098362 0.18999999999999995
      vertex 12.741315824252185 -3.864189378098362 0.20000000000000018
    endloop
  endfacet
  facet normal 0.9873912844543147 -0.15829861459803982 0
    outer loop
      vertex 12.741315824252185 -3.864189378098362 0.18999999999999995
      vertex 12.770372499557821 -3.682947691145789 0.20000000000000018
      vertex 12.741315824252185 -3.864189378098362 0.20000000000000018
    endloop
  endfacet
  facet normal 0.9873912844543147 -0.15829861459803982 0
    outer loop
      vertex 12.741315824252185 -3.864189378098362 0.18999999999999995
      vertex 12.770372499557821 -3.682947691145789 0.18999999999999995
      vertex 12.770372499557821 -3.682947691145789 0.20000000000000018
    endloop
  endfacet
  facet normal 0.9886043971274922 -0.1505368592079289 0
    outer loop
      vertex 12.770372499557821 -3.682947691145789 0.18999999999999995
      vertex 12.790000000000001 -3.5540501351328833 0.18999999999999995
      vertex 12.770372499557821 -3.682947691145789 0.20000000000000018
    endloop
  endfacet
  facet normal 0.9886043971274922 -0.1505368592079289 0
    outer loop
      vertex 12.770372499557821 -3.682947691145789 0.20000000000000018
      vertex 12.790000000000001 -3.5540501351328833 0.18999999999999995
      vertex 12.790000000000001 -3.5540501351328833 0.20000000000000018
    endloop
  endfacet
  facet normal 0.9770925744101278 -0.21281471056435183 0
    outer loop
      vertex 12.499086455355178 -5.119909251074374 0.3636296830327659
      vertex 12.537825255942186 -4.942048452378904 0.4217378839132788
      vertex 12.537825255942186 -4.942048452378904 1.778262116086721
    endloop
  endfacet
  facet normal 0.9787608397005214 -0.2050054113157271 0
    outer loop
      vertex 12.537825255942186 -4.942048452378904 0.4217378839132788
      vertex 12.575192432539499 -4.763645702378824 0.47778864880924754
      vertex 12.575192432539499 -4.763645702378824 1.722211351190753
    endloop
  endfacet
  facet normal 0.9735541357929295 -0.22845643935000415 0
    outer loop
      vertex 12.417511124744376 -5.473927038357819 0.24126668711656318
      vertex 12.45898027892451 -5.297208594024313 1.8965295816132355
      vertex 12.417511124744376 -5.473927038357819 1.9587333128834374
    endloop
  endfacet
  facet normal 0.9753572019623421 -0.22063165815492364 0
    outer loop
      vertex 12.45898027892451 -5.297208594024313 0.30347041838676514
      vertex 12.499086455355178 -5.119909251074374 1.8363703169672339
      vertex 12.45898027892451 -5.297208594024313 1.8965295816132355
    endloop
  endfacet
  facet normal 0.971682767412356 -0.23628922851849374 0
    outer loop
      vertex 12.417511124744376 -5.473927038357819 0.24126668711656318
      vertex 12.417511124744376 -5.473927038357819 1.9587333128834374
      vertex 12.411170825010513 -5.5 1.9682437624842302
    endloop
  endfacet
  facet normal 0.9770925744101279 -0.21281471056435186 0
    outer loop
      vertex 12.499086455355178 -5.119909251074374 0.3636296830327659
      vertex 12.537825255942186 -4.942048452378904 1.778262116086721
      vertex 12.499086455355178 -5.119909251074374 1.8363703169672339
    endloop
  endfacet
  facet normal 0.9787608397005213 -0.20500541131572708 0
    outer loop
      vertex 12.537825255942186 -4.942048452378904 0.4217378839132788
      vertex 12.575192432539499 -4.763645702378824 1.722211351190753
      vertex 12.537825255942186 -4.942048452378904 1.778262116086721
    endloop
  endfacet
  facet normal 0.9803625625429712 -0.197203564785678 0
    outer loop
      vertex 12.575192432539499 -4.763645702378824 0.47778864880924754
      vertex 12.611183887415116 -4.5847205649460525 0.531775831122673
      vertex 12.611183887415116 -4.5847205649460525 1.6682241688773272
    endloop
  endfacet
  facet normal 0.9818982858655865 -0.18940896550644828 0
    outer loop
      vertex 12.611183887415116 -4.5847205649460525 0.531775831122673
      vertex 12.645795673700423 -4.4052926612382315 0.5836935105506336
      vertex 12.645795673700423 -4.4052926612382315 1.6163064894493666
    endloop
  endfacet
  facet normal 0.9833685308908747 -0.1816213986663536 0
    outer loop
      vertex 12.645795673700423 -4.4052926612382315 0.5836935105506336
      vertex 12.67902399582301 -4.225381667546985 0.6335359937345149
      vertex 12.67902399582301 -4.225381667546985 1.5664640062654844
    endloop
  endfacet
  facet normal 0.984773797213064 -0.17384064059523952 0
    outer loop
      vertex 12.67902399582301 -4.225381667546985 0.6335359937345149
      vertex 12.710865209922915 -4.045007313140152 0.6812978148843709
      vertex 12.710865209922915 -4.045007313140152 1.5187021851156293
    endloop
  endfacet
  facet normal 0.9818982858655865 -0.18940896550644826 0
    outer loop
      vertex 12.611183887415116 -4.5847205649460525 0.531775831122673
      vertex 12.645795673700423 -4.4052926612382315 1.6163064894493666
      vertex 12.611183887415116 -4.5847205649460525 1.6682241688773272
    endloop
  endfacet
  facet normal 0.983368530890875 -0.18162139866635363 0
    outer loop
      vertex 12.645795673700423 -4.4052926612382315 0.5836935105506336
      vertex 12.67902399582301 -4.225381667546985 1.5664640062654844
      vertex 12.645795673700423 -4.4052926612382315 1.6163064894493666
    endloop
  endfacet
  facet normal 0.9847737972130639 -0.1738406405952395 0
    outer loop
      vertex 12.67902399582301 -4.225381667546985 0.6335359937345149
      vertex 12.710865209922915 -4.045007313140152 1.5187021851156293
      vertex 12.67902399582301 -4.225381667546985 1.5664640062654844
    endloop
  endfacet
  facet normal 0.9861145628764698 -0.16606645923529845 0
    outer loop
      vertex 12.710865209922915 -4.045007313140152 0.6812978148843709
      vertex 12.741315824252185 -3.864189378098362 0.7269737363782762
      vertex 12.741315824252185 -3.864189378098362 1.473026263621723
    endloop
  endfacet
  facet normal 0.9873912844543147 -0.15829861459803984 0
    outer loop
      vertex 12.741315824252185 -3.864189378098362 0.7269737363782762
      vertex 12.770372499557821 -3.682947691145789 0.7705587493367303
      vertex 12.770372499557821 -3.682947691145789 1.429441250663269
    endloop
  endfacet
  facet normal 0.9886043971274922 -0.15053685920792886 0
    outer loop
      vertex 12.770372499557821 -3.682947691145789 0.7705587493367303
      vertex 12.790000000000001 -3.5540501351328833 0.8000000000000003
      vertex 12.790000000000001 -3.5540501351328833 1.4
    endloop
  endfacet
  facet normal 0.9873912844543146 -0.15829861459803984 0
    outer loop
      vertex 12.741315824252185 -3.864189378098362 0.7269737363782762
      vertex 12.770372499557821 -3.682947691145789 1.429441250663269
      vertex 12.741315824252185 -3.864189378098362 1.473026263621723
    endloop
  endfacet
  facet normal 0.9861145628764697 -0.1660664592352984 0
    outer loop
      vertex 12.710865209922915 -4.045007313140152 0.6812978148843709
      vertex 12.741315824252185 -3.864189378098362 1.473026263621723
      vertex 12.710865209922915 -4.045007313140152 1.5187021851156293
    endloop
  endfacet
  facet normal 0.9886043971274922 -0.15053685920792892 0
    outer loop
      vertex 12.770372499557821 -3.682947691145789 0.7705587493367303
      vertex 12.790000000000001 -3.5540501351328833 1.4
      vertex 12.770372499557821 -3.682947691145789 1.429441250663269
    endloop
  endfacet
  facet normal 0.9803625625429712 -0.197203564785678 0
    outer loop
      vertex 12.575192432539499 -4.763645702378824 0.47778864880924754
      vertex 12.611183887415116 -4.5847205649460525 1.6682241688773272
      vertex 12.575192432539499 -4.763645702378824 1.722211351190753
    endloop
  endfacet
  facet normal 0.9886043971274914 0.15053685920793447 0
    outer loop
      vertex 12.790000000000001 3.554050135132888 0.18999999999999995
      vertex 12.770372499557821 3.682947691145789 0.20000000000000018
      vertex 12.790000000000001 3.554050135132888 0.20000000000000018
    endloop
  endfacet
  facet normal 0.9886043971274914 0.15053685920793447 0
    outer loop
      vertex 12.790000000000001 3.554050135132888 0.18999999999999995
      vertex 12.770372499557821 3.682947691145789 0.18999999999999995
      vertex 12.770372499557821 3.682947691145789 0.20000000000000018
    endloop
  endfacet
  facet normal 0.9873912844543152 0.15829861459803646 0
    outer loop
      vertex 12.770372499557821 3.682947691145789 0.18999999999999995
      vertex 12.741315824252187 3.864189378098355 0.20000000000000018
      vertex 12.770372499557821 3.682947691145789 0.20000000000000018
    endloop
  endfacet
  facet normal 0.9873912844543152 0.15829861459803646 0
    outer loop
      vertex 12.770372499557821 3.682947691145789 0.18999999999999995
      vertex 12.741315824252187 3.864189378098355 0.18999999999999995
      vertex 12.741315824252187 3.864189378098355 0.20000000000000018
    endloop
  endfacet
  facet normal 0.9861145628764698 0.16606645923529834 0
    outer loop
      vertex 12.741315824252187 3.864189378098355 0.18999999999999995
      vertex 12.710865209922915 4.045007313140156 0.20000000000000018
      vertex 12.741315824252187 3.864189378098355 0.20000000000000018
    endloop
  endfacet
  facet normal 0.9861145628764698 0.16606645923529834 0
    outer loop
      vertex 12.741315824252187 3.864189378098355 0.18999999999999995
      vertex 12.710865209922915 4.045007313140156 0.18999999999999995
      vertex 12.710865209922915 4.045007313140156 0.20000000000000018
    endloop
  endfacet
  facet normal 0.9847737972130629 0.1738406405952453 0
    outer loop
      vertex 12.710865209922915 4.045007313140156 0.18999999999999995
      vertex 12.67902399582301 4.225381667546983 0.18999999999999995
      vertex 12.67902399582301 4.225381667546983 0.20000000000000018
    endloop
  endfacet
  facet normal 0.9847737972130629 0.1738406405952453 0
    outer loop
      vertex 12.710865209922915 4.045007313140156 0.18999999999999995
      vertex 12.67902399582301 4.225381667546983 0.20000000000000018
      vertex 12.710865209922915 4.045007313140156 0.20000000000000018
    endloop
  endfacet
  facet normal 0.9833685308908748 0.18162139866635346 0
    outer loop
      vertex 12.67902399582301 4.225381667546983 0.18999999999999995
      vertex 12.645795673700421 4.405292661238239 0.20000000000000018
      vertex 12.67902399582301 4.225381667546983 0.20000000000000018
    endloop
  endfacet
  facet normal 0.9833685308908748 0.18162139866635346 0
    outer loop
      vertex 12.67902399582301 4.225381667546983 0.18999999999999995
      vertex 12.645795673700421 4.405292661238239 0.18999999999999995
      vertex 12.645795673700421 4.405292661238239 0.20000000000000018
    endloop
  endfacet
  facet normal 0.9803625625429715 0.19720356478567616 0
    outer loop
      vertex 12.5751924325395 4.763645702378817 0.18999999999999995
      vertex 12.5751924325395 4.763645702378817 0.20000000000000018
      vertex 12.611183887415116 4.5847205649460525 0.18999999999999995
    endloop
  endfacet
  facet normal 0.9818982858655869 0.18940896550644612 0
    outer loop
      vertex 12.645795673700421 4.405292661238239 0.18999999999999995
      vertex 12.611183887415116 4.5847205649460525 0.20000000000000018
      vertex 12.645795673700421 4.405292661238239 0.20000000000000018
    endloop
  endfacet
  facet normal 0.9818982858655869 0.18940896550644612 0
    outer loop
      vertex 12.645795673700421 4.405292661238239 0.18999999999999995
      vertex 12.611183887415116 4.5847205649460525 0.18999999999999995
      vertex 12.611183887415116 4.5847205649460525 0.20000000000000018
    endloop
  endfacet
  facet normal 0.9803625625429715 0.19720356478567616 0
    outer loop
      vertex 12.5751924325395 4.763645702378817 0.20000000000000018
      vertex 12.611183887415116 4.5847205649460525 0.20000000000000018
      vertex 12.611183887415116 4.5847205649460525 0.18999999999999995
    endloop
  endfacet
  facet normal 0.9787608397005199 0.20500541131573405 0
    outer loop
      vertex 12.5751924325395 4.763645702378817 0.18999999999999995
      vertex 12.537825255942185 4.942048452378907 0.20000000000000018
      vertex 12.5751924325395 4.763645702378817 0.20000000000000018
    endloop
  endfacet
  facet normal 0.9787608397005199 0.20500541131573405 0
    outer loop
      vertex 12.5751924325395 4.763645702378817 0.18999999999999995
      vertex 12.537825255942185 4.942048452378907 0.18999999999999995
      vertex 12.537825255942185 4.942048452378907 0.20000000000000018
    endloop
  endfacet
  facet normal 0.9753572019623423 0.2206316581549224 0
    outer loop
      vertex 12.499086455355178 5.119909251074371 0.18999999999999995
      vertex 12.458980278924509 5.297208594024319 0.20000000000000018
      vertex 12.499086455355178 5.119909251074371 0.20000000000000018
    endloop
  endfacet
  facet normal 0.9770925744101283 0.21281471056434964 0
    outer loop
      vertex 12.537825255942185 4.942048452378907 0.18999999999999995
      vertex 12.499086455355178 5.119909251074371 0.20000000000000018
      vertex 12.537825255942185 4.942048452378907 0.20000000000000018
    endloop
  endfacet
  facet normal 0.9770925744101283 0.21281471056434964 0
    outer loop
      vertex 12.537825255942185 4.942048452378907 0.18999999999999995
      vertex 12.499086455355178 5.119909251074371 0.18999999999999995
      vertex 12.499086455355178 5.119909251074371 0.20000000000000018
    endloop
  endfacet
  facet normal 0.9753572019623423 0.2206316581549224 0
    outer loop
      vertex 12.499086455355178 5.119909251074371 0.18999999999999995
      vertex 12.458980278924509 5.297208594024319 0.18999999999999995
      vertex 12.458980278924509 5.297208594024319 0.20000000000000018
    endloop
  endfacet
  facet normal 0.9735541357929299 0.22845643935000248 0
    outer loop
      vertex 12.458980278924509 5.297208594024319 0.18999999999999995
      vertex 12.417511124744376 5.473927038357819 0.20000000000000018
      vertex 12.458980278924509 5.297208594024319 0.20000000000000018
    endloop
  endfacet
  facet normal 0.9735541357929299 0.22845643935000248 0
    outer loop
      vertex 12.458980278924509 5.297208594024319 0.18999999999999995
      vertex 12.417511124744376 5.473927038357819 0.18999999999999995
      vertex 12.417511124744376 5.473927038357819 0.20000000000000018
    endloop
  endfacet
  facet normal 0.971682767412356 0.2362892285184938 0
    outer loop
      vertex 12.417511124744376 5.473927038357819 0.20000000000000018
      vertex 12.411170825010513 5.5 0.18999999999999995
      vertex 12.411170825010513 5.5 0.20000000000000018
    endloop
  endfacet
  facet normal 0.971682767412356 0.2362892285184938 0
    outer loop
      vertex 12.417511124744376 5.473927038357819 0.18999999999999995
      vertex 12.411170825010513 5.5 0.18999999999999995
      vertex 12.417511124744376 5.473927038357819 0.20000000000000018
    endloop
  endfacet
  facet normal 0.971682767412356 0.23628922851849374 0
    outer loop
      vertex 12.417511124744376 5.473927038357819 0.24126668711656318
      vertex 12.411170825010513 5.5 0.23175623751577
      vertex 12.417511124744376 5.473927038357819 1.9587333128834374
    endloop
  endfacet
  facet normal 0.97355413579293 0.22845643935000248 0
    outer loop
      vertex 12.458980278924509 5.297208594024319 0.3034704183867625
      vertex 12.417511124744376 5.473927038357819 0.24126668711656318
      vertex 12.417511124744376 5.473927038357819 1.9587333128834374
    endloop
  endfacet
  facet normal 0.9886043971274913 0.15053685920793447 0
    outer loop
      vertex 12.790000000000001 3.554050135132888 0.8000000000000003
      vertex 12.770372499557821 3.682947691145789 0.7705587493367303
      vertex 12.770372499557821 3.682947691145789 1.429441250663269
    endloop
  endfacet
  facet normal 0.9873912844543152 0.15829861459803646 0
    outer loop
      vertex 12.741315824252187 3.864189378098355 0.7269737363782789
      vertex 12.741315824252187 3.864189378098355 1.4730262636217213
      vertex 12.770372499557821 3.682947691145789 0.7705587493367303
    endloop
  endfacet
  facet normal 0.9861145628764697 0.1660664592352983 0
    outer loop
      vertex 12.741315824252187 3.864189378098355 0.7269737363782789
      vertex 12.710865209922915 4.045007313140156 0.6812978148843709
      vertex 12.710865209922915 4.045007313140156 1.5187021851156293
    endloop
  endfacet
  facet normal 0.9886043971274914 0.15053685920793447 0
    outer loop
      vertex 12.790000000000001 3.554050135132888 0.8000000000000003
      vertex 12.770372499557821 3.682947691145789 1.429441250663269
      vertex 12.790000000000001 3.554050135132888 1.4
    endloop
  endfacet
  facet normal 0.9873912844543151 0.15829861459803646 0
    outer loop
      vertex 12.770372499557821 3.682947691145789 0.7705587493367303
      vertex 12.741315824252187 3.864189378098355 1.4730262636217213
      vertex 12.770372499557821 3.682947691145789 1.429441250663269
    endloop
  endfacet
  facet normal 0.9861145628764697 0.16606645923529834 0
    outer loop
      vertex 12.741315824252187 3.864189378098355 0.7269737363782789
      vertex 12.710865209922915 4.045007313140156 1.5187021851156293
      vertex 12.741315824252187 3.864189378098355 1.4730262636217213
    endloop
  endfacet
  facet normal 0.9833685308908748 0.1816213986663535 0
    outer loop
      vertex 12.67902399582301 4.225381667546983 0.6335359937345149
      vertex 12.645795673700421 4.405292661238239 0.5836935105506309
      vertex 12.645795673700421 4.405292661238239 1.6163064894493684
    endloop
  endfacet
  facet normal 0.9847737972130629 0.17384064059524532 0
    outer loop
      vertex 12.67902399582301 4.225381667546983 0.6335359937345149
      vertex 12.67902399582301 4.225381667546983 1.5664640062654844
      vertex 12.710865209922915 4.045007313140156 0.6812978148843709
    endloop
  endfacet
  facet normal 0.9803625625429715 0.19720356478567613 0
    outer loop
      vertex 12.5751924325395 4.763645702378817 0.4777886488092502
      vertex 12.5751924325395 4.763645702378817 1.7222113511907495
      vertex 12.611183887415116 4.5847205649460525 0.531775831122673
    endloop
  endfacet
  facet normal 0.981898285865587 0.18940896550644612 0
    outer loop
      vertex 12.645795673700421 4.405292661238239 0.5836935105506309
      vertex 12.611183887415116 4.5847205649460525 0.531775831122673
      vertex 12.611183887415116 4.5847205649460525 1.6682241688773272
    endloop
  endfacet
  facet normal 0.9847737972130629 0.17384064059524532 0
    outer loop
      vertex 12.710865209922915 4.045007313140156 0.6812978148843709
      vertex 12.67902399582301 4.225381667546983 1.5664640062654844
      vertex 12.710865209922915 4.045007313140156 1.5187021851156293
    endloop
  endfacet
  facet normal 0.9833685308908748 0.18162139866635343 0
    outer loop
      vertex 12.67902399582301 4.225381667546983 0.6335359937345149
      vertex 12.645795673700421 4.405292661238239 1.6163064894493684
      vertex 12.67902399582301 4.225381667546983 1.5664640062654844
    endloop
  endfacet
  facet normal 0.981898285865587 0.18940896550644612 0
    outer loop
      vertex 12.645795673700421 4.405292661238239 0.5836935105506309
      vertex 12.611183887415116 4.5847205649460525 1.6682241688773272
      vertex 12.645795673700421 4.405292661238239 1.6163064894493684
    endloop
  endfacet
  facet normal 0.9803625625429714 0.19720356478567616 0
    outer loop
      vertex 12.611183887415116 4.5847205649460525 0.531775831122673
      vertex 12.5751924325395 4.763645702378817 1.7222113511907495
      vertex 12.611183887415116 4.5847205649460525 1.6682241688773272
    endloop
  endfacet
  facet normal 0.9787608397005199 0.20500541131573402 0
    outer loop
      vertex 12.5751924325395 4.763645702378817 0.4777886488092502
      vertex 12.537825255942185 4.942048452378907 0.42173788391327616
      vertex 12.537825255942185 4.942048452378907 1.7782621160867245
    endloop
  endfacet
  facet normal 0.9770925744101282 0.21281471056434964 0
    outer loop
      vertex 12.537825255942185 4.942048452378907 0.42173788391327616
      vertex 12.499086455355178 5.119909251074371 0.3636296830327659
      vertex 12.499086455355178 5.119909251074371 1.8363703169672339
    endloop
  endfacet
  facet normal 0.9753572019623423 0.2206316581549224 0
    outer loop
      vertex 12.499086455355178 5.119909251074371 0.3636296830327659
      vertex 12.458980278924509 5.297208594024319 0.3034704183867625
      vertex 12.458980278924509 5.297208594024319 1.8965295816132373
    endloop
  endfacet
  facet normal 0.9787608397005199 0.20500541131573405 0
    outer loop
      vertex 12.5751924325395 4.763645702378817 0.4777886488092502
      vertex 12.537825255942185 4.942048452378907 1.7782621160867245
      vertex 12.5751924325395 4.763645702378817 1.7222113511907495
    endloop
  endfacet
  facet normal 0.9753572019623423 0.22063165815492242 0
    outer loop
      vertex 12.499086455355178 5.119909251074371 0.3636296830327659
      vertex 12.458980278924509 5.297208594024319 1.8965295816132373
      vertex 12.499086455355178 5.119909251074371 1.8363703169672339
    endloop
  endfacet
  facet normal 0.9770925744101283 0.21281471056434967 0
    outer loop
      vertex 12.537825255942185 4.942048452378907 0.42173788391327616
      vertex 12.499086455355178 5.119909251074371 1.8363703169672339
      vertex 12.537825255942185 4.942048452378907 1.7782621160867245
    endloop
  endfacet
  facet normal 0.9735541357929298 0.22845643935000248 0
    outer loop
      vertex 12.458980278924509 5.297208594024319 0.3034704183867625
      vertex 12.417511124744376 5.473927038357819 1.9587333128834374
      vertex 12.458980278924509 5.297208594024319 1.8965295816132373
    endloop
  endfacet
  facet normal 0.9716827674123562 0.23628922851849377 0
    outer loop
      vertex 12.411170825010513 5.5 0.23175623751577
      vertex 12.411170825010513 5.5 1.9682437624842302
      vertex 12.417511124744376 5.473927038357819 1.9587333128834374
    endloop
  endfacet
  facet normal -0.2362892285184938 0.971682767412356 0
    outer loop
      vertex -5.5 12.411170825010513 0.18999999999999995
      vertex -5.5 12.411170825010513 0.20000000000000018
      vertex -5.473927038357819 12.417511124744376 0.20000000000000018
    endloop
  endfacet
  facet normal -0.2362892285184938 0.971682767412356 0
    outer loop
      vertex -5.5 12.411170825010513 0.18999999999999995
      vertex -5.473927038357819 12.417511124744376 0.20000000000000018
      vertex -5.473927038357819 12.417511124744376 0.18999999999999995
    endloop
  endfacet
  facet normal -0.22845643935000248 0.9735541357929299 0
    outer loop
      vertex -5.473927038357819 12.417511124744376 0.18999999999999995
      vertex -5.473927038357819 12.417511124744376 0.20000000000000018
      vertex -5.297208594024319 12.458980278924509 0.18999999999999995
    endloop
  endfacet
  facet normal -0.22845643935000248 0.9735541357929299 0
    outer loop
      vertex -5.473927038357819 12.417511124744376 0.20000000000000018
      vertex -5.297208594024319 12.458980278924509 0.20000000000000018
      vertex -5.297208594024319 12.458980278924509 0.18999999999999995
    endloop
  endfacet
  facet normal -0.2206316581549224 0.9753572019623423 0
    outer loop
      vertex -5.297208594024319 12.458980278924509 0.18999999999999995
      vertex -5.297208594024319 12.458980278924509 0.20000000000000018
      vertex -5.119909251074371 12.499086455355178 0.18999999999999995
    endloop
  endfacet
  facet normal -0.2206316581549224 0.9753572019623423 0
    outer loop
      vertex -5.297208594024319 12.458980278924509 0.20000000000000018
      vertex -5.119909251074371 12.499086455355178 0.20000000000000018
      vertex -5.119909251074371 12.499086455355178 0.18999999999999995
    endloop
  endfacet
  facet normal -0.21281471056434964 0.9770925744101283 0
    outer loop
      vertex -5.119909251074371 12.499086455355178 0.18999999999999995
      vertex -5.119909251074371 12.499086455355178 0.20000000000000018
      vertex -4.942048452378907 12.537825255942185 0.18999999999999995
    endloop
  endfacet
  facet normal -0.21281471056434964 0.9770925744101283 0
    outer loop
      vertex -5.119909251074371 12.499086455355178 0.20000000000000018
      vertex -4.942048452378907 12.537825255942185 0.20000000000000018
      vertex -4.942048452378907 12.537825255942185 0.18999999999999995
    endloop
  endfacet
  facet normal -0.20500541131573405 0.9787608397005199 0
    outer loop
      vertex -4.942048452378907 12.537825255942185 0.18999999999999995
      vertex -4.942048452378907 12.537825255942185 0.20000000000000018
      vertex -4.763645702378817 12.5751924325395 0.18999999999999995
    endloop
  endfacet
  facet normal -0.20500541131573405 0.9787608397005199 0
    outer loop
      vertex -4.942048452378907 12.537825255942185 0.20000000000000018
      vertex -4.763645702378817 12.5751924325395 0.20000000000000018
      vertex -4.763645702378817 12.5751924325395 0.18999999999999995
    endloop
  endfacet
  facet normal -0.23628922851849374 0.971682767412356 0
    outer loop
      vertex -5.5 12.411170825010513 0.23175623751577
      vertex -5.473927038357819 12.417511124744376 1.9587333128834374
      vertex -5.473927038357819 12.417511124744376 0.24126668711656318
    endloop
  endfacet
  facet normal -0.22845643935000248 0.97355413579293 0
    outer loop
      vertex -5.473927038357819 12.417511124744376 0.24126668711656318
      vertex -5.473927038357819 12.417511124744376 1.9587333128834374
      vertex -5.297208594024319 12.458980278924509 0.3034704183867625
    endloop
  endfacet
  facet normal -0.19720356478567616 0.9803625625429715 0
    outer loop
      vertex -4.763645702378817 12.5751924325395 0.18999999999999995
      vertex -4.763645702378817 12.5751924325395 0.20000000000000018
      vertex -4.5847205649460525 12.611183887415116 0.18999999999999995
    endloop
  endfacet
  facet normal -0.19720356478567616 0.9803625625429715 0
    outer loop
      vertex -4.763645702378817 12.5751924325395 0.20000000000000018
      vertex -4.5847205649460525 12.611183887415116 0.20000000000000018
      vertex -4.5847205649460525 12.611183887415116 0.18999999999999995
    endloop
  endfacet
  facet normal -0.18940896550644612 0.9818982858655869 0
    outer loop
      vertex -4.5847205649460525 12.611183887415116 0.18999999999999995
      vertex -4.5847205649460525 12.611183887415116 0.20000000000000018
      vertex -4.405292661238239 12.645795673700421 0.18999999999999995
    endloop
  endfacet
  facet normal -0.18940896550644612 0.9818982858655869 0
    outer loop
      vertex -4.5847205649460525 12.611183887415116 0.20000000000000018
      vertex -4.405292661238239 12.645795673700421 0.20000000000000018
      vertex -4.405292661238239 12.645795673700421 0.18999999999999995
    endloop
  endfacet
  facet normal -0.18162139866635346 0.9833685308908748 0
    outer loop
      vertex -4.405292661238239 12.645795673700421 0.18999999999999995
      vertex -4.405292661238239 12.645795673700421 0.20000000000000018
      vertex -4.225381667546983 12.67902399582301 0.18999999999999995
    endloop
  endfacet
  facet normal -0.18162139866635346 0.9833685308908748 0
    outer loop
      vertex -4.405292661238239 12.645795673700421 0.20000000000000018
      vertex -4.225381667546983 12.67902399582301 0.20000000000000018
      vertex -4.225381667546983 12.67902399582301 0.18999999999999995
    endloop
  endfacet
  facet normal -0.1738406405952453 0.9847737972130629 0
    outer loop
      vertex -4.225381667546983 12.67902399582301 0.18999999999999995
      vertex -4.225381667546983 12.67902399582301 0.20000000000000018
      vertex -4.045007313140156 12.710865209922915 0.18999999999999995
    endloop
  endfacet
  facet normal -0.1738406405952453 0.9847737972130629 0
    outer loop
      vertex -4.225381667546983 12.67902399582301 0.20000000000000018
      vertex -4.045007313140156 12.710865209922915 0.20000000000000018
      vertex -4.045007313140156 12.710865209922915 0.18999999999999995
    endloop
  endfacet
  facet normal -0.16606645923529834 0.9861145628764698 0
    outer loop
      vertex -4.045007313140156 12.710865209922915 0.18999999999999995
      vertex -4.045007313140156 12.710865209922915 0.20000000000000018
      vertex -3.864189378098355 12.741315824252187 0.18999999999999995
    endloop
  endfacet
  facet normal -0.16606645923529834 0.9861145628764698 0
    outer loop
      vertex -4.045007313140156 12.710865209922915 0.20000000000000018
      vertex -3.864189378098355 12.741315824252187 0.20000000000000018
      vertex -3.864189378098355 12.741315824252187 0.18999999999999995
    endloop
  endfacet
  facet normal -0.15829861459803646 0.9873912844543152 0
    outer loop
      vertex -3.864189378098355 12.741315824252187 0.18999999999999995
      vertex -3.864189378098355 12.741315824252187 0.20000000000000018
      vertex -3.682947691145789 12.770372499557821 0.18999999999999995
    endloop
  endfacet
  facet normal -0.15829861459803646 0.9873912844543152 0
    outer loop
      vertex -3.864189378098355 12.741315824252187 0.20000000000000018
      vertex -3.682947691145789 12.770372499557821 0.20000000000000018
      vertex -3.682947691145789 12.770372499557821 0.18999999999999995
    endloop
  endfacet
  facet normal -0.15053685920793447 0.9886043971274914 0
    outer loop
      vertex -3.682947691145789 12.770372499557821 0.18999999999999995
      vertex -3.682947691145789 12.770372499557821 0.20000000000000018
      vertex -3.554050135132888 12.790000000000001 0.18999999999999995
    endloop
  endfacet
  facet normal -0.15053685920793447 0.9886043971274914 0
    outer loop
      vertex -3.682947691145789 12.770372499557821 0.20000000000000018
      vertex -3.554050135132888 12.790000000000001 0.20000000000000018
      vertex -3.554050135132888 12.790000000000001 0.18999999999999995
    endloop
  endfacet
  facet normal -0.2206316581549224 0.9753572019623423 0
    outer loop
      vertex -5.297208594024319 12.458980278924509 0.3034704183867625
      vertex -5.297208594024319 12.458980278924509 1.8965295816132373
      vertex -5.119909251074371 12.499086455355178 0.3636296830327659
    endloop
  endfacet
  facet normal -0.21281471056434964 0.9770925744101282 0
    outer loop
      vertex -5.119909251074371 12.499086455355178 0.3636296830327659
      vertex -5.119909251074371 12.499086455355178 1.8363703169672339
      vertex -4.942048452378907 12.537825255942185 0.42173788391327616
    endloop
  endfacet
  facet normal -0.20500541131573402 0.9787608397005199 0
    outer loop
      vertex -4.942048452378907 12.537825255942185 0.42173788391327616
      vertex -4.942048452378907 12.537825255942185 1.7782621160867245
      vertex -4.763645702378817 12.5751924325395 0.4777886488092502
    endloop
  endfacet
  facet normal -0.23628922851849377 0.9716827674123562 0
    outer loop
      vertex -5.5 12.411170825010513 0.23175623751577
      vertex -5.5 12.411170825010513 1.9682437624842302
      vertex -5.473927038357819 12.417511124744376 1.9587333128834374
    endloop
  endfacet
  facet normal -0.22845643935000248 0.9735541357929298 0
    outer loop
      vertex -5.297208594024319 12.458980278924509 0.3034704183867625
      vertex -5.473927038357819 12.417511124744376 1.9587333128834374
      vertex -5.297208594024319 12.458980278924509 1.8965295816132373
    endloop
  endfacet
  facet normal -0.22063165815492242 0.9753572019623423 0
    outer loop
      vertex -5.119909251074371 12.499086455355178 0.3636296830327659
      vertex -5.297208594024319 12.458980278924509 1.8965295816132373
      vertex -5.119909251074371 12.499086455355178 1.8363703169672339
    endloop
  endfacet
  facet normal -0.21281471056434967 0.9770925744101283 0
    outer loop
      vertex -4.942048452378907 12.537825255942185 0.42173788391327616
      vertex -5.119909251074371 12.499086455355178 1.8363703169672339
      vertex -4.942048452378907 12.537825255942185 1.7782621160867245
    endloop
  endfacet
  facet normal -0.20500541131573405 0.9787608397005199 0
    outer loop
      vertex -4.763645702378817 12.5751924325395 0.4777886488092502
      vertex -4.942048452378907 12.537825255942185 1.7782621160867245
      vertex -4.763645702378817 12.5751924325395 1.7222113511907495
    endloop
  endfacet
  facet normal -0.19720356478567613 0.9803625625429715 0
    outer loop
      vertex -4.763645702378817 12.5751924325395 0.4777886488092502
      vertex -4.763645702378817 12.5751924325395 1.7222113511907495
      vertex -4.5847205649460525 12.611183887415116 0.531775831122673
    endloop
  endfacet
  facet normal -0.18940896550644612 0.981898285865587 0
    outer loop
      vertex -4.5847205649460525 12.611183887415116 0.531775831122673
      vertex -4.5847205649460525 12.611183887415116 1.6682241688773272
      vertex -4.405292661238239 12.645795673700421 0.5836935105506309
    endloop
  endfacet
  facet normal -0.1816213986663535 0.9833685308908748 0
    outer loop
      vertex -4.405292661238239 12.645795673700421 0.5836935105506309
      vertex -4.405292661238239 12.645795673700421 1.6163064894493684
      vertex -4.225381667546983 12.67902399582301 0.6335359937345149
    endloop
  endfacet
  facet normal -0.17384064059524532 0.9847737972130629 0
    outer loop
      vertex -4.225381667546983 12.67902399582301 0.6335359937345149
      vertex -4.225381667546983 12.67902399582301 1.5664640062654844
      vertex -4.045007313140156 12.710865209922915 0.6812978148843709
    endloop
  endfacet
  facet normal -0.18162139866635343 0.9833685308908748 0
    outer loop
      vertex -4.225381667546983 12.67902399582301 0.6335359937345149
      vertex -4.405292661238239 12.645795673700421 1.6163064894493684
      vertex -4.225381667546983 12.67902399582301 1.5664640062654844
    endloop
  endfacet
  facet normal -0.17384064059524532 0.9847737972130629 0
    outer loop
      vertex -4.045007313140156 12.710865209922915 0.6812978148843709
      vertex -4.225381667546983 12.67902399582301 1.5664640062654844
      vertex -4.045007313140156 12.710865209922915 1.5187021851156293
    endloop
  endfacet
  facet normal -0.16606645923529834 0.9861145628764697 0
    outer loop
      vertex -4.045007313140156 12.710865209922915 0.6812978148843709
      vertex -4.045007313140156 12.710865209922915 1.5187021851156293
      vertex -3.864189378098355 12.741315824252187 0.7269737363782789
    endloop
  endfacet
  facet normal -0.15829861459803646 0.9873912844543152 0
    outer loop
      vertex -3.864189378098355 12.741315824252187 0.7269737363782789
      vertex -3.864189378098355 12.741315824252187 1.4730262636217213
      vertex -3.682947691145789 12.770372499557821 0.7705587493367303
    endloop
  endfacet
  facet normal -0.15053685920793447 0.9886043971274913 0
    outer loop
      vertex -3.682947691145789 12.770372499557821 0.7705587493367303
      vertex -3.682947691145789 12.770372499557821 1.429441250663269
      vertex -3.554050135132888 12.790000000000001 0.8000000000000003
    endloop
  endfacet
  facet normal -0.16606645923529834 0.9861145628764697 0
    outer loop
      vertex -3.864189378098355 12.741315824252187 0.7269737363782789
      vertex -4.045007313140156 12.710865209922915 1.5187021851156293
      vertex -3.864189378098355 12.741315824252187 1.4730262636217213
    endloop
  endfacet
  facet normal -0.15829861459803646 0.9873912844543151 0
    outer loop
      vertex -3.682947691145789 12.770372499557821 0.7705587493367303
      vertex -3.864189378098355 12.741315824252187 1.4730262636217213
      vertex -3.682947691145789 12.770372499557821 1.429441250663269
    endloop
  endfacet
  facet normal -0.15053685920793447 0.9886043971274914 0
    outer loop
      vertex -3.554050135132888 12.790000000000001 0.8000000000000003
      vertex -3.682947691145789 12.770372499557821 1.429441250663269
      vertex -3.554050135132888 12.790000000000001 1.4
    endloop
  endfacet
  facet normal -0.19720356478567616 0.9803625625429714 0
    outer loop
      vertex -4.5847205649460525 12.611183887415116 0.531775831122673
      vertex -4.763645702378817 12.5751924325395 1.7222113511907495
      vertex -4.5847205649460525 12.611183887415116 1.6682241688773272
    endloop
  endfacet
  facet normal -0.18940896550644612 0.981898285865587 0
    outer loop
      vertex -4.405292661238239 12.645795673700421 0.5836935105506309
      vertex -4.5847205649460525 12.611183887415116 1.6682241688773272
      vertex -4.405292661238239 12.645795673700421 1.6163064894493684
    endloop
  endfacet
  facet normal 0.1505368592079289 0.9886043971274922 0
    outer loop
      vertex 3.5540501351328833 12.790000000000001 0.18999999999999995
      vertex 3.5540501351328833 12.790000000000001 0.20000000000000018
      vertex 3.682947691145789 12.770372499557821 0.20000000000000018
    endloop
  endfacet
  facet normal 0.1505368592079289 0.9886043971274922 0
    outer loop
      vertex 3.5540501351328833 12.790000000000001 0.18999999999999995
      vertex 3.682947691145789 12.770372499557821 0.20000000000000018
      vertex 3.682947691145789 12.770372499557821 0.18999999999999995
    endloop
  endfacet
  facet normal 0.15829861459803982 0.9873912844543147 0
    outer loop
      vertex 3.682947691145789 12.770372499557821 0.18999999999999995
      vertex 3.682947691145789 12.770372499557821 0.20000000000000018
      vertex 3.864189378098362 12.741315824252185 0.18999999999999995
    endloop
  endfacet
  facet normal 0.15829861459803982 0.9873912844543147 0
    outer loop
      vertex 3.682947691145789 12.770372499557821 0.20000000000000018
      vertex 3.864189378098362 12.741315824252185 0.20000000000000018
      vertex 3.864189378098362 12.741315824252185 0.18999999999999995
    endloop
  endfacet
  facet normal 0.16606645923529845 0.9861145628764697 0
    outer loop
      vertex 3.864189378098362 12.741315824252185 0.18999999999999995
      vertex 3.864189378098362 12.741315824252185 0.20000000000000018
      vertex 4.045007313140152 12.710865209922915 0.18999999999999995
    endloop
  endfacet
  facet normal 0.16606645923529845 0.9861145628764697 0
    outer loop
      vertex 3.864189378098362 12.741315824252185 0.20000000000000018
      vertex 4.045007313140152 12.710865209922915 0.20000000000000018
      vertex 4.045007313140152 12.710865209922915 0.18999999999999995
    endloop
  endfacet
  facet normal 0.1738406405952395 0.9847737972130639 0
    outer loop
      vertex 4.045007313140152 12.710865209922915 0.20000000000000018
      vertex 4.225381667546985 12.67902399582301 0.20000000000000018
      vertex 4.225381667546985 12.67902399582301 0.18999999999999995
    endloop
  endfacet
  facet normal 0.1738406405952395 0.9847737972130639 0
    outer loop
      vertex 4.045007313140152 12.710865209922915 0.18999999999999995
      vertex 4.045007313140152 12.710865209922915 0.20000000000000018
      vertex 4.225381667546985 12.67902399582301 0.18999999999999995
    endloop
  endfacet
  facet normal 0.1816213986663536 0.9833685308908748 0
    outer loop
      vertex 4.225381667546985 12.67902399582301 0.18999999999999995
      vertex 4.225381667546985 12.67902399582301 0.20000000000000018
      vertex 4.4052926612382315 12.645795673700423 0.18999999999999995
    endloop
  endfacet
  facet normal 0.1816213986663536 0.9833685308908748 0
    outer loop
      vertex 4.225381667546985 12.67902399582301 0.20000000000000018
      vertex 4.4052926612382315 12.645795673700423 0.20000000000000018
      vertex 4.4052926612382315 12.645795673700423 0.18999999999999995
    endloop
  endfacet
  facet normal 0.18940896550644826 0.9818982858655866 0
    outer loop
      vertex 4.4052926612382315 12.645795673700423 0.18999999999999995
      vertex 4.4052926612382315 12.645795673700423 0.20000000000000018
      vertex 4.5847205649460525 12.611183887415116 0.18999999999999995
    endloop
  endfacet
  facet normal 0.18940896550644826 0.9818982858655866 0
    outer loop
      vertex 4.4052926612382315 12.645795673700423 0.20000000000000018
      vertex 4.5847205649460525 12.611183887415116 0.20000000000000018
      vertex 4.5847205649460525 12.611183887415116 0.18999999999999995
    endloop
  endfacet
  facet normal 0.19720356478567796 0.980362562542971 0
    outer loop
      vertex 4.5847205649460525 12.611183887415116 0.20000000000000018
      vertex 4.763645702378824 12.575192432539499 0.20000000000000018
      vertex 4.763645702378824 12.575192432539499 0.18999999999999995
    endloop
  endfacet
  facet normal 0.19720356478567796 0.980362562542971 0
    outer loop
      vertex 4.5847205649460525 12.611183887415116 0.18999999999999995
      vertex 4.5847205649460525 12.611183887415116 0.20000000000000018
      vertex 4.763645702378824 12.575192432539499 0.18999999999999995
    endloop
  endfacet
  facet normal 0.20500541131572708 0.9787608397005213 0
    outer loop
      vertex 4.763645702378824 12.575192432539499 0.18999999999999995
      vertex 4.763645702378824 12.575192432539499 0.20000000000000018
      vertex 4.942048452378904 12.537825255942186 0.18999999999999995
    endloop
  endfacet
  facet normal 0.20500541131572708 0.9787608397005213 0
    outer loop
      vertex 4.763645702378824 12.575192432539499 0.20000000000000018
      vertex 4.942048452378904 12.537825255942186 0.20000000000000018
      vertex 4.942048452378904 12.537825255942186 0.18999999999999995
    endloop
  endfacet
  facet normal 0.21281471056435186 0.9770925744101278 0
    outer loop
      vertex 4.942048452378904 12.537825255942186 0.18999999999999995
      vertex 4.942048452378904 12.537825255942186 0.20000000000000018
      vertex 5.119909251074374 12.499086455355178 0.18999999999999995
    endloop
  endfacet
  facet normal 0.21281471056435186 0.9770925744101278 0
    outer loop
      vertex 4.942048452378904 12.537825255942186 0.20000000000000018
      vertex 5.119909251074374 12.499086455355178 0.20000000000000018
      vertex 5.119909251074374 12.499086455355178 0.18999999999999995
    endloop
  endfacet
  facet normal 0.22063165815492364 0.9753572019623421 0
    outer loop
      vertex 5.119909251074374 12.499086455355178 0.18999999999999995
      vertex 5.119909251074374 12.499086455355178 0.20000000000000018
      vertex 5.297208594024313 12.45898027892451 0.18999999999999995
    endloop
  endfacet
  facet normal 0.22063165815492364 0.9753572019623421 0
    outer loop
      vertex 5.119909251074374 12.499086455355178 0.20000000000000018
      vertex 5.297208594024313 12.45898027892451 0.20000000000000018
      vertex 5.297208594024313 12.45898027892451 0.18999999999999995
    endloop
  endfacet
  facet normal 0.22845643935000418 0.9735541357929296 0
    outer loop
      vertex 5.297208594024313 12.45898027892451 0.18999999999999995
      vertex 5.297208594024313 12.45898027892451 0.20000000000000018
      vertex 5.473927038357819 12.417511124744376 0.18999999999999995
    endloop
  endfacet
  facet normal 0.22845643935000418 0.9735541357929296 0
    outer loop
      vertex 5.297208594024313 12.45898027892451 0.20000000000000018
      vertex 5.473927038357819 12.417511124744376 0.20000000000000018
      vertex 5.473927038357819 12.417511124744376 0.18999999999999995
    endloop
  endfacet
  facet normal 0.2362892285184938 0.971682767412356 0
    outer loop
      vertex 5.473927038357819 12.417511124744376 0.20000000000000018
      vertex 5.5 12.411170825010513 0.20000000000000018
      vertex 5.5 12.411170825010513 0.18999999999999995
    endloop
  endfacet
  facet normal 0.2362892285184938 0.971682767412356 0
    outer loop
      vertex 5.473927038357819 12.417511124744376 0.18999999999999995
      vertex 5.473927038357819 12.417511124744376 0.20000000000000018
      vertex 5.5 12.411170825010513 0.18999999999999995
    endloop
  endfacet
  facet normal 0.22063165815492358 0.975357201962342 0
    outer loop
      vertex 5.119909251074374 12.499086455355178 0.3636296830327659
      vertex 5.119909251074374 12.499086455355178 1.8363703169672339
      vertex 5.297208594024313 12.45898027892451 0.30347041838676514
    endloop
  endfacet
  facet normal 0.22845643935000415 0.9735541357929295 0
    outer loop
      vertex 5.297208594024313 12.45898027892451 0.30347041838676514
      vertex 5.297208594024313 12.45898027892451 1.8965295816132355
      vertex 5.473927038357819 12.417511124744376 0.24126668711656318
    endloop
  endfacet
  facet normal 0.23628922851849377 0.9716827674123562 0
    outer loop
      vertex 5.473927038357819 12.417511124744376 0.24126668711656318
      vertex 5.5 12.411170825010513 1.9682437624842302
      vertex 5.5 12.411170825010513 0.23175623751577
    endloop
  endfacet
  facet normal 0.1505368592079289 0.9886043971274922 0
    outer loop
      vertex 3.5540501351328833 12.790000000000001 0.8000000000000003
      vertex 3.5540501351328833 12.790000000000001 1.4
      vertex 3.682947691145789 12.770372499557821 0.7705587493367303
    endloop
  endfacet
  facet normal 0.15829861459803984 0.9873912844543147 0
    outer loop
      vertex 3.864189378098362 12.741315824252185 0.7269737363782762
      vertex 3.682947691145789 12.770372499557821 0.7705587493367303
      vertex 3.682947691145789 12.770372499557821 1.429441250663269
    endloop
  endfacet
  facet normal 0.16606645923529845 0.9861145628764698 0
    outer loop
      vertex 3.864189378098362 12.741315824252185 0.7269737363782762
      vertex 3.864189378098362 12.741315824252185 1.473026263621723
      vertex 4.045007313140152 12.710865209922915 0.6812978148843709
    endloop
  endfacet
  facet normal 0.15053685920792892 0.9886043971274922 0
    outer loop
      vertex 3.682947691145789 12.770372499557821 0.7705587493367303
      vertex 3.5540501351328833 12.790000000000001 1.4
      vertex 3.682947691145789 12.770372499557821 1.429441250663269
    endloop
  endfacet
  facet normal 0.15829861459803984 0.9873912844543146 0
    outer loop
      vertex 3.864189378098362 12.741315824252185 0.7269737363782762
      vertex 3.682947691145789 12.770372499557821 1.429441250663269
      vertex 3.864189378098362 12.741315824252185 1.473026263621723
    endloop
  endfacet
  facet normal 0.1660664592352984 0.9861145628764697 0
    outer loop
      vertex 4.045007313140152 12.710865209922915 0.6812978148843709
      vertex 3.864189378098362 12.741315824252185 1.473026263621723
      vertex 4.045007313140152 12.710865209922915 1.5187021851156293
    endloop
  endfacet
  facet normal 0.17384064059523952 0.984773797213064 0
    outer loop
      vertex 4.225381667546985 12.67902399582301 0.6335359937345149
      vertex 4.045007313140152 12.710865209922915 0.6812978148843709
      vertex 4.045007313140152 12.710865209922915 1.5187021851156293
    endloop
  endfacet
  facet normal 0.1816213986663536 0.9833685308908747 0
    outer loop
      vertex 4.225381667546985 12.67902399582301 0.6335359937345149
      vertex 4.225381667546985 12.67902399582301 1.5664640062654844
      vertex 4.4052926612382315 12.645795673700423 0.5836935105506336
    endloop
  endfacet
  facet normal 0.18940896550644826 0.9818982858655865 0
    outer loop
      vertex 4.4052926612382315 12.645795673700423 0.5836935105506336
      vertex 4.4052926612382315 12.645795673700423 1.6163064894493666
      vertex 4.5847205649460525 12.611183887415116 0.531775831122673
    endloop
  endfacet
  facet normal 0.197203564785678 0.9803625625429712 0
    outer loop
      vertex 4.763645702378824 12.575192432539499 0.47778864880924754
      vertex 4.5847205649460525 12.611183887415116 0.531775831122673
      vertex 4.5847205649460525 12.611183887415116 1.6682241688773272
    endloop
  endfacet
  facet normal 0.1738406405952395 0.9847737972130639 0
    outer loop
      vertex 4.225381667546985 12.67902399582301 0.6335359937345149
      vertex 4.045007313140152 12.710865209922915 1.5187021851156293
      vertex 4.225381667546985 12.67902399582301 1.5664640062654844
    endloop
  endfacet
  facet normal 0.18162139866635363 0.983368530890875 0
    outer loop
      vertex 4.4052926612382315 12.645795673700423 0.5836935105506336
      vertex 4.225381667546985 12.67902399582301 1.5664640062654844
      vertex 4.4052926612382315 12.645795673700423 1.6163064894493666
    endloop
  endfacet
  facet normal 0.18940896550644826 0.9818982858655865 0
    outer loop
      vertex 4.5847205649460525 12.611183887415116 0.531775831122673
      vertex 4.4052926612382315 12.645795673700423 1.6163064894493666
      vertex 4.5847205649460525 12.611183887415116 1.6682241688773272
    endloop
  endfacet
  facet normal 0.197203564785678 0.9803625625429712 0
    outer loop
      vertex 4.763645702378824 12.575192432539499 0.47778864880924754
      vertex 4.5847205649460525 12.611183887415116 1.6682241688773272
      vertex 4.763645702378824 12.575192432539499 1.722211351190753
    endloop
  endfacet
  facet normal 0.20500541131572714 0.9787608397005214 0
    outer loop
      vertex 4.763645702378824 12.575192432539499 0.47778864880924754
      vertex 4.763645702378824 12.575192432539499 1.722211351190753
      vertex 4.942048452378904 12.537825255942186 0.4217378839132788
    endloop
  endfacet
  facet normal 0.21281471056435186 0.9770925744101278 0
    outer loop
      vertex 4.942048452378904 12.537825255942186 0.4217378839132788
      vertex 4.942048452378904 12.537825255942186 1.778262116086721
      vertex 5.119909251074374 12.499086455355178 0.3636296830327659
    endloop
  endfacet
  facet normal 0.20500541131572708 0.9787608397005213 0
    outer loop
      vertex 4.942048452378904 12.537825255942186 0.4217378839132788
      vertex 4.763645702378824 12.575192432539499 1.722211351190753
      vertex 4.942048452378904 12.537825255942186 1.778262116086721
    endloop
  endfacet
  facet normal 0.21281471056435186 0.9770925744101279 0
    outer loop
      vertex 5.119909251074374 12.499086455355178 0.3636296830327659
      vertex 4.942048452378904 12.537825255942186 1.778262116086721
      vertex 5.119909251074374 12.499086455355178 1.8363703169672339
    endloop
  endfacet
  facet normal 0.22063165815492364 0.9753572019623421 0
    outer loop
      vertex 5.297208594024313 12.45898027892451 0.30347041838676514
      vertex 5.119909251074374 12.499086455355178 1.8363703169672339
      vertex 5.297208594024313 12.45898027892451 1.8965295816132355
    endloop
  endfacet
  facet normal 0.22845643935000415 0.9735541357929295 0
    outer loop
      vertex 5.473927038357819 12.417511124744376 0.24126668711656318
      vertex 5.297208594024313 12.45898027892451 1.8965295816132355
      vertex 5.473927038357819 12.417511124744376 1.9587333128834374
    endloop
  endfacet
  facet normal 0.23628922851849374 0.971682767412356 0
    outer loop
      vertex 5.473927038357819 12.417511124744376 0.24126668711656318
      vertex 5.473927038357819 12.417511124744376 1.9587333128834374
      vertex 5.5 12.411170825010513 1.9682437624842302
    endloop
  endfacet
  facet normal 0.7501110696276164 0.6613118653268769 8.016672571184432e-12
    outer loop
      vertex -6.118690588226424 -11.605364131778607 -3.39
      vertex -6.118690588225528 -11.605364131779503 -3.3999999999993276
      vertex -6.131153972831903 -11.591227196925555 -3.3999999999993307
    endloop
  endfacet
  facet normal 0.6613118653236646 0.7501110696304483 0
    outer loop
      vertex -6.1053641317786065 -11.618690588226423 -3.39
      vertex -6.091227196924607 -11.631153972832736 -3.3999999999993227
      vertex -6.1053641317786065 -11.618690588226423 -3.399999999999325
    endloop
  endfacet
  facet normal 0.707106781186524 0.7071067811865711 0
    outer loop
      vertex -6.1053641317786065 -11.618690588226423 -3.39
      vertex -6.1053641317786065 -11.618690588226423 -3.399999999999325
      vertex -6.118690588225528 -11.605364131779503 -3.3999999999993276
    endloop
  endfacet
  facet normal 0.7071067811865004 0.7071067811865948 6.284953034584449e-14
    outer loop
      vertex -6.1053641317786065 -11.618690588226423 -3.39
      vertex -6.118690588225528 -11.605364131779503 -3.3999999999993276
      vertex -6.118690588226424 -11.605364131778607 -3.39
    endloop
  endfacet
  facet normal 0.9995065702948375 0.03141044312726324 0
    outer loop
      vertex -6.199999997019768 -11.399999905167473 -3.39
      vertex -6.199408018528482 -11.418837155858796 -3.3999999999993724
      vertex -6.199999997019768 -11.399999905167473 -3.3999999999993773
    endloop
  endfacet
  facet normal 0.9995065603657315 -0.03141075907813317 0
    outer loop
      vertex -6.199999997019768 -11.399999905167473 -3.39
      vertex -6.199999997019768 -11.399999905167473 -3.3999999999993773
      vertex -6.199408018528518 -11.38116284414237 -3.3999999999993826
    endloop
  endfacet
  facet normal 0.7501110696304294 0.661311865323686 0
    outer loop
      vertex -6.118690588226424 -11.605364131778607 -3.39
      vertex -6.131153972831903 -11.591227196925555 -3.3999999999993307
      vertex -6.118690588226424 -11.605364131778607 2.7999999999999994
    endloop
  endfacet
  facet normal 0.6613118653236646 0.7501110696304483 0
    outer loop
      vertex -6.1053641317786065 -11.618690588226423 -3.39
      vertex -6.091227196924607 -11.631153972832736 2.7999999999999994
      vertex -6.091227196924607 -11.631153972832736 -3.3999999999993227
    endloop
  endfacet
  facet normal 0.562083377852164 0.8270805742745391 0
    outer loop
      vertex -6.076335575687742 -11.642705098312485 2.7999999999999994
      vertex -6.060748038493697 -11.653298377650607 -3.3999999999993187
      vertex -6.076335575687742 -11.642705098312485 -3.3999999999993205
    endloop
  endfacet
  facet normal 0.5090414157503101 0.8607420270039797 0
    outer loop
      vertex -6.044526102230515 -11.662892004013159 2.7999999999999994
      vertex -6.044526102230515 -11.662892004013159 -3.399999999999317
      vertex -6.060748038493697 -11.653298377650607 -3.3999999999993187
    endloop
  endfacet
  facet normal 0.6129070536530004 0.7901550123756719 0
    outer loop
      vertex -6.091227196924607 -11.631153972832736 2.7999999999999994
      vertex -6.076335575687742 -11.642705098312485 -3.3999999999993205
      vertex -6.091227196924607 -11.631153972832736 -3.3999999999993227
    endloop
  endfacet
  facet normal 0.4539904997395537 0.8910065241883643 0
    outer loop
      vertex -6.044526102230515 -11.662892004013159 2.7999999999999994
      vertex -6.02773378746952 -11.671448115739807 -3.399999999999316
      vertex -6.044526102230515 -11.662892004013159 -3.399999999999317
    endloop
  endfacet
  facet normal 0.39714789063478656 0.9177546256839786 1.1378651157783285e-16
    outer loop
      vertex -6.010437365805404 -11.678932945766476 2.7999999999999994
      vertex -6.010437365805402 -11.678932945766476 -3.399999999999315
      vertex -6.02773378746952 -11.671448115739807 -3.399999999999316
    endloop
  endfacet
  facet normal 0.338737920245317 0.9408807689542162 0
    outer loop
      vertex -5.992705098312484 -11.685316954888547 2.7999999999999994
      vertex -5.992705098312484 -11.685316954888547 -3.3999999999993142
      vertex -6.010437365805402 -11.678932945766476 -3.399999999999315
    endloop
  endfacet
  facet normal 0.7071067811865005 0.7071067811865946 0
    outer loop
      vertex -6.1053641317786065 -11.618690588226423 -3.39
      vertex -6.118690588226424 -11.605364131778607 -3.39
      vertex -6.118690588226424 -11.605364131778607 2.7999999999999994
    endloop
  endfacet
  facet normal 0.9876883405951384 0.15643446504022576 0
    outer loop
      vertex -6.197634410394343 -11.437599970069291 2.7899999999999996
      vertex -6.194686175218607 -11.456214394375717 -3.3999999999993626
      vertex -6.197634410394343 -11.437599970069291 -3.3999999999993675
    endloop
  endfacet
  facet normal 0.9955619646030764 0.09410831331855127 0
    outer loop
      vertex -6.197634410394343 -11.437599970069291 2.7899999999999996
      vertex -6.197634410394343 -11.437599970069291 -3.3999999999993675
      vertex -6.199408018528482 -11.418837155858796 -3.3999999999993724
    endloop
  endfacet
  facet normal 0.9995065702948375 0.031410443127263245 -8.988732059789645e-18
    outer loop
      vertex -6.199999997019768 -11.399999905167473 -3.39
      vertex -6.199408018528482 -11.418837155858794 2.7999999999999994
      vertex -6.199408018528482 -11.418837155858796 -3.3999999999993724
    endloop
  endfacet
  facet normal 0.9995065603657314 -0.03141075907813315 2.4110341576910278e-17
    outer loop
      vertex -6.199999997019768 -11.399999905167473 -3.39
      vertex -6.199408018528518 -11.38116284414237 -3.3999999999993826
      vertex -6.199408018528482 -11.381162844141206 2.7999999999999994
    endloop
  endfacet
  facet normal 0.995561964603443 -0.09410831331467341 0
    outer loop
      vertex -6.197634410394343 -11.36240002993071 2.7999999999999994
      vertex -6.199408018528518 -11.38116284414237 -3.3999999999993826
      vertex -6.197634410394343 -11.36240002993071 -3.3999999999993875
    endloop
  endfacet
  facet normal 0.9876883405951362 -0.15643446504024033 0
    outer loop
      vertex -6.197634410394343 -11.36240002993071 2.7999999999999994
      vertex -6.197634410394343 -11.36240002993071 -3.3999999999993875
      vertex -6.194686175218607 -11.343785605624285 -3.399999999999393
    endloop
  endfacet
  facet normal 0.8270805742745759 0.5620833778521098 0
    outer loop
      vertex -6.153298377650605 -11.5607480384937 2.7999999999999994
      vertex -6.142705098312484 -11.576335575687745 -3.3999999999993338
      vertex -6.153298377650605 -11.5607480384937 -3.3999999999993373
    endloop
  endfacet
  facet normal 0.8607420270039591 0.5090414157503451 0
    outer loop
      vertex -6.153298377650605 -11.5607480384937 2.7999999999999994
      vertex -6.153298377650605 -11.5607480384937 -3.3999999999993373
      vertex -6.162892004013158 -11.544526102230517 -3.3999999999993413
    endloop
  endfacet
  facet normal 0.917754625683986 0.3971478906347693 0
    outer loop
      vertex -6.1789329457664754 -11.510437365805403 2.7899999999999996
      vertex -6.171448115739806 -11.527733787469522 -3.399999999999345
      vertex -6.1789329457664754 -11.510437365805403 -3.3999999999993493
    endloop
  endfacet
  facet normal 0.9408807689542258 0.3387379202452903 0
    outer loop
      vertex -6.1789329457664754 -11.510437365805403 2.7899999999999996
      vertex -6.1789329457664754 -11.510437365805403 -3.3999999999993493
      vertex -6.185316954888545 -11.492705098312486 -3.3999999999993538
    endloop
  endfacet
  facet normal 0.8910065241883643 0.4539904997395537 0
    outer loop
      vertex -6.171448115739806 -11.527733787469522 2.7999999999999994
      vertex -6.162892004013158 -11.544526102230517 -3.3999999999993413
      vertex -6.171448115739806 -11.527733787469522 -3.399999999999345
    endloop
  endfacet
  facet normal 0.790155012373123 0.6129070536562862 1.2691874421794399e-14
    outer loop
      vertex -6.131153972832737 -11.591227196924608 2.7999999999999994
      vertex -6.131153972831903 -11.591227196925555 -3.3999999999993307
      vertex -6.142705098312484 -11.576335575687745 -3.3999999999993338
    endloop
  endfacet
  facet normal 0.9602936856769392 0.27899110603924243 5.763296271740986e-17
    outer loop
      vertex -6.185316954888546 -11.492705098312484 2.7999999999999994
      vertex -6.185316954888545 -11.492705098312486 -3.3999999999993538
      vertex -6.190574948338589 -11.474606966149459 -3.399999999999358
    endloop
  endfacet
  facet normal 0.9759167619387473 0.21814324139654304 0
    outer loop
      vertex -6.194686175218607 -11.456214394375717 2.7899999999999996
      vertex -6.190574948338589 -11.474606966149459 -3.399999999999358
      vertex -6.194686175218607 -11.456214394375717 -3.3999999999993626
    endloop
  endfacet
  facet normal 0.9759167619387572 -0.21814324139649813 0
    outer loop
      vertex -6.19057494833859 -11.325393033850544 2.7999999999999994
      vertex -6.194686175218607 -11.343785605624285 -3.399999999999393
      vertex -6.19057494833859 -11.325393033850544 -3.399999999999398
    endloop
  endfacet
  facet normal 0.9602936856769445 -0.27899110603922417 0
    outer loop
      vertex -6.19057494833859 -11.325393033850544 2.7999999999999994
      vertex -6.19057494833859 -11.325393033850544 -3.399999999999398
      vertex -6.185316954888547 -11.307294901687518 -3.399999999999403
    endloop
  endfacet
  facet normal 0.9408807689516188 -0.3387379202525317 -2.339505731027299e-14
    outer loop
      vertex -6.1789329457664754 -11.289562634194597 -3.39
      vertex -6.185316954888546 -11.307294901687516 2.7999999999999994
      vertex -6.178932945766476 -11.2895626341946 -3.3999999999994084
    endloop
  endfacet
  facet normal 0.9408807689542216 -0.33873792024530197 -3.773396340388112e-17
    outer loop
      vertex -6.185316954888546 -11.307294901687516 2.7999999999999994
      vertex -6.185316954888547 -11.307294901687518 -3.399999999999403
      vertex -6.178932945766476 -11.2895626341946 -3.3999999999994084
    endloop
  endfacet
  facet normal 0.9177546256854164 -0.39714789063146416 -1.0965348134365786e-14
    outer loop
      vertex -6.1789329457664754 -11.289562634194597 -3.39
      vertex -6.178932945766476 -11.2895626341946 -3.3999999999994084
      vertex -6.171448115739806 -11.272266212530479 2.7999999999999994
    endloop
  endfacet
  facet normal 0.9177546256839837 -0.39714789063477474 0
    outer loop
      vertex -6.171448115739806 -11.272266212530479 2.7999999999999994
      vertex -6.178932945766476 -11.2895626341946 -3.3999999999994084
      vertex -6.171448115739806 -11.272266212530479 -3.3999999999994137
    endloop
  endfacet
  facet normal 0.8910065241883636 -0.45399049973955513 0
    outer loop
      vertex -6.171448115739806 -11.272266212530479 2.7999999999999994
      vertex -6.171448115739806 -11.272266212530479 -3.3999999999994137
      vertex -6.16289200401316 -11.255473897769487 -3.3999999999994186
    endloop
  endfacet
  facet normal 0.8607420270062787 -0.5090414157464229 1.3974670709128395e-14
    outer loop
      vertex -6.1532983776506045 -11.239251961506302 -3.39
      vertex -6.162892004013159 -11.255473897769486 2.7999999999999994
      vertex -6.153298377650605 -11.239251961506303 -3.3999999999994235
    endloop
  endfacet
  facet normal 0.8607420270039423 -0.5090414157503736 2.253979146650512e-17
    outer loop
      vertex -6.162892004013159 -11.255473897769486 2.7999999999999994
      vertex -6.16289200401316 -11.255473897769487 -3.3999999999994186
      vertex -6.153298377650605 -11.239251961506303 -3.3999999999994235
    endloop
  endfacet
  facet normal 0.8270805742745978 -0.5620833778520776 0
    outer loop
      vertex -6.142705098312485 -11.223664424312258 2.7899999999999996
      vertex -6.153298377650605 -11.239251961506303 -3.3999999999994235
      vertex -6.142705098312485 -11.223664424312258 -3.3999999999994284
    endloop
  endfacet
  facet normal 0.8270805742697266 -0.5620833778592454 2.6386553516912383e-14
    outer loop
      vertex -6.1532983776506045 -11.239251961506302 -3.39
      vertex -6.153298377650605 -11.239251961506303 -3.3999999999994235
      vertex -6.142705098312485 -11.223664424312258 2.7899999999999996
    endloop
  endfacet
  facet normal 0.7901550123756468 -0.6129070536530328 0
    outer loop
      vertex -6.142705098312485 -11.223664424312258 2.7899999999999996
      vertex -6.142705098312485 -11.223664424312258 -3.3999999999994284
      vertex -6.131153972832738 -11.208772803075396 -3.3999999999994333
    endloop
  endfacet
  facet normal 0.7501110696304895 -0.661311865323618 8.201506298713126e-17
    outer loop
      vertex -6.131153972832737 -11.208772803075394 2.7999999999999994
      vertex -6.131153972832738 -11.208772803075396 -3.3999999999994333
      vertex -6.118690588226425 -11.194635868221395 -3.3999999999994377
    endloop
  endfacet
  facet normal 0.21814324139654834 0.9759167619387462 0
    outer loop
      vertex -5.956214394375718 -11.694686175218607 2.7999999999999994
      vertex -5.956214394375718 -11.694686175218607 -3.3999999999993142
      vertex -5.974606966149455 -11.69057494833859 -3.3999999999993142
    endloop
  endfacet
  facet normal 0.15643446504020392 0.9876883405951419 0
    outer loop
      vertex -5.956214394375718 -11.694686175218607 2.7999999999999994
      vertex -5.937599970069289 -11.697634410394343 -3.3999999999993147
      vertex -5.956214394375718 -11.694686175218607 -3.3999999999993142
    endloop
  endfacet
  facet normal 0.09410831331855128 0.9955619646030764 0
    outer loop
      vertex -5.918837155858794 -11.699408018528482 2.7999999999999994
      vertex -5.918837155858794 -11.699408018528482 -3.3999999999993156
      vertex -5.937599970069289 -11.697634410394343 -3.3999999999993147
    endloop
  endfacet
  facet normal 0.03141075907595619 0.9995065603657999 0
    outer loop
      vertex -5.918837155858794 -11.699408018528482 2.7999999999999994
      vertex -5.900000094831226 -11.699999997019768 -3.3999999999993165
      vertex -5.918837155858794 -11.699408018528482 -3.3999999999993156
    endloop
  endfacet
  facet normal 0.2789911060391737 0.9602936856769593 0
    outer loop
      vertex -5.992705098312484 -11.685316954888547 2.7999999999999994
      vertex -5.974606966149455 -11.69057494833859 -3.3999999999993142
      vertex -5.992705098312484 -11.685316954888547 -3.3999999999993142
    endloop
  endfacet
  facet normal 0.7071067811865004 -0.7071067811865946 1.0129628765704719e-16
    outer loop
      vertex -6.118690588226424 -11.194635868221393 2.7999999999999994
      vertex -6.118690588226425 -11.194635868221395 -3.3999999999994377
      vertex -6.105364131778607 -11.18130941177358 -3.399999999999442
    endloop
  endfacet
  facet normal 0.6613118653236945 -0.7501110696304222 0
    outer loop
      vertex -6.091227196924607 -11.168846027167264 2.7999999999999994
      vertex -6.105364131778607 -11.18130941177358 -3.399999999999442
      vertex -6.091227196924607 -11.168846027167264 -3.3999999999994466
    endloop
  endfacet
  facet normal 0.6129070536529644 -0.7901550123756999 0
    outer loop
      vertex -6.091227196924607 -11.168846027167264 2.7999999999999994
      vertex -6.091227196924607 -11.168846027167264 -3.3999999999994466
      vertex -6.076335575687743 -11.157294901687518 -3.3999999999994506
    endloop
  endfacet
  facet normal 0.5620833778521859 -0.8270805742745242 0
    outer loop
      vertex -6.060748038493699 -11.146701622349395 2.7999999999999994
      vertex -6.076335575687743 -11.157294901687518 -3.3999999999994506
      vertex -6.060748038493699 -11.146701622349395 -3.399999999999454
    endloop
  endfacet
  facet normal 0.5090414157503387 -0.8607420270039629 0
    outer loop
      vertex -6.044526102230515 -11.137107995986842 2.7999999999999994
      vertex -6.060748038493699 -11.146701622349395 -3.399999999999454
      vertex -6.044526102230515 -11.137107995986842 -3.399999999999458
    endloop
  endfacet
  facet normal 0.4539904997395918 -0.891006524188345 0
    outer loop
      vertex -6.027733787469522 -11.128551884260194 2.7999999999999994
      vertex -6.044526102230515 -11.137107995986842 -3.399999999999458
      vertex -6.027733787469522 -11.128551884260194 -3.3999999999994612
    endloop
  endfacet
  facet normal 0.3971478906347694 -0.917754625683986 0
    outer loop
      vertex -6.010437365805403 -11.121067054233524 2.7999999999999994
      vertex -6.027733787469522 -11.128551884260194 -3.3999999999994612
      vertex -6.010437365805403 -11.121067054233524 -3.3999999999994643
    endloop
  endfacet
  facet normal 0.338737920245302 -0.9408807689542217 0
    outer loop
      vertex -5.992705098312484 -11.114683045111454 2.7999999999999994
      vertex -6.010437365805403 -11.121067054233524 -3.3999999999994643
      vertex -5.992705098312484 -11.114683045111454 -3.3999999999994674
    endloop
  endfacet
  facet normal 0.2789911060392242 -0.9602936856769446 0
    outer loop
      vertex -5.992705098312484 -11.114683045111454 2.7999999999999994
      vertex -5.992705098312484 -11.114683045111454 -3.3999999999994674
      vertex -5.974606966149459 -11.109425051661411 -3.3999999999994697
    endloop
  endfacet
  facet normal 0.21814324139650818 -0.9759167619387551 0
    outer loop
      vertex -5.956214394375718 -11.105313824781394 2.7899999999999996
      vertex -5.974606966149459 -11.109425051661411 -3.3999999999994697
      vertex -5.956214394375718 -11.105313824781394 -3.3999999999994723
    endloop
  endfacet
  facet normal 0.15643446504023306 -0.9876883405951373 0
    outer loop
      vertex -5.956214394375718 -11.105313824781394 2.7899999999999996
      vertex -5.956214394375718 -11.105313824781394 -3.3999999999994723
      vertex -5.937599970069293 -11.102365589605657 -3.399999999999474
    endloop
  endfacet
  facet normal 0.09410831331853362 -0.9955619646030782 0
    outer loop
      vertex -5.918837155858794 -11.100591981471519 2.7899999999999996
      vertex -5.937599970069293 -11.102365589605657 -3.399999999999474
      vertex -5.918837155858794 -11.100591981471519 -3.399999999999476
    endloop
  endfacet
  facet normal 0.03141075907812672 -0.9995065603657316 0
    outer loop
      vertex -5.918837155858794 -11.100591981471519 2.7899999999999996
      vertex -5.918837155858794 -11.100591981471519 -3.399999999999476
      vertex -5.900000094832529 -11.100000002980233 -3.399999999999477
    endloop
  endfacet
  facet normal 0 -1 0
    outer loop
      vertex -5.900000094832527 -11.100000002980233 2.7999999999999994
      vertex -5.900000094832529 -11.100000002980233 -3.399999999999477
      vertex 5.900000094832527 -11.100000002980233 -3.4
    endloop
  endfacet
  facet normal 0.7501110696304482 0.6613118653236647 -8.654783728911684e-17
    outer loop
      vertex -6.131153972832737 -11.591227196924608 2.7999999999999994
      vertex -6.118690588226424 -11.605364131778607 2.7999999999999994
      vertex -6.131153972831903 -11.591227196925555 -3.3999999999993307
    endloop
  endfacet
  facet normal 0.6613118653236647 0.7501110696304483 0
    outer loop
      vertex -6.1053641317786065 -11.618690588226423 -3.39
      vertex -6.1053641317786065 -11.618690588226423 2.7999999999999994
      vertex -6.091227196924607 -11.631153972832736 2.7999999999999994
    endloop
  endfacet
  facet normal 0.7071067811865005 0.7071067811865946 0
    outer loop
      vertex -6.1053641317786065 -11.618690588226423 -3.39
      vertex -6.118690588226424 -11.605364131778607 2.7999999999999994
      vertex -6.1053641317786065 -11.618690588226423 2.7999999999999994
    endloop
  endfacet
  facet normal 0.5620833778521434 0.8270805742745531 -7.585368133797314e-17
    outer loop
      vertex -6.076335575687742 -11.642705098312485 2.7999999999999994
      vertex -6.060748038493699 -11.653298377650605 2.7999999999999994
      vertex -6.060748038493697 -11.653298377650607 -3.3999999999993187
    endloop
  endfacet
  facet normal 0.5090414157503387 0.860742027003963 -1.0067430489505249e-16
    outer loop
      vertex -6.044526102230515 -11.662892004013159 2.7999999999999994
      vertex -6.060748038493697 -11.653298377650607 -3.3999999999993187
      vertex -6.060748038493699 -11.653298377650605 2.7999999999999994
    endloop
  endfacet
  facet normal 0.6129070536530004 0.7901550123756719 0
    outer loop
      vertex -6.091227196924607 -11.631153972832736 2.7999999999999994
      vertex -6.076335575687742 -11.642705098312485 2.7999999999999994
      vertex -6.076335575687742 -11.642705098312485 -3.3999999999993205
    endloop
  endfacet
  facet normal 0.4539904997395918 0.8910065241883449 1.3007244019923396e-16
    outer loop
      vertex -6.027733787469522 -11.671448115739807 2.7999999999999994
      vertex -6.02773378746952 -11.671448115739807 -3.399999999999316
      vertex -6.044526102230515 -11.662892004013159 2.7999999999999994
    endloop
  endfacet
  facet normal 0.39714789063478656 0.9177546256839786 1.1378651157783285e-16
    outer loop
      vertex -6.027733787469522 -11.671448115739807 2.7999999999999994
      vertex -6.010437365805404 -11.678932945766476 2.7999999999999994
      vertex -6.02773378746952 -11.671448115739807 -3.399999999999316
    endloop
  endfacet
  facet normal 0.338737920245287 0.940880768954227 9.705151957935462e-17
    outer loop
      vertex -6.010437365805404 -11.678932945766476 2.7999999999999994
      vertex -5.992705098312484 -11.685316954888547 2.7999999999999994
      vertex -6.010437365805402 -11.678932945766476 -3.399999999999315
    endloop
  endfacet
  facet normal 0.9876883405951385 0.1564344650402258 0
    outer loop
      vertex -6.194686175218607 -11.456214394375717 2.7899999999999996
      vertex -6.194686175218607 -11.456214394375717 -3.3999999999993626
      vertex -6.197634410394343 -11.437599970069291 2.7899999999999996
    endloop
  endfacet
  facet normal 0.9955619646030773 0.09410831331854247 -2.6966331668316694e-17
    outer loop
      vertex -6.197634410394343 -11.437599970069291 2.7899999999999996
      vertex -6.199408018528482 -11.418837155858796 -3.3999999999993724
      vertex -6.199408018528482 -11.418837155858794 2.7999999999999994
    endloop
  endfacet
  facet normal 0.9995065702948374 0.031410443127266194 0
    outer loop
      vertex -6.199999997019768 -11.399999905167473 -3.39
      vertex -6.199999997019768 -11.399999905167473 2.7999999999999994
      vertex -6.199408018528482 -11.418837155858794 2.7999999999999994
    endloop
  endfacet
  facet normal 0.9995065603657316 -0.03141075907812524 0
    outer loop
      vertex -6.199999997019768 -11.399999905167473 -3.39
      vertex -6.199408018528482 -11.381162844141206 2.7999999999999994
      vertex -6.199999997019768 -11.399999905167473 2.7999999999999994
    endloop
  endfacet
  facet normal 0.9876883405951387 -0.1564344650402258 4.49003217654469e-17
    outer loop
      vertex -6.197634410394343 -11.36240002993071 2.7999999999999994
      vertex -6.194686175218607 -11.343785605624285 -3.399999999999393
      vertex -6.194686175218607 -11.343785605624284 2.7899999999999996
    endloop
  endfacet
  facet normal 0.9955619646030774 -0.09410831331854246 1.1813324497629452e-14
    outer loop
      vertex -6.199408018528482 -11.381162844141206 2.7999999999999994
      vertex -6.199408018528518 -11.38116284414237 -3.3999999999993826
      vertex -6.197634410394343 -11.36240002993071 2.7999999999999994
    endloop
  endfacet
  facet normal 0.827080574274568 0.5620833778521214 -4.255895728015833e-17
    outer loop
      vertex -6.142705098312485 -11.576335575687743 2.7999999999999994
      vertex -6.142705098312484 -11.576335575687745 -3.3999999999993338
      vertex -6.153298377650605 -11.5607480384937 2.7999999999999994
    endloop
  endfacet
  facet normal 0.8607420270039629 0.5090414157503387 -2.253979146649244e-17
    outer loop
      vertex -6.162892004013159 -11.544526102230515 2.7999999999999994
      vertex -6.153298377650605 -11.5607480384937 2.7999999999999994
      vertex -6.162892004013158 -11.544526102230517 -3.3999999999993413
    endloop
  endfacet
  facet normal 0.917754625683986 0.39714789063476935 0
    outer loop
      vertex -6.171448115739806 -11.527733787469522 2.7999999999999994
      vertex -6.171448115739806 -11.527733787469522 -3.399999999999345
      vertex -6.1789329457664754 -11.510437365805403 2.7899999999999996
    endloop
  endfacet
  facet normal 0.9408807689542216 0.338737920245302 3.769487222452852e-17
    outer loop
      vertex -6.1789329457664754 -11.510437365805403 2.7899999999999996
      vertex -6.185316954888545 -11.492705098312486 -3.3999999999993538
      vertex -6.185316954888546 -11.492705098312484 2.7999999999999994
    endloop
  endfacet
  facet normal 0.8910065241883639 0.4539904997395544 -2.3196844445863293e-18
    outer loop
      vertex -6.171448115739806 -11.527733787469522 2.7999999999999994
      vertex -6.162892004013159 -11.544526102230515 2.7999999999999994
      vertex -6.162892004013158 -11.544526102230517 -3.3999999999993413
    endloop
  endfacet
  facet normal 0.7901550123756946 0.6129070536529709 -6.241016233277022e-17
    outer loop
      vertex -6.142705098312485 -11.576335575687743 2.7999999999999994
      vertex -6.131153972832737 -11.591227196924608 2.7999999999999994
      vertex -6.142705098312484 -11.576335575687745 -3.3999999999993338
    endloop
  endfacet
  facet normal 0.9759167619387529 0.21814324139651828 7.730451105710153e-17
    outer loop
      vertex -6.19057494833859 -11.474606966149457 2.7999999999999994
      vertex -6.190574948338589 -11.474606966149459 -3.399999999999358
      vertex -6.194686175218607 -11.456214394375717 2.7899999999999996
    endloop
  endfacet
  facet normal 0.9602936856769393 0.27899110603924243 5.764415844797213e-17
    outer loop
      vertex -6.185316954888546 -11.492705098312484 2.7999999999999994
      vertex -6.190574948338589 -11.474606966149459 -3.399999999999358
      vertex -6.19057494833859 -11.474606966149457 2.7999999999999994
    endloop
  endfacet
  facet normal 0.9759167619387528 -0.21814324139651822 6.260100788750938e-17
    outer loop
      vertex -6.194686175218607 -11.343785605624284 2.7899999999999996
      vertex -6.194686175218607 -11.343785605624285 -3.399999999999393
      vertex -6.19057494833859 -11.325393033850544 2.7999999999999994
    endloop
  endfacet
  facet normal 0.9602936856769392 -0.27899110603924243 -5.764415844797171e-17
    outer loop
      vertex -6.19057494833859 -11.325393033850544 2.7999999999999994
      vertex -6.185316954888547 -11.307294901687518 -3.399999999999403
      vertex -6.185316954888546 -11.307294901687516 2.7999999999999994
    endloop
  endfacet
  facet normal 0.9408807689542216 -0.338737920245302 0
    outer loop
      vertex -6.1789329457664754 -11.289562634194597 -3.39
      vertex -6.1789329457664754 -11.289562634194597 2.7999999999999994
      vertex -6.185316954888546 -11.307294901687516 2.7999999999999994
    endloop
  endfacet
  facet normal 0.9177546256839859 -0.39714789063476935 0
    outer loop
      vertex -6.1789329457664754 -11.289562634194597 -3.39
      vertex -6.171448115739806 -11.272266212530479 2.7999999999999994
      vertex -6.1789329457664754 -11.289562634194597 2.7999999999999994
    endloop
  endfacet
  facet normal 0.891006524188364 -0.4539904997395544 2.3196844445863004e-18
    outer loop
      vertex -6.171448115739806 -11.272266212530479 2.7999999999999994
      vertex -6.16289200401316 -11.255473897769487 -3.3999999999994186
      vertex -6.162892004013159 -11.255473897769486 2.7999999999999994
    endloop
  endfacet
  facet normal 0.8607420270039423 -0.5090414157503736 0
    outer loop
      vertex -6.1532983776506045 -11.239251961506302 -3.39
      vertex -6.1532983776506045 -11.239251961506302 2.7999999999999994
      vertex -6.162892004013159 -11.255473897769486 2.7999999999999994
    endloop
  endfacet
  facet normal 0.8270805742745899 -0.5620833778520892 0
    outer loop
      vertex -6.1532983776506045 -11.239251961506302 -3.39
      vertex -6.142705098312485 -11.223664424312258 2.7899999999999996
      vertex -6.1532983776506045 -11.239251961506302 2.7999999999999994
    endloop
  endfacet
  facet normal 0.7901550123756592 -0.6129070536530166 6.239951155937695e-17
    outer loop
      vertex -6.142705098312485 -11.223664424312258 2.7899999999999996
      vertex -6.131153972832738 -11.208772803075396 -3.3999999999994333
      vertex -6.131153972832737 -11.208772803075394 2.7999999999999994
    endloop
  endfacet
  facet normal 0.7501110696304895 -0.661311865323618 8.188486089389289e-17
    outer loop
      vertex -6.131153972832737 -11.208772803075394 2.7999999999999994
      vertex -6.118690588226425 -11.194635868221395 -3.3999999999994377
      vertex -6.118690588226424 -11.194635868221393 2.7999999999999994
    endloop
  endfacet
  facet normal 0.21814324139652824 0.9759167619387507 6.250003851995253e-17
    outer loop
      vertex -5.974606966149457 -11.69057494833859 2.7999999999999994
      vertex -5.956214394375718 -11.694686175218607 2.7999999999999994
      vertex -5.974606966149455 -11.69057494833859 -3.3999999999993142
    endloop
  endfacet
  facet normal 0.15643446504021852 0.9876883405951397 4.4827901891630144e-17
    outer loop
      vertex -5.956214394375718 -11.694686175218607 2.7999999999999994
      vertex -5.937599970069291 -11.697634410394343 2.7999999999999994
      vertex -5.937599970069289 -11.697634410394343 -3.3999999999993147
    endloop
  endfacet
  facet normal 0.09410831331854246 0.9955619646030773 2.6962894517392433e-17
    outer loop
      vertex -5.937599970069291 -11.697634410394343 2.7999999999999994
      vertex -5.918837155858794 -11.699408018528482 2.7999999999999994
      vertex -5.937599970069289 -11.697634410394343 -3.3999999999993147
    endloop
  endfacet
  facet normal 0.03141075907812376 0.9995065603657317 6.592112441518787e-15
    outer loop
      vertex -5.918837155858794 -11.699408018528482 2.7999999999999994
      vertex -5.900000094832527 -11.699999997019768 2.7999999999999994
      vertex -5.900000094831226 -11.699999997019768 -3.3999999999993165
    endloop
  endfacet
  facet normal 0.27899110603919897 0.9602936856769518 7.991312911600323e-17
    outer loop
      vertex -5.992705098312484 -11.685316954888547 2.7999999999999994
      vertex -5.974606966149457 -11.69057494833859 2.7999999999999994
      vertex -5.974606966149455 -11.69057494833859 -3.3999999999993142
    endloop
  endfacet
  facet normal 0.7071067811865004 -0.7071067811865948 1.0137021022842437e-16
    outer loop
      vertex -6.118690588226424 -11.194635868221393 2.7999999999999994
      vertex -6.105364131778607 -11.18130941177358 -3.399999999999442
      vertex -6.1053641317786065 -11.181309411773578 2.7999999999999994
    endloop
  endfacet
  facet normal 0.6613118653236647 -0.7501110696304483 1.2017774215739305e-16
    outer loop
      vertex -6.1053641317786065 -11.181309411773578 2.7999999999999994
      vertex -6.105364131778607 -11.18130941177358 -3.399999999999442
      vertex -6.091227196924607 -11.168846027167264 2.7999999999999994
    endloop
  endfacet
  facet normal 0.6129070536530004 -0.7901550123756719 1.3848516134179954e-16
    outer loop
      vertex -6.091227196924607 -11.168846027167264 2.7999999999999994
      vertex -6.076335575687743 -11.157294901687518 -3.3999999999994506
      vertex -6.076335575687742 -11.157294901687516 2.7999999999999994
    endloop
  endfacet
  facet normal 0.5620833778521434 -0.8270805742745533 1.5644514654312103e-16
    outer loop
      vertex -6.076335575687742 -11.157294901687516 2.7999999999999994
      vertex -6.076335575687743 -11.157294901687518 -3.3999999999994506
      vertex -6.060748038493699 -11.146701622349395 2.7999999999999994
    endloop
  endfacet
  facet normal 0.5090414157503387 -0.860742027003963 0
    outer loop
      vertex -6.060748038493699 -11.146701622349395 2.7999999999999994
      vertex -6.060748038493699 -11.146701622349395 -3.399999999999454
      vertex -6.044526102230515 -11.137107995986842 2.7999999999999994
    endloop
  endfacet
  facet normal 0.4539904997395918 -0.8910065241883449 0
    outer loop
      vertex -6.044526102230515 -11.137107995986842 2.7999999999999994
      vertex -6.044526102230515 -11.137107995986842 -3.399999999999458
      vertex -6.027733787469522 -11.128551884260194 2.7999999999999994
    endloop
  endfacet
  facet normal 0.39714789063476935 -0.917754625683986 0
    outer loop
      vertex -6.027733787469522 -11.128551884260194 2.7999999999999994
      vertex -6.027733787469522 -11.128551884260194 -3.3999999999994612
      vertex -6.010437365805403 -11.121067054233524 2.7999999999999994
    endloop
  endfacet
  facet normal 0.338737920245302 -0.9408807689542217 0
    outer loop
      vertex -6.010437365805403 -11.121067054233524 2.7999999999999994
      vertex -6.010437365805403 -11.121067054233524 -3.3999999999994643
      vertex -5.992705098312484 -11.114683045111454 2.7999999999999994
    endloop
  endfacet
  facet normal 0.21814324139650815 -0.975916761938755 0
    outer loop
      vertex -5.956214394375718 -11.105313824781394 2.7899999999999996
      vertex -5.956214394375718 -11.105313824781394 2.7999999999999994
      vertex -5.974606966149459 -11.109425051661411 -3.3999999999994697
    endloop
  endfacet
  facet normal 0.27899110603919897 -0.960293685676952 -7.991312911600123e-17
    outer loop
      vertex -5.992705098312484 -11.114683045111454 2.7999999999999994
      vertex -5.974606966149459 -11.109425051661411 -3.3999999999994697
      vertex -5.974606966149457 -11.109425051661411 2.7999999999999994
    endloop
  endfacet
  facet normal 0.21814324139652824 -0.9759167619387507 -6.250003851995096e-17
    outer loop
      vertex -5.974606966149457 -11.109425051661411 2.7999999999999994
      vertex -5.974606966149459 -11.109425051661411 -3.3999999999994697
      vertex -5.956214394375718 -11.105313824781394 2.7999999999999994
    endloop
  endfacet
  facet normal 0.1564344650402185 -0.9876883405951397 -4.490032176544422e-17
    outer loop
      vertex -5.956214394375718 -11.105313824781394 2.7899999999999996
      vertex -5.937599970069293 -11.102365589605657 -3.399999999999474
      vertex -5.937599970069291 -11.102365589605657 2.7899999999999996
    endloop
  endfacet
  facet normal 0.09410831331854246 -0.9955619646030774 -2.7006453313057964e-17
    outer loop
      vertex -5.937599970069291 -11.102365589605657 2.7899999999999996
      vertex -5.937599970069293 -11.102365589605657 -3.399999999999474
      vertex -5.918837155858794 -11.100591981471519 2.7899999999999996
    endloop
  endfacet
  facet normal 0.03141075907812376 -0.9995065603657317 -8.988822475503074e-18
    outer loop
      vertex -5.918837155858794 -11.100591981471519 2.7899999999999996
      vertex -5.900000094832529 -11.100000002980233 -3.399999999999477
      vertex -5.900000094832527 -11.100000002980233 2.7999999999999994
    endloop
  endfacet
  facet normal 0 1 0
    outer loop
      vertex -5.900000094832527 -11.699999997019768 2.7999999999999994
      vertex 5.900000094832527 -11.699999997019768 2.7999999999999994
      vertex -5.900000094831226 -11.699999997019768 -3.3999999999993165
    endloop
  endfacet
  facet normal 0 0 -1
    outer loop
      vertex -6.153298377650605 -11.5607480384937 2.7999999999999994
      vertex -6.091227196924607 -11.631153972832736 2.7999999999999994
      vertex -6.118690588226424 -11.605364131778607 2.7999999999999994
    endloop
  endfacet
  facet normal 0 0 -1
    outer loop
      vertex -6.1053641317786065 -11.618690588226423 2.7999999999999994
      vertex -6.118690588226424 -11.605364131778607 2.7999999999999994
      vertex -6.091227196924607 -11.631153972832736 2.7999999999999994
    endloop
  endfacet
  facet normal 0 0 -1
    outer loop
      vertex -6.010437365805404 -11.678932945766476 2.7999999999999994
      vertex -6.076335575687742 -11.642705098312485 2.7999999999999994
      vertex -6.091227196924607 -11.631153972832736 2.7999999999999994
    endloop
  endfacet
  facet normal 0 0 -1
    outer loop
      vertex -6.076335575687742 -11.642705098312485 2.7999999999999994
      vertex -6.044526102230515 -11.662892004013159 2.7999999999999994
      vertex -6.060748038493699 -11.653298377650605 2.7999999999999994
    endloop
  endfacet
  facet normal 0 0 -1
    outer loop
      vertex -6.185316954888546 -11.492705098312484 2.7999999999999994
      vertex -5.918837155858794 -11.699408018528482 2.7999999999999994
      vertex -6.091227196924607 -11.631153972832736 2.7999999999999994
    endloop
  endfacet
  facet normal 0 0 -1
    outer loop
      vertex -6.027733787469522 -11.671448115739807 2.7999999999999994
      vertex -6.044526102230515 -11.662892004013159 2.7999999999999994
      vertex -6.010437365805404 -11.678932945766476 2.7999999999999994
    endloop
  endfacet
  facet normal 0 0 -1
    outer loop
      vertex -6.010437365805404 -11.678932945766476 2.7999999999999994
      vertex -6.044526102230515 -11.662892004013159 2.7999999999999994
      vertex -6.076335575687742 -11.642705098312485 2.7999999999999994
    endloop
  endfacet
  facet normal 0 0 -1
    outer loop
      vertex -6.010437365805404 -11.678932945766476 2.7999999999999994
      vertex -6.091227196924607 -11.631153972832736 2.7999999999999994
      vertex -5.918837155858794 -11.699408018528482 2.7999999999999994
    endloop
  endfacet
  facet normal 0.9876883405951385 0.1564344650402258 0
    outer loop
      vertex -6.194686175218607 -11.456214394375717 2.7899999999999996
      vertex -6.197634410394343 -11.437599970069291 2.7899999999999996
      vertex -6.194686175218607 -11.456214394375717 2.7999999999999994
    endloop
  endfacet
  facet normal 0.9876883405951385 0.1564344650402258 0
    outer loop
      vertex -6.197634410394343 -11.437599970069291 2.7899999999999996
      vertex -6.197634410394343 -11.437599970069291 2.7999999999999994
      vertex -6.194686175218607 -11.456214394375717 2.7999999999999994
    endloop
  endfacet
  facet normal 0 0 -1
    outer loop
      vertex -6.194686175218607 -11.456214394375717 2.7999999999999994
      vertex -6.197634410394343 -11.437599970069291 2.7999999999999994
      vertex -6.199408018528482 -11.418837155858794 2.7999999999999994
    endloop
  endfacet
  facet normal 0.9955619646030773 0.09410831331854244 0
    outer loop
      vertex -6.197634410394343 -11.437599970069291 2.7899999999999996
      vertex -6.199408018528482 -11.418837155858794 2.7999999999999994
      vertex -6.197634410394343 -11.437599970069291 2.7999999999999994
    endloop
  endfacet
  facet normal 0 0 -1
    outer loop
      vertex -6.199408018528482 -11.418837155858794 2.7999999999999994
      vertex -6.199999997019768 -11.399999905167473 2.7999999999999994
      vertex -6.199408018528482 -11.381162844141206 2.7999999999999994
    endloop
  endfacet
  facet normal 0 0 -1
    outer loop
      vertex -6.199408018528482 -11.418837155858794 2.7999999999999994
      vertex -6.199408018528482 -11.381162844141206 2.7999999999999994
      vertex -6.197634410394343 -11.36240002993071 2.7999999999999994
    endloop
  endfacet
  facet normal 0.9876883405951385 -0.1564344650402258 0
    outer loop
      vertex -6.197634410394343 -11.36240002993071 2.7999999999999994
      vertex -6.194686175218607 -11.343785605624284 2.7899999999999996
      vertex -6.194686175218607 -11.343785605624284 2.7999999999999994
    endloop
  endfacet
  facet normal 0 0 -1
    outer loop
      vertex -6.171448115739806 -11.527733787469522 2.7999999999999994
      vertex -6.153298377650605 -11.5607480384937 2.7999999999999994
      vertex -6.162892004013159 -11.544526102230515 2.7999999999999994
    endloop
  endfacet
  facet normal 0.917754625683986 0.3971478906347693 0
    outer loop
      vertex -6.171448115739806 -11.527733787469522 2.7999999999999994
      vertex -6.1789329457664754 -11.510437365805403 2.7899999999999996
      vertex -6.1789329457664754 -11.510437365805403 2.7999999999999994
    endloop
  endfacet
  facet normal 0.9408807689542217 0.3387379202453021 0
    outer loop
      vertex -6.1789329457664754 -11.510437365805403 2.7899999999999996
      vertex -6.185316954888546 -11.492705098312484 2.7999999999999994
      vertex -6.1789329457664754 -11.510437365805403 2.7999999999999994
    endloop
  endfacet
  facet normal 0 0 -1
    outer loop
      vertex -6.171448115739806 -11.527733787469522 2.7999999999999994
      vertex -6.1789329457664754 -11.510437365805403 2.7999999999999994
      vertex -6.185316954888546 -11.492705098312484 2.7999999999999994
    endloop
  endfacet
  facet normal 0 0 -1
    outer loop
      vertex -6.171448115739806 -11.527733787469522 2.7999999999999994
      vertex -6.185316954888546 -11.492705098312484 2.7999999999999994
      vertex -6.153298377650605 -11.5607480384937 2.7999999999999994
    endloop
  endfacet
  facet normal 0 0 -1
    outer loop
      vertex -6.142705098312485 -11.576335575687743 2.7999999999999994
      vertex -6.153298377650605 -11.5607480384937 2.7999999999999994
      vertex -6.131153972832737 -11.591227196924608 2.7999999999999994
    endloop
  endfacet
  facet normal 0 0 -1
    outer loop
      vertex -6.153298377650605 -11.5607480384937 2.7999999999999994
      vertex -6.118690588226424 -11.605364131778607 2.7999999999999994
      vertex -6.131153972832737 -11.591227196924608 2.7999999999999994
    endloop
  endfacet
  facet normal 0 0 -1
    outer loop
      vertex -6.153298377650605 -11.5607480384937 2.7999999999999994
      vertex -6.185316954888546 -11.492705098312484 2.7999999999999994
      vertex -6.091227196924607 -11.631153972832736 2.7999999999999994
    endloop
  endfacet
  facet normal 0 0 -1
    outer loop
      vertex -6.185316954888546 -11.492705098312484 2.7999999999999994
      vertex -6.19057494833859 -11.474606966149457 2.7999999999999994
      vertex -6.194686175218607 -11.456214394375717 2.7999999999999994
    endloop
  endfacet
  facet normal 0 0 -1
    outer loop
      vertex -6.185316954888546 -11.492705098312484 2.7999999999999994
      vertex -6.194686175218607 -11.456214394375717 2.7999999999999994
      vertex -6.199408018528482 -11.418837155858794 2.7999999999999994
    endloop
  endfacet
  facet normal 0.9759167619387528 0.2181432413965182 0
    outer loop
      vertex -6.19057494833859 -11.474606966149457 2.7999999999999994
      vertex -6.194686175218607 -11.456214394375717 2.7899999999999996
      vertex -6.194686175218607 -11.456214394375717 2.7999999999999994
    endloop
  endfacet
  facet normal 0 0 -1
    outer loop
      vertex -6.185316954888546 -11.492705098312484 2.7999999999999994
      vertex -6.199408018528482 -11.418837155858794 2.7999999999999994
      vertex -6.197634410394343 -11.36240002993071 2.7999999999999994
    endloop
  endfacet
  facet normal 0 0 -1
    outer loop
      vertex -6.185316954888546 -11.492705098312484 2.7999999999999994
      vertex -6.091227196924607 -11.168846027167264 2.7999999999999994
      vertex -5.918837155858794 -11.699408018528482 2.7999999999999994
    endloop
  endfacet
  facet normal 0 0 -1
    outer loop
      vertex -6.197634410394343 -11.36240002993071 2.7999999999999994
      vertex -6.194686175218607 -11.343785605624284 2.7999999999999994
      vertex -6.19057494833859 -11.325393033850544 2.7999999999999994
    endloop
  endfacet
  facet normal 0 0 -1
    outer loop
      vertex -6.185316954888546 -11.492705098312484 2.7999999999999994
      vertex -6.197634410394343 -11.36240002993071 2.7999999999999994
      vertex -6.091227196924607 -11.168846027167264 2.7999999999999994
    endloop
  endfacet
  facet normal 0.9759167619387528 -0.2181432413965182 0
    outer loop
      vertex -6.194686175218607 -11.343785605624284 2.7899999999999996
      vertex -6.19057494833859 -11.325393033850544 2.7999999999999994
      vertex -6.194686175218607 -11.343785605624284 2.7999999999999994
    endloop
  endfacet
  facet normal 0 0 -1
    outer loop
      vertex -6.197634410394343 -11.36240002993071 2.7999999999999994
      vertex -6.19057494833859 -11.325393033850544 2.7999999999999994
      vertex -6.185316954888546 -11.307294901687516 2.7999999999999994
    endloop
  endfacet
  facet normal 0 0 -1
    outer loop
      vertex -6.197634410394343 -11.36240002993071 2.7999999999999994
      vertex -6.185316954888546 -11.307294901687516 2.7999999999999994
      vertex -6.171448115739806 -11.272266212530479 2.7999999999999994
    endloop
  endfacet
  facet normal 0 0 -1
    outer loop
      vertex -6.197634410394343 -11.36240002993071 2.7999999999999994
      vertex -6.171448115739806 -11.272266212530479 2.7999999999999994
      vertex -6.162892004013159 -11.255473897769486 2.7999999999999994
    endloop
  endfacet
  facet normal 0 0 -1
    outer loop
      vertex -6.1789329457664754 -11.289562634194597 2.7999999999999994
      vertex -6.171448115739806 -11.272266212530479 2.7999999999999994
      vertex -6.185316954888546 -11.307294901687516 2.7999999999999994
    endloop
  endfacet
  facet normal 0 0 -1
    outer loop
      vertex -6.197634410394343 -11.36240002993071 2.7999999999999994
      vertex -6.162892004013159 -11.255473897769486 2.7999999999999994
      vertex -6.091227196924607 -11.168846027167264 2.7999999999999994
    endloop
  endfacet
  facet normal 0 0 -1
    outer loop
      vertex -6.162892004013159 -11.255473897769486 2.7999999999999994
      vertex -6.1532983776506045 -11.239251961506302 2.7999999999999994
      vertex -6.131153972832737 -11.208772803075394 2.7999999999999994
    endloop
  endfacet
  facet normal 0.82708057427459 -0.5620833778520892 0
    outer loop
      vertex -6.1532983776506045 -11.239251961506302 2.7999999999999994
      vertex -6.142705098312485 -11.223664424312258 2.7899999999999996
      vertex -6.142705098312485 -11.223664424312258 2.7999999999999994
    endloop
  endfacet
  facet normal 0 0 -1
    outer loop
      vertex -6.1532983776506045 -11.239251961506302 2.7999999999999994
      vertex -6.142705098312485 -11.223664424312258 2.7999999999999994
      vertex -6.131153972832737 -11.208772803075394 2.7999999999999994
    endloop
  endfacet
  facet normal 0.7901550123756592 -0.6129070536530166 0
    outer loop
      vertex -6.142705098312485 -11.223664424312258 2.7899999999999996
      vertex -6.131153972832737 -11.208772803075394 2.7999999999999994
      vertex -6.142705098312485 -11.223664424312258 2.7999999999999994
    endloop
  endfacet
  facet normal 0 0 -1
    outer loop
      vertex -6.162892004013159 -11.255473897769486 2.7999999999999994
      vertex -6.131153972832737 -11.208772803075394 2.7999999999999994
      vertex -6.091227196924607 -11.168846027167264 2.7999999999999994
    endloop
  endfacet
  facet normal 0 0 -1
    outer loop
      vertex -6.131153972832737 -11.208772803075394 2.7999999999999994
      vertex -6.118690588226424 -11.194635868221393 2.7999999999999994
      vertex -6.1053641317786065 -11.181309411773578 2.7999999999999994
    endloop
  endfacet
  facet normal 0 0 -1
    outer loop
      vertex -6.010437365805404 -11.678932945766476 2.7999999999999994
      vertex -5.918837155858794 -11.699408018528482 2.7999999999999994
      vertex -5.956214394375718 -11.694686175218607 2.7999999999999994
    endloop
  endfacet
  facet normal 0 0 -1
    outer loop
      vertex -5.956214394375718 -11.694686175218607 2.7999999999999994
      vertex -5.918837155858794 -11.699408018528482 2.7999999999999994
      vertex -5.937599970069291 -11.697634410394343 2.7999999999999994
    endloop
  endfacet
  facet normal 0 0 -1
    outer loop
      vertex -6.010437365805404 -11.678932945766476 2.7999999999999994
      vertex -5.956214394375718 -11.694686175218607 2.7999999999999994
      vertex -5.992705098312484 -11.685316954888547 2.7999999999999994
    endloop
  endfacet
  facet normal 0 0 -1
    outer loop
      vertex -5.992705098312484 -11.685316954888547 2.7999999999999994
      vertex -5.956214394375718 -11.694686175218607 2.7999999999999994
      vertex -5.974606966149457 -11.69057494833859 2.7999999999999994
    endloop
  endfacet
  facet normal 0 0 -1
    outer loop
      vertex -6.131153972832737 -11.208772803075394 2.7999999999999994
      vertex -6.1053641317786065 -11.181309411773578 2.7999999999999994
      vertex -6.091227196924607 -11.168846027167264 2.7999999999999994
    endloop
  endfacet
  facet normal 0 0 -1
    outer loop
      vertex -6.091227196924607 -11.168846027167264 2.7999999999999994
      vertex -6.076335575687742 -11.157294901687516 2.7999999999999994
      vertex -6.060748038493699 -11.146701622349395 2.7999999999999994
    endloop
  endfacet
  facet normal 0 0 -1
    outer loop
      vertex -6.091227196924607 -11.168846027167264 2.7999999999999994
      vertex -6.060748038493699 -11.146701622349395 2.7999999999999994
      vertex -6.010437365805403 -11.121067054233524 2.7999999999999994
    endloop
  endfacet
  facet normal 0 0 -1
    outer loop
      vertex -6.060748038493699 -11.146701622349395 2.7999999999999994
      vertex -6.044526102230515 -11.137107995986842 2.7999999999999994
      vertex -6.010437365805403 -11.121067054233524 2.7999999999999994
    endloop
  endfacet
  facet normal 0 0 -1
    outer loop
      vertex -6.044526102230515 -11.137107995986842 2.7999999999999994
      vertex -6.027733787469522 -11.128551884260194 2.7999999999999994
      vertex -6.010437365805403 -11.121067054233524 2.7999999999999994
    endloop
  endfacet
  facet normal 0 0 -1
    outer loop
      vertex -6.091227196924607 -11.168846027167264 2.7999999999999994
      vertex -6.010437365805403 -11.121067054233524 2.7999999999999994
      vertex -5.900000094832527 -11.100000002980233 2.7999999999999994
    endloop
  endfacet
  facet normal 0 0 -1
    outer loop
      vertex -5.992705098312484 -11.114683045111454 2.7999999999999994
      vertex -5.974606966149457 -11.109425051661411 2.7999999999999994
      vertex -5.956214394375718 -11.105313824781394 2.7999999999999994
    endloop
  endfacet
  facet normal 0 0 -1
    outer loop
      vertex -6.010437365805403 -11.121067054233524 2.7999999999999994
      vertex -5.992705098312484 -11.114683045111454 2.7999999999999994
      vertex -5.956214394375718 -11.105313824781394 2.7999999999999994
    endloop
  endfacet
  facet normal 0.1564344650402185 -0.9876883405951395 0
    outer loop
      vertex -5.956214394375718 -11.105313824781394 2.7899999999999996
      vertex -5.937599970069291 -11.102365589605657 2.7899999999999996
      vertex -5.956214394375718 -11.105313824781394 2.7999999999999994
    endloop
  endfacet
  facet normal 0 0 -1
    outer loop
      vertex -6.010437365805403 -11.121067054233524 2.7999999999999994
      vertex -5.956214394375718 -11.105313824781394 2.7999999999999994
      vertex -5.900000094832527 -11.100000002980233 2.7999999999999994
    endloop
  endfacet
  facet normal 0.09410831331854244 -0.9955619646030773 0
    outer loop
      vertex -5.937599970069291 -11.102365589605657 2.7899999999999996
      vertex -5.918837155858794 -11.100591981471519 2.7899999999999996
      vertex -5.937599970069291 -11.102365589605657 2.7999999999999994
    endloop
  endfacet
  facet normal 0.1564344650402185 -0.9876883405951395 0
    outer loop
      vertex -5.956214394375718 -11.105313824781394 2.7999999999999994
      vertex -5.937599970069291 -11.102365589605657 2.7899999999999996
      vertex -5.937599970069291 -11.102365589605657 2.7999999999999994
    endloop
  endfacet
  facet normal 0.09410831331854244 -0.9955619646030773 0
    outer loop
      vertex -5.937599970069291 -11.102365589605657 2.7999999999999994
      vertex -5.918837155858794 -11.100591981471519 2.7899999999999996
      vertex -5.918837155858794 -11.100591981471519 2.7999999999999994
    endloop
  endfacet
  facet normal 0 0 -1
    outer loop
      vertex -5.956214394375718 -11.105313824781394 2.7999999999999994
      vertex -5.937599970069291 -11.102365589605657 2.7999999999999994
      vertex -5.900000094832527 -11.100000002980233 2.7999999999999994
    endloop
  endfacet
  facet normal 0 0 -1
    outer loop
      vertex -5.937599970069291 -11.102365589605657 2.7999999999999994
      vertex -5.918837155858794 -11.100591981471519 2.7999999999999994
      vertex -5.900000094832527 -11.100000002980233 2.7999999999999994
    endloop
  endfacet
  facet normal 0.03141075907812376 -0.9995065603657317 0
    outer loop
      vertex -5.918837155858794 -11.100591981471519 2.7899999999999996
      vertex -5.900000094832527 -11.100000002980233 2.7999999999999994
      vertex -5.918837155858794 -11.100591981471519 2.7999999999999994
    endloop
  endfacet
  facet normal 0 0 -1
    outer loop
      vertex -5.918837155858794 -11.699408018528482 2.7999999999999994
      vertex -6.091227196924607 -11.168846027167264 2.7999999999999994
      vertex 5.900000094832527 -11.699999997019768 2.7999999999999994
    endloop
  endfacet
  facet normal 0 0 -1
    outer loop
      vertex -5.918837155858794 -11.699408018528482 2.7999999999999994
      vertex 5.900000094832527 -11.699999997019768 2.7999999999999994
      vertex -5.900000094832527 -11.699999997019768 2.7999999999999994
    endloop
  endfacet
  facet normal 0 0 -1
    outer loop
      vertex -6.091227196924607 -11.168846027167264 2.7999999999999994
      vertex -5.900000094832527 -11.100000002980233 2.7999999999999994
      vertex 6.076335575687742 -11.157294901687516 2.7999999999999994
    endloop
  endfacet
  facet normal 0 1 0
    outer loop
      vertex 5.900000094832527 -11.699999997019768 2.7999999999999994
      vertex 5.900000094832527 -11.699999997019768 -3.4
      vertex -5.900000094831226 -11.699999997019768 -3.3999999999993165
    endloop
  endfacet
  facet normal -0.03141075907812376 0.9995065603657317 0
    outer loop
      vertex 5.918837155858794 -11.699408018528482 2.7899999999999996
      vertex 5.918837155858794 -11.699408018528482 -3.4
      vertex 5.900000094832527 -11.699999997019768 -3.4
    endloop
  endfacet
  facet normal -0.09410831331854244 0.9955619646030773 0
    outer loop
      vertex 5.918837155858794 -11.699408018528482 2.7899999999999996
      vertex 5.937599970069291 -11.697634410394343 -3.4
      vertex 5.918837155858794 -11.699408018528482 -3.4
    endloop
  endfacet
  facet normal -0.1564344650402185 0.9876883405951397 0
    outer loop
      vertex 5.956214394375718 -11.694686175218607 2.7899999999999996
      vertex 5.956214394375718 -11.694686175218607 -3.4
      vertex 5.937599970069291 -11.697634410394343 -3.4
    endloop
  endfacet
  facet normal -0.21814324139652824 0.9759167619387507 0
    outer loop
      vertex 5.956214394375718 -11.694686175218607 2.7899999999999996
      vertex 5.974606966149457 -11.69057494833859 -3.4
      vertex 5.956214394375718 -11.694686175218607 -3.4
    endloop
  endfacet
  facet normal -0.27899110603919897 0.9602936856769518 0
    outer loop
      vertex 5.992705098312484 -11.685316954888547 2.7899999999999996
      vertex 5.992705098312484 -11.685316954888547 -3.4
      vertex 5.974606966149457 -11.69057494833859 -3.4
    endloop
  endfacet
  facet normal -0.338737920245302 0.9408807689542216 0
    outer loop
      vertex 5.992705098312484 -11.685316954888547 2.7899999999999996
      vertex 6.010437365805403 -11.678932945766476 -3.4
      vertex 5.992705098312484 -11.685316954888547 -3.4
    endloop
  endfacet
  facet normal -0.39714789063476935 0.917754625683986 0
    outer loop
      vertex 6.027733787469522 -11.671448115739807 2.7999999999999994
      vertex 6.027733787469522 -11.671448115739807 -3.4
      vertex 6.010437365805403 -11.678932945766476 -3.4
    endloop
  endfacet
  facet normal -0.45399049973959177 0.8910065241883449 0
    outer loop
      vertex 6.044526102230515 -11.662892004013159 2.7899999999999996
      vertex 6.044526102230515 -11.662892004013159 -3.4
      vertex 6.027733787469522 -11.671448115739807 -3.4
    endloop
  endfacet
  facet normal -0.5090414157503387 0.860742027003963 0
    outer loop
      vertex 6.044526102230515 -11.662892004013159 2.7899999999999996
      vertex 6.060748038493699 -11.653298377650605 -3.4
      vertex 6.044526102230515 -11.662892004013159 -3.4
    endloop
  endfacet
  facet normal -0.5620833778521434 0.8270805742745532 0
    outer loop
      vertex 6.076335575687742 -11.642705098312485 2.7899999999999996
      vertex 6.076335575687742 -11.642705098312485 -3.4
      vertex 6.060748038493699 -11.653298377650605 -3.4
    endloop
  endfacet
  facet normal -0.6129070536530004 0.7901550123756719 0
    outer loop
      vertex 6.076335575687742 -11.642705098312485 2.7899999999999996
      vertex 6.091227196924607 -11.631153972832736 -3.4
      vertex 6.076335575687742 -11.642705098312485 -3.4
    endloop
  endfacet
  facet normal -0.6613118653236413 0.7501110696304688 0
    outer loop
      vertex 6.105364131778607 -11.618690588226423 2.7999999999999994
      vertex 6.105364131778607 -11.618690588226423 -3.4
      vertex 6.091227196924607 -11.631153972832736 -3.4
    endloop
  endfacet
  facet normal -0.7071067811865239 0.7071067811865711 0
    outer loop
      vertex 6.118690588226424 -11.605364131778607 2.7999999999999994
      vertex 6.118690588226424 -11.605364131778607 -3.4
      vertex 6.105364131778607 -11.618690588226423 -3.4
    endloop
  endfacet
  facet normal -0.7501110696304483 0.6613118653236647 0
    outer loop
      vertex 6.118690588226424 -11.605364131778607 2.7999999999999994
      vertex 6.131153972832737 -11.591227196924608 -3.4
      vertex 6.118690588226424 -11.605364131778607 -3.4
    endloop
  endfacet
  facet normal -0.7901550123756947 0.6129070536529709 0
    outer loop
      vertex 6.142705098312485 -11.576335575687743 2.7999999999999994
      vertex 6.142705098312485 -11.576335575687743 -3.4
      vertex 6.131153972832737 -11.591227196924608 -3.4
    endloop
  endfacet
  facet normal -0.8270805742745899 0.5620833778520892 0
    outer loop
      vertex 6.1532983776506045 -11.5607480384937 2.7999999999999994
      vertex 6.1532983776506045 -11.5607480384937 -3.4
      vertex 6.142705098312485 -11.576335575687743 -3.4
    endloop
  endfacet
  facet normal -0.8607420270039422 0.5090414157503736 0
    outer loop
      vertex 6.162892004013159 -11.544526102230515 2.7999999999999994
      vertex 6.162892004013159 -11.544526102230515 -3.4
      vertex 6.1532983776506045 -11.5607480384937 -3.4
    endloop
  endfacet
  facet normal -0.891006524188364 0.4539904997395544 0
    outer loop
      vertex 6.162892004013159 -11.544526102230515 2.7999999999999994
      vertex 6.171448115739806 -11.527733787469522 -3.4
      vertex 6.162892004013159 -11.544526102230515 -3.4
    endloop
  endfacet
  facet normal -0.917754625683986 0.39714789063476935 0
    outer loop
      vertex 6.171448115739806 -11.527733787469522 2.7999999999999994
      vertex 6.1789329457664754 -11.510437365805403 -3.4
      vertex 6.171448115739806 -11.527733787469522 -3.4
    endloop
  endfacet
  facet normal -0.9408807689542216 0.338737920245302 0
    outer loop
      vertex 6.185316954888546 -11.492705098312484 2.7999999999999994
      vertex 6.185316954888546 -11.492705098312484 -3.4
      vertex 6.1789329457664754 -11.510437365805403 -3.4
    endloop
  endfacet
  facet normal -0.9602936856769392 0.27899110603924243 0
    outer loop
      vertex 6.185316954888546 -11.492705098312484 2.7999999999999994
      vertex 6.19057494833859 -11.474606966149457 -3.4
      vertex 6.185316954888546 -11.492705098312484 -3.4
    endloop
  endfacet
  facet normal -0.9759167619387529 0.21814324139651822 0
    outer loop
      vertex 6.194686175218607 -11.456214394375717 2.7899999999999996
      vertex 6.194686175218607 -11.456214394375717 -3.4
      vertex 6.19057494833859 -11.474606966149457 -3.4
    endloop
  endfacet
  facet normal -0.9759167619387529 -0.21814324139651822 0
    outer loop
      vertex 6.19057494833859 -11.325393033850544 2.7999999999999994
      vertex 6.19057494833859 -11.325393033850544 -3.4
      vertex 6.194686175218607 -11.343785605624284 -3.4
    endloop
  endfacet
  facet normal -0.9602936856769392 -0.27899110603924243 0
    outer loop
      vertex 6.185316954888546 -11.307294901687516 2.7999999999999994
      vertex 6.185316954888546 -11.307294901687516 -3.4
      vertex 6.19057494833859 -11.325393033850544 -3.4
    endloop
  endfacet
  facet normal -0.9408807689542216 -0.338737920245302 0
    outer loop
      vertex 6.185316954888546 -11.307294901687516 2.7999999999999994
      vertex 6.1789329457664754 -11.289562634194597 -3.4
      vertex 6.185316954888546 -11.307294901687516 -3.4
    endloop
  endfacet
  facet normal -0.7901550123756592 -0.6129070536530166 0
    outer loop
      vertex 6.142705098312485 -11.223664424312258 2.7999999999999994
      vertex 6.131153972832737 -11.208772803075394 -3.4
      vertex 6.142705098312485 -11.223664424312258 -3.4
    endloop
  endfacet
  facet normal -0.7501110696304895 -0.661311865323618 0
    outer loop
      vertex 6.118690588226424 -11.194635868221393 2.7999999999999994
      vertex 6.118690588226424 -11.194635868221393 -3.4
      vertex 6.131153972832737 -11.208772803075394 -3.4
    endloop
  endfacet
  facet normal -0.891006524188364 -0.4539904997395544 0
    outer loop
      vertex 6.162892004013159 -11.255473897769486 2.7999999999999994
      vertex 6.162892004013159 -11.255473897769486 -3.4
      vertex 6.171448115739806 -11.272266212530479 -3.4
    endloop
  endfacet
  facet normal -0.8607420270039422 -0.5090414157503736 0
    outer loop
      vertex 6.162892004013159 -11.255473897769486 2.7999999999999994
      vertex 6.1532983776506045 -11.239251961506302 -3.4
      vertex 6.162892004013159 -11.255473897769486 -3.4
    endloop
  endfacet
  facet normal -0.917754625683986 -0.39714789063476935 0
    outer loop
      vertex 6.171448115739806 -11.272266212530479 2.7999999999999994
      vertex 6.171448115739806 -11.272266212530479 -3.4
      vertex 6.1789329457664754 -11.289562634194597 -3.4
    endloop
  endfacet
  facet normal -0.8270805742745899 -0.5620833778520892 0
    outer loop
      vertex 6.142705098312485 -11.223664424312258 2.7999999999999994
      vertex 6.142705098312485 -11.223664424312258 -3.4
      vertex 6.1532983776506045 -11.239251961506302 -3.4
    endloop
  endfacet
  facet normal -0.9876883405951385 0.15643446504022576 0
    outer loop
      vertex 6.194686175218607 -11.456214394375717 2.7899999999999996
      vertex 6.197634410394343 -11.437599970069291 -3.4
      vertex 6.194686175218607 -11.456214394375717 -3.4
    endloop
  endfacet
  facet normal -0.9955619646030773 0.09410831331854244 0
    outer loop
      vertex 6.199408018528482 -11.418837155858794 2.7899999999999996
      vertex 6.199408018528482 -11.418837155858794 -3.4
      vertex 6.197634410394343 -11.437599970069291 -3.4
    endloop
  endfacet
  facet normal -0.9995065702948375 0.0314104431272662 4.804405992032253e-10
    outer loop
      vertex 6.199999997019768 -11.4 2.7999999999999994
      vertex 6.199999997019768 -11.399999905167473 -3.4
      vertex 6.199408018528482 -11.418837155858794 -3.4
    endloop
  endfacet
  facet normal -0.9995065603657316 -0.03141075907812524 0
    outer loop
      vertex 6.199408018528482 -11.381162844141206 2.7999999999999994
      vertex 6.199408018528482 -11.381162844141206 -3.4
      vertex 6.199999997019768 -11.399999905167473 -3.4
    endloop
  endfacet
  facet normal -0.9955619646030774 -0.09410831331854246 0
    outer loop
      vertex 6.199408018528482 -11.381162844141206 2.7999999999999994
      vertex 6.197634410394343 -11.36240002993071 -3.4
      vertex 6.199408018528482 -11.381162844141206 -3.4
    endloop
  endfacet
  facet normal -0.9876883405951385 -0.15643446504022582 0
    outer loop
      vertex 6.197634410394343 -11.36240002993071 2.7999999999999994
      vertex 6.194686175218607 -11.343785605624284 -3.4
      vertex 6.197634410394343 -11.36240002993071 -3.4
    endloop
  endfacet
  facet normal -0.03141075907812376 -0.9995065603657316 0
    outer loop
      vertex 5.900000094832527 -11.100000002980233 2.7999999999999994
      vertex 5.900000094832527 -11.100000002980233 -3.4
      vertex 5.918837155858794 -11.100591981471519 -3.4
    endloop
  endfacet
  facet normal -0.09410831331854246 -0.9955619646030774 0
    outer loop
      vertex 5.937599970069291 -11.102365589605657 2.7999999999999994
      vertex 5.918837155858794 -11.100591981471519 -3.4
      vertex 5.937599970069291 -11.102365589605657 -3.4
    endloop
  endfacet
  facet normal -0.15643446504021852 -0.9876883405951398 0
    outer loop
      vertex 5.956214394375718 -11.105313824781394 2.7999999999999994
      vertex 5.937599970069291 -11.102365589605657 -3.4
      vertex 5.956214394375718 -11.105313824781394 -3.4
    endloop
  endfacet
  facet normal -0.21814324139652824 -0.9759167619387505 0
    outer loop
      vertex 5.956214394375718 -11.105313824781394 2.7999999999999994
      vertex 5.956214394375718 -11.105313824781394 -3.4
      vertex 5.974606966149457 -11.109425051661411 -3.4
    endloop
  endfacet
  facet normal -0.278991106039199 -0.9602936856769518 0
    outer loop
      vertex 5.974606966149457 -11.109425051661411 2.7999999999999994
      vertex 5.974606966149457 -11.109425051661411 -3.4
      vertex 5.992705098312484 -11.114683045111454 -3.4
    endloop
  endfacet
  facet normal -0.338737920245302 -0.9408807689542216 0
    outer loop
      vertex 6.010437365805403 -11.121067054233524 2.7999999999999994
      vertex 5.992705098312484 -11.114683045111454 -3.4
      vertex 6.010437365805403 -11.121067054233524 -3.4
    endloop
  endfacet
  facet normal -0.4539904997395918 -0.8910065241883449 0
    outer loop
      vertex 6.027733787469522 -11.128551884260194 2.7999999999999994
      vertex 6.027733787469522 -11.128551884260194 -3.4
      vertex 6.044526102230515 -11.137107995986842 -3.4
    endloop
  endfacet
  facet normal -0.39714789063476935 -0.917754625683986 0
    outer loop
      vertex 6.027733787469522 -11.128551884260194 2.7999999999999994
      vertex 6.010437365805403 -11.121067054233524 -3.4
      vertex 6.027733787469522 -11.128551884260194 -3.4
    endloop
  endfacet
  facet normal -0.5090414157503387 -0.8607420270039629 0
    outer loop
      vertex 6.060748038493699 -11.146701622349395 2.7999999999999994
      vertex 6.044526102230515 -11.137107995986842 -3.4
      vertex 6.060748038493699 -11.146701622349395 -3.4
    endloop
  endfacet
  facet normal -0.6129070536530002 -0.7901550123756718 0
    outer loop
      vertex 6.091227196924607 -11.168846027167264 2.7999999999999994
      vertex 6.076335575687742 -11.157294901687516 -3.4
      vertex 6.091227196924607 -11.168846027167264 -3.4
    endloop
  endfacet
  facet normal -0.5620833778521435 -0.8270805742745532 0
    outer loop
      vertex 6.076335575687742 -11.157294901687516 2.7999999999999994
      vertex 6.060748038493699 -11.146701622349395 -3.4
      vertex 6.076335575687742 -11.157294901687516 -3.4
    endloop
  endfacet
  facet normal -0.7071067811865004 -0.7071067811865946 0
    outer loop
      vertex 6.118690588226424 -11.194635868221393 2.7999999999999994
      vertex 6.1053641317786065 -11.181309411773578 -3.4
      vertex 6.118690588226424 -11.194635868221393 -3.4
    endloop
  endfacet
  facet normal -0.6613118653236647 -0.7501110696304483 0
    outer loop
      vertex 6.091227196924607 -11.168846027167264 2.7999999999999994
      vertex 6.091227196924607 -11.168846027167264 -3.4
      vertex 6.1053641317786065 -11.181309411773578 -3.4
    endloop
  endfacet
  facet normal 0 -1 0
    outer loop
      vertex -5.900000094832527 -11.100000002980233 2.7999999999999994
      vertex 5.900000094832527 -11.100000002980233 -3.4
      vertex 5.900000094832527 -11.100000002980233 2.7999999999999994
    endloop
  endfacet
  facet normal -0.03141075907812376 0.9995065603657316 0
    outer loop
      vertex 5.900000094832527 -11.699999997019768 2.7999999999999994
      vertex 5.918837155858794 -11.699408018528482 2.7899999999999996
      vertex 5.900000094832527 -11.699999997019768 -3.4
    endloop
  endfacet
  facet normal -0.09410831331854244 0.9955619646030773 0
    outer loop
      vertex 5.918837155858794 -11.699408018528482 2.7899999999999996
      vertex 5.937599970069291 -11.697634410394343 2.7899999999999996
      vertex 5.937599970069291 -11.697634410394343 -3.4
    endloop
  endfacet
  facet normal -0.1564344650402185 0.9876883405951397 0
    outer loop
      vertex 5.937599970069291 -11.697634410394343 2.7899999999999996
      vertex 5.956214394375718 -11.694686175218607 2.7899999999999996
      vertex 5.937599970069291 -11.697634410394343 -3.4
    endloop
  endfacet
  facet normal -0.21814324139652824 0.9759167619387507 0
    outer loop
      vertex 5.956214394375718 -11.694686175218607 2.7899999999999996
      vertex 5.956214394375718 -11.694686175218607 2.7999999999999994
      vertex 5.974606966149457 -11.69057494833859 -3.4
    endloop
  endfacet
  facet normal -0.21814324139652824 0.9759167619387505 0
    outer loop
      vertex 5.956214394375718 -11.694686175218607 2.7999999999999994
      vertex 5.974606966149457 -11.69057494833859 2.7999999999999994
      vertex 5.974606966149457 -11.69057494833859 -3.4
    endloop
  endfacet
  facet normal -0.27899110603919897 0.960293685676952 0
    outer loop
      vertex 5.992705098312484 -11.685316954888547 2.7899999999999996
      vertex 5.974606966149457 -11.69057494833859 -3.4
      vertex 5.992705098312484 -11.685316954888547 2.7999999999999994
    endloop
  endfacet
  facet normal -0.278991106039199 0.9602936856769518 0
    outer loop
      vertex 5.974606966149457 -11.69057494833859 2.7999999999999994
      vertex 5.992705098312484 -11.685316954888547 2.7999999999999994
      vertex 5.974606966149457 -11.69057494833859 -3.4
    endloop
  endfacet
  facet normal -0.3387379202453021 0.9408807689542217 0
    outer loop
      vertex 5.992705098312484 -11.685316954888547 2.7899999999999996
      vertex 5.992705098312484 -11.685316954888547 2.7999999999999994
      vertex 6.010437365805403 -11.678932945766476 -3.4
    endloop
  endfacet
  facet normal -0.4539904997395919 0.891006524188345 0
    outer loop
      vertex 6.044526102230515 -11.662892004013159 2.7899999999999996
      vertex 6.027733787469522 -11.671448115739807 -3.4
      vertex 6.044526102230515 -11.662892004013159 2.7999999999999994
    endloop
  endfacet
  facet normal -0.338737920245302 0.9408807689542216 0
    outer loop
      vertex 5.992705098312484 -11.685316954888547 2.7999999999999994
      vertex 6.010437365805403 -11.678932945766476 2.7999999999999994
      vertex 6.010437365805403 -11.678932945766476 -3.4
    endloop
  endfacet
  facet normal -0.39714789063476935 0.917754625683986 0
    outer loop
      vertex 6.010437365805403 -11.678932945766476 2.7999999999999994
      vertex 6.027733787469522 -11.671448115739807 2.7999999999999994
      vertex 6.010437365805403 -11.678932945766476 -3.4
    endloop
  endfacet
  facet normal -0.4539904997395918 0.8910065241883449 0
    outer loop
      vertex 6.027733787469522 -11.671448115739807 2.7999999999999994
      vertex 6.044526102230515 -11.662892004013159 2.7999999999999994
      vertex 6.027733787469522 -11.671448115739807 -3.4
    endloop
  endfacet
  facet normal -0.5090414157503388 0.8607420270039629 0
    outer loop
      vertex 6.044526102230515 -11.662892004013159 2.7899999999999996
      vertex 6.044526102230515 -11.662892004013159 2.7999999999999994
      vertex 6.060748038493699 -11.653298377650605 -3.4
    endloop
  endfacet
  facet normal -0.5620833778521434 0.8270805742745531 0
    outer loop
      vertex 6.076335575687742 -11.642705098312485 2.7899999999999996
      vertex 6.060748038493699 -11.653298377650605 -3.4
      vertex 6.076335575687742 -11.642705098312485 2.7999999999999994
    endloop
  endfacet
  facet normal -0.5090414157503387 0.8607420270039629 0
    outer loop
      vertex 6.044526102230515 -11.662892004013159 2.7999999999999994
      vertex 6.060748038493699 -11.653298377650605 2.7999999999999994
      vertex 6.060748038493699 -11.653298377650605 -3.4
    endloop
  endfacet
  facet normal -0.5620833778521435 0.8270805742745532 0
    outer loop
      vertex 6.060748038493699 -11.653298377650605 2.7999999999999994
      vertex 6.076335575687742 -11.642705098312485 2.7999999999999994
      vertex 6.060748038493699 -11.653298377650605 -3.4
    endloop
  endfacet
  facet normal -0.6129070536530004 0.7901550123756719 0
    outer loop
      vertex 6.076335575687742 -11.642705098312485 2.7899999999999996
      vertex 6.076335575687742 -11.642705098312485 2.7999999999999994
      vertex 6.091227196924607 -11.631153972832736 -3.4
    endloop
  endfacet
  facet normal -0.6129070536530002 0.7901550123756718 0
    outer loop
      vertex 6.076335575687742 -11.642705098312485 2.7999999999999994
      vertex 6.091227196924607 -11.631153972832736 2.7999999999999994
      vertex 6.091227196924607 -11.631153972832736 -3.4
    endloop
  endfacet
  facet normal -0.6613118653236413 0.7501110696304688 0
    outer loop
      vertex 6.091227196924607 -11.631153972832736 2.7999999999999994
      vertex 6.105364131778607 -11.618690588226423 2.7999999999999994
      vertex 6.091227196924607 -11.631153972832736 -3.4
    endloop
  endfacet
  facet normal -0.7071067811865239 0.7071067811865711 0
    outer loop
      vertex 6.105364131778607 -11.618690588226423 2.7999999999999994
      vertex 6.118690588226424 -11.605364131778607 2.7999999999999994
      vertex 6.105364131778607 -11.618690588226423 -3.4
    endloop
  endfacet
  facet normal -0.7501110696304483 0.6613118653236647 0
    outer loop
      vertex 6.118690588226424 -11.605364131778607 2.7999999999999994
      vertex 6.131153972832737 -11.591227196924608 2.7999999999999994
      vertex 6.131153972832737 -11.591227196924608 -3.4
    endloop
  endfacet
  facet normal -0.7901550123756947 0.6129070536529709 0
    outer loop
      vertex 6.131153972832737 -11.591227196924608 2.7999999999999994
      vertex 6.142705098312485 -11.576335575687743 2.7999999999999994
      vertex 6.131153972832737 -11.591227196924608 -3.4
    endloop
  endfacet
  facet normal -0.8270805742745899 0.5620833778520892 0
    outer loop
      vertex 6.142705098312485 -11.576335575687743 2.7999999999999994
      vertex 6.1532983776506045 -11.5607480384937 2.7999999999999994
      vertex 6.142705098312485 -11.576335575687743 -3.4
    endloop
  endfacet
  facet normal -0.8607420270039422 0.5090414157503736 0
    outer loop
      vertex 6.162892004013159 -11.544526102230515 2.7999999999999994
      vertex 6.1532983776506045 -11.5607480384937 -3.4
      vertex 6.1532983776506045 -11.5607480384937 2.7999999999999994
    endloop
  endfacet
  facet normal -0.891006524188364 0.4539904997395544 0
    outer loop
      vertex 6.162892004013159 -11.544526102230515 2.7999999999999994
      vertex 6.171448115739806 -11.527733787469522 2.7999999999999994
      vertex 6.171448115739806 -11.527733787469522 -3.4
    endloop
  endfacet
  facet normal -0.917754625683986 0.39714789063476935 0
    outer loop
      vertex 6.171448115739806 -11.527733787469522 2.7999999999999994
      vertex 6.1789329457664754 -11.510437365805403 2.7999999999999994
      vertex 6.1789329457664754 -11.510437365805403 -3.4
    endloop
  endfacet
  facet normal -0.9408807689542216 0.338737920245302 0
    outer loop
      vertex 6.1789329457664754 -11.510437365805403 2.7999999999999994
      vertex 6.185316954888546 -11.492705098312484 2.7999999999999994
      vertex 6.1789329457664754 -11.510437365805403 -3.4
    endloop
  endfacet
  facet normal -0.9759167619387529 0.21814324139651822 0
    outer loop
      vertex 6.19057494833859 -11.474606966149457 2.7999999999999994
      vertex 6.194686175218607 -11.456214394375717 2.7899999999999996
      vertex 6.19057494833859 -11.474606966149457 -3.4
    endloop
  endfacet
  facet normal -0.9602936856769392 0.27899110603924243 0
    outer loop
      vertex 6.185316954888546 -11.492705098312484 2.7999999999999994
      vertex 6.19057494833859 -11.474606966149457 2.7999999999999994
      vertex 6.19057494833859 -11.474606966149457 -3.4
    endloop
  endfacet
  facet normal -0.9602936856769392 -0.27899110603924243 0
    outer loop
      vertex 6.19057494833859 -11.325393033850544 2.7999999999999994
      vertex 6.185316954888546 -11.307294901687516 2.7999999999999994
      vertex 6.19057494833859 -11.325393033850544 -3.4
    endloop
  endfacet
  facet normal -0.9759167619387529 -0.21814324139651822 0
    outer loop
      vertex 6.19057494833859 -11.325393033850544 2.7999999999999994
      vertex 6.194686175218607 -11.343785605624284 -3.4
      vertex 6.194686175218607 -11.343785605624284 2.7999999999999994
    endloop
  endfacet
  facet normal -0.9408807689542216 -0.338737920245302 0
    outer loop
      vertex 6.1789329457664754 -11.289562634194597 2.7999999999999994
      vertex 6.1789329457664754 -11.289562634194597 -3.4
      vertex 6.185316954888546 -11.307294901687516 2.7999999999999994
    endloop
  endfacet
  facet normal -0.7901550123756592 -0.6129070536530166 0
    outer loop
      vertex 6.131153972832737 -11.208772803075394 2.7999999999999994
      vertex 6.131153972832737 -11.208772803075394 -3.4
      vertex 6.142705098312485 -11.223664424312258 2.7999999999999994
    endloop
  endfacet
  facet normal -0.7501110696304895 -0.661311865323618 0
    outer loop
      vertex 6.131153972832737 -11.208772803075394 2.7999999999999994
      vertex 6.118690588226424 -11.194635868221393 2.7999999999999994
      vertex 6.131153972832737 -11.208772803075394 -3.4
    endloop
  endfacet
  facet normal -0.891006524188364 -0.4539904997395544 0
    outer loop
      vertex 6.171448115739806 -11.272266212530479 2.7999999999999994
      vertex 6.162892004013159 -11.255473897769486 2.7999999999999994
      vertex 6.171448115739806 -11.272266212530479 -3.4
    endloop
  endfacet
  facet normal -0.8607420270039422 -0.5090414157503736 0
    outer loop
      vertex 6.162892004013159 -11.255473897769486 2.7999999999999994
      vertex 6.1532983776506045 -11.239251961506302 2.7999999999999994
      vertex 6.1532983776506045 -11.239251961506302 -3.4
    endloop
  endfacet
  facet normal -0.917754625683986 -0.39714789063476935 0
    outer loop
      vertex 6.1789329457664754 -11.289562634194597 2.7999999999999994
      vertex 6.171448115739806 -11.272266212530479 2.7999999999999994
      vertex 6.1789329457664754 -11.289562634194597 -3.4
    endloop
  endfacet
  facet normal -0.8270805742745899 -0.5620833778520892 0
    outer loop
      vertex 6.1532983776506045 -11.239251961506302 2.7999999999999994
      vertex 6.142705098312485 -11.223664424312258 2.7999999999999994
      vertex 6.1532983776506045 -11.239251961506302 -3.4
    endloop
  endfacet
  facet normal -0.9876883405951385 0.15643446504022576 0
    outer loop
      vertex 6.194686175218607 -11.456214394375717 2.7899999999999996
      vertex 6.197634410394343 -11.437599970069291 2.7899999999999996
      vertex 6.197634410394343 -11.437599970069291 -3.4
    endloop
  endfacet
  facet normal -0.9955619646030773 0.09410831331854244 0
    outer loop
      vertex 6.197634410394343 -11.437599970069291 2.7899999999999996
      vertex 6.199408018528482 -11.418837155858794 2.7899999999999996
      vertex 6.197634410394343 -11.437599970069291 -3.4
    endloop
  endfacet
  facet normal -0.999506565330322 0.031410601101901595 0
    outer loop
      vertex 6.199408018528482 -11.418837155858794 2.7899999999999996
      vertex 6.199999997019768 -11.4 2.7999999999999994
      vertex 6.199408018528482 -11.418837155858794 -3.4
    endloop
  endfacet
  facet normal -0.9995065653303221 -0.031410601101901595 -4.804430155151564e-10
    outer loop
      vertex 6.199999997019768 -11.4 2.7999999999999994
      vertex 6.199408018528482 -11.381162844141206 2.7999999999999994
      vertex 6.199999997019768 -11.399999905167473 -3.4
    endloop
  endfacet
  facet normal -0.9955619646030774 -0.09410831331854246 0
    outer loop
      vertex 6.199408018528482 -11.381162844141206 2.7999999999999994
      vertex 6.197634410394343 -11.36240002993071 2.7999999999999994
      vertex 6.197634410394343 -11.36240002993071 -3.4
    endloop
  endfacet
  facet normal -0.9876883405951385 -0.15643446504022582 0
    outer loop
      vertex 6.197634410394343 -11.36240002993071 2.7999999999999994
      vertex 6.194686175218607 -11.343785605624284 2.7999999999999994
      vertex 6.194686175218607 -11.343785605624284 -3.4
    endloop
  endfacet
  facet normal -0.03141075907812376 -0.9995065603657316 0
    outer loop
      vertex 5.900000094832527 -11.100000002980233 2.7999999999999994
      vertex 5.918837155858794 -11.100591981471519 -3.4
      vertex 5.918837155858794 -11.100591981471519 2.7999999999999994
    endloop
  endfacet
  facet normal -0.09410831331854246 -0.9955619646030774 0
    outer loop
      vertex 5.918837155858794 -11.100591981471519 2.7999999999999994
      vertex 5.918837155858794 -11.100591981471519 -3.4
      vertex 5.937599970069291 -11.102365589605657 2.7999999999999994
    endloop
  endfacet
  facet normal -0.15643446504021852 -0.9876883405951398 0
    outer loop
      vertex 5.956214394375718 -11.105313824781394 2.7999999999999994
      vertex 5.937599970069291 -11.102365589605657 2.7999999999999994
      vertex 5.937599970069291 -11.102365589605657 -3.4
    endloop
  endfacet
  facet normal -0.21814324139652824 -0.9759167619387505 0
    outer loop
      vertex 5.956214394375718 -11.105313824781394 2.7999999999999994
      vertex 5.974606966149457 -11.109425051661411 -3.4
      vertex 5.974606966149457 -11.109425051661411 2.7999999999999994
    endloop
  endfacet
  facet normal -0.278991106039199 -0.9602936856769518 0
    outer loop
      vertex 5.974606966149457 -11.109425051661411 2.7999999999999994
      vertex 5.992705098312484 -11.114683045111454 -3.4
      vertex 5.992705098312484 -11.114683045111454 2.7999999999999994
    endloop
  endfacet
  facet normal -0.338737920245302 -0.9408807689542216 0
    outer loop
      vertex 5.992705098312484 -11.114683045111454 2.7999999999999994
      vertex 5.992705098312484 -11.114683045111454 -3.4
      vertex 6.010437365805403 -11.121067054233524 2.7999999999999994
    endloop
  endfacet
  facet normal -0.39714789063476935 -0.917754625683986 0
    outer loop
      vertex 6.010437365805403 -11.121067054233524 2.7999999999999994
      vertex 6.010437365805403 -11.121067054233524 -3.4
      vertex 6.027733787469522 -11.128551884260194 2.7999999999999994
    endloop
  endfacet
  facet normal -0.4539904997395918 -0.8910065241883449 0
    outer loop
      vertex 6.027733787469522 -11.128551884260194 2.7999999999999994
      vertex 6.044526102230515 -11.137107995986842 -3.4
      vertex 6.044526102230515 -11.137107995986842 2.7999999999999994
    endloop
  endfacet
  facet normal -0.5620833778521435 -0.8270805742745532 0
    outer loop
      vertex 6.076335575687742 -11.157294901687516 2.7999999999999994
      vertex 6.060748038493699 -11.146701622349395 2.7999999999999994
      vertex 6.060748038493699 -11.146701622349395 -3.4
    endloop
  endfacet
  facet normal -0.6129070536530002 -0.7901550123756718 0
    outer loop
      vertex 6.076335575687742 -11.157294901687516 2.7999999999999994
      vertex 6.076335575687742 -11.157294901687516 -3.4
      vertex 6.091227196924607 -11.168846027167264 2.7999999999999994
    endloop
  endfacet
  facet normal -0.5090414157503387 -0.8607420270039629 0
    outer loop
      vertex 6.044526102230515 -11.137107995986842 2.7999999999999994
      vertex 6.044526102230515 -11.137107995986842 -3.4
      vertex 6.060748038493699 -11.146701622349395 2.7999999999999994
    endloop
  endfacet
  facet normal -0.7071067811865004 -0.7071067811865946 0
    outer loop
      vertex 6.1053641317786065 -11.181309411773578 2.7999999999999994
      vertex 6.1053641317786065 -11.181309411773578 -3.4
      vertex 6.118690588226424 -11.194635868221393 2.7999999999999994
    endloop
  endfacet
  facet normal -0.6613118653236647 -0.7501110696304483 0
    outer loop
      vertex 6.1053641317786065 -11.181309411773578 2.7999999999999994
      vertex 6.091227196924607 -11.168846027167264 2.7999999999999994
      vertex 6.1053641317786065 -11.181309411773578 -3.4
    endloop
  endfacet
  facet normal 0 0 -1
    outer loop
      vertex -6.091227196924607 -11.168846027167264 2.7999999999999994
      vertex 6.076335575687742 -11.157294901687516 2.7999999999999994
      vertex 5.900000094832527 -11.699999997019768 2.7999999999999994
    endloop
  endfacet
  facet normal 0 0 -1
    outer loop
      vertex -5.900000094832527 -11.100000002980233 2.7999999999999994
      vertex 5.900000094832527 -11.100000002980233 2.7999999999999994
      vertex 6.076335575687742 -11.157294901687516 2.7999999999999994
    endloop
  endfacet
  facet normal -0.03141075907812376 0.9995065603657317 0
    outer loop
      vertex 5.900000094832527 -11.699999997019768 2.7999999999999994
      vertex 5.918837155858794 -11.699408018528482 2.7999999999999994
      vertex 5.918837155858794 -11.699408018528482 2.7899999999999996
    endloop
  endfacet
  facet normal 0 0 -1
    outer loop
      vertex 5.900000094832527 -11.699999997019768 2.7999999999999994
      vertex 5.937599970069291 -11.697634410394343 2.7999999999999994
      vertex 5.918837155858794 -11.699408018528482 2.7999999999999994
    endloop
  endfacet
  facet normal -0.09410831331854244 0.9955619646030773 0
    outer loop
      vertex 5.918837155858794 -11.699408018528482 2.7899999999999996
      vertex 5.937599970069291 -11.697634410394343 2.7999999999999994
      vertex 5.937599970069291 -11.697634410394343 2.7899999999999996
    endloop
  endfacet
  facet normal 0 0 -1
    outer loop
      vertex 5.900000094832527 -11.699999997019768 2.7999999999999994
      vertex 5.956214394375718 -11.694686175218607 2.7999999999999994
      vertex 5.937599970069291 -11.697634410394343 2.7999999999999994
    endloop
  endfacet
  facet normal -0.09410831331854244 0.9955619646030773 0
    outer loop
      vertex 5.918837155858794 -11.699408018528482 2.7899999999999996
      vertex 5.918837155858794 -11.699408018528482 2.7999999999999994
      vertex 5.937599970069291 -11.697634410394343 2.7999999999999994
    endloop
  endfacet
  facet normal -0.1564344650402185 0.9876883405951395 0
    outer loop
      vertex 5.937599970069291 -11.697634410394343 2.7899999999999996
      vertex 5.937599970069291 -11.697634410394343 2.7999999999999994
      vertex 5.956214394375718 -11.694686175218607 2.7999999999999994
    endloop
  endfacet
  facet normal -0.1564344650402185 0.9876883405951395 0
    outer loop
      vertex 5.937599970069291 -11.697634410394343 2.7899999999999996
      vertex 5.956214394375718 -11.694686175218607 2.7999999999999994
      vertex 5.956214394375718 -11.694686175218607 2.7899999999999996
    endloop
  endfacet
  facet normal 0 0 -1
    outer loop
      vertex 5.900000094832527 -11.699999997019768 2.7999999999999994
      vertex 5.992705098312484 -11.685316954888547 2.7999999999999994
      vertex 5.956214394375718 -11.694686175218607 2.7999999999999994
    endloop
  endfacet
  facet normal 0 0 -1
    outer loop
      vertex 5.956214394375718 -11.694686175218607 2.7999999999999994
      vertex 5.992705098312484 -11.685316954888547 2.7999999999999994
      vertex 5.974606966149457 -11.69057494833859 2.7999999999999994
    endloop
  endfacet
  facet normal 0 0 -1
    outer loop
      vertex 5.900000094832527 -11.699999997019768 2.7999999999999994
      vertex 6.076335575687742 -11.642705098312485 2.7999999999999994
      vertex 5.992705098312484 -11.685316954888547 2.7999999999999994
    endloop
  endfacet
  facet normal 0 0 -1
    outer loop
      vertex 5.992705098312484 -11.685316954888547 2.7999999999999994
      vertex 6.027733787469522 -11.671448115739807 2.7999999999999994
      vertex 6.010437365805403 -11.678932945766476 2.7999999999999994
    endloop
  endfacet
  facet normal 0 0 -1
    outer loop
      vertex 5.992705098312484 -11.685316954888547 2.7999999999999994
      vertex 6.076335575687742 -11.642705098312485 2.7999999999999994
      vertex 6.027733787469522 -11.671448115739807 2.7999999999999994
    endloop
  endfacet
  facet normal 0 0 -1
    outer loop
      vertex 6.027733787469522 -11.671448115739807 2.7999999999999994
      vertex 6.076335575687742 -11.642705098312485 2.7999999999999994
      vertex 6.044526102230515 -11.662892004013159 2.7999999999999994
    endloop
  endfacet
  facet normal 0 0 -1
    outer loop
      vertex 6.044526102230515 -11.662892004013159 2.7999999999999994
      vertex 6.076335575687742 -11.642705098312485 2.7999999999999994
      vertex 6.060748038493699 -11.653298377650605 2.7999999999999994
    endloop
  endfacet
  facet normal 0 0 -1
    outer loop
      vertex 5.900000094832527 -11.699999997019768 2.7999999999999994
      vertex 6.185316954888546 -11.492705098312484 2.7999999999999994
      vertex 6.076335575687742 -11.642705098312485 2.7999999999999994
    endloop
  endfacet
  facet normal 0 0 -1
    outer loop
      vertex 6.076335575687742 -11.642705098312485 2.7999999999999994
      vertex 6.105364131778607 -11.618690588226423 2.7999999999999994
      vertex 6.091227196924607 -11.631153972832736 2.7999999999999994
    endloop
  endfacet
  facet normal 0 0 -1
    outer loop
      vertex 6.076335575687742 -11.642705098312485 2.7999999999999994
      vertex 6.118690588226424 -11.605364131778607 2.7999999999999994
      vertex 6.105364131778607 -11.618690588226423 2.7999999999999994
    endloop
  endfacet
  facet normal 0 0 -1
    outer loop
      vertex 6.076335575687742 -11.642705098312485 2.7999999999999994
      vertex 6.142705098312485 -11.576335575687743 2.7999999999999994
      vertex 6.118690588226424 -11.605364131778607 2.7999999999999994
    endloop
  endfacet
  facet normal 0 0 -1
    outer loop
      vertex 6.118690588226424 -11.605364131778607 2.7999999999999994
      vertex 6.142705098312485 -11.576335575687743 2.7999999999999994
      vertex 6.131153972832737 -11.591227196924608 2.7999999999999994
    endloop
  endfacet
  facet normal 0 0 -1
    outer loop
      vertex 5.900000094832527 -11.699999997019768 2.7999999999999994
      vertex 6.076335575687742 -11.157294901687516 2.7999999999999994
      vertex 6.185316954888546 -11.492705098312484 2.7999999999999994
    endloop
  endfacet
  facet normal 0 0 -1
    outer loop
      vertex 6.076335575687742 -11.642705098312485 2.7999999999999994
      vertex 6.185316954888546 -11.492705098312484 2.7999999999999994
      vertex 6.142705098312485 -11.576335575687743 2.7999999999999994
    endloop
  endfacet
  facet normal 0 0 -1
    outer loop
      vertex 6.142705098312485 -11.576335575687743 2.7999999999999994
      vertex 6.171448115739806 -11.527733787469522 2.7999999999999994
      vertex 6.162892004013159 -11.544526102230515 2.7999999999999994
    endloop
  endfacet
  facet normal 0 0 -1
    outer loop
      vertex 6.142705098312485 -11.576335575687743 2.7999999999999994
      vertex 6.162892004013159 -11.544526102230515 2.7999999999999994
      vertex 6.1532983776506045 -11.5607480384937 2.7999999999999994
    endloop
  endfacet
  facet normal 0 0 -1
    outer loop
      vertex 6.142705098312485 -11.576335575687743 2.7999999999999994
      vertex 6.185316954888546 -11.492705098312484 2.7999999999999994
      vertex 6.171448115739806 -11.527733787469522 2.7999999999999994
    endloop
  endfacet
  facet normal 0 0 -1
    outer loop
      vertex 6.171448115739806 -11.527733787469522 2.7999999999999994
      vertex 6.185316954888546 -11.492705098312484 2.7999999999999994
      vertex 6.1789329457664754 -11.510437365805403 2.7999999999999994
    endloop
  endfacet
  facet normal 0 0 -1
    outer loop
      vertex 6.185316954888546 -11.492705098312484 2.7999999999999994
      vertex 6.197634410394343 -11.437599970069291 2.7999999999999994
      vertex 6.19057494833859 -11.474606966149457 2.7999999999999994
    endloop
  endfacet
  facet normal 0 0 -1
    outer loop
      vertex 6.19057494833859 -11.474606966149457 2.7999999999999994
      vertex 6.197634410394343 -11.437599970069291 2.7999999999999994
      vertex 6.194686175218607 -11.456214394375717 2.7999999999999994
    endloop
  endfacet
  facet normal -0.9759167619387528 0.2181432413965182 0
    outer loop
      vertex 6.19057494833859 -11.474606966149457 2.7999999999999994
      vertex 6.194686175218607 -11.456214394375717 2.7999999999999994
      vertex 6.194686175218607 -11.456214394375717 2.7899999999999996
    endloop
  endfacet
  facet normal 0 0 -1
    outer loop
      vertex 6.185316954888546 -11.492705098312484 2.7999999999999994
      vertex 6.199999997019768 -11.4 2.7999999999999994
      vertex 6.197634410394343 -11.437599970069291 2.7999999999999994
    endloop
  endfacet
  facet normal 0 0 -1
    outer loop
      vertex 6.185316954888546 -11.492705098312484 2.7999999999999994
      vertex 6.185316954888546 -11.307294901687516 2.7999999999999994
      vertex 6.199999997019768 -11.4 2.7999999999999994
    endloop
  endfacet
  facet normal 0 0 -1
    outer loop
      vertex 6.197634410394343 -11.36240002993071 2.7999999999999994
      vertex 6.19057494833859 -11.325393033850544 2.7999999999999994
      vertex 6.194686175218607 -11.343785605624284 2.7999999999999994
    endloop
  endfacet
  facet normal 0 0 -1
    outer loop
      vertex 6.199999997019768 -11.4 2.7999999999999994
      vertex 6.185316954888546 -11.307294901687516 2.7999999999999994
      vertex 6.197634410394343 -11.36240002993071 2.7999999999999994
    endloop
  endfacet
  facet normal 0 0 -1
    outer loop
      vertex 6.185316954888546 -11.492705098312484 2.7999999999999994
      vertex 6.076335575687742 -11.157294901687516 2.7999999999999994
      vertex 6.185316954888546 -11.307294901687516 2.7999999999999994
    endloop
  endfacet
  facet normal 0 0 -1
    outer loop
      vertex 6.197634410394343 -11.36240002993071 2.7999999999999994
      vertex 6.185316954888546 -11.307294901687516 2.7999999999999994
      vertex 6.19057494833859 -11.325393033850544 2.7999999999999994
    endloop
  endfacet
  facet normal 0 0 -1
    outer loop
      vertex 6.076335575687742 -11.157294901687516 2.7999999999999994
      vertex 6.118690588226424 -11.194635868221393 2.7999999999999994
      vertex 6.142705098312485 -11.223664424312258 2.7999999999999994
    endloop
  endfacet
  facet normal 0 0 -1
    outer loop
      vertex 6.076335575687742 -11.157294901687516 2.7999999999999994
      vertex 6.142705098312485 -11.223664424312258 2.7999999999999994
      vertex 6.185316954888546 -11.307294901687516 2.7999999999999994
    endloop
  endfacet
  facet normal 0 0 -1
    outer loop
      vertex 6.131153972832737 -11.208772803075394 2.7999999999999994
      vertex 6.142705098312485 -11.223664424312258 2.7999999999999994
      vertex 6.118690588226424 -11.194635868221393 2.7999999999999994
    endloop
  endfacet
  facet normal 0 0 -1
    outer loop
      vertex 6.185316954888546 -11.307294901687516 2.7999999999999994
      vertex 6.142705098312485 -11.223664424312258 2.7999999999999994
      vertex 6.162892004013159 -11.255473897769486 2.7999999999999994
    endloop
  endfacet
  facet normal 0 0 -1
    outer loop
      vertex 6.1789329457664754 -11.289562634194597 2.7999999999999994
      vertex 6.185316954888546 -11.307294901687516 2.7999999999999994
      vertex 6.171448115739806 -11.272266212530479 2.7999999999999994
    endloop
  endfacet
  facet normal 0 0 -1
    outer loop
      vertex 6.185316954888546 -11.307294901687516 2.7999999999999994
      vertex 6.162892004013159 -11.255473897769486 2.7999999999999994
      vertex 6.171448115739806 -11.272266212530479 2.7999999999999994
    endloop
  endfacet
  facet normal 0 0 -1
    outer loop
      vertex 6.162892004013159 -11.255473897769486 2.7999999999999994
      vertex 6.142705098312485 -11.223664424312258 2.7999999999999994
      vertex 6.1532983776506045 -11.239251961506302 2.7999999999999994
    endloop
  endfacet
  facet normal -0.9876883405951385 0.1564344650402258 0
    outer loop
      vertex 6.194686175218607 -11.456214394375717 2.7899999999999996
      vertex 6.197634410394343 -11.437599970069291 2.7999999999999994
      vertex 6.197634410394343 -11.437599970069291 2.7899999999999996
    endloop
  endfacet
  facet normal -0.9876883405951385 0.1564344650402258 0
    outer loop
      vertex 6.194686175218607 -11.456214394375717 2.7899999999999996
      vertex 6.194686175218607 -11.456214394375717 2.7999999999999994
      vertex 6.197634410394343 -11.437599970069291 2.7999999999999994
    endloop
  endfacet
  facet normal -0.9955619646030773 0.09410831331854244 0
    outer loop
      vertex 6.197634410394343 -11.437599970069291 2.7899999999999996
      vertex 6.197634410394343 -11.437599970069291 2.7999999999999994
      vertex 6.199408018528482 -11.418837155858794 2.7899999999999996
    endloop
  endfacet
  facet normal 0 0 -1
    outer loop
      vertex 6.197634410394343 -11.437599970069291 2.7999999999999994
      vertex 6.199999997019768 -11.4 2.7999999999999994
      vertex 6.199408018528482 -11.418837155858794 2.7999999999999994
    endloop
  endfacet
  facet normal -0.9955619646030773 0.09410831331854244 0
    outer loop
      vertex 6.197634410394343 -11.437599970069291 2.7999999999999994
      vertex 6.199408018528482 -11.418837155858794 2.7999999999999994
      vertex 6.199408018528482 -11.418837155858794 2.7899999999999996
    endloop
  endfacet
  facet normal -0.999506565330322 0.031410601101901595 0
    outer loop
      vertex 6.199408018528482 -11.418837155858794 2.7899999999999996
      vertex 6.199408018528482 -11.418837155858794 2.7999999999999994
      vertex 6.199999997019768 -11.4 2.7999999999999994
    endloop
  endfacet
  facet normal 0 0 -1
    outer loop
      vertex 6.199999997019768 -11.4 2.7999999999999994
      vertex 6.197634410394343 -11.36240002993071 2.7999999999999994
      vertex 6.199408018528482 -11.381162844141206 2.7999999999999994
    endloop
  endfacet
  facet normal 0 0 -1
    outer loop
      vertex 5.900000094832527 -11.100000002980233 2.7999999999999994
      vertex 5.918837155858794 -11.100591981471519 2.7999999999999994
      vertex 5.937599970069291 -11.102365589605657 2.7999999999999994
    endloop
  endfacet
  facet normal 0 0 -1
    outer loop
      vertex 5.900000094832527 -11.100000002980233 2.7999999999999994
      vertex 5.937599970069291 -11.102365589605657 2.7999999999999994
      vertex 5.956214394375718 -11.105313824781394 2.7999999999999994
    endloop
  endfacet
  facet normal 0 0 -1
    outer loop
      vertex 5.900000094832527 -11.100000002980233 2.7999999999999994
      vertex 5.956214394375718 -11.105313824781394 2.7999999999999994
      vertex 6.010437365805403 -11.121067054233524 2.7999999999999994
    endloop
  endfacet
  facet normal 0 0 -1
    outer loop
      vertex 5.956214394375718 -11.105313824781394 2.7999999999999994
      vertex 5.974606966149457 -11.109425051661411 2.7999999999999994
      vertex 6.010437365805403 -11.121067054233524 2.7999999999999994
    endloop
  endfacet
  facet normal 0 0 -1
    outer loop
      vertex 5.974606966149457 -11.109425051661411 2.7999999999999994
      vertex 5.992705098312484 -11.114683045111454 2.7999999999999994
      vertex 6.010437365805403 -11.121067054233524 2.7999999999999994
    endloop
  endfacet
  facet normal 0 0 -1
    outer loop
      vertex 5.900000094832527 -11.100000002980233 2.7999999999999994
      vertex 6.010437365805403 -11.121067054233524 2.7999999999999994
      vertex 6.076335575687742 -11.157294901687516 2.7999999999999994
    endloop
  endfacet
  facet normal 0 0 -1
    outer loop
      vertex 6.010437365805403 -11.121067054233524 2.7999999999999994
      vertex 6.027733787469522 -11.128551884260194 2.7999999999999994
      vertex 6.044526102230515 -11.137107995986842 2.7999999999999994
    endloop
  endfacet
  facet normal 0 0 -1
    outer loop
      vertex 6.010437365805403 -11.121067054233524 2.7999999999999994
      vertex 6.044526102230515 -11.137107995986842 2.7999999999999994
      vertex 6.076335575687742 -11.157294901687516 2.7999999999999994
    endloop
  endfacet
  facet normal 0 0 -1
    outer loop
      vertex 6.076335575687742 -11.157294901687516 2.7999999999999994
      vertex 6.044526102230515 -11.137107995986842 2.7999999999999994
      vertex 6.060748038493699 -11.146701622349395 2.7999999999999994
    endloop
  endfacet
  facet normal 0 0 -1
    outer loop
      vertex 6.1053641317786065 -11.181309411773578 2.7999999999999994
      vertex 6.118690588226424 -11.194635868221393 2.7999999999999994
      vertex 6.091227196924607 -11.168846027167264 2.7999999999999994
    endloop
  endfacet
  facet normal 0 0 -1
    outer loop
      vertex 6.076335575687742 -11.157294901687516 2.7999999999999994
      vertex 6.091227196924607 -11.168846027167264 2.7999999999999994
      vertex 6.118690588226424 -11.194635868221393 2.7999999999999994
    endloop
  endfacet
  facet normal 0.7501110696304688 0.6613118653236413 0
    outer loop
      vertex -11.618690588226423 -6.105364131778607 2.7999999999999994
      vertex -11.618690588226423 -6.105364131778607 -3.4
      vertex -11.631153972832736 -6.091227196924607 -3.4
    endloop
  endfacet
  facet normal 0.6613118653236647 0.7501110696304483 0
    outer loop
      vertex -11.605364131778607 -6.118690588226424 2.7999999999999994
      vertex -11.591227196924608 -6.131153972832737 -3.4
      vertex -11.605364131778607 -6.118690588226424 -3.4
    endloop
  endfacet
  facet normal 0.7071067811865711 0.7071067811865239 0
    outer loop
      vertex -11.605364131778607 -6.118690588226424 2.7999999999999994
      vertex -11.605364131778607 -6.118690588226424 -3.4
      vertex -11.618690588226423 -6.105364131778607 -3.4
    endloop
  endfacet
  facet normal 0.8270805742745532 0.5620833778521434 0
    outer loop
      vertex -11.642705098312485 -6.076335575687742 2.7899999999999996
      vertex -11.642705098312485 -6.076335575687742 -3.4
      vertex -11.653298377650605 -6.060748038493699 -3.4
    endloop
  endfacet
  facet normal 0.860742027003963 0.5090414157503387 0
    outer loop
      vertex -11.662892004013159 -6.044526102230515 2.7899999999999996
      vertex -11.653298377650605 -6.060748038493699 -3.4
      vertex -11.662892004013159 -6.044526102230515 -3.4
    endloop
  endfacet
  facet normal 0.917754625683986 0.39714789063476935 0
    outer loop
      vertex -11.671448115739807 -6.027733787469522 2.7999999999999994
      vertex -11.671448115739807 -6.027733787469522 -3.4
      vertex -11.678932945766476 -6.010437365805403 -3.4
    endloop
  endfacet
  facet normal 0.9408807689542216 0.338737920245302 0
    outer loop
      vertex -11.685316954888547 -5.992705098312484 2.7899999999999996
      vertex -11.678932945766476 -6.010437365805403 -3.4
      vertex -11.685316954888547 -5.992705098312484 -3.4
    endloop
  endfacet
  facet normal 0.8910065241883449 0.45399049973959177 0
    outer loop
      vertex -11.662892004013159 -6.044526102230515 2.7899999999999996
      vertex -11.662892004013159 -6.044526102230515 -3.4
      vertex -11.671448115739807 -6.027733787469522 -3.4
    endloop
  endfacet
  facet normal 0.7901550123756719 0.6129070536530004 0
    outer loop
      vertex -11.642705098312485 -6.076335575687742 2.7899999999999996
      vertex -11.631153972832736 -6.091227196924607 -3.4
      vertex -11.642705098312485 -6.076335575687742 -3.4
    endloop
  endfacet
  facet normal 0.9759167619387507 0.21814324139652824 0
    outer loop
      vertex -11.694686175218607 -5.956214394375718 2.7899999999999996
      vertex -11.69057494833859 -5.974606966149457 -3.4
      vertex -11.694686175218607 -5.956214394375718 -3.4
    endloop
  endfacet
  facet normal 0.9876883405951397 0.1564344650402185 0
    outer loop
      vertex -11.694686175218607 -5.956214394375718 2.7899999999999996
      vertex -11.694686175218607 -5.956214394375718 -3.4
      vertex -11.697634410394343 -5.937599970069291 -3.4
    endloop
  endfacet
  facet normal 0.9955619646030773 0.09410831331854244 0
    outer loop
      vertex -11.699408018528482 -5.918837155858794 2.7899999999999996
      vertex -11.697634410394343 -5.937599970069291 -3.4
      vertex -11.699408018528482 -5.918837155858794 -3.4
    endloop
  endfacet
  facet normal 0.9995065603657317 0.03141075907812376 0
    outer loop
      vertex -11.699408018528482 -5.918837155858794 2.7899999999999996
      vertex -11.699408018528482 -5.918837155858794 -3.4
      vertex -11.699999997019768 -5.900000094832527 -3.4
    endloop
  endfacet
  facet normal 0.9602936856769518 0.27899110603919897 0
    outer loop
      vertex -11.685316954888547 -5.992705098312484 2.7899999999999996
      vertex -11.685316954888547 -5.992705098312484 -3.4
      vertex -11.69057494833859 -5.974606966149457 -3.4
    endloop
  endfacet
  facet normal 0.15643446504022576 0.9876883405951385 0
    outer loop
      vertex -11.456214394375717 -6.194686175218607 2.7899999999999996
      vertex -11.437599970069291 -6.197634410394343 -3.4
      vertex -11.456214394375717 -6.194686175218607 -3.4
    endloop
  endfacet
  facet normal 0.09410831331854244 0.9955619646030773 0
    outer loop
      vertex -11.418837155858794 -6.199408018528482 2.7899999999999996
      vertex -11.418837155858794 -6.199408018528482 -3.4
      vertex -11.437599970069291 -6.197634410394343 -3.4
    endloop
  endfacet
  facet normal 0.0314104431272662 0.9995065702948375 4.804405992032253e-10
    outer loop
      vertex -11.4 -6.199999997019768 2.7999999999999994
      vertex -11.399999905167473 -6.199999997019768 -3.4
      vertex -11.418837155858794 -6.199408018528482 -3.4
    endloop
  endfacet
  facet normal 0.5620833778520892 0.8270805742745899 0
    outer loop
      vertex -11.5607480384937 -6.1532983776506045 2.7999999999999994
      vertex -11.5607480384937 -6.1532983776506045 -3.4
      vertex -11.576335575687743 -6.142705098312485 -3.4
    endloop
  endfacet
  facet normal 0.5090414157503736 0.8607420270039422 0
    outer loop
      vertex -11.544526102230515 -6.162892004013159 2.7999999999999994
      vertex -11.544526102230515 -6.162892004013159 -3.4
      vertex -11.5607480384937 -6.1532983776506045 -3.4
    endloop
  endfacet
  facet normal 0.6129070536529709 0.7901550123756947 0
    outer loop
      vertex -11.576335575687743 -6.142705098312485 2.7999999999999994
      vertex -11.576335575687743 -6.142705098312485 -3.4
      vertex -11.591227196924608 -6.131153972832737 -3.4
    endloop
  endfacet
  facet normal 0.39714789063476935 0.917754625683986 0
    outer loop
      vertex -11.527733787469522 -6.171448115739806 2.7999999999999994
      vertex -11.510437365805403 -6.1789329457664754 -3.4
      vertex -11.527733787469522 -6.171448115739806 -3.4
    endloop
  endfacet
  facet normal 0.4539904997395544 0.891006524188364 0
    outer loop
      vertex -11.544526102230515 -6.162892004013159 2.7999999999999994
      vertex -11.527733787469522 -6.171448115739806 -3.4
      vertex -11.544526102230515 -6.162892004013159 -3.4
    endloop
  endfacet
  facet normal 0.338737920245302 0.9408807689542216 0
    outer loop
      vertex -11.492705098312484 -6.185316954888546 2.7999999999999994
      vertex -11.492705098312484 -6.185316954888546 -3.4
      vertex -11.510437365805403 -6.1789329457664754 -3.4
    endloop
  endfacet
  facet normal 0.27899110603924243 0.9602936856769392 0
    outer loop
      vertex -11.492705098312484 -6.185316954888546 2.7999999999999994
      vertex -11.474606966149457 -6.19057494833859 -3.4
      vertex -11.492705098312484 -6.185316954888546 -3.4
    endloop
  endfacet
  facet normal 0.21814324139651822 0.9759167619387529 0
    outer loop
      vertex -11.456214394375717 -6.194686175218607 2.7899999999999996
      vertex -11.456214394375717 -6.194686175218607 -3.4
      vertex -11.474606966149457 -6.19057494833859 -3.4
    endloop
  endfacet
  facet normal -0.03141075907812524 0.9995065603657316 0
    outer loop
      vertex -11.381162844141206 -6.199408018528482 2.7999999999999994
      vertex -11.381162844141206 -6.199408018528482 -3.4
      vertex -11.399999905167473 -6.199999997019768 -3.4
    endloop
  endfacet
  facet normal -0.09410831331854246 0.9955619646030774 0
    outer loop
      vertex -11.381162844141206 -6.199408018528482 2.7999999999999994
      vertex -11.36240002993071 -6.197634410394343 -3.4
      vertex -11.381162844141206 -6.199408018528482 -3.4
    endloop
  endfacet
  facet normal -0.15643446504022582 0.9876883405951385 0
    outer loop
      vertex -11.36240002993071 -6.197634410394343 2.7999999999999994
      vertex -11.343785605624284 -6.194686175218607 -3.4
      vertex -11.36240002993071 -6.197634410394343 -3.4
    endloop
  endfacet
  facet normal -0.21814324139651822 0.9759167619387529 0
    outer loop
      vertex -11.325393033850544 -6.19057494833859 2.7999999999999994
      vertex -11.325393033850544 -6.19057494833859 -3.4
      vertex -11.343785605624284 -6.194686175218607 -3.4
    endloop
  endfacet
  facet normal -0.27899110603924243 0.9602936856769392 0
    outer loop
      vertex -11.307294901687516 -6.185316954888546 2.7999999999999994
      vertex -11.307294901687516 -6.185316954888546 -3.4
      vertex -11.325393033850544 -6.19057494833859 -3.4
    endloop
  endfacet
  facet normal -0.338737920245302 0.9408807689542216 0
    outer loop
      vertex -11.307294901687516 -6.185316954888546 2.7999999999999994
      vertex -11.289562634194597 -6.1789329457664754 -3.4
      vertex -11.307294901687516 -6.185316954888546 -3.4
    endloop
  endfacet
  facet normal -0.39714789063476935 0.917754625683986 0
    outer loop
      vertex -11.272266212530479 -6.171448115739806 2.7999999999999994
      vertex -11.272266212530479 -6.171448115739806 -3.4
      vertex -11.289562634194597 -6.1789329457664754 -3.4
    endloop
  endfacet
  facet normal -0.4539904997395544 0.891006524188364 0
    outer loop
      vertex -11.255473897769486 -6.162892004013159 2.7999999999999994
      vertex -11.255473897769486 -6.162892004013159 -3.4
      vertex -11.272266212530479 -6.171448115739806 -3.4
    endloop
  endfacet
  facet normal -0.5090414157503736 0.8607420270039422 0
    outer loop
      vertex -11.255473897769486 -6.162892004013159 2.7999999999999994
      vertex -11.239251961506302 -6.1532983776506045 -3.4
      vertex -11.255473897769486 -6.162892004013159 -3.4
    endloop
  endfacet
  facet normal -0.5620833778520892 0.8270805742745899 0
    outer loop
      vertex -11.223664424312258 -6.142705098312485 2.7999999999999994
      vertex -11.223664424312258 -6.142705098312485 -3.4
      vertex -11.239251961506302 -6.1532983776506045 -3.4
    endloop
  endfacet
  facet normal -0.6129070536530166 0.7901550123756592 0
    outer loop
      vertex -11.223664424312258 -6.142705098312485 2.7999999999999994
      vertex -11.208772803075394 -6.131153972832737 -3.4
      vertex -11.223664424312258 -6.142705098312485 -3.4
    endloop
  endfacet
  facet normal -0.661311865323618 0.7501110696304895 0
    outer loop
      vertex -11.194635868221393 -6.118690588226424 2.7999999999999994
      vertex -11.194635868221393 -6.118690588226424 -3.4
      vertex -11.208772803075394 -6.131153972832737 -3.4
    endloop
  endfacet
  facet normal -0.7071067811865946 0.7071067811865004 0
    outer loop
      vertex -11.194635868221393 -6.118690588226424 2.7999999999999994
      vertex -11.181309411773578 -6.1053641317786065 -3.4
      vertex -11.194635868221393 -6.118690588226424 -3.4
    endloop
  endfacet
  facet normal -0.7501110696304483 0.6613118653236647 0
    outer loop
      vertex -11.168846027167264 -6.091227196924607 2.7999999999999994
      vertex -11.168846027167264 -6.091227196924607 -3.4
      vertex -11.181309411773578 -6.1053641317786065 -3.4
    endloop
  endfacet
  facet normal -0.7901550123756718 0.6129070536530002 0
    outer loop
      vertex -11.168846027167264 -6.091227196924607 2.7999999999999994
      vertex -11.157294901687516 -6.076335575687742 -3.4
      vertex -11.168846027167264 -6.091227196924607 -3.4
    endloop
  endfacet
  facet normal -0.8270805742745532 0.5620833778521435 0
    outer loop
      vertex -11.157294901687516 -6.076335575687742 2.7999999999999994
      vertex -11.146701622349395 -6.060748038493699 -3.4
      vertex -11.157294901687516 -6.076335575687742 -3.4
    endloop
  endfacet
  facet normal -0.8607420270039629 0.5090414157503387 0
    outer loop
      vertex -11.146701622349395 -6.060748038493699 2.7999999999999994
      vertex -11.137107995986842 -6.044526102230515 -3.4
      vertex -11.146701622349395 -6.060748038493699 -3.4
    endloop
  endfacet
  facet normal -0.8910065241883449 0.4539904997395918 0
    outer loop
      vertex -11.128551884260194 -6.027733787469522 2.7999999999999994
      vertex -11.128551884260194 -6.027733787469522 -3.4
      vertex -11.137107995986842 -6.044526102230515 -3.4
    endloop
  endfacet
  facet normal -0.917754625683986 0.39714789063476935 0
    outer loop
      vertex -11.128551884260194 -6.027733787469522 2.7999999999999994
      vertex -11.121067054233524 -6.010437365805403 -3.4
      vertex -11.128551884260194 -6.027733787469522 -3.4
    endloop
  endfacet
  facet normal -0.9408807689542216 0.338737920245302 0
    outer loop
      vertex -11.121067054233524 -6.010437365805403 2.7999999999999994
      vertex -11.114683045111454 -5.992705098312484 -3.4
      vertex -11.121067054233524 -6.010437365805403 -3.4
    endloop
  endfacet
  facet normal -0.9602936856769518 0.278991106039199 0
    outer loop
      vertex -11.109425051661411 -5.974606966149457 2.7999999999999994
      vertex -11.109425051661411 -5.974606966149457 -3.4
      vertex -11.114683045111454 -5.992705098312484 -3.4
    endloop
  endfacet
  facet normal -0.9759167619387505 0.21814324139652824 0
    outer loop
      vertex -11.105313824781394 -5.956214394375718 2.7999999999999994
      vertex -11.105313824781394 -5.956214394375718 -3.4
      vertex -11.109425051661411 -5.974606966149457 -3.4
    endloop
  endfacet
  facet normal -0.9876883405951398 0.15643446504021852 0
    outer loop
      vertex -11.105313824781394 -5.956214394375718 2.7999999999999994
      vertex -11.102365589605657 -5.937599970069291 -3.4
      vertex -11.105313824781394 -5.956214394375718 -3.4
    endloop
  endfacet
  facet normal -0.9955619646030774 0.09410831331854246 0
    outer loop
      vertex -11.102365589605657 -5.937599970069291 2.7999999999999994
      vertex -11.100591981471519 -5.918837155858794 -3.4
      vertex -11.102365589605657 -5.937599970069291 -3.4
    endloop
  endfacet
  facet normal -0.9995065603657316 0.03141075907812376 0
    outer loop
      vertex -11.100000002980233 -5.900000094832527 2.7999999999999994
      vertex -11.100000002980233 -5.900000094832527 -3.4
      vertex -11.100591981471519 -5.918837155858794 -3.4
    endloop
  endfacet
  facet normal 1 0 0
    outer loop
      vertex -11.699999997019768 -5.900000094832527 2.7999999999999994
      vertex -11.699999997019768 -5.900000094832527 -3.4
      vertex -11.699999997019768 5.900000094831226 -3.3999999999993165
    endloop
  endfacet
  facet normal 0.7501110696304688 0.6613118653236413 0
    outer loop
      vertex -11.618690588226423 -6.105364131778607 2.7999999999999994
      vertex -11.631153972832736 -6.091227196924607 -3.4
      vertex -11.631153972832736 -6.091227196924607 2.7999999999999994
    endloop
  endfacet
  facet normal 0.6613118653236647 0.7501110696304483 0
    outer loop
      vertex -11.591227196924608 -6.131153972832737 2.7999999999999994
      vertex -11.591227196924608 -6.131153972832737 -3.4
      vertex -11.605364131778607 -6.118690588226424 2.7999999999999994
    endloop
  endfacet
  facet normal 0.7071067811865711 0.7071067811865239 0
    outer loop
      vertex -11.618690588226423 -6.105364131778607 2.7999999999999994
      vertex -11.605364131778607 -6.118690588226424 2.7999999999999994
      vertex -11.618690588226423 -6.105364131778607 -3.4
    endloop
  endfacet
  facet normal 0.8270805742745531 0.5620833778521434 0
    outer loop
      vertex -11.642705098312485 -6.076335575687742 2.7899999999999996
      vertex -11.653298377650605 -6.060748038493699 -3.4
      vertex -11.642705098312485 -6.076335575687742 2.7999999999999994
    endloop
  endfacet
  facet normal 0.8607420270039629 0.5090414157503388 0
    outer loop
      vertex -11.662892004013159 -6.044526102230515 2.7899999999999996
      vertex -11.662892004013159 -6.044526102230515 2.7999999999999994
      vertex -11.653298377650605 -6.060748038493699 -3.4
    endloop
  endfacet
  facet normal 0.8270805742745532 0.5620833778521435 0
    outer loop
      vertex -11.642705098312485 -6.076335575687742 2.7999999999999994
      vertex -11.653298377650605 -6.060748038493699 -3.4
      vertex -11.653298377650605 -6.060748038493699 2.7999999999999994
    endloop
  endfacet
  facet normal 0.8607420270039629 0.5090414157503387 0
    outer loop
      vertex -11.662892004013159 -6.044526102230515 2.7999999999999994
      vertex -11.653298377650605 -6.060748038493699 2.7999999999999994
      vertex -11.653298377650605 -6.060748038493699 -3.4
    endloop
  endfacet
  facet normal 0.9408807689542217 0.3387379202453021 0
    outer loop
      vertex -11.685316954888547 -5.992705098312484 2.7899999999999996
      vertex -11.685316954888547 -5.992705098312484 2.7999999999999994
      vertex -11.678932945766476 -6.010437365805403 -3.4
    endloop
  endfacet
  facet normal 0.891006524188345 0.4539904997395919 0
    outer loop
      vertex -11.662892004013159 -6.044526102230515 2.7899999999999996
      vertex -11.671448115739807 -6.027733787469522 -3.4
      vertex -11.662892004013159 -6.044526102230515 2.7999999999999994
    endloop
  endfacet
  facet normal 0.8910065241883449 0.4539904997395918 0
    outer loop
      vertex -11.671448115739807 -6.027733787469522 2.7999999999999994
      vertex -11.662892004013159 -6.044526102230515 2.7999999999999994
      vertex -11.671448115739807 -6.027733787469522 -3.4
    endloop
  endfacet
  facet normal 0.917754625683986 0.39714789063476935 0
    outer loop
      vertex -11.671448115739807 -6.027733787469522 2.7999999999999994
      vertex -11.678932945766476 -6.010437365805403 -3.4
      vertex -11.678932945766476 -6.010437365805403 2.7999999999999994
    endloop
  endfacet
  facet normal 0.9408807689542216 0.338737920245302 0
    outer loop
      vertex -11.678932945766476 -6.010437365805403 2.7999999999999994
      vertex -11.678932945766476 -6.010437365805403 -3.4
      vertex -11.685316954888547 -5.992705098312484 2.7999999999999994
    endloop
  endfacet
  facet normal 0.7901550123756719 0.6129070536530004 0
    outer loop
      vertex -11.642705098312485 -6.076335575687742 2.7899999999999996
      vertex -11.642705098312485 -6.076335575687742 2.7999999999999994
      vertex -11.631153972832736 -6.091227196924607 -3.4
    endloop
  endfacet
  facet normal 0.7901550123756718 0.6129070536530002 0
    outer loop
      vertex -11.631153972832736 -6.091227196924607 2.7999999999999994
      vertex -11.631153972832736 -6.091227196924607 -3.4
      vertex -11.642705098312485 -6.076335575687742 2.7999999999999994
    endloop
  endfacet
  facet normal 0.9759167619387507 0.21814324139652824 0
    outer loop
      vertex -11.694686175218607 -5.956214394375718 2.7899999999999996
      vertex -11.694686175218607 -5.956214394375718 2.7999999999999994
      vertex -11.69057494833859 -5.974606966149457 -3.4
    endloop
  endfacet
  facet normal 0.9759167619387505 0.21814324139652824 0
    outer loop
      vertex -11.694686175218607 -5.956214394375718 2.7999999999999994
      vertex -11.69057494833859 -5.974606966149457 2.7999999999999994
      vertex -11.69057494833859 -5.974606966149457 -3.4
    endloop
  endfacet
  facet normal 0.9876883405951397 0.1564344650402185 0
    outer loop
      vertex -11.694686175218607 -5.956214394375718 2.7899999999999996
      vertex -11.697634410394343 -5.937599970069291 -3.4
      vertex -11.697634410394343 -5.937599970069291 2.7899999999999996
    endloop
  endfacet
  facet normal 0.9955619646030773 0.09410831331854244 0
    outer loop
      vertex -11.697634410394343 -5.937599970069291 2.7899999999999996
      vertex -11.697634410394343 -5.937599970069291 -3.4
      vertex -11.699408018528482 -5.918837155858794 2.7899999999999996
    endloop
  endfacet
  facet normal 0.9995065603657316 0.03141075907812376 0
    outer loop
      vertex -11.699408018528482 -5.918837155858794 2.7899999999999996
      vertex -11.699999997019768 -5.900000094832527 -3.4
      vertex -11.699999997019768 -5.900000094832527 2.7999999999999994
    endloop
  endfacet
  facet normal 0.960293685676952 0.27899110603919897 0
    outer loop
      vertex -11.685316954888547 -5.992705098312484 2.7899999999999996
      vertex -11.69057494833859 -5.974606966149457 -3.4
      vertex -11.685316954888547 -5.992705098312484 2.7999999999999994
    endloop
  endfacet
  facet normal 0.9602936856769518 0.278991106039199 0
    outer loop
      vertex -11.685316954888547 -5.992705098312484 2.7999999999999994
      vertex -11.69057494833859 -5.974606966149457 -3.4
      vertex -11.69057494833859 -5.974606966149457 2.7999999999999994
    endloop
  endfacet
  facet normal 0.15643446504022576 0.9876883405951385 0
    outer loop
      vertex -11.456214394375717 -6.194686175218607 2.7899999999999996
      vertex -11.437599970069291 -6.197634410394343 2.7899999999999996
      vertex -11.437599970069291 -6.197634410394343 -3.4
    endloop
  endfacet
  facet normal 0.09410831331854244 0.9955619646030773 0
    outer loop
      vertex -11.437599970069291 -6.197634410394343 2.7899999999999996
      vertex -11.418837155858794 -6.199408018528482 2.7899999999999996
      vertex -11.437599970069291 -6.197634410394343 -3.4
    endloop
  endfacet
  facet normal 0.031410601101901595 0.999506565330322 0
    outer loop
      vertex -11.418837155858794 -6.199408018528482 2.7899999999999996
      vertex -11.4 -6.199999997019768 2.7999999999999994
      vertex -11.418837155858794 -6.199408018528482 -3.4
    endloop
  endfacet
  facet normal -0.031410601101901595 0.9995065653303221 -4.804430155151564e-10
    outer loop
      vertex -11.4 -6.199999997019768 2.7999999999999994
      vertex -11.381162844141206 -6.199408018528482 2.7999999999999994
      vertex -11.399999905167473 -6.199999997019768 -3.4
    endloop
  endfacet
  facet normal 0.5620833778520892 0.8270805742745899 0
    outer loop
      vertex -11.576335575687743 -6.142705098312485 2.7999999999999994
      vertex -11.5607480384937 -6.1532983776506045 2.7999999999999994
      vertex -11.576335575687743 -6.142705098312485 -3.4
    endloop
  endfacet
  facet normal 0.5090414157503736 0.8607420270039422 0
    outer loop
      vertex -11.544526102230515 -6.162892004013159 2.7999999999999994
      vertex -11.5607480384937 -6.1532983776506045 -3.4
      vertex -11.5607480384937 -6.1532983776506045 2.7999999999999994
    endloop
  endfacet
  facet normal 0.6129070536529709 0.7901550123756947 0
    outer loop
      vertex -11.576335575687743 -6.142705098312485 2.7999999999999994
      vertex -11.591227196924608 -6.131153972832737 -3.4
      vertex -11.591227196924608 -6.131153972832737 2.7999999999999994
    endloop
  endfacet
  facet normal 0.39714789063476935 0.917754625683986 0
    outer loop
      vertex -11.527733787469522 -6.171448115739806 2.7999999999999994
      vertex -11.510437365805403 -6.1789329457664754 2.7999999999999994
      vertex -11.510437365805403 -6.1789329457664754 -3.4
    endloop
  endfacet
  facet normal 0.4539904997395544 0.891006524188364 0
    outer loop
      vertex -11.544526102230515 -6.162892004013159 2.7999999999999994
      vertex -11.527733787469522 -6.171448115739806 2.7999999999999994
      vertex -11.527733787469522 -6.171448115739806 -3.4
    endloop
  endfacet
  facet normal 0.338737920245302 0.9408807689542216 0
    outer loop
      vertex -11.510437365805403 -6.1789329457664754 2.7999999999999994
      vertex -11.492705098312484 -6.185316954888546 2.7999999999999994
      vertex -11.510437365805403 -6.1789329457664754 -3.4
    endloop
  endfacet
  facet normal 0.21814324139651822 0.9759167619387529 0
    outer loop
      vertex -11.474606966149457 -6.19057494833859 2.7999999999999994
      vertex -11.456214394375717 -6.194686175218607 2.7899999999999996
      vertex -11.474606966149457 -6.19057494833859 -3.4
    endloop
  endfacet
  facet normal 0.27899110603924243 0.9602936856769392 0
    outer loop
      vertex -11.492705098312484 -6.185316954888546 2.7999999999999994
      vertex -11.474606966149457 -6.19057494833859 2.7999999999999994
      vertex -11.474606966149457 -6.19057494833859 -3.4
    endloop
  endfacet
  facet normal -0.09410831331854246 0.9955619646030774 0
    outer loop
      vertex -11.381162844141206 -6.199408018528482 2.7999999999999994
      vertex -11.36240002993071 -6.197634410394343 2.7999999999999994
      vertex -11.36240002993071 -6.197634410394343 -3.4
    endloop
  endfacet
  facet normal -0.15643446504022582 0.9876883405951385 0
    outer loop
      vertex -11.36240002993071 -6.197634410394343 2.7999999999999994
      vertex -11.343785605624284 -6.194686175218607 2.7999999999999994
      vertex -11.343785605624284 -6.194686175218607 -3.4
    endloop
  endfacet
  facet normal -0.21814324139651822 0.9759167619387529 0
    outer loop
      vertex -11.343785605624284 -6.194686175218607 2.7999999999999994
      vertex -11.325393033850544 -6.19057494833859 2.7999999999999994
      vertex -11.343785605624284 -6.194686175218607 -3.4
    endloop
  endfacet
  facet normal -0.27899110603924243 0.9602936856769392 0
    outer loop
      vertex -11.325393033850544 -6.19057494833859 2.7999999999999994
      vertex -11.307294901687516 -6.185316954888546 2.7999999999999994
      vertex -11.325393033850544 -6.19057494833859 -3.4
    endloop
  endfacet
  facet normal -0.338737920245302 0.9408807689542216 0
    outer loop
      vertex -11.289562634194597 -6.1789329457664754 2.7999999999999994
      vertex -11.289562634194597 -6.1789329457664754 -3.4
      vertex -11.307294901687516 -6.185316954888546 2.7999999999999994
    endloop
  endfacet
  facet normal -0.39714789063476935 0.917754625683986 0
    outer loop
      vertex -11.289562634194597 -6.1789329457664754 2.7999999999999994
      vertex -11.272266212530479 -6.171448115739806 2.7999999999999994
      vertex -11.289562634194597 -6.1789329457664754 -3.4
    endloop
  endfacet
  facet normal -0.4539904997395544 0.891006524188364 0
    outer loop
      vertex -11.272266212530479 -6.171448115739806 2.7999999999999994
      vertex -11.255473897769486 -6.162892004013159 2.7999999999999994
      vertex -11.272266212530479 -6.171448115739806 -3.4
    endloop
  endfacet
  facet normal -0.5090414157503736 0.8607420270039422 0
    outer loop
      vertex -11.255473897769486 -6.162892004013159 2.7999999999999994
      vertex -11.239251961506302 -6.1532983776506045 2.7999999999999994
      vertex -11.239251961506302 -6.1532983776506045 -3.4
    endloop
  endfacet
  facet normal -0.5620833778520892 0.8270805742745899 0
    outer loop
      vertex -11.239251961506302 -6.1532983776506045 2.7999999999999994
      vertex -11.223664424312258 -6.142705098312485 2.7999999999999994
      vertex -11.239251961506302 -6.1532983776506045 -3.4
    endloop
  endfacet
  facet normal -0.6129070536530166 0.7901550123756592 0
    outer loop
      vertex -11.223664424312258 -6.142705098312485 2.7999999999999994
      vertex -11.208772803075394 -6.131153972832737 2.7999999999999994
      vertex -11.208772803075394 -6.131153972832737 -3.4
    endloop
  endfacet
  facet normal -0.661311865323618 0.7501110696304895 0
    outer loop
      vertex -11.208772803075394 -6.131153972832737 2.7999999999999994
      vertex -11.194635868221393 -6.118690588226424 2.7999999999999994
      vertex -11.208772803075394 -6.131153972832737 -3.4
    endloop
  endfacet
  facet normal -0.7071067811865946 0.7071067811865004 0
    outer loop
      vertex -11.194635868221393 -6.118690588226424 2.7999999999999994
      vertex -11.181309411773578 -6.1053641317786065 2.7999999999999994
      vertex -11.181309411773578 -6.1053641317786065 -3.4
    endloop
  endfacet
  facet normal -0.7501110696304483 0.6613118653236647 0
    outer loop
      vertex -11.181309411773578 -6.1053641317786065 2.7999999999999994
      vertex -11.168846027167264 -6.091227196924607 2.7999999999999994
      vertex -11.181309411773578 -6.1053641317786065 -3.4
    endloop
  endfacet
  facet normal -0.7901550123756718 0.6129070536530002 0
    outer loop
      vertex -11.168846027167264 -6.091227196924607 2.7999999999999994
      vertex -11.157294901687516 -6.076335575687742 2.7999999999999994
      vertex -11.157294901687516 -6.076335575687742 -3.4
    endloop
  endfacet
  facet normal -0.8270805742745532 0.5620833778521435 0
    outer loop
      vertex -11.157294901687516 -6.076335575687742 2.7999999999999994
      vertex -11.146701622349395 -6.060748038493699 2.7999999999999994
      vertex -11.146701622349395 -6.060748038493699 -3.4
    endloop
  endfacet
  facet normal -0.8607420270039629 0.5090414157503387 0
    outer loop
      vertex -11.146701622349395 -6.060748038493699 2.7999999999999994
      vertex -11.137107995986842 -6.044526102230515 2.7999999999999994
      vertex -11.137107995986842 -6.044526102230515 -3.4
    endloop
  endfacet
  facet normal -0.8910065241883449 0.4539904997395918 0
    outer loop
      vertex -11.137107995986842 -6.044526102230515 2.7999999999999994
      vertex -11.128551884260194 -6.027733787469522 2.7999999999999994
      vertex -11.137107995986842 -6.044526102230515 -3.4
    endloop
  endfacet
  facet normal -0.917754625683986 0.39714789063476935 0
    outer loop
      vertex -11.128551884260194 -6.027733787469522 2.7999999999999994
      vertex -11.121067054233524 -6.010437365805403 2.7999999999999994
      vertex -11.121067054233524 -6.010437365805403 -3.4
    endloop
  endfacet
  facet normal -0.9408807689542216 0.338737920245302 0
    outer loop
      vertex -11.121067054233524 -6.010437365805403 2.7999999999999994
      vertex -11.114683045111454 -5.992705098312484 2.7999999999999994
      vertex -11.114683045111454 -5.992705098312484 -3.4
    endloop
  endfacet
  facet normal -0.9602936856769518 0.278991106039199 0
    outer loop
      vertex -11.114683045111454 -5.992705098312484 2.7999999999999994
      vertex -11.109425051661411 -5.974606966149457 2.7999999999999994
      vertex -11.114683045111454 -5.992705098312484 -3.4
    endloop
  endfacet
  facet normal -0.9759167619387505 0.21814324139652824 0
    outer loop
      vertex -11.109425051661411 -5.974606966149457 2.7999999999999994
      vertex -11.105313824781394 -5.956214394375718 2.7999999999999994
      vertex -11.109425051661411 -5.974606966149457 -3.4
    endloop
  endfacet
  facet normal -0.9876883405951398 0.15643446504021852 0
    outer loop
      vertex -11.105313824781394 -5.956214394375718 2.7999999999999994
      vertex -11.102365589605657 -5.937599970069291 2.7999999999999994
      vertex -11.102365589605657 -5.937599970069291 -3.4
    endloop
  endfacet
  facet normal -0.9955619646030774 0.09410831331854246 0
    outer loop
      vertex -11.102365589605657 -5.937599970069291 2.7999999999999994
      vertex -11.100591981471519 -5.918837155858794 2.7999999999999994
      vertex -11.100591981471519 -5.918837155858794 -3.4
    endloop
  endfacet
  facet normal -0.9995065603657316 0.03141075907812376 0
    outer loop
      vertex -11.100591981471519 -5.918837155858794 2.7999999999999994
      vertex -11.100000002980233 -5.900000094832527 2.7999999999999994
      vertex -11.100591981471519 -5.918837155858794 -3.4
    endloop
  endfacet
  facet normal -1 0 0
    outer loop
      vertex -11.100000002980233 -5.900000094832527 2.7999999999999994
      vertex -11.100000002980233 5.900000094832527 2.7999999999999994
      vertex -11.100000002980233 -5.900000094832527 -3.4
    endloop
  endfacet
  facet normal 0 0 -1
    outer loop
      vertex -11.618690588226423 -6.105364131778607 2.7999999999999994
      vertex -11.642705098312485 -6.076335575687742 2.7999999999999994
      vertex -11.605364131778607 -6.118690588226424 2.7999999999999994
    endloop
  endfacet
  facet normal 0 0 -1
    outer loop
      vertex -11.576335575687743 -6.142705098312485 2.7999999999999994
      vertex -11.591227196924608 -6.131153972832737 2.7999999999999994
      vertex -11.605364131778607 -6.118690588226424 2.7999999999999994
    endloop
  endfacet
  facet normal 0 0 -1
    outer loop
      vertex -11.576335575687743 -6.142705098312485 2.7999999999999994
      vertex -11.605364131778607 -6.118690588226424 2.7999999999999994
      vertex -11.642705098312485 -6.076335575687742 2.7999999999999994
    endloop
  endfacet
  facet normal 0 0 -1
    outer loop
      vertex -11.671448115739807 -6.027733787469522 2.7999999999999994
      vertex -11.642705098312485 -6.076335575687742 2.7999999999999994
      vertex -11.662892004013159 -6.044526102230515 2.7999999999999994
    endloop
  endfacet
  facet normal 0 0 -1
    outer loop
      vertex -11.642705098312485 -6.076335575687742 2.7999999999999994
      vertex -11.653298377650605 -6.060748038493699 2.7999999999999994
      vertex -11.662892004013159 -6.044526102230515 2.7999999999999994
    endloop
  endfacet
  facet normal 0 0 -1
    outer loop
      vertex -11.671448115739807 -6.027733787469522 2.7999999999999994
      vertex -11.685316954888547 -5.992705098312484 2.7999999999999994
      vertex -11.642705098312485 -6.076335575687742 2.7999999999999994
    endloop
  endfacet
  facet normal 0 0 -1
    outer loop
      vertex -11.671448115739807 -6.027733787469522 2.7999999999999994
      vertex -11.678932945766476 -6.010437365805403 2.7999999999999994
      vertex -11.685316954888547 -5.992705098312484 2.7999999999999994
    endloop
  endfacet
  facet normal 0 0 -1
    outer loop
      vertex -11.618690588226423 -6.105364131778607 2.7999999999999994
      vertex -11.631153972832736 -6.091227196924607 2.7999999999999994
      vertex -11.642705098312485 -6.076335575687742 2.7999999999999994
    endloop
  endfacet
  facet normal 0 0 -1
    outer loop
      vertex -11.492705098312484 -6.185316954888546 2.7999999999999994
      vertex -11.642705098312485 -6.076335575687742 2.7999999999999994
      vertex -11.699999997019768 -5.900000094832527 2.7999999999999994
    endloop
  endfacet
  facet normal 0.9876883405951395 0.1564344650402185 0
    outer loop
      vertex -11.694686175218607 -5.956214394375718 2.7899999999999996
      vertex -11.697634410394343 -5.937599970069291 2.7899999999999996
      vertex -11.694686175218607 -5.956214394375718 2.7999999999999994
    endloop
  endfacet
  facet normal 0 0 -1
    outer loop
      vertex -11.685316954888547 -5.992705098312484 2.7999999999999994
      vertex -11.694686175218607 -5.956214394375718 2.7999999999999994
      vertex -11.699999997019768 -5.900000094832527 2.7999999999999994
    endloop
  endfacet
  facet normal 0.9955619646030773 0.09410831331854244 0
    outer loop
      vertex -11.697634410394343 -5.937599970069291 2.7899999999999996
      vertex -11.699408018528482 -5.918837155858794 2.7899999999999996
      vertex -11.697634410394343 -5.937599970069291 2.7999999999999994
    endloop
  endfacet
  facet normal 0.9876883405951395 0.1564344650402185 0
    outer loop
      vertex -11.697634410394343 -5.937599970069291 2.7899999999999996
      vertex -11.697634410394343 -5.937599970069291 2.7999999999999994
      vertex -11.694686175218607 -5.956214394375718 2.7999999999999994
    endloop
  endfacet
  facet normal 0 0 -1
    outer loop
      vertex -11.694686175218607 -5.956214394375718 2.7999999999999994
      vertex -11.697634410394343 -5.937599970069291 2.7999999999999994
      vertex -11.699999997019768 -5.900000094832527 2.7999999999999994
    endloop
  endfacet
  facet normal 0.9955619646030773 0.09410831331854244 0
    outer loop
      vertex -11.697634410394343 -5.937599970069291 2.7999999999999994
      vertex -11.699408018528482 -5.918837155858794 2.7899999999999996
      vertex -11.699408018528482 -5.918837155858794 2.7999999999999994
    endloop
  endfacet
  facet normal 0 0 -1
    outer loop
      vertex -11.697634410394343 -5.937599970069291 2.7999999999999994
      vertex -11.699408018528482 -5.918837155858794 2.7999999999999994
      vertex -11.699999997019768 -5.900000094832527 2.7999999999999994
    endloop
  endfacet
  facet normal 0.9995065603657317 0.03141075907812376 0
    outer loop
      vertex -11.699408018528482 -5.918837155858794 2.7899999999999996
      vertex -11.699999997019768 -5.900000094832527 2.7999999999999994
      vertex -11.699408018528482 -5.918837155858794 2.7999999999999994
    endloop
  endfacet
  facet normal 0 0 -1
    outer loop
      vertex -11.685316954888547 -5.992705098312484 2.7999999999999994
      vertex -11.699999997019768 -5.900000094832527 2.7999999999999994
      vertex -11.642705098312485 -6.076335575687742 2.7999999999999994
    endloop
  endfacet
  facet normal 0 0 -1
    outer loop
      vertex -11.685316954888547 -5.992705098312484 2.7999999999999994
      vertex -11.69057494833859 -5.974606966149457 2.7999999999999994
      vertex -11.694686175218607 -5.956214394375718 2.7999999999999994
    endloop
  endfacet
  facet normal 0.1564344650402258 0.9876883405951385 0
    outer loop
      vertex -11.456214394375717 -6.194686175218607 2.7899999999999996
      vertex -11.437599970069291 -6.197634410394343 2.7999999999999994
      vertex -11.437599970069291 -6.197634410394343 2.7899999999999996
    endloop
  endfacet
  facet normal 0.1564344650402258 0.9876883405951385 0
    outer loop
      vertex -11.456214394375717 -6.194686175218607 2.7899999999999996
      vertex -11.456214394375717 -6.194686175218607 2.7999999999999994
      vertex -11.437599970069291 -6.197634410394343 2.7999999999999994
    endloop
  endfacet
  facet normal 0.09410831331854244 0.9955619646030773 0
    outer loop
      vertex -11.437599970069291 -6.197634410394343 2.7899999999999996
      vertex -11.437599970069291 -6.197634410394343 2.7999999999999994
      vertex -11.418837155858794 -6.199408018528482 2.7899999999999996
    endloop
  endfacet
  facet normal 0 0 -1
    outer loop
      vertex -11.437599970069291 -6.197634410394343 2.7999999999999994
      vertex -11.4 -6.199999997019768 2.7999999999999994
      vertex -11.418837155858794 -6.199408018528482 2.7999999999999994
    endloop
  endfacet
  facet normal 0.09410831331854244 0.9955619646030773 0
    outer loop
      vertex -11.437599970069291 -6.197634410394343 2.7999999999999994
      vertex -11.418837155858794 -6.199408018528482 2.7999999999999994
      vertex -11.418837155858794 -6.199408018528482 2.7899999999999996
    endloop
  endfacet
  facet normal 0.031410601101901595 0.999506565330322 0
    outer loop
      vertex -11.418837155858794 -6.199408018528482 2.7899999999999996
      vertex -11.418837155858794 -6.199408018528482 2.7999999999999994
      vertex -11.4 -6.199999997019768 2.7999999999999994
    endloop
  endfacet
  facet normal 0 0 -1
    outer loop
      vertex -11.576335575687743 -6.142705098312485 2.7999999999999994
      vertex -11.527733787469522 -6.171448115739806 2.7999999999999994
      vertex -11.544526102230515 -6.162892004013159 2.7999999999999994
    endloop
  endfacet
  facet normal 0 0 -1
    outer loop
      vertex -11.576335575687743 -6.142705098312485 2.7999999999999994
      vertex -11.544526102230515 -6.162892004013159 2.7999999999999994
      vertex -11.5607480384937 -6.1532983776506045 2.7999999999999994
    endloop
  endfacet
  facet normal 0 0 -1
    outer loop
      vertex -11.576335575687743 -6.142705098312485 2.7999999999999994
      vertex -11.642705098312485 -6.076335575687742 2.7999999999999994
      vertex -11.492705098312484 -6.185316954888546 2.7999999999999994
    endloop
  endfacet
  facet normal 0 0 -1
    outer loop
      vertex -11.576335575687743 -6.142705098312485 2.7999999999999994
      vertex -11.492705098312484 -6.185316954888546 2.7999999999999994
      vertex -11.527733787469522 -6.171448115739806 2.7999999999999994
    endloop
  endfacet
  facet normal 0 0 -1
    outer loop
      vertex -11.527733787469522 -6.171448115739806 2.7999999999999994
      vertex -11.492705098312484 -6.185316954888546 2.7999999999999994
      vertex -11.510437365805403 -6.1789329457664754 2.7999999999999994
    endloop
  endfacet
  facet normal 0 0 -1
    outer loop
      vertex -11.492705098312484 -6.185316954888546 2.7999999999999994
      vertex -11.437599970069291 -6.197634410394343 2.7999999999999994
      vertex -11.474606966149457 -6.19057494833859 2.7999999999999994
    endloop
  endfacet
  facet normal 0 0 -1
    outer loop
      vertex -11.474606966149457 -6.19057494833859 2.7999999999999994
      vertex -11.437599970069291 -6.197634410394343 2.7999999999999994
      vertex -11.456214394375717 -6.194686175218607 2.7999999999999994
    endloop
  endfacet
  facet normal 0.2181432413965182 0.9759167619387528 0
    outer loop
      vertex -11.474606966149457 -6.19057494833859 2.7999999999999994
      vertex -11.456214394375717 -6.194686175218607 2.7999999999999994
      vertex -11.456214394375717 -6.194686175218607 2.7899999999999996
    endloop
  endfacet
  facet normal 0 0 -1
    outer loop
      vertex -11.492705098312484 -6.185316954888546 2.7999999999999994
      vertex -11.4 -6.199999997019768 2.7999999999999994
      vertex -11.437599970069291 -6.197634410394343 2.7999999999999994
    endloop
  endfacet
  facet normal 0 0 -1
    outer loop
      vertex -11.492705098312484 -6.185316954888546 2.7999999999999994
      vertex -11.307294901687516 -6.185316954888546 2.7999999999999994
      vertex -11.4 -6.199999997019768 2.7999999999999994
    endloop
  endfacet
  facet normal 0 0 -1
    outer loop
      vertex -11.492705098312484 -6.185316954888546 2.7999999999999994
      vertex -11.699999997019768 -5.900000094832527 2.7999999999999994
      vertex -11.157294901687516 -6.076335575687742 2.7999999999999994
    endloop
  endfacet
  facet normal 0 0 -1
    outer loop
      vertex -11.4 -6.199999997019768 2.7999999999999994
      vertex -11.36240002993071 -6.197634410394343 2.7999999999999994
      vertex -11.381162844141206 -6.199408018528482 2.7999999999999994
    endloop
  endfacet
  facet normal 0 0 -1
    outer loop
      vertex -11.36240002993071 -6.197634410394343 2.7999999999999994
      vertex -11.325393033850544 -6.19057494833859 2.7999999999999994
      vertex -11.343785605624284 -6.194686175218607 2.7999999999999994
    endloop
  endfacet
  facet normal 0 0 -1
    outer loop
      vertex -11.4 -6.199999997019768 2.7999999999999994
      vertex -11.307294901687516 -6.185316954888546 2.7999999999999994
      vertex -11.36240002993071 -6.197634410394343 2.7999999999999994
    endloop
  endfacet
  facet normal 0 0 -1
    outer loop
      vertex -11.36240002993071 -6.197634410394343 2.7999999999999994
      vertex -11.307294901687516 -6.185316954888546 2.7999999999999994
      vertex -11.325393033850544 -6.19057494833859 2.7999999999999994
    endloop
  endfacet
  facet normal 0 0 -1
    outer loop
      vertex -11.492705098312484 -6.185316954888546 2.7999999999999994
      vertex -11.157294901687516 -6.076335575687742 2.7999999999999994
      vertex -11.307294901687516 -6.185316954888546 2.7999999999999994
    endloop
  endfacet
  facet normal 0 0 -1
    outer loop
      vertex -11.289562634194597 -6.1789329457664754 2.7999999999999994
      vertex -11.307294901687516 -6.185316954888546 2.7999999999999994
      vertex -11.272266212530479 -6.171448115739806 2.7999999999999994
    endloop
  endfacet
  facet normal 0 0 -1
    outer loop
      vertex -11.307294901687516 -6.185316954888546 2.7999999999999994
      vertex -11.255473897769486 -6.162892004013159 2.7999999999999994
      vertex -11.272266212530479 -6.171448115739806 2.7999999999999994
    endloop
  endfacet
  facet normal 0 0 -1
    outer loop
      vertex -11.307294901687516 -6.185316954888546 2.7999999999999994
      vertex -11.223664424312258 -6.142705098312485 2.7999999999999994
      vertex -11.255473897769486 -6.162892004013159 2.7999999999999994
    endloop
  endfacet
  facet normal 0 0 -1
    outer loop
      vertex -11.255473897769486 -6.162892004013159 2.7999999999999994
      vertex -11.223664424312258 -6.142705098312485 2.7999999999999994
      vertex -11.239251961506302 -6.1532983776506045 2.7999999999999994
    endloop
  endfacet
  facet normal 0 0 -1
    outer loop
      vertex -11.307294901687516 -6.185316954888546 2.7999999999999994
      vertex -11.157294901687516 -6.076335575687742 2.7999999999999994
      vertex -11.223664424312258 -6.142705098312485 2.7999999999999994
    endloop
  endfacet
  facet normal 0 0 -1
    outer loop
      vertex -11.223664424312258 -6.142705098312485 2.7999999999999994
      vertex -11.194635868221393 -6.118690588226424 2.7999999999999994
      vertex -11.208772803075394 -6.131153972832737 2.7999999999999994
    endloop
  endfacet
  facet normal 0 0 -1
    outer loop
      vertex -11.223664424312258 -6.142705098312485 2.7999999999999994
      vertex -11.157294901687516 -6.076335575687742 2.7999999999999994
      vertex -11.194635868221393 -6.118690588226424 2.7999999999999994
    endloop
  endfacet
  facet normal 0 0 -1
    outer loop
      vertex -11.194635868221393 -6.118690588226424 2.7999999999999994
      vertex -11.168846027167264 -6.091227196924607 2.7999999999999994
      vertex -11.181309411773578 -6.1053641317786065 2.7999999999999994
    endloop
  endfacet
  facet normal 0 0 -1
    outer loop
      vertex -11.194635868221393 -6.118690588226424 2.7999999999999994
      vertex -11.157294901687516 -6.076335575687742 2.7999999999999994
      vertex -11.168846027167264 -6.091227196924607 2.7999999999999994
    endloop
  endfacet
  facet normal 0 0 -1
    outer loop
      vertex -11.157294901687516 -6.076335575687742 2.7999999999999994
      vertex -11.137107995986842 -6.044526102230515 2.7999999999999994
      vertex -11.146701622349395 -6.060748038493699 2.7999999999999994
    endloop
  endfacet
  facet normal 0 0 -1
    outer loop
      vertex -11.157294901687516 -6.076335575687742 2.7999999999999994
      vertex -11.121067054233524 -6.010437365805403 2.7999999999999994
      vertex -11.137107995986842 -6.044526102230515 2.7999999999999994
    endloop
  endfacet
  facet normal 0 0 -1
    outer loop
      vertex -11.137107995986842 -6.044526102230515 2.7999999999999994
      vertex -11.121067054233524 -6.010437365805403 2.7999999999999994
      vertex -11.128551884260194 -6.027733787469522 2.7999999999999994
    endloop
  endfacet
  facet normal 0 0 -1
    outer loop
      vertex -11.157294901687516 -6.076335575687742 2.7999999999999994
      vertex -11.100000002980233 -5.900000094832527 2.7999999999999994
      vertex -11.121067054233524 -6.010437365805403 2.7999999999999994
    endloop
  endfacet
  facet normal 0 0 -1
    outer loop
      vertex -11.121067054233524 -6.010437365805403 2.7999999999999994
      vertex -11.109425051661411 -5.974606966149457 2.7999999999999994
      vertex -11.114683045111454 -5.992705098312484 2.7999999999999994
    endloop
  endfacet
  facet normal 0 0 -1
    outer loop
      vertex -11.121067054233524 -6.010437365805403 2.7999999999999994
      vertex -11.105313824781394 -5.956214394375718 2.7999999999999994
      vertex -11.109425051661411 -5.974606966149457 2.7999999999999994
    endloop
  endfacet
  facet normal 0 0 -1
    outer loop
      vertex -11.121067054233524 -6.010437365805403 2.7999999999999994
      vertex -11.100000002980233 -5.900000094832527 2.7999999999999994
      vertex -11.105313824781394 -5.956214394375718 2.7999999999999994
    endloop
  endfacet
  facet normal 0 0 -1
    outer loop
      vertex -11.105313824781394 -5.956214394375718 2.7999999999999994
      vertex -11.100000002980233 -5.900000094832527 2.7999999999999994
      vertex -11.102365589605657 -5.937599970069291 2.7999999999999994
    endloop
  endfacet
  facet normal 0 0 -1
    outer loop
      vertex -11.102365589605657 -5.937599970069291 2.7999999999999994
      vertex -11.100000002980233 -5.900000094832527 2.7999999999999994
      vertex -11.100591981471519 -5.918837155858794 2.7999999999999994
    endloop
  endfacet
  facet normal 0 0 -1
    outer loop
      vertex -11.699999997019768 -5.900000094832527 2.7999999999999994
      vertex -11.168846027167264 6.091227196924607 2.7999999999999994
      vertex -11.157294901687516 -6.076335575687742 2.7999999999999994
    endloop
  endfacet
  facet normal 0 0 -1
    outer loop
      vertex -11.157294901687516 -6.076335575687742 2.7999999999999994
      vertex -11.100000002980233 5.900000094832527 2.7999999999999994
      vertex -11.100000002980233 -5.900000094832527 2.7999999999999994
    endloop
  endfacet
  facet normal 0.7501110696304483 -0.6613118653236646 0
    outer loop
      vertex -11.618690588226423 6.1053641317786065 -3.39
      vertex -11.631153972832736 6.091227196924607 -3.3999999999993227
      vertex -11.618690588226423 6.1053641317786065 -3.399999999999325
    endloop
  endfacet
  facet normal 0.7071067811865711 -0.707106781186524 0
    outer loop
      vertex -11.618690588226423 6.1053641317786065 -3.39
      vertex -11.618690588226423 6.1053641317786065 -3.399999999999325
      vertex -11.605364131779503 6.118690588225528 -3.3999999999993276
    endloop
  endfacet
  facet normal 0.7071067811865948 -0.7071067811865004 6.284953034584449e-14
    outer loop
      vertex -11.618690588226423 6.1053641317786065 -3.39
      vertex -11.605364131779503 6.118690588225528 -3.3999999999993276
      vertex -11.605364131778607 6.118690588226424 -3.39
    endloop
  endfacet
  facet normal 0.6613118653268769 -0.7501110696276164 8.016672571184432e-12
    outer loop
      vertex -11.605364131778607 6.118690588226424 -3.39
      vertex -11.605364131779503 6.118690588225528 -3.3999999999993276
      vertex -11.591227196925555 6.131153972831903 -3.3999999999993307
    endloop
  endfacet
  facet normal 0.03141044312726324 -0.9995065702948375 0
    outer loop
      vertex -11.399999905167473 6.199999997019768 -3.39
      vertex -11.418837155858796 6.199408018528482 -3.3999999999993724
      vertex -11.399999905167473 6.199999997019768 -3.3999999999993773
    endloop
  endfacet
  facet normal -0.03141075907813317 -0.9995065603657315 0
    outer loop
      vertex -11.399999905167473 6.199999997019768 -3.39
      vertex -11.399999905167473 6.199999997019768 -3.3999999999993773
      vertex -11.38116284414237 6.199408018528518 -3.3999999999993826
    endloop
  endfacet
  facet normal -1 0 0
    outer loop
      vertex -11.100000002980233 5.900000094832527 2.7999999999999994
      vertex -11.100000002980233 5.900000094832529 -3.399999999999477
      vertex -11.100000002980233 -5.900000094832527 -3.4
    endloop
  endfacet
  facet normal 0.9995065603657999 -0.03141075907595619 0
    outer loop
      vertex -11.699408018528482 5.918837155858794 2.7999999999999994
      vertex -11.699999997019768 5.900000094831226 -3.3999999999993165
      vertex -11.699408018528482 5.918837155858794 -3.3999999999993156
    endloop
  endfacet
  facet normal 0.9955619646030764 -0.09410831331855128 0
    outer loop
      vertex -11.699408018528482 5.918837155858794 2.7999999999999994
      vertex -11.699408018528482 5.918837155858794 -3.3999999999993156
      vertex -11.697634410394343 5.937599970069289 -3.3999999999993147
    endloop
  endfacet
  facet normal 0.9876883405951419 -0.15643446504020392 0
    outer loop
      vertex -11.694686175218607 5.956214394375718 2.7999999999999994
      vertex -11.697634410394343 5.937599970069289 -3.3999999999993147
      vertex -11.694686175218607 5.956214394375718 -3.3999999999993142
    endloop
  endfacet
  facet normal 0.9759167619387462 -0.21814324139654834 0
    outer loop
      vertex -11.694686175218607 5.956214394375718 2.7999999999999994
      vertex -11.694686175218607 5.956214394375718 -3.3999999999993142
      vertex -11.69057494833859 5.974606966149455 -3.3999999999993142
    endloop
  endfacet
  facet normal 0.9602936856769593 -0.2789911060391737 0
    outer loop
      vertex -11.685316954888547 5.992705098312484 2.7999999999999994
      vertex -11.69057494833859 5.974606966149455 -3.3999999999993142
      vertex -11.685316954888547 5.992705098312484 -3.3999999999993142
    endloop
  endfacet
  facet normal 0.9408807689542162 -0.338737920245317 0
    outer loop
      vertex -11.685316954888547 5.992705098312484 2.7999999999999994
      vertex -11.685316954888547 5.992705098312484 -3.3999999999993142
      vertex -11.678932945766476 6.010437365805402 -3.399999999999315
    endloop
  endfacet
  facet normal 0.9177546256839786 -0.39714789063478656 1.1378651157783285e-16
    outer loop
      vertex -11.678932945766476 6.010437365805404 2.7999999999999994
      vertex -11.678932945766476 6.010437365805402 -3.399999999999315
      vertex -11.671448115739807 6.02773378746952 -3.399999999999316
    endloop
  endfacet
  facet normal 0.8910065241883643 -0.4539904997395537 0
    outer loop
      vertex -11.662892004013159 6.044526102230515 2.7999999999999994
      vertex -11.671448115739807 6.02773378746952 -3.399999999999316
      vertex -11.662892004013159 6.044526102230515 -3.399999999999317
    endloop
  endfacet
  facet normal 0.8607420270039797 -0.5090414157503101 0
    outer loop
      vertex -11.662892004013159 6.044526102230515 2.7999999999999994
      vertex -11.662892004013159 6.044526102230515 -3.399999999999317
      vertex -11.653298377650607 6.060748038493697 -3.3999999999993187
    endloop
  endfacet
  facet normal 0.8270805742745391 -0.562083377852164 0
    outer loop
      vertex -11.642705098312485 6.076335575687742 2.7999999999999994
      vertex -11.653298377650607 6.060748038493697 -3.3999999999993187
      vertex -11.642705098312485 6.076335575687742 -3.3999999999993205
    endloop
  endfacet
  facet normal 0.7901550123756719 -0.6129070536530004 0
    outer loop
      vertex -11.631153972832736 6.091227196924607 2.7999999999999994
      vertex -11.642705098312485 6.076335575687742 -3.3999999999993205
      vertex -11.631153972832736 6.091227196924607 -3.3999999999993227
    endloop
  endfacet
  facet normal 0.7501110696304483 -0.6613118653236646 0
    outer loop
      vertex -11.618690588226423 6.1053641317786065 -3.39
      vertex -11.631153972832736 6.091227196924607 2.7999999999999994
      vertex -11.631153972832736 6.091227196924607 -3.3999999999993227
    endloop
  endfacet
  facet normal 0.661311865323686 -0.7501110696304294 0
    outer loop
      vertex -11.605364131778607 6.118690588226424 -3.39
      vertex -11.591227196925555 6.131153972831903 -3.3999999999993307
      vertex -11.605364131778607 6.118690588226424 2.7999999999999994
    endloop
  endfacet
  facet normal 0.7071067811865946 -0.7071067811865005 0
    outer loop
      vertex -11.618690588226423 6.1053641317786065 -3.39
      vertex -11.605364131778607 6.118690588226424 -3.39
      vertex -11.605364131778607 6.118690588226424 2.7999999999999994
    endloop
  endfacet
  facet normal 0.6129070536562862 -0.790155012373123 1.2691874421794399e-14
    outer loop
      vertex -11.591227196924608 6.131153972832737 2.7999999999999994
      vertex -11.591227196925555 6.131153972831903 -3.3999999999993307
      vertex -11.576335575687745 6.142705098312484 -3.3999999999993338
    endloop
  endfacet
  facet normal 0.5620833778521098 -0.8270805742745759 0
    outer loop
      vertex -11.5607480384937 6.153298377650605 2.7999999999999994
      vertex -11.576335575687745 6.142705098312484 -3.3999999999993338
      vertex -11.5607480384937 6.153298377650605 -3.3999999999993373
    endloop
  endfacet
  facet normal 0.5090414157503451 -0.8607420270039591 0
    outer loop
      vertex -11.5607480384937 6.153298377650605 2.7999999999999994
      vertex -11.5607480384937 6.153298377650605 -3.3999999999993373
      vertex -11.544526102230517 6.162892004013158 -3.3999999999993413
    endloop
  endfacet
  facet normal 0.4539904997395537 -0.8910065241883643 0
    outer loop
      vertex -11.527733787469522 6.171448115739806 2.7999999999999994
      vertex -11.544526102230517 6.162892004013158 -3.3999999999993413
      vertex -11.527733787469522 6.171448115739806 -3.399999999999345
    endloop
  endfacet
  facet normal 0.3971478906347693 -0.917754625683986 0
    outer loop
      vertex -11.510437365805403 6.1789329457664754 2.7899999999999996
      vertex -11.527733787469522 6.171448115739806 -3.399999999999345
      vertex -11.510437365805403 6.1789329457664754 -3.3999999999993493
    endloop
  endfacet
  facet normal 0.3387379202452903 -0.9408807689542258 0
    outer loop
      vertex -11.510437365805403 6.1789329457664754 2.7899999999999996
      vertex -11.510437365805403 6.1789329457664754 -3.3999999999993493
      vertex -11.492705098312486 6.185316954888545 -3.3999999999993538
    endloop
  endfacet
  facet normal 0.27899110603924243 -0.9602936856769392 5.763296271740986e-17
    outer loop
      vertex -11.492705098312484 6.185316954888546 2.7999999999999994
      vertex -11.492705098312486 6.185316954888545 -3.3999999999993538
      vertex -11.474606966149459 6.190574948338589 -3.399999999999358
    endloop
  endfacet
  facet normal 0.21814324139654304 -0.9759167619387473 0
    outer loop
      vertex -11.456214394375717 6.194686175218607 2.7899999999999996
      vertex -11.474606966149459 6.190574948338589 -3.399999999999358
      vertex -11.456214394375717 6.194686175218607 -3.3999999999993626
    endloop
  endfacet
  facet normal 0.15643446504022576 -0.9876883405951384 0
    outer loop
      vertex -11.437599970069291 6.197634410394343 2.7899999999999996
      vertex -11.456214394375717 6.194686175218607 -3.3999999999993626
      vertex -11.437599970069291 6.197634410394343 -3.3999999999993675
    endloop
  endfacet
  facet normal 0.09410831331855127 -0.9955619646030764 0
    outer loop
      vertex -11.437599970069291 6.197634410394343 2.7899999999999996
      vertex -11.437599970069291 6.197634410394343 -3.3999999999993675
      vertex -11.418837155858796 6.199408018528482 -3.3999999999993724
    endloop
  endfacet
  facet normal 0.031410443127263245 -0.9995065702948375 -8.988732059789645e-18
    outer loop
      vertex -11.399999905167473 6.199999997019768 -3.39
      vertex -11.418837155858794 6.199408018528482 2.7999999999999994
      vertex -11.418837155858796 6.199408018528482 -3.3999999999993724
    endloop
  endfacet
  facet normal -0.27899110603922417 -0.9602936856769445 0
    outer loop
      vertex -11.325393033850544 6.19057494833859 2.7999999999999994
      vertex -11.325393033850544 6.19057494833859 -3.399999999999398
      vertex -11.307294901687518 6.185316954888547 -3.399999999999403
    endloop
  endfacet
  facet normal -0.21814324139649813 -0.9759167619387572 0
    outer loop
      vertex -11.325393033850544 6.19057494833859 2.7999999999999994
      vertex -11.343785605624285 6.194686175218607 -3.399999999999393
      vertex -11.325393033850544 6.19057494833859 -3.399999999999398
    endloop
  endfacet
  facet normal -0.3387379202525317 -0.9408807689516188 -2.339505731027299e-14
    outer loop
      vertex -11.289562634194597 6.1789329457664754 -3.39
      vertex -11.307294901687516 6.185316954888546 2.7999999999999994
      vertex -11.2895626341946 6.178932945766476 -3.3999999999994084
    endloop
  endfacet
  facet normal -0.33873792024530197 -0.9408807689542216 -3.773396340388112e-17
    outer loop
      vertex -11.307294901687516 6.185316954888546 2.7999999999999994
      vertex -11.307294901687518 6.185316954888547 -3.399999999999403
      vertex -11.2895626341946 6.178932945766476 -3.3999999999994084
    endloop
  endfacet
  facet normal -0.45399049973955513 -0.8910065241883636 0
    outer loop
      vertex -11.272266212530479 6.171448115739806 2.7999999999999994
      vertex -11.272266212530479 6.171448115739806 -3.3999999999994137
      vertex -11.255473897769487 6.16289200401316 -3.3999999999994186
    endloop
  endfacet
  facet normal -0.39714789063146416 -0.9177546256854164 -1.0965348134365786e-14
    outer loop
      vertex -11.289562634194597 6.1789329457664754 -3.39
      vertex -11.2895626341946 6.178932945766476 -3.3999999999994084
      vertex -11.272266212530479 6.171448115739806 2.7999999999999994
    endloop
  endfacet
  facet normal -0.39714789063477474 -0.9177546256839837 0
    outer loop
      vertex -11.272266212530479 6.171448115739806 2.7999999999999994
      vertex -11.2895626341946 6.178932945766476 -3.3999999999994084
      vertex -11.272266212530479 6.171448115739806 -3.3999999999994137
    endloop
  endfacet
  facet normal -0.5090414157464229 -0.8607420270062787 1.3974670709128395e-14
    outer loop
      vertex -11.239251961506302 6.1532983776506045 -3.39
      vertex -11.255473897769486 6.162892004013159 2.7999999999999994
      vertex -11.239251961506303 6.153298377650605 -3.3999999999994235
    endloop
  endfacet
  facet normal -0.5090414157503736 -0.8607420270039423 2.253979146650512e-17
    outer loop
      vertex -11.255473897769486 6.162892004013159 2.7999999999999994
      vertex -11.255473897769487 6.16289200401316 -3.3999999999994186
      vertex -11.239251961506303 6.153298377650605 -3.3999999999994235
    endloop
  endfacet
  facet normal -0.6129070536530328 -0.7901550123756468 0
    outer loop
      vertex -11.223664424312258 6.142705098312485 2.7899999999999996
      vertex -11.223664424312258 6.142705098312485 -3.3999999999994284
      vertex -11.208772803075396 6.131153972832738 -3.3999999999994333
    endloop
  endfacet
  facet normal -0.661311865323618 -0.7501110696304895 8.201506298713126e-17
    outer loop
      vertex -11.208772803075394 6.131153972832737 2.7999999999999994
      vertex -11.208772803075396 6.131153972832738 -3.3999999999994333
      vertex -11.194635868221395 6.118690588226425 -3.3999999999994377
    endloop
  endfacet
  facet normal -0.5620833778520776 -0.8270805742745978 0
    outer loop
      vertex -11.223664424312258 6.142705098312485 2.7899999999999996
      vertex -11.239251961506303 6.153298377650605 -3.3999999999994235
      vertex -11.223664424312258 6.142705098312485 -3.3999999999994284
    endloop
  endfacet
  facet normal -0.5620833778592454 -0.8270805742697266 2.6386553516912383e-14
    outer loop
      vertex -11.239251961506302 6.1532983776506045 -3.39
      vertex -11.239251961506303 6.153298377650605 -3.3999999999994235
      vertex -11.223664424312258 6.142705098312485 2.7899999999999996
    endloop
  endfacet
  facet normal -0.03141075907813315 -0.9995065603657314 2.4110341576910278e-17
    outer loop
      vertex -11.399999905167473 6.199999997019768 -3.39
      vertex -11.38116284414237 6.199408018528518 -3.3999999999993826
      vertex -11.381162844141206 6.199408018528482 2.7999999999999994
    endloop
  endfacet
  facet normal -0.09410831331467341 -0.995561964603443 0
    outer loop
      vertex -11.36240002993071 6.197634410394343 2.7999999999999994
      vertex -11.38116284414237 6.199408018528518 -3.3999999999993826
      vertex -11.36240002993071 6.197634410394343 -3.3999999999993875
    endloop
  endfacet
  facet normal -0.15643446504024033 -0.9876883405951362 0
    outer loop
      vertex -11.36240002993071 6.197634410394343 2.7999999999999994
      vertex -11.36240002993071 6.197634410394343 -3.3999999999993875
      vertex -11.343785605624285 6.194686175218607 -3.399999999999393
    endloop
  endfacet
  facet normal -0.9995065603657316 -0.03141075907812672 0
    outer loop
      vertex -11.100591981471519 5.918837155858794 2.7899999999999996
      vertex -11.100591981471519 5.918837155858794 -3.399999999999476
      vertex -11.100000002980233 5.900000094832529 -3.399999999999477
    endloop
  endfacet
  facet normal -0.9955619646030782 -0.09410831331853362 0
    outer loop
      vertex -11.100591981471519 5.918837155858794 2.7899999999999996
      vertex -11.102365589605657 5.937599970069293 -3.399999999999474
      vertex -11.100591981471519 5.918837155858794 -3.399999999999476
    endloop
  endfacet
  facet normal -0.9876883405951373 -0.15643446504023306 0
    outer loop
      vertex -11.105313824781394 5.956214394375718 2.7899999999999996
      vertex -11.105313824781394 5.956214394375718 -3.3999999999994723
      vertex -11.102365589605657 5.937599970069293 -3.399999999999474
    endloop
  endfacet
  facet normal -0.9759167619387551 -0.21814324139650818 0
    outer loop
      vertex -11.105313824781394 5.956214394375718 2.7899999999999996
      vertex -11.109425051661411 5.974606966149459 -3.3999999999994697
      vertex -11.105313824781394 5.956214394375718 -3.3999999999994723
    endloop
  endfacet
  facet normal -0.9602936856769446 -0.2789911060392242 0
    outer loop
      vertex -11.114683045111454 5.992705098312484 2.7999999999999994
      vertex -11.114683045111454 5.992705098312484 -3.3999999999994674
      vertex -11.109425051661411 5.974606966149459 -3.3999999999994697
    endloop
  endfacet
  facet normal -0.8270805742745242 -0.5620833778521859 0
    outer loop
      vertex -11.146701622349395 6.060748038493699 2.7999999999999994
      vertex -11.157294901687518 6.076335575687743 -3.3999999999994506
      vertex -11.146701622349395 6.060748038493699 -3.399999999999454
    endloop
  endfacet
  facet normal -0.7901550123756999 -0.6129070536529644 0
    outer loop
      vertex -11.168846027167264 6.091227196924607 2.7999999999999994
      vertex -11.168846027167264 6.091227196924607 -3.3999999999994466
      vertex -11.157294901687518 6.076335575687743 -3.3999999999994506
    endloop
  endfacet
  facet normal -0.9408807689542217 -0.338737920245302 0
    outer loop
      vertex -11.114683045111454 5.992705098312484 2.7999999999999994
      vertex -11.121067054233524 6.010437365805403 -3.3999999999994643
      vertex -11.114683045111454 5.992705098312484 -3.3999999999994674
    endloop
  endfacet
  facet normal -0.917754625683986 -0.3971478906347694 0
    outer loop
      vertex -11.121067054233524 6.010437365805403 2.7999999999999994
      vertex -11.128551884260194 6.027733787469522 -3.3999999999994612
      vertex -11.121067054233524 6.010437365805403 -3.3999999999994643
    endloop
  endfacet
  facet normal -0.891006524188345 -0.4539904997395918 0
    outer loop
      vertex -11.128551884260194 6.027733787469522 2.7999999999999994
      vertex -11.137107995986842 6.044526102230515 -3.399999999999458
      vertex -11.128551884260194 6.027733787469522 -3.3999999999994612
    endloop
  endfacet
  facet normal -0.8607420270039629 -0.5090414157503387 0
    outer loop
      vertex -11.137107995986842 6.044526102230515 2.7999999999999994
      vertex -11.146701622349395 6.060748038493699 -3.399999999999454
      vertex -11.137107995986842 6.044526102230515 -3.399999999999458
    endloop
  endfacet
  facet normal -0.7071067811865946 -0.7071067811865004 1.0129628765704719e-16
    outer loop
      vertex -11.194635868221393 6.118690588226424 2.7999999999999994
      vertex -11.194635868221395 6.118690588226425 -3.3999999999994377
      vertex -11.18130941177358 6.105364131778607 -3.399999999999442
    endloop
  endfacet
  facet normal -0.7501110696304222 -0.6613118653236945 0
    outer loop
      vertex -11.168846027167264 6.091227196924607 2.7999999999999994
      vertex -11.18130941177358 6.105364131778607 -3.399999999999442
      vertex -11.168846027167264 6.091227196924607 -3.3999999999994466
    endloop
  endfacet
  facet normal 1 0 0
    outer loop
      vertex -11.699999997019768 -5.900000094832527 2.7999999999999994
      vertex -11.699999997019768 5.900000094831226 -3.3999999999993165
      vertex -11.699999997019768 5.900000094832527 2.7999999999999994
    endloop
  endfacet
  facet normal 0.9995065603657317 -0.03141075907812376 6.5921120962585275e-15
    outer loop
      vertex -11.699999997019768 5.900000094832527 2.7999999999999994
      vertex -11.699999997019768 5.900000094831226 -3.3999999999993165
      vertex -11.699408018528482 5.918837155858794 2.7999999999999994
    endloop
  endfacet
  facet normal 0.9955619646030773 -0.09410831331854246 2.6966331668316947e-17
    outer loop
      vertex -11.699408018528482 5.918837155858794 2.7999999999999994
      vertex -11.697634410394343 5.937599970069289 -3.3999999999993147
      vertex -11.697634410394343 5.937599970069291 2.7999999999999994
    endloop
  endfacet
  facet normal 0.9876883405951397 -0.15643446504021852 4.4819908369700374e-17
    outer loop
      vertex -11.697634410394343 5.937599970069291 2.7999999999999994
      vertex -11.697634410394343 5.937599970069289 -3.3999999999993147
      vertex -11.694686175218607 5.956214394375718 2.7999999999999994
    endloop
  endfacet
  facet normal 0.9759167619387507 -0.21814324139652824 6.251549578160319e-17
    outer loop
      vertex -11.694686175218607 5.956214394375718 2.7999999999999994
      vertex -11.69057494833859 5.974606966149455 -3.3999999999993142
      vertex -11.69057494833859 5.974606966149457 2.7999999999999994
    endloop
  endfacet
  facet normal 0.9602936856769518 -0.27899110603919897 7.993350957171395e-17
    outer loop
      vertex -11.69057494833859 5.974606966149457 2.7999999999999994
      vertex -11.69057494833859 5.974606966149455 -3.3999999999993142
      vertex -11.685316954888547 5.992705098312484 2.7999999999999994
    endloop
  endfacet
  facet normal 0.940880768954227 -0.338737920245287 9.707879400593587e-17
    outer loop
      vertex -11.685316954888547 5.992705098312484 2.7999999999999994
      vertex -11.678932945766476 6.010437365805402 -3.399999999999315
      vertex -11.678932945766476 6.010437365805404 2.7999999999999994
    endloop
  endfacet
  facet normal 0.9177546256839786 -0.39714789063478656 1.1389650622919446e-16
    outer loop
      vertex -11.678932945766476 6.010437365805404 2.7999999999999994
      vertex -11.671448115739807 6.02773378746952 -3.399999999999316
      vertex -11.671448115739807 6.027733787469522 2.7999999999999994
    endloop
  endfacet
  facet normal 0.8910065241883449 -0.4539904997395918 1.3007244019923396e-16
    outer loop
      vertex -11.671448115739807 6.027733787469522 2.7999999999999994
      vertex -11.671448115739807 6.02773378746952 -3.399999999999316
      vertex -11.662892004013159 6.044526102230515 2.7999999999999994
    endloop
  endfacet
  facet normal 0.860742027003963 -0.5090414157503387 -1.0067430489505249e-16
    outer loop
      vertex -11.662892004013159 6.044526102230515 2.7999999999999994
      vertex -11.653298377650607 6.060748038493697 -3.3999999999993187
      vertex -11.653298377650605 6.060748038493699 2.7999999999999994
    endloop
  endfacet
  facet normal 0.8270805742745531 -0.5620833778521434 -7.592412617530501e-17
    outer loop
      vertex -11.653298377650605 6.060748038493699 2.7999999999999994
      vertex -11.653298377650607 6.060748038493697 -3.3999999999993187
      vertex -11.642705098312485 6.076335575687742 2.7999999999999994
    endloop
  endfacet
  facet normal 0.7901550123756719 -0.6129070536530004 0
    outer loop
      vertex -11.642705098312485 6.076335575687742 2.7999999999999994
      vertex -11.642705098312485 6.076335575687742 -3.3999999999993205
      vertex -11.631153972832736 6.091227196924607 2.7999999999999994
    endloop
  endfacet
  facet normal 0.7501110696304483 -0.6613118653236647 0
    outer loop
      vertex -11.618690588226423 6.1053641317786065 -3.39
      vertex -11.618690588226423 6.1053641317786065 2.7999999999999994
      vertex -11.631153972832736 6.091227196924607 2.7999999999999994
    endloop
  endfacet
  facet normal 0.7071067811865946 -0.7071067811865005 0
    outer loop
      vertex -11.618690588226423 6.1053641317786065 -3.39
      vertex -11.605364131778607 6.118690588226424 2.7999999999999994
      vertex -11.618690588226423 6.1053641317786065 2.7999999999999994
    endloop
  endfacet
  facet normal 0.6613118653236647 -0.7501110696304482 -8.652422978307292e-17
    outer loop
      vertex -11.605364131778607 6.118690588226424 2.7999999999999994
      vertex -11.591227196925555 6.131153972831903 -3.3999999999993307
      vertex -11.591227196924608 6.131153972832737 2.7999999999999994
    endloop
  endfacet
  facet normal 0.6129070536529709 -0.7901550123756946 -6.239951155937329e-17
    outer loop
      vertex -11.591227196924608 6.131153972832737 2.7999999999999994
      vertex -11.576335575687745 6.142705098312484 -3.3999999999993338
      vertex -11.576335575687743 6.142705098312485 2.7999999999999994
    endloop
  endfacet
  facet normal 0.5620833778521214 -0.827080574274568 -4.255895728015833e-17
    outer loop
      vertex -11.576335575687743 6.142705098312485 2.7999999999999994
      vertex -11.576335575687745 6.142705098312484 -3.3999999999993338
      vertex -11.5607480384937 6.153298377650605 2.7999999999999994
    endloop
  endfacet
  facet normal 0.5090414157503387 -0.8607420270039629 -2.253979146649244e-17
    outer loop
      vertex -11.544526102230515 6.162892004013159 2.7999999999999994
      vertex -11.5607480384937 6.153298377650605 2.7999999999999994
      vertex -11.544526102230517 6.162892004013158 -3.3999999999993413
    endloop
  endfacet
  facet normal 0.39714789063476935 -0.917754625683986 0
    outer loop
      vertex -11.527733787469522 6.171448115739806 2.7999999999999994
      vertex -11.527733787469522 6.171448115739806 -3.399999999999345
      vertex -11.510437365805403 6.1789329457664754 2.7899999999999996
    endloop
  endfacet
  facet normal 0.338737920245302 -0.9408807689542216 3.769487222452852e-17
    outer loop
      vertex -11.510437365805403 6.1789329457664754 2.7899999999999996
      vertex -11.492705098312486 6.185316954888545 -3.3999999999993538
      vertex -11.492705098312484 6.185316954888546 2.7999999999999994
    endloop
  endfacet
  facet normal 0.4539904997395544 -0.8910065241883639 -2.431671393382926e-18
    outer loop
      vertex -11.544526102230515 6.162892004013159 2.7999999999999994
      vertex -11.544526102230517 6.162892004013158 -3.3999999999993413
      vertex -11.527733787469522 6.171448115739806 2.7999999999999994
    endloop
  endfacet
  facet normal 0.21814324139651828 -0.9759167619387529 7.730451105710153e-17
    outer loop
      vertex -11.474606966149457 6.19057494833859 2.7999999999999994
      vertex -11.474606966149459 6.190574948338589 -3.399999999999358
      vertex -11.456214394375717 6.194686175218607 2.7899999999999996
    endloop
  endfacet
  facet normal 0.27899110603924243 -0.9602936856769393 5.764415844797213e-17
    outer loop
      vertex -11.492705098312484 6.185316954888546 2.7999999999999994
      vertex -11.474606966149459 6.190574948338589 -3.399999999999358
      vertex -11.474606966149457 6.19057494833859 2.7999999999999994
    endloop
  endfacet
  facet normal 0.1564344650402258 -0.9876883405951385 0
    outer loop
      vertex -11.456214394375717 6.194686175218607 2.7899999999999996
      vertex -11.456214394375717 6.194686175218607 -3.3999999999993626
      vertex -11.437599970069291 6.197634410394343 2.7899999999999996
    endloop
  endfacet
  facet normal 0.09410831331854247 -0.9955619646030773 -2.6966331668316694e-17
    outer loop
      vertex -11.437599970069291 6.197634410394343 2.7899999999999996
      vertex -11.418837155858796 6.199408018528482 -3.3999999999993724
      vertex -11.418837155858794 6.199408018528482 2.7999999999999994
    endloop
  endfacet
  facet normal 0.031410443127266194 -0.9995065702948374 0
    outer loop
      vertex -11.399999905167473 6.199999997019768 -3.39
      vertex -11.399999905167473 6.199999997019768 2.7999999999999994
      vertex -11.418837155858794 6.199408018528482 2.7999999999999994
    endloop
  endfacet
  facet normal -0.03141075907812524 -0.9995065603657316 0
    outer loop
      vertex -11.399999905167473 6.199999997019768 -3.39
      vertex -11.381162844141206 6.199408018528482 2.7999999999999994
      vertex -11.399999905167473 6.199999997019768 2.7999999999999994
    endloop
  endfacet
  facet normal -0.21814324139651822 -0.9759167619387528 6.261649012050358e-17
    outer loop
      vertex -11.325393033850544 6.19057494833859 2.7999999999999994
      vertex -11.343785605624284 6.194686175218607 2.7899999999999996
      vertex -11.343785605624285 6.194686175218607 -3.399999999999393
    endloop
  endfacet
  facet normal -0.27899110603924243 -0.9602936856769392 -5.764415844797171e-17
    outer loop
      vertex -11.325393033850544 6.19057494833859 2.7999999999999994
      vertex -11.307294901687518 6.185316954888547 -3.399999999999403
      vertex -11.307294901687516 6.185316954888546 2.7999999999999994
    endloop
  endfacet
  facet normal -0.338737920245302 -0.9408807689542216 0
    outer loop
      vertex -11.289562634194597 6.1789329457664754 -3.39
      vertex -11.289562634194597 6.1789329457664754 2.7999999999999994
      vertex -11.307294901687516 6.185316954888546 2.7999999999999994
    endloop
  endfacet
  facet normal -0.39714789063476935 -0.9177546256839859 0
    outer loop
      vertex -11.289562634194597 6.1789329457664754 -3.39
      vertex -11.272266212530479 6.171448115739806 2.7999999999999994
      vertex -11.289562634194597 6.1789329457664754 2.7999999999999994
    endloop
  endfacet
  facet normal -0.4539904997395544 -0.891006524188364 2.3196844445863004e-18
    outer loop
      vertex -11.272266212530479 6.171448115739806 2.7999999999999994
      vertex -11.255473897769487 6.16289200401316 -3.3999999999994186
      vertex -11.255473897769486 6.162892004013159 2.7999999999999994
    endloop
  endfacet
  facet normal -0.5090414157503736 -0.8607420270039423 0
    outer loop
      vertex -11.239251961506302 6.1532983776506045 -3.39
      vertex -11.239251961506302 6.1532983776506045 2.7999999999999994
      vertex -11.255473897769486 6.162892004013159 2.7999999999999994
    endloop
  endfacet
  facet normal -0.6129070536530166 -0.7901550123756592 6.241016233278739e-17
    outer loop
      vertex -11.208772803075394 6.131153972832737 2.7999999999999994
      vertex -11.223664424312258 6.142705098312485 2.7899999999999996
      vertex -11.208772803075396 6.131153972832738 -3.3999999999994333
    endloop
  endfacet
  facet normal -0.661311865323618 -0.7501110696304895 8.188486089389289e-17
    outer loop
      vertex -11.208772803075394 6.131153972832737 2.7999999999999994
      vertex -11.194635868221395 6.118690588226425 -3.3999999999994377
      vertex -11.194635868221393 6.118690588226424 2.7999999999999994
    endloop
  endfacet
  facet normal -0.5620833778520892 -0.8270805742745899 0
    outer loop
      vertex -11.239251961506302 6.1532983776506045 -3.39
      vertex -11.223664424312258 6.142705098312485 2.7899999999999996
      vertex -11.239251961506302 6.1532983776506045 2.7999999999999994
    endloop
  endfacet
  facet normal -0.1564344650402258 -0.9876883405951387 4.49003217654469e-17
    outer loop
      vertex -11.36240002993071 6.197634410394343 2.7999999999999994
      vertex -11.343785605624285 6.194686175218607 -3.399999999999393
      vertex -11.343785605624284 6.194686175218607 2.7899999999999996
    endloop
  endfacet
  facet normal -0.09410831331854246 -0.9955619646030774 1.1813324497629452e-14
    outer loop
      vertex -11.381162844141206 6.199408018528482 2.7999999999999994
      vertex -11.38116284414237 6.199408018528518 -3.3999999999993826
      vertex -11.36240002993071 6.197634410394343 2.7999999999999994
    endloop
  endfacet
  facet normal -0.9995065603657317 -0.03141075907812376 -8.99947043857796e-18
    outer loop
      vertex -11.100000002980233 5.900000094832527 2.7999999999999994
      vertex -11.100591981471519 5.918837155858794 2.7899999999999996
      vertex -11.100000002980233 5.900000094832529 -3.399999999999477
    endloop
  endfacet
  facet normal -0.9955619646030774 -0.09410831331854246 -2.7009896016730336e-17
    outer loop
      vertex -11.100591981471519 5.918837155858794 2.7899999999999996
      vertex -11.102365589605657 5.937599970069291 2.7899999999999996
      vertex -11.102365589605657 5.937599970069293 -3.399999999999474
    endloop
  endfacet
  facet normal -0.9876883405951397 -0.1564344650402185 -4.490032176544422e-17
    outer loop
      vertex -11.105313824781394 5.956214394375718 2.7899999999999996
      vertex -11.102365589605657 5.937599970069293 -3.399999999999474
      vertex -11.102365589605657 5.937599970069291 2.7899999999999996
    endloop
  endfacet
  facet normal -0.975916761938755 -0.21814324139650815 0
    outer loop
      vertex -11.105313824781394 5.956214394375718 2.7899999999999996
      vertex -11.105313824781394 5.956214394375718 2.7999999999999994
      vertex -11.109425051661411 5.974606966149459 -3.3999999999994697
    endloop
  endfacet
  facet normal -0.9759167619387507 -0.21814324139652824 -6.251549578160162e-17
    outer loop
      vertex -11.105313824781394 5.956214394375718 2.7999999999999994
      vertex -11.109425051661411 5.974606966149457 2.7999999999999994
      vertex -11.109425051661411 5.974606966149459 -3.3999999999994697
    endloop
  endfacet
  facet normal -0.960293685676952 -0.27899110603919897 -7.993350957171194e-17
    outer loop
      vertex -11.109425051661411 5.974606966149457 2.7999999999999994
      vertex -11.114683045111454 5.992705098312484 2.7999999999999994
      vertex -11.109425051661411 5.974606966149459 -3.3999999999994697
    endloop
  endfacet
  facet normal -0.860742027003963 -0.5090414157503387 0
    outer loop
      vertex -11.137107995986842 6.044526102230515 2.7999999999999994
      vertex -11.146701622349395 6.060748038493699 2.7999999999999994
      vertex -11.146701622349395 6.060748038493699 -3.399999999999454
    endloop
  endfacet
  facet normal -0.7901550123756719 -0.6129070536530004 1.3858491001345302e-16
    outer loop
      vertex -11.157294901687516 6.076335575687742 2.7999999999999994
      vertex -11.168846027167264 6.091227196924607 2.7999999999999994
      vertex -11.157294901687518 6.076335575687743 -3.3999999999994506
    endloop
  endfacet
  facet normal -0.8270805742745533 -0.5620833778521434 1.5644514654312103e-16
    outer loop
      vertex -11.157294901687516 6.076335575687742 2.7999999999999994
      vertex -11.157294901687518 6.076335575687743 -3.3999999999994506
      vertex -11.146701622349395 6.060748038493699 2.7999999999999994
    endloop
  endfacet
  facet normal -0.9408807689542217 -0.338737920245302 0
    outer loop
      vertex -11.114683045111454 5.992705098312484 2.7999999999999994
      vertex -11.121067054233524 6.010437365805403 2.7999999999999994
      vertex -11.121067054233524 6.010437365805403 -3.3999999999994643
    endloop
  endfacet
  facet normal -0.917754625683986 -0.39714789063476935 0
    outer loop
      vertex -11.121067054233524 6.010437365805403 2.7999999999999994
      vertex -11.128551884260194 6.027733787469522 2.7999999999999994
      vertex -11.128551884260194 6.027733787469522 -3.3999999999994612
    endloop
  endfacet
  facet normal -0.8910065241883449 -0.4539904997395918 0
    outer loop
      vertex -11.128551884260194 6.027733787469522 2.7999999999999994
      vertex -11.137107995986842 6.044526102230515 2.7999999999999994
      vertex -11.137107995986842 6.044526102230515 -3.399999999999458
    endloop
  endfacet
  facet normal -0.7071067811865948 -0.7071067811865004 1.0129628765704714e-16
    outer loop
      vertex -11.181309411773578 6.1053641317786065 2.7999999999999994
      vertex -11.194635868221393 6.118690588226424 2.7999999999999994
      vertex -11.18130941177358 6.105364131778607 -3.399999999999442
    endloop
  endfacet
  facet normal -0.7501110696304483 -0.6613118653236647 1.2017774215739305e-16
    outer loop
      vertex -11.181309411773578 6.1053641317786065 2.7999999999999994
      vertex -11.18130941177358 6.105364131778607 -3.399999999999442
      vertex -11.168846027167264 6.091227196924607 2.7999999999999994
    endloop
  endfacet
  facet normal 0 0 -1
    outer loop
      vertex -11.699999997019768 -5.900000094832527 2.7999999999999994
      vertex -11.699999997019768 5.900000094832527 2.7999999999999994
      vertex -11.699408018528482 5.918837155858794 2.7999999999999994
    endloop
  endfacet
  facet normal 0 0 -1
    outer loop
      vertex -11.699999997019768 -5.900000094832527 2.7999999999999994
      vertex -11.699408018528482 5.918837155858794 2.7999999999999994
      vertex -11.168846027167264 6.091227196924607 2.7999999999999994
    endloop
  endfacet
  facet normal 0 0 -1
    outer loop
      vertex -11.157294901687516 -6.076335575687742 2.7999999999999994
      vertex -11.168846027167264 6.091227196924607 2.7999999999999994
      vertex -11.100000002980233 5.900000094832527 2.7999999999999994
    endloop
  endfacet
  facet normal 0 0 -1
    outer loop
      vertex -11.699408018528482 5.918837155858794 2.7999999999999994
      vertex -11.697634410394343 5.937599970069291 2.7999999999999994
      vertex -11.694686175218607 5.956214394375718 2.7999999999999994
    endloop
  endfacet
  facet normal 0 0 -1
    outer loop
      vertex -11.699408018528482 5.918837155858794 2.7999999999999994
      vertex -11.694686175218607 5.956214394375718 2.7999999999999994
      vertex -11.678932945766476 6.010437365805404 2.7999999999999994
    endloop
  endfacet
  facet normal 0 0 -1
    outer loop
      vertex -11.694686175218607 5.956214394375718 2.7999999999999994
      vertex -11.685316954888547 5.992705098312484 2.7999999999999994
      vertex -11.678932945766476 6.010437365805404 2.7999999999999994
    endloop
  endfacet
  facet normal 0 0 -1
    outer loop
      vertex -11.694686175218607 5.956214394375718 2.7999999999999994
      vertex -11.69057494833859 5.974606966149457 2.7999999999999994
      vertex -11.685316954888547 5.992705098312484 2.7999999999999994
    endloop
  endfacet
  facet normal 0 0 -1
    outer loop
      vertex -11.699408018528482 5.918837155858794 2.7999999999999994
      vertex -11.678932945766476 6.010437365805404 2.7999999999999994
      vertex -11.631153972832736 6.091227196924607 2.7999999999999994
    endloop
  endfacet
  facet normal 0 0 -1
    outer loop
      vertex -11.678932945766476 6.010437365805404 2.7999999999999994
      vertex -11.671448115739807 6.027733787469522 2.7999999999999994
      vertex -11.662892004013159 6.044526102230515 2.7999999999999994
    endloop
  endfacet
  facet normal 0 0 -1
    outer loop
      vertex -11.678932945766476 6.010437365805404 2.7999999999999994
      vertex -11.662892004013159 6.044526102230515 2.7999999999999994
      vertex -11.642705098312485 6.076335575687742 2.7999999999999994
    endloop
  endfacet
  facet normal 0 0 -1
    outer loop
      vertex -11.678932945766476 6.010437365805404 2.7999999999999994
      vertex -11.642705098312485 6.076335575687742 2.7999999999999994
      vertex -11.631153972832736 6.091227196924607 2.7999999999999994
    endloop
  endfacet
  facet normal 0 0 -1
    outer loop
      vertex -11.662892004013159 6.044526102230515 2.7999999999999994
      vertex -11.653298377650605 6.060748038493699 2.7999999999999994
      vertex -11.642705098312485 6.076335575687742 2.7999999999999994
    endloop
  endfacet
  facet normal 0 0 -1
    outer loop
      vertex -11.699408018528482 5.918837155858794 2.7999999999999994
      vertex -11.631153972832736 6.091227196924607 2.7999999999999994
      vertex -11.492705098312484 6.185316954888546 2.7999999999999994
    endloop
  endfacet
  facet normal 0 0 -1
    outer loop
      vertex -11.631153972832736 6.091227196924607 2.7999999999999994
      vertex -11.618690588226423 6.1053641317786065 2.7999999999999994
      vertex -11.605364131778607 6.118690588226424 2.7999999999999994
    endloop
  endfacet
  facet normal 0 0 -1
    outer loop
      vertex -11.631153972832736 6.091227196924607 2.7999999999999994
      vertex -11.605364131778607 6.118690588226424 2.7999999999999994
      vertex -11.5607480384937 6.153298377650605 2.7999999999999994
    endloop
  endfacet
  facet normal 0 0 -1
    outer loop
      vertex -11.605364131778607 6.118690588226424 2.7999999999999994
      vertex -11.591227196924608 6.131153972832737 2.7999999999999994
      vertex -11.5607480384937 6.153298377650605 2.7999999999999994
    endloop
  endfacet
  facet normal 0 0 -1
    outer loop
      vertex -11.591227196924608 6.131153972832737 2.7999999999999994
      vertex -11.576335575687743 6.142705098312485 2.7999999999999994
      vertex -11.5607480384937 6.153298377650605 2.7999999999999994
    endloop
  endfacet
  facet normal 0 0 -1
    outer loop
      vertex -11.631153972832736 6.091227196924607 2.7999999999999994
      vertex -11.5607480384937 6.153298377650605 2.7999999999999994
      vertex -11.492705098312484 6.185316954888546 2.7999999999999994
    endloop
  endfacet
  facet normal 0 0 -1
    outer loop
      vertex -11.544526102230515 6.162892004013159 2.7999999999999994
      vertex -11.527733787469522 6.171448115739806 2.7999999999999994
      vertex -11.5607480384937 6.153298377650605 2.7999999999999994
    endloop
  endfacet
  facet normal 0 0 -1
    outer loop
      vertex -11.5607480384937 6.153298377650605 2.7999999999999994
      vertex -11.527733787469522 6.171448115739806 2.7999999999999994
      vertex -11.492705098312484 6.185316954888546 2.7999999999999994
    endloop
  endfacet
  facet normal 0.3971478906347693 -0.917754625683986 0
    outer loop
      vertex -11.527733787469522 6.171448115739806 2.7999999999999994
      vertex -11.510437365805403 6.1789329457664754 2.7899999999999996
      vertex -11.510437365805403 6.1789329457664754 2.7999999999999994
    endloop
  endfacet
  facet normal 0.3387379202453021 -0.9408807689542217 0
    outer loop
      vertex -11.510437365805403 6.1789329457664754 2.7899999999999996
      vertex -11.492705098312484 6.185316954888546 2.7999999999999994
      vertex -11.510437365805403 6.1789329457664754 2.7999999999999994
    endloop
  endfacet
  facet normal 0 0 -1
    outer loop
      vertex -11.527733787469522 6.171448115739806 2.7999999999999994
      vertex -11.510437365805403 6.1789329457664754 2.7999999999999994
      vertex -11.492705098312484 6.185316954888546 2.7999999999999994
    endloop
  endfacet
  facet normal 0 0 -1
    outer loop
      vertex -11.699408018528482 5.918837155858794 2.7999999999999994
      vertex -11.492705098312484 6.185316954888546 2.7999999999999994
      vertex -11.168846027167264 6.091227196924607 2.7999999999999994
    endloop
  endfacet
  facet normal 0 0 -1
    outer loop
      vertex -11.492705098312484 6.185316954888546 2.7999999999999994
      vertex -11.474606966149457 6.19057494833859 2.7999999999999994
      vertex -11.456214394375717 6.194686175218607 2.7999999999999994
    endloop
  endfacet
  facet normal 0 0 -1
    outer loop
      vertex -11.492705098312484 6.185316954888546 2.7999999999999994
      vertex -11.456214394375717 6.194686175218607 2.7999999999999994
      vertex -11.418837155858794 6.199408018528482 2.7999999999999994
    endloop
  endfacet
  facet normal 0.2181432413965182 -0.9759167619387528 0
    outer loop
      vertex -11.474606966149457 6.19057494833859 2.7999999999999994
      vertex -11.456214394375717 6.194686175218607 2.7899999999999996
      vertex -11.456214394375717 6.194686175218607 2.7999999999999994
    endloop
  endfacet
  facet normal 0 0 -1
    outer loop
      vertex -11.492705098312484 6.185316954888546 2.7999999999999994
      vertex -11.418837155858794 6.199408018528482 2.7999999999999994
      vertex -11.36240002993071 6.197634410394343 2.7999999999999994
    endloop
  endfacet
  facet normal 0.1564344650402258 -0.9876883405951385 0
    outer loop
      vertex -11.456214394375717 6.194686175218607 2.7899999999999996
      vertex -11.437599970069291 6.197634410394343 2.7899999999999996
      vertex -11.456214394375717 6.194686175218607 2.7999999999999994
    endloop
  endfacet
  facet normal 0.1564344650402258 -0.9876883405951385 0
    outer loop
      vertex -11.437599970069291 6.197634410394343 2.7899999999999996
      vertex -11.437599970069291 6.197634410394343 2.7999999999999994
      vertex -11.456214394375717 6.194686175218607 2.7999999999999994
    endloop
  endfacet
  facet normal 0 0 -1
    outer loop
      vertex -11.456214394375717 6.194686175218607 2.7999999999999994
      vertex -11.437599970069291 6.197634410394343 2.7999999999999994
      vertex -11.418837155858794 6.199408018528482 2.7999999999999994
    endloop
  endfacet
  facet normal 0.09410831331854244 -0.9955619646030773 0
    outer loop
      vertex -11.437599970069291 6.197634410394343 2.7899999999999996
      vertex -11.418837155858794 6.199408018528482 2.7999999999999994
      vertex -11.437599970069291 6.197634410394343 2.7999999999999994
    endloop
  endfacet
  facet normal 0 0 -1
    outer loop
      vertex -11.418837155858794 6.199408018528482 2.7999999999999994
      vertex -11.399999905167473 6.199999997019768 2.7999999999999994
      vertex -11.381162844141206 6.199408018528482 2.7999999999999994
    endloop
  endfacet
  facet normal 0 0 -1
    outer loop
      vertex -11.492705098312484 6.185316954888546 2.7999999999999994
      vertex -11.36240002993071 6.197634410394343 2.7999999999999994
      vertex -11.168846027167264 6.091227196924607 2.7999999999999994
    endloop
  endfacet
  facet normal 0 0 -1
    outer loop
      vertex -11.36240002993071 6.197634410394343 2.7999999999999994
      vertex -11.343785605624284 6.194686175218607 2.7999999999999994
      vertex -11.325393033850544 6.19057494833859 2.7999999999999994
    endloop
  endfacet
  facet normal 0 0 -1
    outer loop
      vertex -11.36240002993071 6.197634410394343 2.7999999999999994
      vertex -11.325393033850544 6.19057494833859 2.7999999999999994
      vertex -11.307294901687516 6.185316954888546 2.7999999999999994
    endloop
  endfacet
  facet normal -0.2181432413965182 -0.9759167619387528 0
    outer loop
      vertex -11.325393033850544 6.19057494833859 2.7999999999999994
      vertex -11.343785605624284 6.194686175218607 2.7999999999999994
      vertex -11.343785605624284 6.194686175218607 2.7899999999999996
    endloop
  endfacet
  facet normal 0 0 -1
    outer loop
      vertex -11.36240002993071 6.197634410394343 2.7999999999999994
      vertex -11.307294901687516 6.185316954888546 2.7999999999999994
      vertex -11.272266212530479 6.171448115739806 2.7999999999999994
    endloop
  endfacet
  facet normal 0 0 -1
    outer loop
      vertex -11.36240002993071 6.197634410394343 2.7999999999999994
      vertex -11.272266212530479 6.171448115739806 2.7999999999999994
      vertex -11.255473897769486 6.162892004013159 2.7999999999999994
    endloop
  endfacet
  facet normal 0 0 -1
    outer loop
      vertex -11.289562634194597 6.1789329457664754 2.7999999999999994
      vertex -11.272266212530479 6.171448115739806 2.7999999999999994
      vertex -11.307294901687516 6.185316954888546 2.7999999999999994
    endloop
  endfacet
  facet normal 0 0 -1
    outer loop
      vertex -11.168846027167264 6.091227196924607 2.7999999999999994
      vertex -11.36240002993071 6.197634410394343 2.7999999999999994
      vertex -11.255473897769486 6.162892004013159 2.7999999999999994
    endloop
  endfacet
  facet normal -0.6129070536530166 -0.7901550123756592 0
    outer loop
      vertex -11.208772803075394 6.131153972832737 2.7999999999999994
      vertex -11.223664424312258 6.142705098312485 2.7999999999999994
      vertex -11.223664424312258 6.142705098312485 2.7899999999999996
    endloop
  endfacet
  facet normal 0 0 -1
    outer loop
      vertex -11.208772803075394 6.131153972832737 2.7999999999999994
      vertex -11.239251961506302 6.1532983776506045 2.7999999999999994
      vertex -11.223664424312258 6.142705098312485 2.7999999999999994
    endloop
  endfacet
  facet normal 0 0 -1
    outer loop
      vertex -11.208772803075394 6.131153972832737 2.7999999999999994
      vertex -11.194635868221393 6.118690588226424 2.7999999999999994
      vertex -11.181309411773578 6.1053641317786065 2.7999999999999994
    endloop
  endfacet
  facet normal 0 0 -1
    outer loop
      vertex -11.208772803075394 6.131153972832737 2.7999999999999994
      vertex -11.168846027167264 6.091227196924607 2.7999999999999994
      vertex -11.255473897769486 6.162892004013159 2.7999999999999994
    endloop
  endfacet
  facet normal 0 0 -1
    outer loop
      vertex -11.208772803075394 6.131153972832737 2.7999999999999994
      vertex -11.255473897769486 6.162892004013159 2.7999999999999994
      vertex -11.239251961506302 6.1532983776506045 2.7999999999999994
    endloop
  endfacet
  facet normal -0.5620833778520892 -0.82708057427459 0
    outer loop
      vertex -11.239251961506302 6.1532983776506045 2.7999999999999994
      vertex -11.223664424312258 6.142705098312485 2.7899999999999996
      vertex -11.223664424312258 6.142705098312485 2.7999999999999994
    endloop
  endfacet
  facet normal 0 0 -1
    outer loop
      vertex -11.418837155858794 6.199408018528482 2.7999999999999994
      vertex -11.381162844141206 6.199408018528482 2.7999999999999994
      vertex -11.36240002993071 6.197634410394343 2.7999999999999994
    endloop
  endfacet
  facet normal -0.1564344650402258 -0.9876883405951385 0
    outer loop
      vertex -11.36240002993071 6.197634410394343 2.7999999999999994
      vertex -11.343785605624284 6.194686175218607 2.7899999999999996
      vertex -11.343785605624284 6.194686175218607 2.7999999999999994
    endloop
  endfacet
  facet normal -0.9995065603657317 -0.03141075907812376 0
    outer loop
      vertex -11.100000002980233 5.900000094832527 2.7999999999999994
      vertex -11.100591981471519 5.918837155858794 2.7999999999999994
      vertex -11.100591981471519 5.918837155858794 2.7899999999999996
    endloop
  endfacet
  facet normal 0 0 -1
    outer loop
      vertex -11.100000002980233 5.900000094832527 2.7999999999999994
      vertex -11.102365589605657 5.937599970069291 2.7999999999999994
      vertex -11.100591981471519 5.918837155858794 2.7999999999999994
    endloop
  endfacet
  facet normal -0.9955619646030773 -0.09410831331854244 0
    outer loop
      vertex -11.100591981471519 5.918837155858794 2.7899999999999996
      vertex -11.102365589605657 5.937599970069291 2.7999999999999994
      vertex -11.102365589605657 5.937599970069291 2.7899999999999996
    endloop
  endfacet
  facet normal -0.9955619646030773 -0.09410831331854244 0
    outer loop
      vertex -11.100591981471519 5.918837155858794 2.7899999999999996
      vertex -11.100591981471519 5.918837155858794 2.7999999999999994
      vertex -11.102365589605657 5.937599970069291 2.7999999999999994
    endloop
  endfacet
  facet normal 0 0 -1
    outer loop
      vertex -11.100000002980233 5.900000094832527 2.7999999999999994
      vertex -11.105313824781394 5.956214394375718 2.7999999999999994
      vertex -11.102365589605657 5.937599970069291 2.7999999999999994
    endloop
  endfacet
  facet normal -0.9876883405951395 -0.1564344650402185 0
    outer loop
      vertex -11.105313824781394 5.956214394375718 2.7999999999999994
      vertex -11.102365589605657 5.937599970069291 2.7899999999999996
      vertex -11.102365589605657 5.937599970069291 2.7999999999999994
    endloop
  endfacet
  facet normal -0.9876883405951395 -0.1564344650402185 0
    outer loop
      vertex -11.105313824781394 5.956214394375718 2.7899999999999996
      vertex -11.102365589605657 5.937599970069291 2.7899999999999996
      vertex -11.105313824781394 5.956214394375718 2.7999999999999994
    endloop
  endfacet
  facet normal 0 0 -1
    outer loop
      vertex -11.100000002980233 5.900000094832527 2.7999999999999994
      vertex -11.121067054233524 6.010437365805403 2.7999999999999994
      vertex -11.105313824781394 5.956214394375718 2.7999999999999994
    endloop
  endfacet
  facet normal 0 0 -1
    outer loop
      vertex -11.105313824781394 5.956214394375718 2.7999999999999994
      vertex -11.114683045111454 5.992705098312484 2.7999999999999994
      vertex -11.109425051661411 5.974606966149457 2.7999999999999994
    endloop
  endfacet
  facet normal 0 0 -1
    outer loop
      vertex -11.105313824781394 5.956214394375718 2.7999999999999994
      vertex -11.121067054233524 6.010437365805403 2.7999999999999994
      vertex -11.114683045111454 5.992705098312484 2.7999999999999994
    endloop
  endfacet
  facet normal 0 0 -1
    outer loop
      vertex -11.168846027167264 6.091227196924607 2.7999999999999994
      vertex -11.146701622349395 6.060748038493699 2.7999999999999994
      vertex -11.121067054233524 6.010437365805403 2.7999999999999994
    endloop
  endfacet
  facet normal 0 0 -1
    outer loop
      vertex -11.157294901687516 6.076335575687742 2.7999999999999994
      vertex -11.146701622349395 6.060748038493699 2.7999999999999994
      vertex -11.168846027167264 6.091227196924607 2.7999999999999994
    endloop
  endfacet
  facet normal 0 0 -1
    outer loop
      vertex -11.100000002980233 5.900000094832527 2.7999999999999994
      vertex -11.168846027167264 6.091227196924607 2.7999999999999994
      vertex -11.121067054233524 6.010437365805403 2.7999999999999994
    endloop
  endfacet
  facet normal 0 0 -1
    outer loop
      vertex -11.121067054233524 6.010437365805403 2.7999999999999994
      vertex -11.137107995986842 6.044526102230515 2.7999999999999994
      vertex -11.128551884260194 6.027733787469522 2.7999999999999994
    endloop
  endfacet
  facet normal 0 0 -1
    outer loop
      vertex -11.121067054233524 6.010437365805403 2.7999999999999994
      vertex -11.146701622349395 6.060748038493699 2.7999999999999994
      vertex -11.137107995986842 6.044526102230515 2.7999999999999994
    endloop
  endfacet
  facet normal 0 0 -1
    outer loop
      vertex -11.208772803075394 6.131153972832737 2.7999999999999994
      vertex -11.181309411773578 6.1053641317786065 2.7999999999999994
      vertex -11.168846027167264 6.091227196924607 2.7999999999999994
    endloop
  endfacet
  facet normal 0.03141075907813317 0.9995065603657315 0
    outer loop
      vertex 11.399999905167473 -6.199999997019768 -3.39
      vertex 11.399999905167473 -6.199999997019768 -3.3999999999993773
      vertex 11.38116284414237 -6.199408018528518 -3.3999999999993826
    endloop
  endfacet
  facet normal -0.03141044312726324 0.9995065702948375 0
    outer loop
      vertex 11.399999905167473 -6.199999997019768 -3.39
      vertex 11.418837155858796 -6.199408018528482 -3.3999999999993724
      vertex 11.399999905167473 -6.199999997019768 -3.3999999999993773
    endloop
  endfacet
  facet normal -0.6613118653268769 0.7501110696276164 8.016672571184432e-12
    outer loop
      vertex 11.605364131778607 -6.118690588226424 -3.39
      vertex 11.605364131779503 -6.118690588225528 -3.3999999999993276
      vertex 11.591227196925555 -6.131153972831903 -3.3999999999993307
    endloop
  endfacet
  facet normal -0.7071067811865711 0.707106781186524 0
    outer loop
      vertex 11.618690588226423 -6.1053641317786065 -3.39
      vertex 11.618690588226423 -6.1053641317786065 -3.399999999999325
      vertex 11.605364131779503 -6.118690588225528 -3.3999999999993276
    endloop
  endfacet
  facet normal -0.7071067811865948 0.7071067811865004 6.280369834313235e-14
    outer loop
      vertex 11.605364131778607 -6.118690588226424 -3.39
      vertex 11.618690588226423 -6.1053641317786065 -3.39
      vertex 11.605364131779503 -6.118690588225528 -3.3999999999993276
    endloop
  endfacet
  facet normal -0.7501110696304483 0.6613118653236646 0
    outer loop
      vertex 11.618690588226423 -6.1053641317786065 -3.39
      vertex 11.631153972832736 -6.091227196924607 -3.3999999999993227
      vertex 11.618690588226423 -6.1053641317786065 -3.399999999999325
    endloop
  endfacet
  facet normal 0.7501110696304222 0.6613118653236945 0
    outer loop
      vertex 11.168846027167264 -6.091227196924607 2.7999999999999994
      vertex 11.18130941177358 -6.105364131778607 -3.399999999999442
      vertex 11.168846027167264 -6.091227196924607 -3.3999999999994466
    endloop
  endfacet
  facet normal 0.7071067811865946 0.7071067811865004 1.0129628765704719e-16
    outer loop
      vertex 11.194635868221393 -6.118690588226424 2.7999999999999994
      vertex 11.194635868221395 -6.118690588226425 -3.3999999999994377
      vertex 11.18130941177358 -6.105364131778607 -3.399999999999442
    endloop
  endfacet
  facet normal 0.8607420270039629 0.5090414157503387 0
    outer loop
      vertex 11.137107995986842 -6.044526102230515 2.7999999999999994
      vertex 11.146701622349395 -6.060748038493699 -3.399999999999454
      vertex 11.137107995986842 -6.044526102230515 -3.399999999999458
    endloop
  endfacet
  facet normal 0.891006524188345 0.4539904997395918 0
    outer loop
      vertex 11.128551884260194 -6.027733787469522 2.7999999999999994
      vertex 11.137107995986842 -6.044526102230515 -3.399999999999458
      vertex 11.128551884260194 -6.027733787469522 -3.3999999999994612
    endloop
  endfacet
  facet normal 0.917754625683986 0.3971478906347694 0
    outer loop
      vertex 11.121067054233524 -6.010437365805403 2.7999999999999994
      vertex 11.128551884260194 -6.027733787469522 -3.3999999999994612
      vertex 11.121067054233524 -6.010437365805403 -3.3999999999994643
    endloop
  endfacet
  facet normal 0.9408807689542217 0.338737920245302 0
    outer loop
      vertex 11.114683045111454 -5.992705098312484 2.7999999999999994
      vertex 11.121067054233524 -6.010437365805403 -3.3999999999994643
      vertex 11.114683045111454 -5.992705098312484 -3.3999999999994674
    endloop
  endfacet
  facet normal 0.7901550123756999 0.6129070536529644 0
    outer loop
      vertex 11.168846027167264 -6.091227196924607 2.7999999999999994
      vertex 11.168846027167264 -6.091227196924607 -3.3999999999994466
      vertex 11.157294901687518 -6.076335575687743 -3.3999999999994506
    endloop
  endfacet
  facet normal 0.8270805742745242 0.5620833778521859 0
    outer loop
      vertex 11.146701622349395 -6.060748038493699 2.7999999999999994
      vertex 11.157294901687518 -6.076335575687743 -3.3999999999994506
      vertex 11.146701622349395 -6.060748038493699 -3.399999999999454
    endloop
  endfacet
  facet normal 0.9602936856769446 0.2789911060392242 0
    outer loop
      vertex 11.114683045111454 -5.992705098312484 2.7999999999999994
      vertex 11.114683045111454 -5.992705098312484 -3.3999999999994674
      vertex 11.109425051661411 -5.974606966149459 -3.3999999999994697
    endloop
  endfacet
  facet normal 0.9759167619387551 0.21814324139650818 0
    outer loop
      vertex 11.105313824781394 -5.956214394375718 2.7899999999999996
      vertex 11.109425051661411 -5.974606966149459 -3.3999999999994697
      vertex 11.105313824781394 -5.956214394375718 -3.3999999999994723
    endloop
  endfacet
  facet normal 0.9876883405951373 0.15643446504023306 0
    outer loop
      vertex 11.105313824781394 -5.956214394375718 2.7899999999999996
      vertex 11.105313824781394 -5.956214394375718 -3.3999999999994723
      vertex 11.102365589605657 -5.937599970069293 -3.399999999999474
    endloop
  endfacet
  facet normal 0.9955619646030782 0.09410831331853362 0
    outer loop
      vertex 11.100591981471519 -5.918837155858794 2.7899999999999996
      vertex 11.102365589605657 -5.937599970069293 -3.399999999999474
      vertex 11.100591981471519 -5.918837155858794 -3.399999999999476
    endloop
  endfacet
  facet normal 0.9995065603657316 0.03141075907812672 0
    outer loop
      vertex 11.100591981471519 -5.918837155858794 2.7899999999999996
      vertex 11.100591981471519 -5.918837155858794 -3.399999999999476
      vertex 11.100000002980233 -5.900000094832529 -3.399999999999477
    endloop
  endfacet
  facet normal 0.15643446504024033 0.9876883405951362 0
    outer loop
      vertex 11.36240002993071 -6.197634410394343 2.7999999999999994
      vertex 11.36240002993071 -6.197634410394343 -3.3999999999993875
      vertex 11.343785605624285 -6.194686175218607 -3.399999999999393
    endloop
  endfacet
  facet normal 0.09410831331467341 0.995561964603443 0
    outer loop
      vertex 11.36240002993071 -6.197634410394343 2.7999999999999994
      vertex 11.38116284414237 -6.199408018528518 -3.3999999999993826
      vertex 11.36240002993071 -6.197634410394343 -3.3999999999993875
    endloop
  endfacet
  facet normal 0.03141075907813315 0.9995065603657314 2.4110341576910278e-17
    outer loop
      vertex 11.399999905167473 -6.199999997019768 -3.39
      vertex 11.38116284414237 -6.199408018528518 -3.3999999999993826
      vertex 11.381162844141206 -6.199408018528482 2.7999999999999994
    endloop
  endfacet
  facet normal 0.5620833778520776 0.8270805742745978 0
    outer loop
      vertex 11.223664424312258 -6.142705098312485 2.7899999999999996
      vertex 11.239251961506303 -6.153298377650605 -3.3999999999994235
      vertex 11.223664424312258 -6.142705098312485 -3.3999999999994284
    endloop
  endfacet
  facet normal 0.5620833778592454 0.8270805742697266 2.6386553516912383e-14
    outer loop
      vertex 11.239251961506302 -6.1532983776506045 -3.39
      vertex 11.239251961506303 -6.153298377650605 -3.3999999999994235
      vertex 11.223664424312258 -6.142705098312485 2.7899999999999996
    endloop
  endfacet
  facet normal 0.661311865323618 0.7501110696304895 8.201506298713126e-17
    outer loop
      vertex 11.208772803075394 -6.131153972832737 2.7999999999999994
      vertex 11.208772803075396 -6.131153972832738 -3.3999999999994333
      vertex 11.194635868221395 -6.118690588226425 -3.3999999999994377
    endloop
  endfacet
  facet normal 0.6129070536530328 0.7901550123756468 0
    outer loop
      vertex 11.223664424312258 -6.142705098312485 2.7899999999999996
      vertex 11.223664424312258 -6.142705098312485 -3.3999999999994284
      vertex 11.208772803075396 -6.131153972832738 -3.3999999999994333
    endloop
  endfacet
  facet normal 0.5090414157464229 0.8607420270062787 1.3974670709128395e-14
    outer loop
      vertex 11.239251961506302 -6.1532983776506045 -3.39
      vertex 11.255473897769486 -6.162892004013159 2.7999999999999994
      vertex 11.239251961506303 -6.153298377650605 -3.3999999999994235
    endloop
  endfacet
  facet normal 0.5090414157503736 0.8607420270039423 2.253979146650512e-17
    outer loop
      vertex 11.255473897769486 -6.162892004013159 2.7999999999999994
      vertex 11.255473897769487 -6.16289200401316 -3.3999999999994186
      vertex 11.239251961506303 -6.153298377650605 -3.3999999999994235
    endloop
  endfacet
  facet normal 0.39714789063477474 0.9177546256839837 0
    outer loop
      vertex 11.272266212530479 -6.171448115739806 2.7999999999999994
      vertex 11.2895626341946 -6.178932945766476 -3.3999999999994084
      vertex 11.272266212530479 -6.171448115739806 -3.3999999999994137
    endloop
  endfacet
  facet normal 0.39714789063146416 0.9177546256854164 -1.0965348134365786e-14
    outer loop
      vertex 11.289562634194597 -6.1789329457664754 -3.39
      vertex 11.2895626341946 -6.178932945766476 -3.3999999999994084
      vertex 11.272266212530479 -6.171448115739806 2.7999999999999994
    endloop
  endfacet
  facet normal 0.45399049973955513 0.8910065241883636 0
    outer loop
      vertex 11.272266212530479 -6.171448115739806 2.7999999999999994
      vertex 11.272266212530479 -6.171448115739806 -3.3999999999994137
      vertex 11.255473897769487 -6.16289200401316 -3.3999999999994186
    endloop
  endfacet
  facet normal 0.3387379202525317 0.9408807689516188 -2.339505731027299e-14
    outer loop
      vertex 11.289562634194597 -6.1789329457664754 -3.39
      vertex 11.307294901687516 -6.185316954888546 2.7999999999999994
      vertex 11.2895626341946 -6.178932945766476 -3.3999999999994084
    endloop
  endfacet
  facet normal 0.33873792024530197 0.9408807689542216 -3.773396340388112e-17
    outer loop
      vertex 11.307294901687516 -6.185316954888546 2.7999999999999994
      vertex 11.307294901687518 -6.185316954888547 -3.399999999999403
      vertex 11.2895626341946 -6.178932945766476 -3.3999999999994084
    endloop
  endfacet
  facet normal 0.21814324139649813 0.9759167619387572 0
    outer loop
      vertex 11.325393033850544 -6.19057494833859 2.7999999999999994
      vertex 11.343785605624285 -6.194686175218607 -3.399999999999393
      vertex 11.325393033850544 -6.19057494833859 -3.399999999999398
    endloop
  endfacet
  facet normal 0.27899110603922417 0.9602936856769445 0
    outer loop
      vertex 11.325393033850544 -6.19057494833859 2.7999999999999994
      vertex 11.325393033850544 -6.19057494833859 -3.399999999999398
      vertex 11.307294901687518 -6.185316954888547 -3.399999999999403
    endloop
  endfacet
  facet normal -0.031410443127263245 0.9995065702948375 -8.988732059789645e-18
    outer loop
      vertex 11.399999905167473 -6.199999997019768 -3.39
      vertex 11.418837155858794 -6.199408018528482 2.7999999999999994
      vertex 11.418837155858796 -6.199408018528482 -3.3999999999993724
    endloop
  endfacet
  facet normal -0.09410831331855127 0.9955619646030764 0
    outer loop
      vertex 11.437599970069291 -6.197634410394343 2.7899999999999996
      vertex 11.437599970069291 -6.197634410394343 -3.3999999999993675
      vertex 11.418837155858796 -6.199408018528482 -3.3999999999993724
    endloop
  endfacet
  facet normal -0.15643446504022576 0.9876883405951384 0
    outer loop
      vertex 11.437599970069291 -6.197634410394343 2.7899999999999996
      vertex 11.456214394375717 -6.194686175218607 -3.3999999999993626
      vertex 11.437599970069291 -6.197634410394343 -3.3999999999993675
    endloop
  endfacet
  facet normal -0.21814324139654304 0.9759167619387473 0
    outer loop
      vertex 11.456214394375717 -6.194686175218607 2.7899999999999996
      vertex 11.474606966149459 -6.190574948338589 -3.399999999999358
      vertex 11.456214394375717 -6.194686175218607 -3.3999999999993626
    endloop
  endfacet
  facet normal -0.27899110603924243 0.9602936856769392 5.763296271740986e-17
    outer loop
      vertex 11.492705098312484 -6.185316954888546 2.7999999999999994
      vertex 11.492705098312486 -6.185316954888545 -3.3999999999993538
      vertex 11.474606966149459 -6.190574948338589 -3.399999999999358
    endloop
  endfacet
  facet normal -0.3387379202452903 0.9408807689542258 0
    outer loop
      vertex 11.510437365805403 -6.1789329457664754 2.7899999999999996
      vertex 11.510437365805403 -6.1789329457664754 -3.3999999999993493
      vertex 11.492705098312486 -6.185316954888545 -3.3999999999993538
    endloop
  endfacet
  facet normal -0.3971478906347693 0.917754625683986 0
    outer loop
      vertex 11.510437365805403 -6.1789329457664754 2.7899999999999996
      vertex 11.527733787469522 -6.171448115739806 -3.399999999999345
      vertex 11.510437365805403 -6.1789329457664754 -3.3999999999993493
    endloop
  endfacet
  facet normal -0.4539904997395537 0.8910065241883643 0
    outer loop
      vertex 11.527733787469522 -6.171448115739806 2.7999999999999994
      vertex 11.544526102230517 -6.162892004013158 -3.3999999999993413
      vertex 11.527733787469522 -6.171448115739806 -3.399999999999345
    endloop
  endfacet
  facet normal -0.5090414157503451 0.8607420270039591 0
    outer loop
      vertex 11.5607480384937 -6.153298377650605 2.7999999999999994
      vertex 11.5607480384937 -6.153298377650605 -3.3999999999993373
      vertex 11.544526102230517 -6.162892004013158 -3.3999999999993413
    endloop
  endfacet
  facet normal -0.5620833778521098 0.8270805742745759 0
    outer loop
      vertex 11.5607480384937 -6.153298377650605 2.7999999999999994
      vertex 11.576335575687745 -6.142705098312484 -3.3999999999993338
      vertex 11.5607480384937 -6.153298377650605 -3.3999999999993373
    endloop
  endfacet
  facet normal -0.6129070536562862 0.790155012373123 1.2691874421794399e-14
    outer loop
      vertex 11.591227196924608 -6.131153972832737 2.7999999999999994
      vertex 11.591227196925555 -6.131153972831903 -3.3999999999993307
      vertex 11.576335575687745 -6.142705098312484 -3.3999999999993338
    endloop
  endfacet
  facet normal -0.661311865323686 0.7501110696304294 0
    outer loop
      vertex 11.605364131778607 -6.118690588226424 -3.39
      vertex 11.591227196925555 -6.131153972831903 -3.3999999999993307
      vertex 11.605364131778607 -6.118690588226424 2.7999999999999994
    endloop
  endfacet
  facet normal -0.7501110696304483 0.6613118653236646 0
    outer loop
      vertex 11.618690588226423 -6.1053641317786065 -3.39
      vertex 11.631153972832736 -6.091227196924607 2.7999999999999994
      vertex 11.631153972832736 -6.091227196924607 -3.3999999999993227
    endloop
  endfacet
  facet normal -0.7901550123756719 0.6129070536530004 0
    outer loop
      vertex 11.631153972832736 -6.091227196924607 2.7999999999999994
      vertex 11.642705098312485 -6.076335575687742 -3.3999999999993205
      vertex 11.631153972832736 -6.091227196924607 -3.3999999999993227
    endloop
  endfacet
  facet normal -0.8270805742745391 0.562083377852164 0
    outer loop
      vertex 11.642705098312485 -6.076335575687742 2.7999999999999994
      vertex 11.653298377650607 -6.060748038493697 -3.3999999999993187
      vertex 11.642705098312485 -6.076335575687742 -3.3999999999993205
    endloop
  endfacet
  facet normal -0.8607420270039797 0.5090414157503101 0
    outer loop
      vertex 11.662892004013159 -6.044526102230515 2.7999999999999994
      vertex 11.662892004013159 -6.044526102230515 -3.399999999999317
      vertex 11.653298377650607 -6.060748038493697 -3.3999999999993187
    endloop
  endfacet
  facet normal -0.8910065241883643 0.4539904997395537 0
    outer loop
      vertex 11.662892004013159 -6.044526102230515 2.7999999999999994
      vertex 11.671448115739807 -6.02773378746952 -3.399999999999316
      vertex 11.662892004013159 -6.044526102230515 -3.399999999999317
    endloop
  endfacet
  facet normal -0.9177546256839786 0.39714789063478656 1.1378651157783285e-16
    outer loop
      vertex 11.678932945766476 -6.010437365805404 2.7999999999999994
      vertex 11.678932945766476 -6.010437365805402 -3.399999999999315
      vertex 11.671448115739807 -6.02773378746952 -3.399999999999316
    endloop
  endfacet
  facet normal -0.9408807689542162 0.338737920245317 0
    outer loop
      vertex 11.685316954888547 -5.992705098312484 2.7999999999999994
      vertex 11.685316954888547 -5.992705098312484 -3.3999999999993142
      vertex 11.678932945766476 -6.010437365805402 -3.399999999999315
    endloop
  endfacet
  facet normal -0.7071067811865946 0.7071067811865005 0
    outer loop
      vertex 11.605364131778607 -6.118690588226424 -3.39
      vertex 11.605364131778607 -6.118690588226424 2.7999999999999994
      vertex 11.618690588226423 -6.1053641317786065 -3.39
    endloop
  endfacet
  facet normal -0.9602936856769593 0.2789911060391737 0
    outer loop
      vertex 11.685316954888547 -5.992705098312484 2.7999999999999994
      vertex 11.69057494833859 -5.974606966149455 -3.3999999999993142
      vertex 11.685316954888547 -5.992705098312484 -3.3999999999993142
    endloop
  endfacet
  facet normal -0.9759167619387462 0.21814324139654834 0
    outer loop
      vertex 11.694686175218607 -5.956214394375718 2.7999999999999994
      vertex 11.694686175218607 -5.956214394375718 -3.3999999999993142
      vertex 11.69057494833859 -5.974606966149455 -3.3999999999993142
    endloop
  endfacet
  facet normal -0.9876883405951419 0.15643446504020392 0
    outer loop
      vertex 11.694686175218607 -5.956214394375718 2.7999999999999994
      vertex 11.697634410394343 -5.937599970069289 -3.3999999999993147
      vertex 11.694686175218607 -5.956214394375718 -3.3999999999993142
    endloop
  endfacet
  facet normal -0.9955619646030764 0.09410831331855128 0
    outer loop
      vertex 11.699408018528482 -5.918837155858794 2.7999999999999994
      vertex 11.699408018528482 -5.918837155858794 -3.3999999999993156
      vertex 11.697634410394343 -5.937599970069289 -3.3999999999993147
    endloop
  endfacet
  facet normal -0.9995065603657999 0.03141075907595619 0
    outer loop
      vertex 11.699408018528482 -5.918837155858794 2.7999999999999994
      vertex 11.699999997019768 -5.900000094831226 -3.3999999999993165
      vertex 11.699408018528482 -5.918837155858794 -3.3999999999993156
    endloop
  endfacet
  facet normal 1 0 0
    outer loop
      vertex 11.100000002980233 -5.900000094832527 2.7999999999999994
      vertex 11.100000002980233 -5.900000094832529 -3.399999999999477
      vertex 11.100000002980233 5.900000094832527 -3.4
    endloop
  endfacet
  facet normal 0.7501110696304483 0.6613118653236647 1.2015965422957364e-16
    outer loop
      vertex 11.168846027167264 -6.091227196924607 2.7999999999999994
      vertex 11.181309411773578 -6.1053641317786065 2.7999999999999994
      vertex 11.18130941177358 -6.105364131778607 -3.399999999999442
    endloop
  endfacet
  facet normal 0.7071067811865948 0.7071067811865004 1.0137021022842437e-16
    outer loop
      vertex 11.194635868221393 -6.118690588226424 2.7999999999999994
      vertex 11.18130941177358 -6.105364131778607 -3.399999999999442
      vertex 11.181309411773578 -6.1053641317786065 2.7999999999999994
    endloop
  endfacet
  facet normal 0.8910065241883449 0.4539904997395918 0
    outer loop
      vertex 11.137107995986842 -6.044526102230515 2.7999999999999994
      vertex 11.137107995986842 -6.044526102230515 -3.399999999999458
      vertex 11.128551884260194 -6.027733787469522 2.7999999999999994
    endloop
  endfacet
  facet normal 0.917754625683986 0.39714789063476935 0
    outer loop
      vertex 11.128551884260194 -6.027733787469522 2.7999999999999994
      vertex 11.128551884260194 -6.027733787469522 -3.3999999999994612
      vertex 11.121067054233524 -6.010437365805403 2.7999999999999994
    endloop
  endfacet
  facet normal 0.9408807689542217 0.338737920245302 0
    outer loop
      vertex 11.121067054233524 -6.010437365805403 2.7999999999999994
      vertex 11.121067054233524 -6.010437365805403 -3.3999999999994643
      vertex 11.114683045111454 -5.992705098312484 2.7999999999999994
    endloop
  endfacet
  facet normal 0.8270805742745533 0.5620833778521434 1.5634673156511563e-16
    outer loop
      vertex 11.146701622349395 -6.060748038493699 2.7999999999999994
      vertex 11.157294901687516 -6.076335575687742 2.7999999999999994
      vertex 11.157294901687518 -6.076335575687743 -3.3999999999994506
    endloop
  endfacet
  facet normal 0.7901550123756719 0.6129070536530004 1.3848516134179954e-16
    outer loop
      vertex 11.168846027167264 -6.091227196924607 2.7999999999999994
      vertex 11.157294901687518 -6.076335575687743 -3.3999999999994506
      vertex 11.157294901687516 -6.076335575687742 2.7999999999999994
    endloop
  endfacet
  facet normal 0.860742027003963 0.5090414157503387 0
    outer loop
      vertex 11.146701622349395 -6.060748038493699 2.7999999999999994
      vertex 11.146701622349395 -6.060748038493699 -3.399999999999454
      vertex 11.137107995986842 -6.044526102230515 2.7999999999999994
    endloop
  endfacet
  facet normal 0.975916761938755 0.21814324139650815 0
    outer loop
      vertex 11.105313824781394 -5.956214394375718 2.7899999999999996
      vertex 11.105313824781394 -5.956214394375718 2.7999999999999994
      vertex 11.109425051661411 -5.974606966149459 -3.3999999999994697
    endloop
  endfacet
  facet normal 0.960293685676952 0.27899110603919897 -7.991312911600123e-17
    outer loop
      vertex 11.114683045111454 -5.992705098312484 2.7999999999999994
      vertex 11.109425051661411 -5.974606966149459 -3.3999999999994697
      vertex 11.109425051661411 -5.974606966149457 2.7999999999999994
    endloop
  endfacet
  facet normal 0.9759167619387507 0.21814324139652824 -6.250003851995096e-17
    outer loop
      vertex 11.109425051661411 -5.974606966149457 2.7999999999999994
      vertex 11.109425051661411 -5.974606966149459 -3.3999999999994697
      vertex 11.105313824781394 -5.956214394375718 2.7999999999999994
    endloop
  endfacet
  facet normal 0.9876883405951397 0.1564344650402185 -4.4892315329908746e-17
    outer loop
      vertex 11.102365589605657 -5.937599970069291 2.7899999999999996
      vertex 11.105313824781394 -5.956214394375718 2.7899999999999996
      vertex 11.102365589605657 -5.937599970069293 -3.399999999999474
    endloop
  endfacet
  facet normal 0.9955619646030774 0.09410831331854246 -2.7006453313057964e-17
    outer loop
      vertex 11.102365589605657 -5.937599970069291 2.7899999999999996
      vertex 11.102365589605657 -5.937599970069293 -3.399999999999474
      vertex 11.100591981471519 -5.918837155858794 2.7899999999999996
    endloop
  endfacet
  facet normal 0.9995065603657317 0.03141075907812376 -8.988822475503074e-18
    outer loop
      vertex 11.100591981471519 -5.918837155858794 2.7899999999999996
      vertex 11.100000002980233 -5.900000094832529 -3.399999999999477
      vertex 11.100000002980233 -5.900000094832527 2.7999999999999994
    endloop
  endfacet
  facet normal 0.1564344650402258 0.9876883405951387 4.4892315329911427e-17
    outer loop
      vertex 11.343785605624284 -6.194686175218607 2.7899999999999996
      vertex 11.36240002993071 -6.197634410394343 2.7999999999999994
      vertex 11.343785605624285 -6.194686175218607 -3.399999999999393
    endloop
  endfacet
  facet normal 0.09410831331854246 0.9955619646030774 1.181334098672282e-14
    outer loop
      vertex 11.36240002993071 -6.197634410394343 2.7999999999999994
      vertex 11.381162844141206 -6.199408018528482 2.7999999999999994
      vertex 11.38116284414237 -6.199408018528518 -3.3999999999993826
    endloop
  endfacet
  facet normal 0.5620833778520892 0.8270805742745899 0
    outer loop
      vertex 11.239251961506302 -6.1532983776506045 -3.39
      vertex 11.223664424312258 -6.142705098312485 2.7899999999999996
      vertex 11.239251961506302 -6.1532983776506045 2.7999999999999994
    endloop
  endfacet
  facet normal 0.6129070536530166 0.7901550123756592 6.239951155937695e-17
    outer loop
      vertex 11.223664424312258 -6.142705098312485 2.7899999999999996
      vertex 11.208772803075396 -6.131153972832738 -3.3999999999994333
      vertex 11.208772803075394 -6.131153972832737 2.7999999999999994
    endloop
  endfacet
  facet normal 0.661311865323618 0.7501110696304895 8.201506298713121e-17
    outer loop
      vertex 11.194635868221393 -6.118690588226424 2.7999999999999994
      vertex 11.208772803075394 -6.131153972832737 2.7999999999999994
      vertex 11.194635868221395 -6.118690588226425 -3.3999999999994377
    endloop
  endfacet
  facet normal 0.5090414157503736 0.8607420270039423 0
    outer loop
      vertex 11.239251961506302 -6.1532983776506045 -3.39
      vertex 11.239251961506302 -6.1532983776506045 2.7999999999999994
      vertex 11.255473897769486 -6.162892004013159 2.7999999999999994
    endloop
  endfacet
  facet normal 0.4539904997395544 0.891006524188364 2.4316713933828956e-18
    outer loop
      vertex 11.255473897769486 -6.162892004013159 2.7999999999999994
      vertex 11.272266212530479 -6.171448115739806 2.7999999999999994
      vertex 11.255473897769487 -6.16289200401316 -3.3999999999994186
    endloop
  endfacet
  facet normal 0.39714789063476935 0.9177546256839859 0
    outer loop
      vertex 11.289562634194597 -6.1789329457664754 -3.39
      vertex 11.272266212530479 -6.171448115739806 2.7999999999999994
      vertex 11.289562634194597 -6.1789329457664754 2.7999999999999994
    endloop
  endfacet
  facet normal 0.21814324139651822 0.9759167619387528 6.260100788750938e-17
    outer loop
      vertex 11.343785605624284 -6.194686175218607 2.7899999999999996
      vertex 11.343785605624285 -6.194686175218607 -3.399999999999393
      vertex 11.325393033850544 -6.19057494833859 2.7999999999999994
    endloop
  endfacet
  facet normal 0.338737920245302 0.9408807689542216 0
    outer loop
      vertex 11.289562634194597 -6.1789329457664754 -3.39
      vertex 11.289562634194597 -6.1789329457664754 2.7999999999999994
      vertex 11.307294901687516 -6.185316954888546 2.7999999999999994
    endloop
  endfacet
  facet normal 0.27899110603924243 0.9602936856769392 -5.763296271740941e-17
    outer loop
      vertex 11.307294901687516 -6.185316954888546 2.7999999999999994
      vertex 11.325393033850544 -6.19057494833859 2.7999999999999994
      vertex 11.307294901687518 -6.185316954888547 -3.399999999999403
    endloop
  endfacet
  facet normal -0.09410831331854247 0.9955619646030773 -2.696289451739218e-17
    outer loop
      vertex 11.418837155858794 -6.199408018528482 2.7999999999999994
      vertex 11.437599970069291 -6.197634410394343 2.7899999999999996
      vertex 11.418837155858796 -6.199408018528482 -3.3999999999993724
    endloop
  endfacet
  facet normal 0.03141075907812524 0.9995065603657316 0
    outer loop
      vertex 11.399999905167473 -6.199999997019768 -3.39
      vertex 11.381162844141206 -6.199408018528482 2.7999999999999994
      vertex 11.399999905167473 -6.199999997019768 2.7999999999999994
    endloop
  endfacet
  facet normal -0.031410443127266194 0.9995065702948374 0
    outer loop
      vertex 11.399999905167473 -6.199999997019768 -3.39
      vertex 11.399999905167473 -6.199999997019768 2.7999999999999994
      vertex 11.418837155858794 -6.199408018528482 2.7999999999999994
    endloop
  endfacet
  facet normal -0.1564344650402258 0.9876883405951385 0
    outer loop
      vertex 11.437599970069291 -6.197634410394343 2.7899999999999996
      vertex 11.456214394375717 -6.194686175218607 2.7899999999999996
      vertex 11.456214394375717 -6.194686175218607 -3.3999999999993626
    endloop
  endfacet
  facet normal -0.21814324139651828 0.9759167619387529 7.724549200472266e-17
    outer loop
      vertex 11.456214394375717 -6.194686175218607 2.7899999999999996
      vertex 11.474606966149457 -6.19057494833859 2.7999999999999994
      vertex 11.474606966149459 -6.190574948338589 -3.399999999999358
    endloop
  endfacet
  facet normal -0.27899110603924243 0.9602936856769393 5.763296271740983e-17
    outer loop
      vertex 11.474606966149457 -6.19057494833859 2.7999999999999994
      vertex 11.492705098312484 -6.185316954888546 2.7999999999999994
      vertex 11.474606966149459 -6.190574948338589 -3.399999999999358
    endloop
  endfacet
  facet normal -0.338737920245302 0.9408807689542216 3.769487222452852e-17
    outer loop
      vertex 11.510437365805403 -6.1789329457664754 2.7899999999999996
      vertex 11.492705098312486 -6.185316954888545 -3.3999999999993538
      vertex 11.492705098312484 -6.185316954888546 2.7999999999999994
    endloop
  endfacet
  facet normal -0.3971478906347694 0.917754625683986 0
    outer loop
      vertex 11.510437365805403 -6.1789329457664754 2.7899999999999996
      vertex 11.527733787469522 -6.171448115739806 2.7999999999999994
      vertex 11.527733787469522 -6.171448115739806 -3.399999999999345
    endloop
  endfacet
  facet normal -0.4539904997395544 0.8910065241883639 -2.3196844445863293e-18
    outer loop
      vertex 11.527733787469522 -6.171448115739806 2.7999999999999994
      vertex 11.544526102230515 -6.162892004013159 2.7999999999999994
      vertex 11.544526102230517 -6.162892004013158 -3.3999999999993413
    endloop
  endfacet
  facet normal -0.5090414157503387 0.8607420270039629 -2.253979146649244e-17
    outer loop
      vertex 11.544526102230515 -6.162892004013159 2.7999999999999994
      vertex 11.5607480384937 -6.153298377650605 2.7999999999999994
      vertex 11.544526102230517 -6.162892004013158 -3.3999999999993413
    endloop
  endfacet
  facet normal -0.5620833778521214 0.827080574274568 -4.268219378038679e-17
    outer loop
      vertex 11.5607480384937 -6.153298377650605 2.7999999999999994
      vertex 11.576335575687743 -6.142705098312485 2.7999999999999994
      vertex 11.576335575687745 -6.142705098312484 -3.3999999999993338
    endloop
  endfacet
  facet normal -0.6129070536529709 0.7901550123756946 -6.241016233277022e-17
    outer loop
      vertex 11.576335575687743 -6.142705098312485 2.7999999999999994
      vertex 11.591227196924608 -6.131153972832737 2.7999999999999994
      vertex 11.576335575687745 -6.142705098312484 -3.3999999999993338
    endloop
  endfacet
  facet normal -0.6613118653236647 0.7501110696304482 -8.654783728911684e-17
    outer loop
      vertex 11.591227196924608 -6.131153972832737 2.7999999999999994
      vertex 11.605364131778607 -6.118690588226424 2.7999999999999994
      vertex 11.591227196925555 -6.131153972831903 -3.3999999999993307
    endloop
  endfacet
  facet normal -0.7071067811865946 0.7071067811865005 0
    outer loop
      vertex 11.618690588226423 -6.1053641317786065 -3.39
      vertex 11.605364131778607 -6.118690588226424 2.7999999999999994
      vertex 11.618690588226423 -6.1053641317786065 2.7999999999999994
    endloop
  endfacet
  facet normal -0.7501110696304483 0.6613118653236647 0
    outer loop
      vertex 11.618690588226423 -6.1053641317786065 -3.39
      vertex 11.618690588226423 -6.1053641317786065 2.7999999999999994
      vertex 11.631153972832736 -6.091227196924607 2.7999999999999994
    endloop
  endfacet
  facet normal -0.7901550123756719 0.6129070536530004 0
    outer loop
      vertex 11.631153972832736 -6.091227196924607 2.7999999999999994
      vertex 11.642705098312485 -6.076335575687742 2.7999999999999994
      vertex 11.642705098312485 -6.076335575687742 -3.3999999999993205
    endloop
  endfacet
  facet normal -0.8270805742745531 0.5620833778521434 -7.585368133797314e-17
    outer loop
      vertex 11.642705098312485 -6.076335575687742 2.7999999999999994
      vertex 11.653298377650605 -6.060748038493699 2.7999999999999994
      vertex 11.653298377650607 -6.060748038493697 -3.3999999999993187
    endloop
  endfacet
  facet normal -0.860742027003963 0.5090414157503387 -1.0076544939059561e-16
    outer loop
      vertex 11.653298377650605 -6.060748038493699 2.7999999999999994
      vertex 11.662892004013159 -6.044526102230515 2.7999999999999994
      vertex 11.653298377650607 -6.060748038493697 -3.3999999999993187
    endloop
  endfacet
  facet normal -0.8910065241883449 0.4539904997395918 1.2990232889683218e-16
    outer loop
      vertex 11.662892004013159 -6.044526102230515 2.7999999999999994
      vertex 11.671448115739807 -6.027733787469522 2.7999999999999994
      vertex 11.671448115739807 -6.02773378746952 -3.399999999999316
    endloop
  endfacet
  facet normal -0.9177546256839786 0.39714789063478656 1.1378651157783285e-16
    outer loop
      vertex 11.671448115739807 -6.027733787469522 2.7999999999999994
      vertex 11.678932945766476 -6.010437365805404 2.7999999999999994
      vertex 11.671448115739807 -6.02773378746952 -3.399999999999316
    endloop
  endfacet
  facet normal -0.940880768954227 0.338737920245287 9.705151957935462e-17
    outer loop
      vertex 11.678932945766476 -6.010437365805404 2.7999999999999994
      vertex 11.685316954888547 -5.992705098312484 2.7999999999999994
      vertex 11.678932945766476 -6.010437365805402 -3.399999999999315
    endloop
  endfacet
  facet normal -0.9602936856769518 0.27899110603919897 7.991312911600323e-17
    outer loop
      vertex 11.685316954888547 -5.992705098312484 2.7999999999999994
      vertex 11.69057494833859 -5.974606966149457 2.7999999999999994
      vertex 11.69057494833859 -5.974606966149455 -3.3999999999993142
    endloop
  endfacet
  facet normal -0.9759167619387507 0.21814324139652824 6.250003851995253e-17
    outer loop
      vertex 11.69057494833859 -5.974606966149457 2.7999999999999994
      vertex 11.694686175218607 -5.956214394375718 2.7999999999999994
      vertex 11.69057494833859 -5.974606966149455 -3.3999999999993142
    endloop
  endfacet
  facet normal -0.9876883405951397 0.15643446504021852 4.4827901891630144e-17
    outer loop
      vertex 11.694686175218607 -5.956214394375718 2.7999999999999994
      vertex 11.697634410394343 -5.937599970069291 2.7999999999999994
      vertex 11.697634410394343 -5.937599970069289 -3.3999999999993147
    endloop
  endfacet
  facet normal -0.9955619646030773 0.09410831331854246 2.6962894517392433e-17
    outer loop
      vertex 11.697634410394343 -5.937599970069291 2.7999999999999994
      vertex 11.699408018528482 -5.918837155858794 2.7999999999999994
      vertex 11.697634410394343 -5.937599970069289 -3.3999999999993147
    endloop
  endfacet
  facet normal -0.9995065603657317 0.03141075907812376 6.592112441518787e-15
    outer loop
      vertex 11.699408018528482 -5.918837155858794 2.7999999999999994
      vertex 11.699999997019768 -5.900000094832527 2.7999999999999994
      vertex 11.699999997019768 -5.900000094831226 -3.3999999999993165
    endloop
  endfacet
  facet normal -1 0 0
    outer loop
      vertex 11.699999997019768 -5.900000094832527 2.7999999999999994
      vertex 11.699999997019768 5.900000094832527 2.7999999999999994
      vertex 11.699999997019768 -5.900000094831226 -3.3999999999993165
    endloop
  endfacet
  facet normal 0 0 -1
    outer loop
      vertex 11.168846027167264 -6.091227196924607 2.7999999999999994
      vertex 11.208772803075394 -6.131153972832737 2.7999999999999994
      vertex 11.181309411773578 -6.1053641317786065 2.7999999999999994
    endloop
  endfacet
  facet normal 0 0 -1
    outer loop
      vertex 11.146701622349395 -6.060748038493699 2.7999999999999994
      vertex 11.137107995986842 -6.044526102230515 2.7999999999999994
      vertex 11.121067054233524 -6.010437365805403 2.7999999999999994
    endloop
  endfacet
  facet normal 0 0 -1
    outer loop
      vertex 11.137107995986842 -6.044526102230515 2.7999999999999994
      vertex 11.128551884260194 -6.027733787469522 2.7999999999999994
      vertex 11.121067054233524 -6.010437365805403 2.7999999999999994
    endloop
  endfacet
  facet normal 0 0 -1
    outer loop
      vertex 11.121067054233524 -6.010437365805403 2.7999999999999994
      vertex 11.100000002980233 -5.900000094832527 2.7999999999999994
      vertex 11.168846027167264 -6.091227196924607 2.7999999999999994
    endloop
  endfacet
  facet normal 0 0 -1
    outer loop
      vertex 11.146701622349395 -6.060748038493699 2.7999999999999994
      vertex 11.168846027167264 -6.091227196924607 2.7999999999999994
      vertex 11.157294901687516 -6.076335575687742 2.7999999999999994
    endloop
  endfacet
  facet normal 0 0 -1
    outer loop
      vertex 11.146701622349395 -6.060748038493699 2.7999999999999994
      vertex 11.121067054233524 -6.010437365805403 2.7999999999999994
      vertex 11.168846027167264 -6.091227196924607 2.7999999999999994
    endloop
  endfacet
  facet normal 0 0 -1
    outer loop
      vertex 11.114683045111454 -5.992705098312484 2.7999999999999994
      vertex 11.109425051661411 -5.974606966149457 2.7999999999999994
      vertex 11.105313824781394 -5.956214394375718 2.7999999999999994
    endloop
  endfacet
  facet normal 0 0 -1
    outer loop
      vertex 11.121067054233524 -6.010437365805403 2.7999999999999994
      vertex 11.114683045111454 -5.992705098312484 2.7999999999999994
      vertex 11.105313824781394 -5.956214394375718 2.7999999999999994
    endloop
  endfacet
  facet normal 0.9876883405951395 0.1564344650402185 0
    outer loop
      vertex 11.102365589605657 -5.937599970069291 2.7899999999999996
      vertex 11.105313824781394 -5.956214394375718 2.7999999999999994
      vertex 11.105313824781394 -5.956214394375718 2.7899999999999996
    endloop
  endfacet
  facet normal 0 0 -1
    outer loop
      vertex 11.121067054233524 -6.010437365805403 2.7999999999999994
      vertex 11.105313824781394 -5.956214394375718 2.7999999999999994
      vertex 11.100000002980233 -5.900000094832527 2.7999999999999994
    endloop
  endfacet
  facet normal 0.9955619646030773 0.09410831331854244 0
    outer loop
      vertex 11.102365589605657 -5.937599970069291 2.7899999999999996
      vertex 11.100591981471519 -5.918837155858794 2.7899999999999996
      vertex 11.102365589605657 -5.937599970069291 2.7999999999999994
    endloop
  endfacet
  facet normal 0.9876883405951395 0.1564344650402185 0
    outer loop
      vertex 11.102365589605657 -5.937599970069291 2.7899999999999996
      vertex 11.102365589605657 -5.937599970069291 2.7999999999999994
      vertex 11.105313824781394 -5.956214394375718 2.7999999999999994
    endloop
  endfacet
  facet normal 0.9955619646030773 0.09410831331854244 0
    outer loop
      vertex 11.102365589605657 -5.937599970069291 2.7999999999999994
      vertex 11.100591981471519 -5.918837155858794 2.7899999999999996
      vertex 11.100591981471519 -5.918837155858794 2.7999999999999994
    endloop
  endfacet
  facet normal 0 0 -1
    outer loop
      vertex 11.102365589605657 -5.937599970069291 2.7999999999999994
      vertex 11.100000002980233 -5.900000094832527 2.7999999999999994
      vertex 11.105313824781394 -5.956214394375718 2.7999999999999994
    endloop
  endfacet
  facet normal 0 0 -1
    outer loop
      vertex 11.102365589605657 -5.937599970069291 2.7999999999999994
      vertex 11.100591981471519 -5.918837155858794 2.7999999999999994
      vertex 11.100000002980233 -5.900000094832527 2.7999999999999994
    endloop
  endfacet
  facet normal 0.9995065603657317 0.03141075907812376 0
    outer loop
      vertex 11.100591981471519 -5.918837155858794 2.7899999999999996
      vertex 11.100000002980233 -5.900000094832527 2.7999999999999994
      vertex 11.100591981471519 -5.918837155858794 2.7999999999999994
    endloop
  endfacet
  facet normal 0.1564344650402258 0.9876883405951385 0
    outer loop
      vertex 11.343785605624284 -6.194686175218607 2.7899999999999996
      vertex 11.343785605624284 -6.194686175218607 2.7999999999999994
      vertex 11.36240002993071 -6.197634410394343 2.7999999999999994
    endloop
  endfacet
  facet normal 0 0 -1
    outer loop
      vertex 11.36240002993071 -6.197634410394343 2.7999999999999994
      vertex 11.418837155858794 -6.199408018528482 2.7999999999999994
      vertex 11.381162844141206 -6.199408018528482 2.7999999999999994
    endloop
  endfacet
  facet normal 0.5620833778520892 0.82708057427459 0
    outer loop
      vertex 11.223664424312258 -6.142705098312485 2.7899999999999996
      vertex 11.223664424312258 -6.142705098312485 2.7999999999999994
      vertex 11.239251961506302 -6.1532983776506045 2.7999999999999994
    endloop
  endfacet
  facet normal 0 0 -1
    outer loop
      vertex 11.239251961506302 -6.1532983776506045 2.7999999999999994
      vertex 11.208772803075394 -6.131153972832737 2.7999999999999994
      vertex 11.255473897769486 -6.162892004013159 2.7999999999999994
    endloop
  endfacet
  facet normal 0 0 -1
    outer loop
      vertex 11.255473897769486 -6.162892004013159 2.7999999999999994
      vertex 11.208772803075394 -6.131153972832737 2.7999999999999994
      vertex 11.168846027167264 -6.091227196924607 2.7999999999999994
    endloop
  endfacet
  facet normal 0 0 -1
    outer loop
      vertex 11.194635868221393 -6.118690588226424 2.7999999999999994
      vertex 11.181309411773578 -6.1053641317786065 2.7999999999999994
      vertex 11.208772803075394 -6.131153972832737 2.7999999999999994
    endloop
  endfacet
  facet normal 0 0 -1
    outer loop
      vertex 11.223664424312258 -6.142705098312485 2.7999999999999994
      vertex 11.208772803075394 -6.131153972832737 2.7999999999999994
      vertex 11.239251961506302 -6.1532983776506045 2.7999999999999994
    endloop
  endfacet
  facet normal 0.6129070536530166 0.7901550123756592 0
    outer loop
      vertex 11.223664424312258 -6.142705098312485 2.7899999999999996
      vertex 11.208772803075394 -6.131153972832737 2.7999999999999994
      vertex 11.223664424312258 -6.142705098312485 2.7999999999999994
    endloop
  endfacet
  facet normal 0 0 -1
    outer loop
      vertex 11.255473897769486 -6.162892004013159 2.7999999999999994
      vertex 11.168846027167264 -6.091227196924607 2.7999999999999994
      vertex 11.36240002993071 -6.197634410394343 2.7999999999999994
    endloop
  endfacet
  facet normal 0 0 -1
    outer loop
      vertex 11.272266212530479 -6.171448115739806 2.7999999999999994
      vertex 11.307294901687516 -6.185316954888546 2.7999999999999994
      vertex 11.289562634194597 -6.1789329457664754 2.7999999999999994
    endloop
  endfacet
  facet normal 0 0 -1
    outer loop
      vertex 11.255473897769486 -6.162892004013159 2.7999999999999994
      vertex 11.36240002993071 -6.197634410394343 2.7999999999999994
      vertex 11.272266212530479 -6.171448115739806 2.7999999999999994
    endloop
  endfacet
  facet normal 0 0 -1
    outer loop
      vertex 11.272266212530479 -6.171448115739806 2.7999999999999994
      vertex 11.36240002993071 -6.197634410394343 2.7999999999999994
      vertex 11.307294901687516 -6.185316954888546 2.7999999999999994
    endloop
  endfacet
  facet normal 0.2181432413965182 0.9759167619387528 0
    outer loop
      vertex 11.343785605624284 -6.194686175218607 2.7899999999999996
      vertex 11.325393033850544 -6.19057494833859 2.7999999999999994
      vertex 11.343785605624284 -6.194686175218607 2.7999999999999994
    endloop
  endfacet
  facet normal 0 0 -1
    outer loop
      vertex 11.307294901687516 -6.185316954888546 2.7999999999999994
      vertex 11.36240002993071 -6.197634410394343 2.7999999999999994
      vertex 11.325393033850544 -6.19057494833859 2.7999999999999994
    endloop
  endfacet
  facet normal 0 0 -1
    outer loop
      vertex 11.343785605624284 -6.194686175218607 2.7999999999999994
      vertex 11.325393033850544 -6.19057494833859 2.7999999999999994
      vertex 11.36240002993071 -6.197634410394343 2.7999999999999994
    endloop
  endfacet
  facet normal 0 0 -1
    outer loop
      vertex 11.36240002993071 -6.197634410394343 2.7999999999999994
      vertex 11.168846027167264 -6.091227196924607 2.7999999999999994
      vertex 11.492705098312484 -6.185316954888546 2.7999999999999994
    endloop
  endfacet
  facet normal 0 0 -1
    outer loop
      vertex 11.381162844141206 -6.199408018528482 2.7999999999999994
      vertex 11.418837155858794 -6.199408018528482 2.7999999999999994
      vertex 11.399999905167473 -6.199999997019768 2.7999999999999994
    endloop
  endfacet
  facet normal -0.09410831331854244 0.9955619646030773 0
    outer loop
      vertex 11.418837155858794 -6.199408018528482 2.7999999999999994
      vertex 11.437599970069291 -6.197634410394343 2.7999999999999994
      vertex 11.437599970069291 -6.197634410394343 2.7899999999999996
    endloop
  endfacet
  facet normal 0 0 -1
    outer loop
      vertex 11.418837155858794 -6.199408018528482 2.7999999999999994
      vertex 11.456214394375717 -6.194686175218607 2.7999999999999994
      vertex 11.437599970069291 -6.197634410394343 2.7999999999999994
    endloop
  endfacet
  facet normal -0.1564344650402258 0.9876883405951385 0
    outer loop
      vertex 11.437599970069291 -6.197634410394343 2.7899999999999996
      vertex 11.456214394375717 -6.194686175218607 2.7999999999999994
      vertex 11.456214394375717 -6.194686175218607 2.7899999999999996
    endloop
  endfacet
  facet normal -0.1564344650402258 0.9876883405951385 0
    outer loop
      vertex 11.437599970069291 -6.197634410394343 2.7899999999999996
      vertex 11.437599970069291 -6.197634410394343 2.7999999999999994
      vertex 11.456214394375717 -6.194686175218607 2.7999999999999994
    endloop
  endfacet
  facet normal 0 0 -1
    outer loop
      vertex 11.36240002993071 -6.197634410394343 2.7999999999999994
      vertex 11.492705098312484 -6.185316954888546 2.7999999999999994
      vertex 11.418837155858794 -6.199408018528482 2.7999999999999994
    endloop
  endfacet
  facet normal 0 0 -1
    outer loop
      vertex 11.418837155858794 -6.199408018528482 2.7999999999999994
      vertex 11.492705098312484 -6.185316954888546 2.7999999999999994
      vertex 11.456214394375717 -6.194686175218607 2.7999999999999994
    endloop
  endfacet
  facet normal -0.2181432413965182 0.9759167619387528 0
    outer loop
      vertex 11.456214394375717 -6.194686175218607 2.7899999999999996
      vertex 11.456214394375717 -6.194686175218607 2.7999999999999994
      vertex 11.474606966149457 -6.19057494833859 2.7999999999999994
    endloop
  endfacet
  facet normal 0 0 -1
    outer loop
      vertex 11.456214394375717 -6.194686175218607 2.7999999999999994
      vertex 11.492705098312484 -6.185316954888546 2.7999999999999994
      vertex 11.474606966149457 -6.19057494833859 2.7999999999999994
    endloop
  endfacet
  facet normal 0 0 -1
    outer loop
      vertex 11.168846027167264 -6.091227196924607 2.7999999999999994
      vertex 11.699408018528482 -5.918837155858794 2.7999999999999994
      vertex 11.492705098312484 -6.185316954888546 2.7999999999999994
    endloop
  endfacet
  facet normal -0.3387379202453021 0.9408807689542217 0
    outer loop
      vertex 11.510437365805403 -6.1789329457664754 2.7899999999999996
      vertex 11.492705098312484 -6.185316954888546 2.7999999999999994
      vertex 11.510437365805403 -6.1789329457664754 2.7999999999999994
    endloop
  endfacet
  facet normal 0 0 -1
    outer loop
      vertex 11.492705098312484 -6.185316954888546 2.7999999999999994
      vertex 11.527733787469522 -6.171448115739806 2.7999999999999994
      vertex 11.510437365805403 -6.1789329457664754 2.7999999999999994
    endloop
  endfacet
  facet normal -0.3971478906347693 0.917754625683986 0
    outer loop
      vertex 11.510437365805403 -6.1789329457664754 2.7899999999999996
      vertex 11.510437365805403 -6.1789329457664754 2.7999999999999994
      vertex 11.527733787469522 -6.171448115739806 2.7999999999999994
    endloop
  endfacet
  facet normal 0 0 -1
    outer loop
      vertex 11.492705098312484 -6.185316954888546 2.7999999999999994
      vertex 11.5607480384937 -6.153298377650605 2.7999999999999994
      vertex 11.527733787469522 -6.171448115739806 2.7999999999999994
    endloop
  endfacet
  facet normal 0 0 -1
    outer loop
      vertex 11.527733787469522 -6.171448115739806 2.7999999999999994
      vertex 11.5607480384937 -6.153298377650605 2.7999999999999994
      vertex 11.544526102230515 -6.162892004013159 2.7999999999999994
    endloop
  endfacet
  facet normal 0 0 -1
    outer loop
      vertex 11.492705098312484 -6.185316954888546 2.7999999999999994
      vertex 11.631153972832736 -6.091227196924607 2.7999999999999994
      vertex 11.5607480384937 -6.153298377650605 2.7999999999999994
    endloop
  endfacet
  facet normal 0 0 -1
    outer loop
      vertex 11.5607480384937 -6.153298377650605 2.7999999999999994
      vertex 11.591227196924608 -6.131153972832737 2.7999999999999994
      vertex 11.576335575687743 -6.142705098312485 2.7999999999999994
    endloop
  endfacet
  facet normal 0 0 -1
    outer loop
      vertex 11.5607480384937 -6.153298377650605 2.7999999999999994
      vertex 11.605364131778607 -6.118690588226424 2.7999999999999994
      vertex 11.591227196924608 -6.131153972832737 2.7999999999999994
    endloop
  endfacet
  facet normal 0 0 -1
    outer loop
      vertex 11.5607480384937 -6.153298377650605 2.7999999999999994
      vertex 11.631153972832736 -6.091227196924607 2.7999999999999994
      vertex 11.605364131778607 -6.118690588226424 2.7999999999999994
    endloop
  endfacet
  facet normal 0 0 -1
    outer loop
      vertex 11.605364131778607 -6.118690588226424 2.7999999999999994
      vertex 11.631153972832736 -6.091227196924607 2.7999999999999994
      vertex 11.618690588226423 -6.1053641317786065 2.7999999999999994
    endloop
  endfacet
  facet normal 0 0 -1
    outer loop
      vertex 11.492705098312484 -6.185316954888546 2.7999999999999994
      vertex 11.699408018528482 -5.918837155858794 2.7999999999999994
      vertex 11.631153972832736 -6.091227196924607 2.7999999999999994
    endloop
  endfacet
  facet normal 0 0 -1
    outer loop
      vertex 11.631153972832736 -6.091227196924607 2.7999999999999994
      vertex 11.678932945766476 -6.010437365805404 2.7999999999999994
      vertex 11.642705098312485 -6.076335575687742 2.7999999999999994
    endloop
  endfacet
  facet normal 0 0 -1
    outer loop
      vertex 11.642705098312485 -6.076335575687742 2.7999999999999994
      vertex 11.662892004013159 -6.044526102230515 2.7999999999999994
      vertex 11.653298377650605 -6.060748038493699 2.7999999999999994
    endloop
  endfacet
  facet normal 0 0 -1
    outer loop
      vertex 11.642705098312485 -6.076335575687742 2.7999999999999994
      vertex 11.678932945766476 -6.010437365805404 2.7999999999999994
      vertex 11.662892004013159 -6.044526102230515 2.7999999999999994
    endloop
  endfacet
  facet normal 0 0 -1
    outer loop
      vertex 11.662892004013159 -6.044526102230515 2.7999999999999994
      vertex 11.678932945766476 -6.010437365805404 2.7999999999999994
      vertex 11.671448115739807 -6.027733787469522 2.7999999999999994
    endloop
  endfacet
  facet normal 0 0 -1
    outer loop
      vertex 11.631153972832736 -6.091227196924607 2.7999999999999994
      vertex 11.699408018528482 -5.918837155858794 2.7999999999999994
      vertex 11.678932945766476 -6.010437365805404 2.7999999999999994
    endloop
  endfacet
  facet normal 0 0 -1
    outer loop
      vertex 11.678932945766476 -6.010437365805404 2.7999999999999994
      vertex 11.694686175218607 -5.956214394375718 2.7999999999999994
      vertex 11.685316954888547 -5.992705098312484 2.7999999999999994
    endloop
  endfacet
  facet normal 0 0 -1
    outer loop
      vertex 11.685316954888547 -5.992705098312484 2.7999999999999994
      vertex 11.694686175218607 -5.956214394375718 2.7999999999999994
      vertex 11.69057494833859 -5.974606966149457 2.7999999999999994
    endloop
  endfacet
  facet normal 0 0 -1
    outer loop
      vertex 11.678932945766476 -6.010437365805404 2.7999999999999994
      vertex 11.699408018528482 -5.918837155858794 2.7999999999999994
      vertex 11.694686175218607 -5.956214394375718 2.7999999999999994
    endloop
  endfacet
  facet normal 0 0 -1
    outer loop
      vertex 11.694686175218607 -5.956214394375718 2.7999999999999994
      vertex 11.699408018528482 -5.918837155858794 2.7999999999999994
      vertex 11.697634410394343 -5.937599970069291 2.7999999999999994
    endloop
  endfacet
  facet normal 0 0 -1
    outer loop
      vertex 11.168846027167264 -6.091227196924607 2.7999999999999994
      vertex 11.100000002980233 -5.900000094832527 2.7999999999999994
      vertex 11.157294901687516 6.076335575687742 2.7999999999999994
    endloop
  endfacet
  facet normal 0 0 -1
    outer loop
      vertex 11.168846027167264 -6.091227196924607 2.7999999999999994
      vertex 11.699999997019768 5.900000094832527 2.7999999999999994
      vertex 11.699408018528482 -5.918837155858794 2.7999999999999994
    endloop
  endfacet
  facet normal 0 0 -1
    outer loop
      vertex 11.699408018528482 -5.918837155858794 2.7999999999999994
      vertex 11.699999997019768 5.900000094832527 2.7999999999999994
      vertex 11.699999997019768 -5.900000094832527 2.7999999999999994
    endloop
  endfacet
  facet normal -1 0 0
    outer loop
      vertex 11.699999997019768 5.900000094832527 2.7999999999999994
      vertex 11.699999997019768 5.900000094832527 -3.4
      vertex 11.699999997019768 -5.900000094831226 -3.3999999999993165
    endloop
  endfacet
  facet normal 0.9995065603657316 -0.03141075907812376 0
    outer loop
      vertex 11.100000002980233 5.900000094832527 2.7999999999999994
      vertex 11.100000002980233 5.900000094832527 -3.4
      vertex 11.100591981471519 5.918837155858794 -3.4
    endloop
  endfacet
  facet normal 0.9955619646030774 -0.09410831331854246 0
    outer loop
      vertex 11.102365589605657 5.937599970069291 2.7999999999999994
      vertex 11.100591981471519 5.918837155858794 -3.4
      vertex 11.102365589605657 5.937599970069291 -3.4
    endloop
  endfacet
  facet normal 0.9876883405951398 -0.15643446504021852 0
    outer loop
      vertex 11.105313824781394 5.956214394375718 2.7999999999999994
      vertex 11.102365589605657 5.937599970069291 -3.4
      vertex 11.105313824781394 5.956214394375718 -3.4
    endloop
  endfacet
  facet normal 0.9759167619387505 -0.21814324139652824 0
    outer loop
      vertex 11.105313824781394 5.956214394375718 2.7999999999999994
      vertex 11.105313824781394 5.956214394375718 -3.4
      vertex 11.109425051661411 5.974606966149457 -3.4
    endloop
  endfacet
  facet normal 0.9602936856769518 -0.278991106039199 0
    outer loop
      vertex 11.109425051661411 5.974606966149457 2.7999999999999994
      vertex 11.109425051661411 5.974606966149457 -3.4
      vertex 11.114683045111454 5.992705098312484 -3.4
    endloop
  endfacet
  facet normal 0.9408807689542216 -0.338737920245302 0
    outer loop
      vertex 11.121067054233524 6.010437365805403 2.7999999999999994
      vertex 11.114683045111454 5.992705098312484 -3.4
      vertex 11.121067054233524 6.010437365805403 -3.4
    endloop
  endfacet
  facet normal 0.917754625683986 -0.39714789063476935 0
    outer loop
      vertex 11.128551884260194 6.027733787469522 2.7999999999999994
      vertex 11.121067054233524 6.010437365805403 -3.4
      vertex 11.128551884260194 6.027733787469522 -3.4
    endloop
  endfacet
  facet normal 0.8910065241883449 -0.4539904997395918 0
    outer loop
      vertex 11.128551884260194 6.027733787469522 2.7999999999999994
      vertex 11.128551884260194 6.027733787469522 -3.4
      vertex 11.137107995986842 6.044526102230515 -3.4
    endloop
  endfacet
  facet normal 0.8607420270039629 -0.5090414157503387 0
    outer loop
      vertex 11.146701622349395 6.060748038493699 2.7999999999999994
      vertex 11.137107995986842 6.044526102230515 -3.4
      vertex 11.146701622349395 6.060748038493699 -3.4
    endloop
  endfacet
  facet normal 0.8270805742745532 -0.5620833778521435 0
    outer loop
      vertex 11.157294901687516 6.076335575687742 2.7999999999999994
      vertex 11.146701622349395 6.060748038493699 -3.4
      vertex 11.157294901687516 6.076335575687742 -3.4
    endloop
  endfacet
  facet normal 0.7901550123756718 -0.6129070536530002 0
    outer loop
      vertex 11.168846027167264 6.091227196924607 2.7999999999999994
      vertex 11.157294901687516 6.076335575687742 -3.4
      vertex 11.168846027167264 6.091227196924607 -3.4
    endloop
  endfacet
  facet normal 0.7501110696304483 -0.6613118653236647 0
    outer loop
      vertex 11.168846027167264 6.091227196924607 2.7999999999999994
      vertex 11.168846027167264 6.091227196924607 -3.4
      vertex 11.181309411773578 6.1053641317786065 -3.4
    endloop
  endfacet
  facet normal 0.7071067811865946 -0.7071067811865004 0
    outer loop
      vertex 11.194635868221393 6.118690588226424 2.7999999999999994
      vertex 11.181309411773578 6.1053641317786065 -3.4
      vertex 11.194635868221393 6.118690588226424 -3.4
    endloop
  endfacet
  facet normal 0.661311865323618 -0.7501110696304895 0
    outer loop
      vertex 11.194635868221393 6.118690588226424 2.7999999999999994
      vertex 11.194635868221393 6.118690588226424 -3.4
      vertex 11.208772803075394 6.131153972832737 -3.4
    endloop
  endfacet
  facet normal 0.6129070536530166 -0.7901550123756592 0
    outer loop
      vertex 11.223664424312258 6.142705098312485 2.7999999999999994
      vertex 11.208772803075394 6.131153972832737 -3.4
      vertex 11.223664424312258 6.142705098312485 -3.4
    endloop
  endfacet
  facet normal 0.5620833778520892 -0.8270805742745899 0
    outer loop
      vertex 11.223664424312258 6.142705098312485 2.7999999999999994
      vertex 11.223664424312258 6.142705098312485 -3.4
      vertex 11.239251961506302 6.1532983776506045 -3.4
    endloop
  endfacet
  facet normal 0.5090414157503736 -0.8607420270039422 0
    outer loop
      vertex 11.255473897769486 6.162892004013159 2.7999999999999994
      vertex 11.239251961506302 6.1532983776506045 -3.4
      vertex 11.255473897769486 6.162892004013159 -3.4
    endloop
  endfacet
  facet normal 0.4539904997395544 -0.891006524188364 0
    outer loop
      vertex 11.255473897769486 6.162892004013159 2.7999999999999994
      vertex 11.255473897769486 6.162892004013159 -3.4
      vertex 11.272266212530479 6.171448115739806 -3.4
    endloop
  endfacet
  facet normal 0.39714789063476935 -0.917754625683986 0
    outer loop
      vertex 11.272266212530479 6.171448115739806 2.7999999999999994
      vertex 11.272266212530479 6.171448115739806 -3.4
      vertex 11.289562634194597 6.1789329457664754 -3.4
    endloop
  endfacet
  facet normal 0.338737920245302 -0.9408807689542216 0
    outer loop
      vertex 11.307294901687516 6.185316954888546 2.7999999999999994
      vertex 11.289562634194597 6.1789329457664754 -3.4
      vertex 11.307294901687516 6.185316954888546 -3.4
    endloop
  endfacet
  facet normal 0.27899110603924243 -0.9602936856769392 0
    outer loop
      vertex 11.307294901687516 6.185316954888546 2.7999999999999994
      vertex 11.307294901687516 6.185316954888546 -3.4
      vertex 11.325393033850544 6.19057494833859 -3.4
    endloop
  endfacet
  facet normal 0.21814324139651822 -0.9759167619387529 0
    outer loop
      vertex 11.325393033850544 6.19057494833859 2.7999999999999994
      vertex 11.325393033850544 6.19057494833859 -3.4
      vertex 11.343785605624284 6.194686175218607 -3.4
    endloop
  endfacet
  facet normal 0.15643446504022582 -0.9876883405951385 0
    outer loop
      vertex 11.36240002993071 6.197634410394343 2.7999999999999994
      vertex 11.343785605624284 6.194686175218607 -3.4
      vertex 11.36240002993071 6.197634410394343 -3.4
    endloop
  endfacet
  facet normal 0.09410831331854246 -0.9955619646030774 0
    outer loop
      vertex 11.381162844141206 6.199408018528482 2.7999999999999994
      vertex 11.36240002993071 6.197634410394343 -3.4
      vertex 11.381162844141206 6.199408018528482 -3.4
    endloop
  endfacet
  facet normal 0.03141075907812524 -0.9995065603657316 0
    outer loop
      vertex 11.381162844141206 6.199408018528482 2.7999999999999994
      vertex 11.381162844141206 6.199408018528482 -3.4
      vertex 11.399999905167473 6.199999997019768 -3.4
    endloop
  endfacet
  facet normal -0.21814324139651822 -0.9759167619387529 0
    outer loop
      vertex 11.456214394375717 6.194686175218607 2.7899999999999996
      vertex 11.456214394375717 6.194686175218607 -3.4
      vertex 11.474606966149457 6.19057494833859 -3.4
    endloop
  endfacet
  facet normal -0.27899110603924243 -0.9602936856769392 0
    outer loop
      vertex 11.492705098312484 6.185316954888546 2.7999999999999994
      vertex 11.474606966149457 6.19057494833859 -3.4
      vertex 11.492705098312484 6.185316954888546 -3.4
    endloop
  endfacet
  facet normal -0.338737920245302 -0.9408807689542216 0
    outer loop
      vertex 11.492705098312484 6.185316954888546 2.7999999999999994
      vertex 11.492705098312484 6.185316954888546 -3.4
      vertex 11.510437365805403 6.1789329457664754 -3.4
    endloop
  endfacet
  facet normal -0.4539904997395544 -0.891006524188364 0
    outer loop
      vertex 11.544526102230515 6.162892004013159 2.7999999999999994
      vertex 11.527733787469522 6.171448115739806 -3.4
      vertex 11.544526102230515 6.162892004013159 -3.4
    endloop
  endfacet
  facet normal -0.39714789063476935 -0.917754625683986 0
    outer loop
      vertex 11.527733787469522 6.171448115739806 2.7999999999999994
      vertex 11.510437365805403 6.1789329457664754 -3.4
      vertex 11.527733787469522 6.171448115739806 -3.4
    endloop
  endfacet
  facet normal -0.6129070536529709 -0.7901550123756947 0
    outer loop
      vertex 11.576335575687743 6.142705098312485 2.7999999999999994
      vertex 11.576335575687743 6.142705098312485 -3.4
      vertex 11.591227196924608 6.131153972832737 -3.4
    endloop
  endfacet
  facet normal -0.5090414157503736 -0.8607420270039422 0
    outer loop
      vertex 11.544526102230515 6.162892004013159 2.7999999999999994
      vertex 11.544526102230515 6.162892004013159 -3.4
      vertex 11.5607480384937 6.1532983776506045 -3.4
    endloop
  endfacet
  facet normal -0.5620833778520892 -0.8270805742745899 0
    outer loop
      vertex 11.5607480384937 6.1532983776506045 2.7999999999999994
      vertex 11.5607480384937 6.1532983776506045 -3.4
      vertex 11.576335575687743 6.142705098312485 -3.4
    endloop
  endfacet
  facet normal -0.0314104431272662 -0.9995065702948375 4.804405992032253e-10
    outer loop
      vertex 11.4 6.199999997019768 2.7999999999999994
      vertex 11.399999905167473 6.199999997019768 -3.4
      vertex 11.418837155858794 6.199408018528482 -3.4
    endloop
  endfacet
  facet normal -0.09410831331854244 -0.9955619646030773 0
    outer loop
      vertex 11.418837155858794 6.199408018528482 2.7899999999999996
      vertex 11.418837155858794 6.199408018528482 -3.4
      vertex 11.437599970069291 6.197634410394343 -3.4
    endloop
  endfacet
  facet normal -0.15643446504022576 -0.9876883405951385 0
    outer loop
      vertex 11.456214394375717 6.194686175218607 2.7899999999999996
      vertex 11.437599970069291 6.197634410394343 -3.4
      vertex 11.456214394375717 6.194686175218607 -3.4
    endloop
  endfacet
  facet normal -0.9602936856769518 -0.27899110603919897 0
    outer loop
      vertex 11.685316954888547 5.992705098312484 2.7899999999999996
      vertex 11.685316954888547 5.992705098312484 -3.4
      vertex 11.69057494833859 5.974606966149457 -3.4
    endloop
  endfacet
  facet normal -0.9995065603657317 -0.03141075907812376 0
    outer loop
      vertex 11.699408018528482 5.918837155858794 2.7899999999999996
      vertex 11.699408018528482 5.918837155858794 -3.4
      vertex 11.699999997019768 5.900000094832527 -3.4
    endloop
  endfacet
  facet normal -0.9955619646030773 -0.09410831331854244 0
    outer loop
      vertex 11.699408018528482 5.918837155858794 2.7899999999999996
      vertex 11.697634410394343 5.937599970069291 -3.4
      vertex 11.699408018528482 5.918837155858794 -3.4
    endloop
  endfacet
  facet normal -0.9876883405951397 -0.1564344650402185 0
    outer loop
      vertex 11.694686175218607 5.956214394375718 2.7899999999999996
      vertex 11.694686175218607 5.956214394375718 -3.4
      vertex 11.697634410394343 5.937599970069291 -3.4
    endloop
  endfacet
  facet normal -0.9759167619387507 -0.21814324139652824 0
    outer loop
      vertex 11.694686175218607 5.956214394375718 2.7899999999999996
      vertex 11.69057494833859 5.974606966149457 -3.4
      vertex 11.694686175218607 5.956214394375718 -3.4
    endloop
  endfacet
  facet normal -0.7901550123756719 -0.6129070536530004 0
    outer loop
      vertex 11.642705098312485 6.076335575687742 2.7899999999999996
      vertex 11.631153972832736 6.091227196924607 -3.4
      vertex 11.642705098312485 6.076335575687742 -3.4
    endloop
  endfacet
  facet normal -0.8910065241883449 -0.45399049973959177 0
    outer loop
      vertex 11.662892004013159 6.044526102230515 2.7899999999999996
      vertex 11.662892004013159 6.044526102230515 -3.4
      vertex 11.671448115739807 6.027733787469522 -3.4
    endloop
  endfacet
  facet normal -0.9408807689542216 -0.338737920245302 0
    outer loop
      vertex 11.685316954888547 5.992705098312484 2.7899999999999996
      vertex 11.678932945766476 6.010437365805403 -3.4
      vertex 11.685316954888547 5.992705098312484 -3.4
    endloop
  endfacet
  facet normal -0.917754625683986 -0.39714789063476935 0
    outer loop
      vertex 11.671448115739807 6.027733787469522 2.7999999999999994
      vertex 11.671448115739807 6.027733787469522 -3.4
      vertex 11.678932945766476 6.010437365805403 -3.4
    endloop
  endfacet
  facet normal -0.860742027003963 -0.5090414157503387 0
    outer loop
      vertex 11.662892004013159 6.044526102230515 2.7899999999999996
      vertex 11.653298377650605 6.060748038493699 -3.4
      vertex 11.662892004013159 6.044526102230515 -3.4
    endloop
  endfacet
  facet normal -0.8270805742745532 -0.5620833778521434 0
    outer loop
      vertex 11.642705098312485 6.076335575687742 2.7899999999999996
      vertex 11.642705098312485 6.076335575687742 -3.4
      vertex 11.653298377650605 6.060748038493699 -3.4
    endloop
  endfacet
  facet normal -0.7071067811865711 -0.7071067811865239 0
    outer loop
      vertex 11.605364131778607 6.118690588226424 2.7999999999999994
      vertex 11.605364131778607 6.118690588226424 -3.4
      vertex 11.618690588226423 6.105364131778607 -3.4
    endloop
  endfacet
  facet normal -0.6613118653236647 -0.7501110696304483 0
    outer loop
      vertex 11.605364131778607 6.118690588226424 2.7999999999999994
      vertex 11.591227196924608 6.131153972832737 -3.4
      vertex 11.605364131778607 6.118690588226424 -3.4
    endloop
  endfacet
  facet normal -0.7501110696304688 -0.6613118653236413 0
    outer loop
      vertex 11.618690588226423 6.105364131778607 2.7999999999999994
      vertex 11.618690588226423 6.105364131778607 -3.4
      vertex 11.631153972832736 6.091227196924607 -3.4
    endloop
  endfacet
  facet normal 1 0 0
    outer loop
      vertex 11.100000002980233 -5.900000094832527 2.7999999999999994
      vertex 11.100000002980233 5.900000094832527 -3.4
      vertex 11.100000002980233 5.900000094832527 2.7999999999999994
    endloop
  endfacet
  facet normal 0.9995065603657316 -0.03141075907812376 0
    outer loop
      vertex 11.100000002980233 5.900000094832527 2.7999999999999994
      vertex 11.100591981471519 5.918837155858794 -3.4
      vertex 11.100591981471519 5.918837155858794 2.7999999999999994
    endloop
  endfacet
  facet normal 0.9955619646030774 -0.09410831331854246 0
    outer loop
      vertex 11.100591981471519 5.918837155858794 2.7999999999999994
      vertex 11.100591981471519 5.918837155858794 -3.4
      vertex 11.102365589605657 5.937599970069291 2.7999999999999994
    endloop
  endfacet
  facet normal 0.9876883405951398 -0.15643446504021852 0
    outer loop
      vertex 11.102365589605657 5.937599970069291 2.7999999999999994
      vertex 11.102365589605657 5.937599970069291 -3.4
      vertex 11.105313824781394 5.956214394375718 2.7999999999999994
    endloop
  endfacet
  facet normal 0.9759167619387505 -0.21814324139652824 0
    outer loop
      vertex 11.105313824781394 5.956214394375718 2.7999999999999994
      vertex 11.109425051661411 5.974606966149457 -3.4
      vertex 11.109425051661411 5.974606966149457 2.7999999999999994
    endloop
  endfacet
  facet normal 0.9602936856769518 -0.278991106039199 0
    outer loop
      vertex 11.109425051661411 5.974606966149457 2.7999999999999994
      vertex 11.114683045111454 5.992705098312484 -3.4
      vertex 11.114683045111454 5.992705098312484 2.7999999999999994
    endloop
  endfacet
  facet normal 0.9408807689542216 -0.338737920245302 0
    outer loop
      vertex 11.114683045111454 5.992705098312484 2.7999999999999994
      vertex 11.114683045111454 5.992705098312484 -3.4
      vertex 11.121067054233524 6.010437365805403 2.7999999999999994
    endloop
  endfacet
  facet normal 0.917754625683986 -0.39714789063476935 0
    outer loop
      vertex 11.121067054233524 6.010437365805403 2.7999999999999994
      vertex 11.121067054233524 6.010437365805403 -3.4
      vertex 11.128551884260194 6.027733787469522 2.7999999999999994
    endloop
  endfacet
  facet normal 0.8910065241883449 -0.4539904997395918 0
    outer loop
      vertex 11.128551884260194 6.027733787469522 2.7999999999999994
      vertex 11.137107995986842 6.044526102230515 -3.4
      vertex 11.137107995986842 6.044526102230515 2.7999999999999994
    endloop
  endfacet
  facet normal 0.8607420270039629 -0.5090414157503387 0
    outer loop
      vertex 11.137107995986842 6.044526102230515 2.7999999999999994
      vertex 11.137107995986842 6.044526102230515 -3.4
      vertex 11.146701622349395 6.060748038493699 2.7999999999999994
    endloop
  endfacet
  facet normal 0.8270805742745532 -0.5620833778521435 0
    outer loop
      vertex 11.146701622349395 6.060748038493699 2.7999999999999994
      vertex 11.146701622349395 6.060748038493699 -3.4
      vertex 11.157294901687516 6.076335575687742 2.7999999999999994
    endloop
  endfacet
  facet normal 0.7901550123756718 -0.6129070536530002 0
    outer loop
      vertex 11.157294901687516 6.076335575687742 2.7999999999999994
      vertex 11.157294901687516 6.076335575687742 -3.4
      vertex 11.168846027167264 6.091227196924607 2.7999999999999994
    endloop
  endfacet
  facet normal 0.7501110696304483 -0.6613118653236647 0
    outer loop
      vertex 11.168846027167264 6.091227196924607 2.7999999999999994
      vertex 11.181309411773578 6.1053641317786065 -3.4
      vertex 11.181309411773578 6.1053641317786065 2.7999999999999994
    endloop
  endfacet
  facet normal 0.7071067811865946 -0.7071067811865004 0
    outer loop
      vertex 11.181309411773578 6.1053641317786065 2.7999999999999994
      vertex 11.181309411773578 6.1053641317786065 -3.4
      vertex 11.194635868221393 6.118690588226424 2.7999999999999994
    endloop
  endfacet
  facet normal 0.661311865323618 -0.7501110696304895 0
    outer loop
      vertex 11.194635868221393 6.118690588226424 2.7999999999999994
      vertex 11.208772803075394 6.131153972832737 -3.4
      vertex 11.208772803075394 6.131153972832737 2.7999999999999994
    endloop
  endfacet
  facet normal 0.6129070536530166 -0.7901550123756592 0
    outer loop
      vertex 11.208772803075394 6.131153972832737 2.7999999999999994
      vertex 11.208772803075394 6.131153972832737 -3.4
      vertex 11.223664424312258 6.142705098312485 2.7999999999999994
    endloop
  endfacet
  facet normal 0.5620833778520892 -0.8270805742745899 0
    outer loop
      vertex 11.223664424312258 6.142705098312485 2.7999999999999994
      vertex 11.239251961506302 6.1532983776506045 -3.4
      vertex 11.239251961506302 6.1532983776506045 2.7999999999999994
    endloop
  endfacet
  facet normal 0.5090414157503736 -0.8607420270039422 0
    outer loop
      vertex 11.239251961506302 6.1532983776506045 2.7999999999999994
      vertex 11.239251961506302 6.1532983776506045 -3.4
      vertex 11.255473897769486 6.162892004013159 2.7999999999999994
    endloop
  endfacet
  facet normal 0.4539904997395544 -0.891006524188364 0
    outer loop
      vertex 11.255473897769486 6.162892004013159 2.7999999999999994
      vertex 11.272266212530479 6.171448115739806 -3.4
      vertex 11.272266212530479 6.171448115739806 2.7999999999999994
    endloop
  endfacet
  facet normal 0.39714789063476935 -0.917754625683986 0
    outer loop
      vertex 11.272266212530479 6.171448115739806 2.7999999999999994
      vertex 11.289562634194597 6.1789329457664754 -3.4
      vertex 11.289562634194597 6.1789329457664754 2.7999999999999994
    endloop
  endfacet
  facet normal 0.338737920245302 -0.9408807689542216 0
    outer loop
      vertex 11.289562634194597 6.1789329457664754 2.7999999999999994
      vertex 11.289562634194597 6.1789329457664754 -3.4
      vertex 11.307294901687516 6.185316954888546 2.7999999999999994
    endloop
  endfacet
  facet normal 0.27899110603924243 -0.9602936856769392 0
    outer loop
      vertex 11.307294901687516 6.185316954888546 2.7999999999999994
      vertex 11.325393033850544 6.19057494833859 -3.4
      vertex 11.325393033850544 6.19057494833859 2.7999999999999994
    endloop
  endfacet
  facet normal 0.21814324139651822 -0.9759167619387529 0
    outer loop
      vertex 11.325393033850544 6.19057494833859 2.7999999999999994
      vertex 11.343785605624284 6.194686175218607 -3.4
      vertex 11.343785605624284 6.194686175218607 2.7999999999999994
    endloop
  endfacet
  facet normal 0.15643446504022582 -0.9876883405951385 0
    outer loop
      vertex 11.343785605624284 6.194686175218607 2.7999999999999994
      vertex 11.343785605624284 6.194686175218607 -3.4
      vertex 11.36240002993071 6.197634410394343 2.7999999999999994
    endloop
  endfacet
  facet normal 0.09410831331854246 -0.9955619646030774 0
    outer loop
      vertex 11.36240002993071 6.197634410394343 2.7999999999999994
      vertex 11.36240002993071 6.197634410394343 -3.4
      vertex 11.381162844141206 6.199408018528482 2.7999999999999994
    endloop
  endfacet
  facet normal -0.21814324139651822 -0.9759167619387529 0
    outer loop
      vertex 11.456214394375717 6.194686175218607 2.7899999999999996
      vertex 11.474606966149457 6.19057494833859 -3.4
      vertex 11.474606966149457 6.19057494833859 2.7999999999999994
    endloop
  endfacet
  facet normal -0.27899110603924243 -0.9602936856769392 0
    outer loop
      vertex 11.474606966149457 6.19057494833859 2.7999999999999994
      vertex 11.474606966149457 6.19057494833859 -3.4
      vertex 11.492705098312484 6.185316954888546 2.7999999999999994
    endloop
  endfacet
  facet normal -0.338737920245302 -0.9408807689542216 0
    outer loop
      vertex 11.492705098312484 6.185316954888546 2.7999999999999994
      vertex 11.510437365805403 6.1789329457664754 -3.4
      vertex 11.510437365805403 6.1789329457664754 2.7999999999999994
    endloop
  endfacet
  facet normal -0.4539904997395544 -0.891006524188364 0
    outer loop
      vertex 11.527733787469522 6.171448115739806 2.7999999999999994
      vertex 11.527733787469522 6.171448115739806 -3.4
      vertex 11.544526102230515 6.162892004013159 2.7999999999999994
    endloop
  endfacet
  facet normal -0.39714789063476935 -0.917754625683986 0
    outer loop
      vertex 11.510437365805403 6.1789329457664754 2.7999999999999994
      vertex 11.510437365805403 6.1789329457664754 -3.4
      vertex 11.527733787469522 6.171448115739806 2.7999999999999994
    endloop
  endfacet
  facet normal -0.6129070536529709 -0.7901550123756947 0
    outer loop
      vertex 11.591227196924608 6.131153972832737 2.7999999999999994
      vertex 11.576335575687743 6.142705098312485 2.7999999999999994
      vertex 11.591227196924608 6.131153972832737 -3.4
    endloop
  endfacet
  facet normal -0.5090414157503736 -0.8607420270039422 0
    outer loop
      vertex 11.544526102230515 6.162892004013159 2.7999999999999994
      vertex 11.5607480384937 6.1532983776506045 -3.4
      vertex 11.5607480384937 6.1532983776506045 2.7999999999999994
    endloop
  endfacet
  facet normal -0.5620833778520892 -0.8270805742745899 0
    outer loop
      vertex 11.5607480384937 6.1532983776506045 2.7999999999999994
      vertex 11.576335575687743 6.142705098312485 -3.4
      vertex 11.576335575687743 6.142705098312485 2.7999999999999994
    endloop
  endfacet
  facet normal -0.031410601101901595 -0.999506565330322 0
    outer loop
      vertex 11.4 6.199999997019768 2.7999999999999994
      vertex 11.418837155858794 6.199408018528482 -3.4
      vertex 11.418837155858794 6.199408018528482 2.7899999999999996
    endloop
  endfacet
  facet normal -0.09410831331854244 -0.9955619646030773 0
    outer loop
      vertex 11.418837155858794 6.199408018528482 2.7899999999999996
      vertex 11.437599970069291 6.197634410394343 -3.4
      vertex 11.437599970069291 6.197634410394343 2.7899999999999996
    endloop
  endfacet
  facet normal 0.031410601101901595 -0.9995065653303221 -4.804430155093489e-10
    outer loop
      vertex 11.381162844141206 6.199408018528482 2.7999999999999994
      vertex 11.399999905167473 6.199999997019768 -3.4
      vertex 11.4 6.199999997019768 2.7999999999999994
    endloop
  endfacet
  facet normal -0.15643446504022576 -0.9876883405951385 0
    outer loop
      vertex 11.437599970069291 6.197634410394343 2.7899999999999996
      vertex 11.437599970069291 6.197634410394343 -3.4
      vertex 11.456214394375717 6.194686175218607 2.7899999999999996
    endloop
  endfacet
  facet normal -0.960293685676952 -0.27899110603919897 0
    outer loop
      vertex 11.685316954888547 5.992705098312484 2.7899999999999996
      vertex 11.69057494833859 5.974606966149457 -3.4
      vertex 11.685316954888547 5.992705098312484 2.7999999999999994
    endloop
  endfacet
  facet normal -0.9602936856769518 -0.278991106039199 0
    outer loop
      vertex 11.69057494833859 5.974606966149457 2.7999999999999994
      vertex 11.685316954888547 5.992705098312484 2.7999999999999994
      vertex 11.69057494833859 5.974606966149457 -3.4
    endloop
  endfacet
  facet normal -0.9995065603657316 -0.03141075907812376 0
    outer loop
      vertex 11.699999997019768 5.900000094832527 2.7999999999999994
      vertex 11.699408018528482 5.918837155858794 2.7899999999999996
      vertex 11.699999997019768 5.900000094832527 -3.4
    endloop
  endfacet
  facet normal -0.9955619646030773 -0.09410831331854244 0
    outer loop
      vertex 11.699408018528482 5.918837155858794 2.7899999999999996
      vertex 11.697634410394343 5.937599970069291 2.7899999999999996
      vertex 11.697634410394343 5.937599970069291 -3.4
    endloop
  endfacet
  facet normal -0.9876883405951397 -0.1564344650402185 0
    outer loop
      vertex 11.697634410394343 5.937599970069291 2.7899999999999996
      vertex 11.694686175218607 5.956214394375718 2.7899999999999996
      vertex 11.697634410394343 5.937599970069291 -3.4
    endloop
  endfacet
  facet normal -0.9759167619387507 -0.21814324139652824 0
    outer loop
      vertex 11.694686175218607 5.956214394375718 2.7899999999999996
      vertex 11.694686175218607 5.956214394375718 2.7999999999999994
      vertex 11.69057494833859 5.974606966149457 -3.4
    endloop
  endfacet
  facet normal -0.9759167619387505 -0.21814324139652824 0
    outer loop
      vertex 11.69057494833859 5.974606966149457 2.7999999999999994
      vertex 11.69057494833859 5.974606966149457 -3.4
      vertex 11.694686175218607 5.956214394375718 2.7999999999999994
    endloop
  endfacet
  facet normal -0.7901550123756719 -0.6129070536530004 0
    outer loop
      vertex 11.642705098312485 6.076335575687742 2.7899999999999996
      vertex 11.642705098312485 6.076335575687742 2.7999999999999994
      vertex 11.631153972832736 6.091227196924607 -3.4
    endloop
  endfacet
  facet normal -0.7901550123756718 -0.6129070536530002 0
    outer loop
      vertex 11.642705098312485 6.076335575687742 2.7999999999999994
      vertex 11.631153972832736 6.091227196924607 2.7999999999999994
      vertex 11.631153972832736 6.091227196924607 -3.4
    endloop
  endfacet
  facet normal -0.891006524188345 -0.4539904997395919 0
    outer loop
      vertex 11.662892004013159 6.044526102230515 2.7899999999999996
      vertex 11.671448115739807 6.027733787469522 -3.4
      vertex 11.662892004013159 6.044526102230515 2.7999999999999994
    endloop
  endfacet
  facet normal -0.9408807689542217 -0.3387379202453021 0
    outer loop
      vertex 11.685316954888547 5.992705098312484 2.7899999999999996
      vertex 11.685316954888547 5.992705098312484 2.7999999999999994
      vertex 11.678932945766476 6.010437365805403 -3.4
    endloop
  endfacet
  facet normal -0.9408807689542216 -0.338737920245302 0
    outer loop
      vertex 11.685316954888547 5.992705098312484 2.7999999999999994
      vertex 11.678932945766476 6.010437365805403 2.7999999999999994
      vertex 11.678932945766476 6.010437365805403 -3.4
    endloop
  endfacet
  facet normal -0.917754625683986 -0.39714789063476935 0
    outer loop
      vertex 11.678932945766476 6.010437365805403 2.7999999999999994
      vertex 11.671448115739807 6.027733787469522 2.7999999999999994
      vertex 11.678932945766476 6.010437365805403 -3.4
    endloop
  endfacet
  facet normal -0.8910065241883449 -0.4539904997395918 0
    outer loop
      vertex 11.662892004013159 6.044526102230515 2.7999999999999994
      vertex 11.671448115739807 6.027733787469522 -3.4
      vertex 11.671448115739807 6.027733787469522 2.7999999999999994
    endloop
  endfacet
  facet normal -0.8607420270039629 -0.5090414157503388 0
    outer loop
      vertex 11.662892004013159 6.044526102230515 2.7899999999999996
      vertex 11.662892004013159 6.044526102230515 2.7999999999999994
      vertex 11.653298377650605 6.060748038493699 -3.4
    endloop
  endfacet
  facet normal -0.8270805742745531 -0.5620833778521434 0
    outer loop
      vertex 11.642705098312485 6.076335575687742 2.7899999999999996
      vertex 11.653298377650605 6.060748038493699 -3.4
      vertex 11.642705098312485 6.076335575687742 2.7999999999999994
    endloop
  endfacet
  facet normal -0.8607420270039629 -0.5090414157503387 0
    outer loop
      vertex 11.653298377650605 6.060748038493699 2.7999999999999994
      vertex 11.653298377650605 6.060748038493699 -3.4
      vertex 11.662892004013159 6.044526102230515 2.7999999999999994
    endloop
  endfacet
  facet normal -0.8270805742745532 -0.5620833778521435 0
    outer loop
      vertex 11.653298377650605 6.060748038493699 2.7999999999999994
      vertex 11.642705098312485 6.076335575687742 2.7999999999999994
      vertex 11.653298377650605 6.060748038493699 -3.4
    endloop
  endfacet
  facet normal -0.7071067811865711 -0.7071067811865239 0
    outer loop
      vertex 11.605364131778607 6.118690588226424 2.7999999999999994
      vertex 11.618690588226423 6.105364131778607 -3.4
      vertex 11.618690588226423 6.105364131778607 2.7999999999999994
    endloop
  endfacet
  facet normal -0.6613118653236647 -0.7501110696304483 0
    outer loop
      vertex 11.605364131778607 6.118690588226424 2.7999999999999994
      vertex 11.591227196924608 6.131153972832737 2.7999999999999994
      vertex 11.591227196924608 6.131153972832737 -3.4
    endloop
  endfacet
  facet normal -0.7501110696304688 -0.6613118653236413 0
    outer loop
      vertex 11.631153972832736 6.091227196924607 2.7999999999999994
      vertex 11.618690588226423 6.105364131778607 2.7999999999999994
      vertex 11.631153972832736 6.091227196924607 -3.4
    endloop
  endfacet
  facet normal 0 0 -1
    outer loop
      vertex 11.100000002980233 -5.900000094832527 2.7999999999999994
      vertex 11.100000002980233 5.900000094832527 2.7999999999999994
      vertex 11.157294901687516 6.076335575687742 2.7999999999999994
    endloop
  endfacet
  facet normal 0 0 -1
    outer loop
      vertex 11.168846027167264 -6.091227196924607 2.7999999999999994
      vertex 11.157294901687516 6.076335575687742 2.7999999999999994
      vertex 11.699999997019768 5.900000094832527 2.7999999999999994
    endloop
  endfacet
  facet normal 0 0 -1
    outer loop
      vertex 11.100000002980233 5.900000094832527 2.7999999999999994
      vertex 11.100591981471519 5.918837155858794 2.7999999999999994
      vertex 11.102365589605657 5.937599970069291 2.7999999999999994
    endloop
  endfacet
  facet normal 0 0 -1
    outer loop
      vertex 11.100000002980233 5.900000094832527 2.7999999999999994
      vertex 11.102365589605657 5.937599970069291 2.7999999999999994
      vertex 11.105313824781394 5.956214394375718 2.7999999999999994
    endloop
  endfacet
  facet normal 0 0 -1
    outer loop
      vertex 11.100000002980233 5.900000094832527 2.7999999999999994
      vertex 11.105313824781394 5.956214394375718 2.7999999999999994
      vertex 11.121067054233524 6.010437365805403 2.7999999999999994
    endloop
  endfacet
  facet normal 0 0 -1
    outer loop
      vertex 11.105313824781394 5.956214394375718 2.7999999999999994
      vertex 11.109425051661411 5.974606966149457 2.7999999999999994
      vertex 11.121067054233524 6.010437365805403 2.7999999999999994
    endloop
  endfacet
  facet normal 0 0 -1
    outer loop
      vertex 11.109425051661411 5.974606966149457 2.7999999999999994
      vertex 11.114683045111454 5.992705098312484 2.7999999999999994
      vertex 11.121067054233524 6.010437365805403 2.7999999999999994
    endloop
  endfacet
  facet normal 0 0 -1
    outer loop
      vertex 11.100000002980233 5.900000094832527 2.7999999999999994
      vertex 11.121067054233524 6.010437365805403 2.7999999999999994
      vertex 11.157294901687516 6.076335575687742 2.7999999999999994
    endloop
  endfacet
  facet normal 0 0 -1
    outer loop
      vertex 11.121067054233524 6.010437365805403 2.7999999999999994
      vertex 11.128551884260194 6.027733787469522 2.7999999999999994
      vertex 11.137107995986842 6.044526102230515 2.7999999999999994
    endloop
  endfacet
  facet normal 0 0 -1
    outer loop
      vertex 11.121067054233524 6.010437365805403 2.7999999999999994
      vertex 11.137107995986842 6.044526102230515 2.7999999999999994
      vertex 11.157294901687516 6.076335575687742 2.7999999999999994
    endloop
  endfacet
  facet normal 0 0 -1
    outer loop
      vertex 11.137107995986842 6.044526102230515 2.7999999999999994
      vertex 11.146701622349395 6.060748038493699 2.7999999999999994
      vertex 11.157294901687516 6.076335575687742 2.7999999999999994
    endloop
  endfacet
  facet normal 0 0 -1
    outer loop
      vertex 11.157294901687516 6.076335575687742 2.7999999999999994
      vertex 11.168846027167264 6.091227196924607 2.7999999999999994
      vertex 11.194635868221393 6.118690588226424 2.7999999999999994
    endloop
  endfacet
  facet normal 0 0 -1
    outer loop
      vertex 11.168846027167264 6.091227196924607 2.7999999999999994
      vertex 11.181309411773578 6.1053641317786065 2.7999999999999994
      vertex 11.194635868221393 6.118690588226424 2.7999999999999994
    endloop
  endfacet
  facet normal 0 0 -1
    outer loop
      vertex 11.157294901687516 6.076335575687742 2.7999999999999994
      vertex 11.194635868221393 6.118690588226424 2.7999999999999994
      vertex 11.223664424312258 6.142705098312485 2.7999999999999994
    endloop
  endfacet
  facet normal 0 0 -1
    outer loop
      vertex 11.194635868221393 6.118690588226424 2.7999999999999994
      vertex 11.208772803075394 6.131153972832737 2.7999999999999994
      vertex 11.223664424312258 6.142705098312485 2.7999999999999994
    endloop
  endfacet
  facet normal 0 0 -1
    outer loop
      vertex 11.157294901687516 6.076335575687742 2.7999999999999994
      vertex 11.223664424312258 6.142705098312485 2.7999999999999994
      vertex 11.307294901687516 6.185316954888546 2.7999999999999994
    endloop
  endfacet
  facet normal 0 0 -1
    outer loop
      vertex 11.223664424312258 6.142705098312485 2.7999999999999994
      vertex 11.239251961506302 6.1532983776506045 2.7999999999999994
      vertex 11.255473897769486 6.162892004013159 2.7999999999999994
    endloop
  endfacet
  facet normal 0 0 -1
    outer loop
      vertex 11.223664424312258 6.142705098312485 2.7999999999999994
      vertex 11.255473897769486 6.162892004013159 2.7999999999999994
      vertex 11.307294901687516 6.185316954888546 2.7999999999999994
    endloop
  endfacet
  facet normal 0 0 -1
    outer loop
      vertex 11.255473897769486 6.162892004013159 2.7999999999999994
      vertex 11.272266212530479 6.171448115739806 2.7999999999999994
      vertex 11.307294901687516 6.185316954888546 2.7999999999999994
    endloop
  endfacet
  facet normal 0 0 -1
    outer loop
      vertex 11.272266212530479 6.171448115739806 2.7999999999999994
      vertex 11.289562634194597 6.1789329457664754 2.7999999999999994
      vertex 11.307294901687516 6.185316954888546 2.7999999999999994
    endloop
  endfacet
  facet normal 0 0 -1
    outer loop
      vertex 11.157294901687516 6.076335575687742 2.7999999999999994
      vertex 11.307294901687516 6.185316954888546 2.7999999999999994
      vertex 11.492705098312484 6.185316954888546 2.7999999999999994
    endloop
  endfacet
  facet normal 0 0 -1
    outer loop
      vertex 11.307294901687516 6.185316954888546 2.7999999999999994
      vertex 11.325393033850544 6.19057494833859 2.7999999999999994
      vertex 11.36240002993071 6.197634410394343 2.7999999999999994
    endloop
  endfacet
  facet normal 0 0 -1
    outer loop
      vertex 11.325393033850544 6.19057494833859 2.7999999999999994
      vertex 11.343785605624284 6.194686175218607 2.7999999999999994
      vertex 11.36240002993071 6.197634410394343 2.7999999999999994
    endloop
  endfacet
  facet normal 0 0 -1
    outer loop
      vertex 11.307294901687516 6.185316954888546 2.7999999999999994
      vertex 11.36240002993071 6.197634410394343 2.7999999999999994
      vertex 11.4 6.199999997019768 2.7999999999999994
    endloop
  endfacet
  facet normal 0 0 -1
    outer loop
      vertex 11.36240002993071 6.197634410394343 2.7999999999999994
      vertex 11.381162844141206 6.199408018528482 2.7999999999999994
      vertex 11.4 6.199999997019768 2.7999999999999994
    endloop
  endfacet
  facet normal 0 0 -1
    outer loop
      vertex 11.157294901687516 6.076335575687742 2.7999999999999994
      vertex 11.492705098312484 6.185316954888546 2.7999999999999994
      vertex 11.699999997019768 5.900000094832527 2.7999999999999994
    endloop
  endfacet
  facet normal 0 0 -1
    outer loop
      vertex 11.307294901687516 6.185316954888546 2.7999999999999994
      vertex 11.4 6.199999997019768 2.7999999999999994
      vertex 11.492705098312484 6.185316954888546 2.7999999999999994
    endloop
  endfacet
  facet normal 0 0 -1
    outer loop
      vertex 11.4 6.199999997019768 2.7999999999999994
      vertex 11.437599970069291 6.197634410394343 2.7999999999999994
      vertex 11.492705098312484 6.185316954888546 2.7999999999999994
    endloop
  endfacet
  facet normal 0 0 -1
    outer loop
      vertex 11.437599970069291 6.197634410394343 2.7999999999999994
      vertex 11.456214394375717 6.194686175218607 2.7999999999999994
      vertex 11.474606966149457 6.19057494833859 2.7999999999999994
    endloop
  endfacet
  facet normal -0.2181432413965182 -0.9759167619387528 0
    outer loop
      vertex 11.456214394375717 6.194686175218607 2.7899999999999996
      vertex 11.474606966149457 6.19057494833859 2.7999999999999994
      vertex 11.456214394375717 6.194686175218607 2.7999999999999994
    endloop
  endfacet
  facet normal 0 0 -1
    outer loop
      vertex 11.437599970069291 6.197634410394343 2.7999999999999994
      vertex 11.474606966149457 6.19057494833859 2.7999999999999994
      vertex 11.492705098312484 6.185316954888546 2.7999999999999994
    endloop
  endfacet
  facet normal 0 0 -1
    outer loop
      vertex 11.492705098312484 6.185316954888546 2.7999999999999994
      vertex 11.510437365805403 6.1789329457664754 2.7999999999999994
      vertex 11.527733787469522 6.171448115739806 2.7999999999999994
    endloop
  endfacet
  facet normal 0 0 -1
    outer loop
      vertex 11.492705098312484 6.185316954888546 2.7999999999999994
      vertex 11.527733787469522 6.171448115739806 2.7999999999999994
      vertex 11.576335575687743 6.142705098312485 2.7999999999999994
    endloop
  endfacet
  facet normal 0 0 -1
    outer loop
      vertex 11.642705098312485 6.076335575687742 2.7999999999999994
      vertex 11.492705098312484 6.185316954888546 2.7999999999999994
      vertex 11.576335575687743 6.142705098312485 2.7999999999999994
    endloop
  endfacet
  facet normal 0 0 -1
    outer loop
      vertex 11.527733787469522 6.171448115739806 2.7999999999999994
      vertex 11.544526102230515 6.162892004013159 2.7999999999999994
      vertex 11.576335575687743 6.142705098312485 2.7999999999999994
    endloop
  endfacet
  facet normal 0 0 -1
    outer loop
      vertex 11.544526102230515 6.162892004013159 2.7999999999999994
      vertex 11.5607480384937 6.1532983776506045 2.7999999999999994
      vertex 11.576335575687743 6.142705098312485 2.7999999999999994
    endloop
  endfacet
  facet normal -0.031410601101901595 -0.999506565330322 0
    outer loop
      vertex 11.4 6.199999997019768 2.7999999999999994
      vertex 11.418837155858794 6.199408018528482 2.7899999999999996
      vertex 11.418837155858794 6.199408018528482 2.7999999999999994
    endloop
  endfacet
  facet normal -0.09410831331854244 -0.9955619646030773 0
    outer loop
      vertex 11.418837155858794 6.199408018528482 2.7899999999999996
      vertex 11.437599970069291 6.197634410394343 2.7899999999999996
      vertex 11.437599970069291 6.197634410394343 2.7999999999999994
    endloop
  endfacet
  facet normal 0 0 -1
    outer loop
      vertex 11.4 6.199999997019768 2.7999999999999994
      vertex 11.418837155858794 6.199408018528482 2.7999999999999994
      vertex 11.437599970069291 6.197634410394343 2.7999999999999994
    endloop
  endfacet
  facet normal -0.09410831331854244 -0.9955619646030773 0
    outer loop
      vertex 11.418837155858794 6.199408018528482 2.7899999999999996
      vertex 11.437599970069291 6.197634410394343 2.7999999999999994
      vertex 11.418837155858794 6.199408018528482 2.7999999999999994
    endloop
  endfacet
  facet normal -0.1564344650402258 -0.9876883405951385 0
    outer loop
      vertex 11.437599970069291 6.197634410394343 2.7899999999999996
      vertex 11.456214394375717 6.194686175218607 2.7899999999999996
      vertex 11.437599970069291 6.197634410394343 2.7999999999999994
    endloop
  endfacet
  facet normal -0.1564344650402258 -0.9876883405951385 0
    outer loop
      vertex 11.456214394375717 6.194686175218607 2.7899999999999996
      vertex 11.456214394375717 6.194686175218607 2.7999999999999994
      vertex 11.437599970069291 6.197634410394343 2.7999999999999994
    endloop
  endfacet
  facet normal 0 0 -1
    outer loop
      vertex 11.69057494833859 5.974606966149457 2.7999999999999994
      vertex 11.694686175218607 5.956214394375718 2.7999999999999994
      vertex 11.685316954888547 5.992705098312484 2.7999999999999994
    endloop
  endfacet
  facet normal 0 0 -1
    outer loop
      vertex 11.642705098312485 6.076335575687742 2.7999999999999994
      vertex 11.685316954888547 5.992705098312484 2.7999999999999994
      vertex 11.699999997019768 5.900000094832527 2.7999999999999994
    endloop
  endfacet
  facet normal -0.9995065603657317 -0.03141075907812376 0
    outer loop
      vertex 11.699999997019768 5.900000094832527 2.7999999999999994
      vertex 11.699408018528482 5.918837155858794 2.7999999999999994
      vertex 11.699408018528482 5.918837155858794 2.7899999999999996
    endloop
  endfacet
  facet normal 0 0 -1
    outer loop
      vertex 11.699999997019768 5.900000094832527 2.7999999999999994
      vertex 11.697634410394343 5.937599970069291 2.7999999999999994
      vertex 11.699408018528482 5.918837155858794 2.7999999999999994
    endloop
  endfacet
  facet normal -0.9955619646030773 -0.09410831331854244 0
    outer loop
      vertex 11.699408018528482 5.918837155858794 2.7899999999999996
      vertex 11.697634410394343 5.937599970069291 2.7999999999999994
      vertex 11.697634410394343 5.937599970069291 2.7899999999999996
    endloop
  endfacet
  facet normal 0 0 -1
    outer loop
      vertex 11.699999997019768 5.900000094832527 2.7999999999999994
      vertex 11.694686175218607 5.956214394375718 2.7999999999999994
      vertex 11.697634410394343 5.937599970069291 2.7999999999999994
    endloop
  endfacet
  facet normal -0.9955619646030773 -0.09410831331854244 0
    outer loop
      vertex 11.699408018528482 5.918837155858794 2.7899999999999996
      vertex 11.699408018528482 5.918837155858794 2.7999999999999994
      vertex 11.697634410394343 5.937599970069291 2.7999999999999994
    endloop
  endfacet
  facet normal -0.9876883405951395 -0.1564344650402185 0
    outer loop
      vertex 11.697634410394343 5.937599970069291 2.7899999999999996
      vertex 11.697634410394343 5.937599970069291 2.7999999999999994
      vertex 11.694686175218607 5.956214394375718 2.7999999999999994
    endloop
  endfacet
  facet normal -0.9876883405951395 -0.1564344650402185 0
    outer loop
      vertex 11.697634410394343 5.937599970069291 2.7899999999999996
      vertex 11.694686175218607 5.956214394375718 2.7999999999999994
      vertex 11.694686175218607 5.956214394375718 2.7899999999999996
    endloop
  endfacet
  facet normal 0 0 -1
    outer loop
      vertex 11.699999997019768 5.900000094832527 2.7999999999999994
      vertex 11.685316954888547 5.992705098312484 2.7999999999999994
      vertex 11.694686175218607 5.956214394375718 2.7999999999999994
    endloop
  endfacet
  facet normal 0 0 -1
    outer loop
      vertex 11.642705098312485 6.076335575687742 2.7999999999999994
      vertex 11.699999997019768 5.900000094832527 2.7999999999999994
      vertex 11.492705098312484 6.185316954888546 2.7999999999999994
    endloop
  endfacet
  facet normal 0 0 -1
    outer loop
      vertex 11.642705098312485 6.076335575687742 2.7999999999999994
      vertex 11.618690588226423 6.105364131778607 2.7999999999999994
      vertex 11.631153972832736 6.091227196924607 2.7999999999999994
    endloop
  endfacet
  facet normal 0 0 -1
    outer loop
      vertex 11.685316954888547 5.992705098312484 2.7999999999999994
      vertex 11.671448115739807 6.027733787469522 2.7999999999999994
      vertex 11.678932945766476 6.010437365805403 2.7999999999999994
    endloop
  endfacet
  facet normal 0 0 -1
    outer loop
      vertex 11.642705098312485 6.076335575687742 2.7999999999999994
      vertex 11.671448115739807 6.027733787469522 2.7999999999999994
      vertex 11.685316954888547 5.992705098312484 2.7999999999999994
    endloop
  endfacet
  facet normal 0 0 -1
    outer loop
      vertex 11.653298377650605 6.060748038493699 2.7999999999999994
      vertex 11.662892004013159 6.044526102230515 2.7999999999999994
      vertex 11.642705098312485 6.076335575687742 2.7999999999999994
    endloop
  endfacet
  facet normal 0 0 -1
    outer loop
      vertex 11.662892004013159 6.044526102230515 2.7999999999999994
      vertex 11.671448115739807 6.027733787469522 2.7999999999999994
      vertex 11.642705098312485 6.076335575687742 2.7999999999999994
    endloop
  endfacet
  facet normal 0 0 -1
    outer loop
      vertex 11.605364131778607 6.118690588226424 2.7999999999999994
      vertex 11.642705098312485 6.076335575687742 2.7999999999999994
      vertex 11.576335575687743 6.142705098312485 2.7999999999999994
    endloop
  endfacet
  facet normal 0 0 -1
    outer loop
      vertex 11.605364131778607 6.118690588226424 2.7999999999999994
      vertex 11.576335575687743 6.142705098312485 2.7999999999999994
      vertex 11.591227196924608 6.131153972832737 2.7999999999999994
    endloop
  endfacet
  facet normal 0 0 -1
    outer loop
      vertex 11.605364131778607 6.118690588226424 2.7999999999999994
      vertex 11.618690588226423 6.105364131778607 2.7999999999999994
      vertex 11.642705098312485 6.076335575687742 2.7999999999999994
    endloop
  endfacet
  facet normal 0.6613118653236647 0.7501110696304483 0
    outer loop
      vertex -6.091227196924607 11.168846027167264 2.7999999999999994
      vertex -6.091227196924607 11.168846027167264 -3.4
      vertex -6.1053641317786065 11.181309411773578 -3.4
    endloop
  endfacet
  facet normal 0.7071067811865004 0.7071067811865946 0
    outer loop
      vertex -6.118690588226424 11.194635868221393 2.7999999999999994
      vertex -6.1053641317786065 11.181309411773578 -3.4
      vertex -6.118690588226424 11.194635868221393 -3.4
    endloop
  endfacet
  facet normal 0.5620833778521435 0.8270805742745532 0
    outer loop
      vertex -6.076335575687742 11.157294901687516 2.7999999999999994
      vertex -6.060748038493699 11.146701622349395 -3.4
      vertex -6.076335575687742 11.157294901687516 -3.4
    endloop
  endfacet
  facet normal 0.6129070536530002 0.7901550123756718 0
    outer loop
      vertex -6.091227196924607 11.168846027167264 2.7999999999999994
      vertex -6.076335575687742 11.157294901687516 -3.4
      vertex -6.091227196924607 11.168846027167264 -3.4
    endloop
  endfacet
  facet normal 0.5090414157503387 0.8607420270039629 0
    outer loop
      vertex -6.060748038493699 11.146701622349395 2.7999999999999994
      vertex -6.044526102230515 11.137107995986842 -3.4
      vertex -6.060748038493699 11.146701622349395 -3.4
    endloop
  endfacet
  facet normal 0.39714789063476935 0.917754625683986 0
    outer loop
      vertex -6.027733787469522 11.128551884260194 2.7999999999999994
      vertex -6.010437365805403 11.121067054233524 -3.4
      vertex -6.027733787469522 11.128551884260194 -3.4
    endloop
  endfacet
  facet normal 0.4539904997395918 0.8910065241883449 0
    outer loop
      vertex -6.027733787469522 11.128551884260194 2.7999999999999994
      vertex -6.027733787469522 11.128551884260194 -3.4
      vertex -6.044526102230515 11.137107995986842 -3.4
    endloop
  endfacet
  facet normal 0.338737920245302 0.9408807689542216 0
    outer loop
      vertex -6.010437365805403 11.121067054233524 2.7999999999999994
      vertex -5.992705098312484 11.114683045111454 -3.4
      vertex -6.010437365805403 11.121067054233524 -3.4
    endloop
  endfacet
  facet normal 0.278991106039199 0.9602936856769518 0
    outer loop
      vertex -5.974606966149457 11.109425051661411 2.7999999999999994
      vertex -5.974606966149457 11.109425051661411 -3.4
      vertex -5.992705098312484 11.114683045111454 -3.4
    endloop
  endfacet
  facet normal 0.21814324139652824 0.9759167619387505 0
    outer loop
      vertex -5.956214394375718 11.105313824781394 2.7999999999999994
      vertex -5.956214394375718 11.105313824781394 -3.4
      vertex -5.974606966149457 11.109425051661411 -3.4
    endloop
  endfacet
  facet normal 0.15643446504021852 0.9876883405951398 0
    outer loop
      vertex -5.956214394375718 11.105313824781394 2.7999999999999994
      vertex -5.937599970069291 11.102365589605657 -3.4
      vertex -5.956214394375718 11.105313824781394 -3.4
    endloop
  endfacet
  facet normal 0.09410831331854246 0.9955619646030774 0
    outer loop
      vertex -5.937599970069291 11.102365589605657 2.7999999999999994
      vertex -5.918837155858794 11.100591981471519 -3.4
      vertex -5.937599970069291 11.102365589605657 -3.4
    endloop
  endfacet
  facet normal 0.03141075907812376 0.9995065603657316 0
    outer loop
      vertex -5.900000094832527 11.100000002980233 2.7999999999999994
      vertex -5.900000094832527 11.100000002980233 -3.4
      vertex -5.918837155858794 11.100591981471519 -3.4
    endloop
  endfacet
  facet normal 0.9876883405951385 0.15643446504022582 0
    outer loop
      vertex -6.197634410394343 11.36240002993071 2.7999999999999994
      vertex -6.194686175218607 11.343785605624284 -3.4
      vertex -6.197634410394343 11.36240002993071 -3.4
    endloop
  endfacet
  facet normal 0.9955619646030774 0.09410831331854246 0
    outer loop
      vertex -6.199408018528482 11.381162844141206 2.7999999999999994
      vertex -6.197634410394343 11.36240002993071 -3.4
      vertex -6.199408018528482 11.381162844141206 -3.4
    endloop
  endfacet
  facet normal 0.9995065603657316 0.03141075907812524 0
    outer loop
      vertex -6.199408018528482 11.381162844141206 2.7999999999999994
      vertex -6.199408018528482 11.381162844141206 -3.4
      vertex -6.199999997019768 11.399999905167473 -3.4
    endloop
  endfacet
  facet normal 0.9995065702948375 -0.0314104431272662 4.804405992032253e-10
    outer loop
      vertex -6.199999997019768 11.4 2.7999999999999994
      vertex -6.199999997019768 11.399999905167473 -3.4
      vertex -6.199408018528482 11.418837155858794 -3.4
    endloop
  endfacet
  facet normal 0.9955619646030773 -0.09410831331854244 0
    outer loop
      vertex -6.199408018528482 11.418837155858794 2.7899999999999996
      vertex -6.199408018528482 11.418837155858794 -3.4
      vertex -6.197634410394343 11.437599970069291 -3.4
    endloop
  endfacet
  facet normal 0.9876883405951385 -0.15643446504022576 0
    outer loop
      vertex -6.194686175218607 11.456214394375717 2.7899999999999996
      vertex -6.197634410394343 11.437599970069291 -3.4
      vertex -6.194686175218607 11.456214394375717 -3.4
    endloop
  endfacet
  facet normal 0.8270805742745899 0.5620833778520892 0
    outer loop
      vertex -6.142705098312485 11.223664424312258 2.7999999999999994
      vertex -6.142705098312485 11.223664424312258 -3.4
      vertex -6.1532983776506045 11.239251961506302 -3.4
    endloop
  endfacet
  facet normal 0.917754625683986 0.39714789063476935 0
    outer loop
      vertex -6.171448115739806 11.272266212530479 2.7999999999999994
      vertex -6.171448115739806 11.272266212530479 -3.4
      vertex -6.1789329457664754 11.289562634194597 -3.4
    endloop
  endfacet
  facet normal 0.8607420270039422 0.5090414157503736 0
    outer loop
      vertex -6.162892004013159 11.255473897769486 2.7999999999999994
      vertex -6.1532983776506045 11.239251961506302 -3.4
      vertex -6.162892004013159 11.255473897769486 -3.4
    endloop
  endfacet
  facet normal 0.891006524188364 0.4539904997395544 0
    outer loop
      vertex -6.162892004013159 11.255473897769486 2.7999999999999994
      vertex -6.162892004013159 11.255473897769486 -3.4
      vertex -6.171448115739806 11.272266212530479 -3.4
    endloop
  endfacet
  facet normal 0.7501110696304895 0.661311865323618 0
    outer loop
      vertex -6.118690588226424 11.194635868221393 2.7999999999999994
      vertex -6.118690588226424 11.194635868221393 -3.4
      vertex -6.131153972832737 11.208772803075394 -3.4
    endloop
  endfacet
  facet normal 0.7901550123756592 0.6129070536530166 0
    outer loop
      vertex -6.142705098312485 11.223664424312258 2.7999999999999994
      vertex -6.131153972832737 11.208772803075394 -3.4
      vertex -6.142705098312485 11.223664424312258 -3.4
    endloop
  endfacet
  facet normal 0.9408807689542216 0.338737920245302 0
    outer loop
      vertex -6.185316954888546 11.307294901687516 2.7999999999999994
      vertex -6.1789329457664754 11.289562634194597 -3.4
      vertex -6.185316954888546 11.307294901687516 -3.4
    endloop
  endfacet
  facet normal 0.9602936856769392 0.27899110603924243 0
    outer loop
      vertex -6.185316954888546 11.307294901687516 2.7999999999999994
      vertex -6.185316954888546 11.307294901687516 -3.4
      vertex -6.19057494833859 11.325393033850544 -3.4
    endloop
  endfacet
  facet normal 0.9759167619387529 0.21814324139651822 0
    outer loop
      vertex -6.19057494833859 11.325393033850544 2.7999999999999994
      vertex -6.19057494833859 11.325393033850544 -3.4
      vertex -6.194686175218607 11.343785605624284 -3.4
    endloop
  endfacet
  facet normal 0.9759167619387529 -0.21814324139651822 0
    outer loop
      vertex -6.194686175218607 11.456214394375717 2.7899999999999996
      vertex -6.194686175218607 11.456214394375717 -3.4
      vertex -6.19057494833859 11.474606966149457 -3.4
    endloop
  endfacet
  facet normal 0.9602936856769392 -0.27899110603924243 0
    outer loop
      vertex -6.185316954888546 11.492705098312484 2.7999999999999994
      vertex -6.19057494833859 11.474606966149457 -3.4
      vertex -6.185316954888546 11.492705098312484 -3.4
    endloop
  endfacet
  facet normal 0.9408807689542216 -0.338737920245302 0
    outer loop
      vertex -6.185316954888546 11.492705098312484 2.7999999999999994
      vertex -6.185316954888546 11.492705098312484 -3.4
      vertex -6.1789329457664754 11.510437365805403 -3.4
    endloop
  endfacet
  facet normal 0.917754625683986 -0.39714789063476935 0
    outer loop
      vertex -6.171448115739806 11.527733787469522 2.7999999999999994
      vertex -6.1789329457664754 11.510437365805403 -3.4
      vertex -6.171448115739806 11.527733787469522 -3.4
    endloop
  endfacet
  facet normal 0.891006524188364 -0.4539904997395544 0
    outer loop
      vertex -6.162892004013159 11.544526102230515 2.7999999999999994
      vertex -6.171448115739806 11.527733787469522 -3.4
      vertex -6.162892004013159 11.544526102230515 -3.4
    endloop
  endfacet
  facet normal 0.8607420270039422 -0.5090414157503736 0
    outer loop
      vertex -6.162892004013159 11.544526102230515 2.7999999999999994
      vertex -6.162892004013159 11.544526102230515 -3.4
      vertex -6.1532983776506045 11.5607480384937 -3.4
    endloop
  endfacet
  facet normal 0.8270805742745899 -0.5620833778520892 0
    outer loop
      vertex -6.1532983776506045 11.5607480384937 2.7999999999999994
      vertex -6.1532983776506045 11.5607480384937 -3.4
      vertex -6.142705098312485 11.576335575687743 -3.4
    endloop
  endfacet
  facet normal 0.7901550123756947 -0.6129070536529709 0
    outer loop
      vertex -6.142705098312485 11.576335575687743 2.7999999999999994
      vertex -6.142705098312485 11.576335575687743 -3.4
      vertex -6.131153972832737 11.591227196924608 -3.4
    endloop
  endfacet
  facet normal 0.7501110696304483 -0.6613118653236647 0
    outer loop
      vertex -6.118690588226424 11.605364131778607 2.7999999999999994
      vertex -6.131153972832737 11.591227196924608 -3.4
      vertex -6.118690588226424 11.605364131778607 -3.4
    endloop
  endfacet
  facet normal 0.7071067811865239 -0.7071067811865711 0
    outer loop
      vertex -6.118690588226424 11.605364131778607 2.7999999999999994
      vertex -6.118690588226424 11.605364131778607 -3.4
      vertex -6.105364131778607 11.618690588226423 -3.4
    endloop
  endfacet
  facet normal 0.6613118653236413 -0.7501110696304688 0
    outer loop
      vertex -6.105364131778607 11.618690588226423 2.7999999999999994
      vertex -6.105364131778607 11.618690588226423 -3.4
      vertex -6.091227196924607 11.631153972832736 -3.4
    endloop
  endfacet
  facet normal 0.6129070536530004 -0.7901550123756719 0
    outer loop
      vertex -6.076335575687742 11.642705098312485 2.7899999999999996
      vertex -6.091227196924607 11.631153972832736 -3.4
      vertex -6.076335575687742 11.642705098312485 -3.4
    endloop
  endfacet
  facet normal 0.5620833778521434 -0.8270805742745532 0
    outer loop
      vertex -6.076335575687742 11.642705098312485 2.7899999999999996
      vertex -6.076335575687742 11.642705098312485 -3.4
      vertex -6.060748038493699 11.653298377650605 -3.4
    endloop
  endfacet
  facet normal 0.5090414157503387 -0.860742027003963 0
    outer loop
      vertex -6.044526102230515 11.662892004013159 2.7899999999999996
      vertex -6.060748038493699 11.653298377650605 -3.4
      vertex -6.044526102230515 11.662892004013159 -3.4
    endloop
  endfacet
  facet normal 0.45399049973959177 -0.8910065241883449 0
    outer loop
      vertex -6.044526102230515 11.662892004013159 2.7899999999999996
      vertex -6.044526102230515 11.662892004013159 -3.4
      vertex -6.027733787469522 11.671448115739807 -3.4
    endloop
  endfacet
  facet normal 0.39714789063476935 -0.917754625683986 0
    outer loop
      vertex -6.027733787469522 11.671448115739807 2.7999999999999994
      vertex -6.027733787469522 11.671448115739807 -3.4
      vertex -6.010437365805403 11.678932945766476 -3.4
    endloop
  endfacet
  facet normal 0.338737920245302 -0.9408807689542216 0
    outer loop
      vertex -5.992705098312484 11.685316954888547 2.7899999999999996
      vertex -6.010437365805403 11.678932945766476 -3.4
      vertex -5.992705098312484 11.685316954888547 -3.4
    endloop
  endfacet
  facet normal 0.27899110603919897 -0.9602936856769518 0
    outer loop
      vertex -5.992705098312484 11.685316954888547 2.7899999999999996
      vertex -5.992705098312484 11.685316954888547 -3.4
      vertex -5.974606966149457 11.69057494833859 -3.4
    endloop
  endfacet
  facet normal 0.21814324139652824 -0.9759167619387507 0
    outer loop
      vertex -5.956214394375718 11.694686175218607 2.7899999999999996
      vertex -5.974606966149457 11.69057494833859 -3.4
      vertex -5.956214394375718 11.694686175218607 -3.4
    endloop
  endfacet
  facet normal 0.1564344650402185 -0.9876883405951397 0
    outer loop
      vertex -5.956214394375718 11.694686175218607 2.7899999999999996
      vertex -5.956214394375718 11.694686175218607 -3.4
      vertex -5.937599970069291 11.697634410394343 -3.4
    endloop
  endfacet
  facet normal 0.09410831331854244 -0.9955619646030773 0
    outer loop
      vertex -5.918837155858794 11.699408018528482 2.7899999999999996
      vertex -5.937599970069291 11.697634410394343 -3.4
      vertex -5.918837155858794 11.699408018528482 -3.4
    endloop
  endfacet
  facet normal 0.03141075907812376 -0.9995065603657317 0
    outer loop
      vertex -5.918837155858794 11.699408018528482 2.7899999999999996
      vertex -5.918837155858794 11.699408018528482 -3.4
      vertex -5.900000094832527 11.699999997019768 -3.4
    endloop
  endfacet
  facet normal 0 -1 0
    outer loop
      vertex -5.900000094832527 11.699999997019768 2.7999999999999994
      vertex -5.900000094832527 11.699999997019768 -3.4
      vertex 5.900000094831226 11.699999997019768 -3.3999999999993165
    endloop
  endfacet
  facet normal 0.6613118653236647 0.7501110696304483 0
    outer loop
      vertex -6.091227196924607 11.168846027167264 2.7999999999999994
      vertex -6.1053641317786065 11.181309411773578 -3.4
      vertex -6.1053641317786065 11.181309411773578 2.7999999999999994
    endloop
  endfacet
  facet normal 0.7071067811865004 0.7071067811865946 0
    outer loop
      vertex -6.118690588226424 11.194635868221393 2.7999999999999994
      vertex -6.1053641317786065 11.181309411773578 2.7999999999999994
      vertex -6.1053641317786065 11.181309411773578 -3.4
    endloop
  endfacet
  facet normal 0.5090414157503387 0.8607420270039629 0
    outer loop
      vertex -6.060748038493699 11.146701622349395 2.7999999999999994
      vertex -6.044526102230515 11.137107995986842 2.7999999999999994
      vertex -6.044526102230515 11.137107995986842 -3.4
    endloop
  endfacet
  facet normal 0.6129070536530002 0.7901550123756718 0
    outer loop
      vertex -6.091227196924607 11.168846027167264 2.7999999999999994
      vertex -6.076335575687742 11.157294901687516 2.7999999999999994
      vertex -6.076335575687742 11.157294901687516 -3.4
    endloop
  endfacet
  facet normal 0.5620833778521435 0.8270805742745532 0
    outer loop
      vertex -6.060748038493699 11.146701622349395 2.7999999999999994
      vertex -6.060748038493699 11.146701622349395 -3.4
      vertex -6.076335575687742 11.157294901687516 2.7999999999999994
    endloop
  endfacet
  facet normal 0.4539904997395918 0.8910065241883449 0
    outer loop
      vertex -6.044526102230515 11.137107995986842 2.7999999999999994
      vertex -6.027733787469522 11.128551884260194 2.7999999999999994
      vertex -6.044526102230515 11.137107995986842 -3.4
    endloop
  endfacet
  facet normal 0.39714789063476935 0.917754625683986 0
    outer loop
      vertex -6.027733787469522 11.128551884260194 2.7999999999999994
      vertex -6.010437365805403 11.121067054233524 2.7999999999999994
      vertex -6.010437365805403 11.121067054233524 -3.4
    endloop
  endfacet
  facet normal 0.338737920245302 0.9408807689542216 0
    outer loop
      vertex -6.010437365805403 11.121067054233524 2.7999999999999994
      vertex -5.992705098312484 11.114683045111454 2.7999999999999994
      vertex -5.992705098312484 11.114683045111454 -3.4
    endloop
  endfacet
  facet normal 0.278991106039199 0.9602936856769518 0
    outer loop
      vertex -5.992705098312484 11.114683045111454 2.7999999999999994
      vertex -5.974606966149457 11.109425051661411 2.7999999999999994
      vertex -5.992705098312484 11.114683045111454 -3.4
    endloop
  endfacet
  facet normal 0.21814324139652824 0.9759167619387505 0
    outer loop
      vertex -5.974606966149457 11.109425051661411 2.7999999999999994
      vertex -5.956214394375718 11.105313824781394 2.7999999999999994
      vertex -5.974606966149457 11.109425051661411 -3.4
    endloop
  endfacet
  facet normal 0.15643446504021852 0.9876883405951398 0
    outer loop
      vertex -5.937599970069291 11.102365589605657 2.7999999999999994
      vertex -5.937599970069291 11.102365589605657 -3.4
      vertex -5.956214394375718 11.105313824781394 2.7999999999999994
    endloop
  endfacet
  facet normal 0.09410831331854246 0.9955619646030774 0
    outer loop
      vertex -5.937599970069291 11.102365589605657 2.7999999999999994
      vertex -5.918837155858794 11.100591981471519 2.7999999999999994
      vertex -5.918837155858794 11.100591981471519 -3.4
    endloop
  endfacet
  facet normal 0.03141075907812376 0.9995065603657316 0
    outer loop
      vertex -5.918837155858794 11.100591981471519 2.7999999999999994
      vertex -5.900000094832527 11.100000002980233 2.7999999999999994
      vertex -5.918837155858794 11.100591981471519 -3.4
    endloop
  endfacet
  facet normal 0.9876883405951385 0.15643446504022582 0
    outer loop
      vertex -6.194686175218607 11.343785605624284 2.7999999999999994
      vertex -6.194686175218607 11.343785605624284 -3.4
      vertex -6.197634410394343 11.36240002993071 2.7999999999999994
    endloop
  endfacet
  facet normal 0.9955619646030774 0.09410831331854246 0
    outer loop
      vertex -6.197634410394343 11.36240002993071 2.7999999999999994
      vertex -6.197634410394343 11.36240002993071 -3.4
      vertex -6.199408018528482 11.381162844141206 2.7999999999999994
    endloop
  endfacet
  facet normal 0.999506565330322 -0.031410601101901595 0
    outer loop
      vertex -6.199999997019768 11.4 2.7999999999999994
      vertex -6.199408018528482 11.418837155858794 -3.4
      vertex -6.199408018528482 11.418837155858794 2.7899999999999996
    endloop
  endfacet
  facet normal 0.9955619646030773 -0.09410831331854244 0
    outer loop
      vertex -6.199408018528482 11.418837155858794 2.7899999999999996
      vertex -6.197634410394343 11.437599970069291 -3.4
      vertex -6.197634410394343 11.437599970069291 2.7899999999999996
    endloop
  endfacet
  facet normal 0.9995065653303221 0.031410601101901595 -4.804430155093489e-10
    outer loop
      vertex -6.199408018528482 11.381162844141206 2.7999999999999994
      vertex -6.199999997019768 11.399999905167473 -3.4
      vertex -6.199999997019768 11.4 2.7999999999999994
    endloop
  endfacet
  facet normal 0.9876883405951385 -0.15643446504022576 0
    outer loop
      vertex -6.197634410394343 11.437599970069291 2.7899999999999996
      vertex -6.197634410394343 11.437599970069291 -3.4
      vertex -6.194686175218607 11.456214394375717 2.7899999999999996
    endloop
  endfacet
  facet normal 0.8270805742745899 0.5620833778520892 0
    outer loop
      vertex -6.142705098312485 11.223664424312258 2.7999999999999994
      vertex -6.1532983776506045 11.239251961506302 -3.4
      vertex -6.1532983776506045 11.239251961506302 2.7999999999999994
    endloop
  endfacet
  facet normal 0.917754625683986 0.39714789063476935 0
    outer loop
      vertex -6.171448115739806 11.272266212530479 2.7999999999999994
      vertex -6.1789329457664754 11.289562634194597 -3.4
      vertex -6.1789329457664754 11.289562634194597 2.7999999999999994
    endloop
  endfacet
  facet normal 0.8607420270039422 0.5090414157503736 0
    outer loop
      vertex -6.1532983776506045 11.239251961506302 2.7999999999999994
      vertex -6.1532983776506045 11.239251961506302 -3.4
      vertex -6.162892004013159 11.255473897769486 2.7999999999999994
    endloop
  endfacet
  facet normal 0.891006524188364 0.4539904997395544 0
    outer loop
      vertex -6.162892004013159 11.255473897769486 2.7999999999999994
      vertex -6.171448115739806 11.272266212530479 -3.4
      vertex -6.171448115739806 11.272266212530479 2.7999999999999994
    endloop
  endfacet
  facet normal 0.7501110696304895 0.661311865323618 0
    outer loop
      vertex -6.118690588226424 11.194635868221393 2.7999999999999994
      vertex -6.131153972832737 11.208772803075394 -3.4
      vertex -6.131153972832737 11.208772803075394 2.7999999999999994
    endloop
  endfacet
  facet normal 0.7901550123756592 0.6129070536530166 0
    outer loop
      vertex -6.142705098312485 11.223664424312258 2.7999999999999994
      vertex -6.131153972832737 11.208772803075394 2.7999999999999994
      vertex -6.131153972832737 11.208772803075394 -3.4
    endloop
  endfacet
  facet normal 0.9408807689542216 0.338737920245302 0
    outer loop
      vertex -6.1789329457664754 11.289562634194597 2.7999999999999994
      vertex -6.1789329457664754 11.289562634194597 -3.4
      vertex -6.185316954888546 11.307294901687516 2.7999999999999994
    endloop
  endfacet
  facet normal 0.9759167619387529 0.21814324139651822 0
    outer loop
      vertex -6.194686175218607 11.343785605624284 2.7999999999999994
      vertex -6.19057494833859 11.325393033850544 2.7999999999999994
      vertex -6.194686175218607 11.343785605624284 -3.4
    endloop
  endfacet
  facet normal 0.9602936856769392 0.27899110603924243 0
    outer loop
      vertex -6.185316954888546 11.307294901687516 2.7999999999999994
      vertex -6.19057494833859 11.325393033850544 -3.4
      vertex -6.19057494833859 11.325393033850544 2.7999999999999994
    endloop
  endfacet
  facet normal 0.9759167619387529 -0.21814324139651822 0
    outer loop
      vertex -6.194686175218607 11.456214394375717 2.7899999999999996
      vertex -6.19057494833859 11.474606966149457 -3.4
      vertex -6.19057494833859 11.474606966149457 2.7999999999999994
    endloop
  endfacet
  facet normal 0.9602936856769392 -0.27899110603924243 0
    outer loop
      vertex -6.19057494833859 11.474606966149457 2.7999999999999994
      vertex -6.19057494833859 11.474606966149457 -3.4
      vertex -6.185316954888546 11.492705098312484 2.7999999999999994
    endloop
  endfacet
  facet normal 0.9408807689542216 -0.338737920245302 0
    outer loop
      vertex -6.185316954888546 11.492705098312484 2.7999999999999994
      vertex -6.1789329457664754 11.510437365805403 -3.4
      vertex -6.1789329457664754 11.510437365805403 2.7999999999999994
    endloop
  endfacet
  facet normal 0.917754625683986 -0.39714789063476935 0
    outer loop
      vertex -6.1789329457664754 11.510437365805403 2.7999999999999994
      vertex -6.1789329457664754 11.510437365805403 -3.4
      vertex -6.171448115739806 11.527733787469522 2.7999999999999994
    endloop
  endfacet
  facet normal 0.891006524188364 -0.4539904997395544 0
    outer loop
      vertex -6.171448115739806 11.527733787469522 2.7999999999999994
      vertex -6.171448115739806 11.527733787469522 -3.4
      vertex -6.162892004013159 11.544526102230515 2.7999999999999994
    endloop
  endfacet
  facet normal 0.8607420270039422 -0.5090414157503736 0
    outer loop
      vertex -6.162892004013159 11.544526102230515 2.7999999999999994
      vertex -6.1532983776506045 11.5607480384937 -3.4
      vertex -6.1532983776506045 11.5607480384937 2.7999999999999994
    endloop
  endfacet
  facet normal 0.8270805742745899 -0.5620833778520892 0
    outer loop
      vertex -6.1532983776506045 11.5607480384937 2.7999999999999994
      vertex -6.142705098312485 11.576335575687743 -3.4
      vertex -6.142705098312485 11.576335575687743 2.7999999999999994
    endloop
  endfacet
  facet normal 0.7901550123756947 -0.6129070536529709 0
    outer loop
      vertex -6.142705098312485 11.576335575687743 2.7999999999999994
      vertex -6.131153972832737 11.591227196924608 -3.4
      vertex -6.131153972832737 11.591227196924608 2.7999999999999994
    endloop
  endfacet
  facet normal 0.7501110696304483 -0.6613118653236647 0
    outer loop
      vertex -6.131153972832737 11.591227196924608 2.7999999999999994
      vertex -6.131153972832737 11.591227196924608 -3.4
      vertex -6.118690588226424 11.605364131778607 2.7999999999999994
    endloop
  endfacet
  facet normal 0.7071067811865239 -0.7071067811865711 0
    outer loop
      vertex -6.118690588226424 11.605364131778607 2.7999999999999994
      vertex -6.105364131778607 11.618690588226423 -3.4
      vertex -6.105364131778607 11.618690588226423 2.7999999999999994
    endloop
  endfacet
  facet normal 0.6613118653236413 -0.7501110696304688 0
    outer loop
      vertex -6.105364131778607 11.618690588226423 2.7999999999999994
      vertex -6.091227196924607 11.631153972832736 -3.4
      vertex -6.091227196924607 11.631153972832736 2.7999999999999994
    endloop
  endfacet
  facet normal 0.6129070536530004 -0.7901550123756719 0
    outer loop
      vertex -6.076335575687742 11.642705098312485 2.7899999999999996
      vertex -6.076335575687742 11.642705098312485 2.7999999999999994
      vertex -6.091227196924607 11.631153972832736 -3.4
    endloop
  endfacet
  facet normal 0.6129070536530002 -0.7901550123756718 0
    outer loop
      vertex -6.091227196924607 11.631153972832736 2.7999999999999994
      vertex -6.091227196924607 11.631153972832736 -3.4
      vertex -6.076335575687742 11.642705098312485 2.7999999999999994
    endloop
  endfacet
  facet normal 0.5620833778521434 -0.8270805742745531 0
    outer loop
      vertex -6.076335575687742 11.642705098312485 2.7899999999999996
      vertex -6.060748038493699 11.653298377650605 -3.4
      vertex -6.076335575687742 11.642705098312485 2.7999999999999994
    endloop
  endfacet
  facet normal 0.5090414157503388 -0.8607420270039629 0
    outer loop
      vertex -6.044526102230515 11.662892004013159 2.7899999999999996
      vertex -6.044526102230515 11.662892004013159 2.7999999999999994
      vertex -6.060748038493699 11.653298377650605 -3.4
    endloop
  endfacet
  facet normal 0.5620833778521435 -0.8270805742745532 0
    outer loop
      vertex -6.076335575687742 11.642705098312485 2.7999999999999994
      vertex -6.060748038493699 11.653298377650605 -3.4
      vertex -6.060748038493699 11.653298377650605 2.7999999999999994
    endloop
  endfacet
  facet normal 0.5090414157503387 -0.8607420270039629 0
    outer loop
      vertex -6.060748038493699 11.653298377650605 2.7999999999999994
      vertex -6.060748038493699 11.653298377650605 -3.4
      vertex -6.044526102230515 11.662892004013159 2.7999999999999994
    endloop
  endfacet
  facet normal 0.4539904997395919 -0.891006524188345 0
    outer loop
      vertex -6.044526102230515 11.662892004013159 2.7899999999999996
      vertex -6.027733787469522 11.671448115739807 -3.4
      vertex -6.044526102230515 11.662892004013159 2.7999999999999994
    endloop
  endfacet
  facet normal 0.3387379202453021 -0.9408807689542217 0
    outer loop
      vertex -5.992705098312484 11.685316954888547 2.7899999999999996
      vertex -5.992705098312484 11.685316954888547 2.7999999999999994
      vertex -6.010437365805403 11.678932945766476 -3.4
    endloop
  endfacet
  facet normal 0.4539904997395918 -0.8910065241883449 0
    outer loop
      vertex -6.044526102230515 11.662892004013159 2.7999999999999994
      vertex -6.027733787469522 11.671448115739807 -3.4
      vertex -6.027733787469522 11.671448115739807 2.7999999999999994
    endloop
  endfacet
  facet normal 0.39714789063476935 -0.917754625683986 0
    outer loop
      vertex -6.027733787469522 11.671448115739807 2.7999999999999994
      vertex -6.010437365805403 11.678932945766476 -3.4
      vertex -6.010437365805403 11.678932945766476 2.7999999999999994
    endloop
  endfacet
  facet normal 0.338737920245302 -0.9408807689542216 0
    outer loop
      vertex -6.010437365805403 11.678932945766476 2.7999999999999994
      vertex -6.010437365805403 11.678932945766476 -3.4
      vertex -5.992705098312484 11.685316954888547 2.7999999999999994
    endloop
  endfacet
  facet normal 0.27899110603919897 -0.960293685676952 0
    outer loop
      vertex -5.992705098312484 11.685316954888547 2.7899999999999996
      vertex -5.974606966149457 11.69057494833859 -3.4
      vertex -5.992705098312484 11.685316954888547 2.7999999999999994
    endloop
  endfacet
  facet normal 0.278991106039199 -0.9602936856769518 0
    outer loop
      vertex -5.992705098312484 11.685316954888547 2.7999999999999994
      vertex -5.974606966149457 11.69057494833859 -3.4
      vertex -5.974606966149457 11.69057494833859 2.7999999999999994
    endloop
  endfacet
  facet normal 0.21814324139652824 -0.9759167619387507 0
    outer loop
      vertex -5.956214394375718 11.694686175218607 2.7899999999999996
      vertex -5.956214394375718 11.694686175218607 2.7999999999999994
      vertex -5.974606966149457 11.69057494833859 -3.4
    endloop
  endfacet
  facet normal 0.21814324139652824 -0.9759167619387505 0
    outer loop
      vertex -5.974606966149457 11.69057494833859 2.7999999999999994
      vertex -5.974606966149457 11.69057494833859 -3.4
      vertex -5.956214394375718 11.694686175218607 2.7999999999999994
    endloop
  endfacet
  facet normal 0.1564344650402185 -0.9876883405951397 0
    outer loop
      vertex -5.956214394375718 11.694686175218607 2.7899999999999996
      vertex -5.937599970069291 11.697634410394343 -3.4
      vertex -5.937599970069291 11.697634410394343 2.7899999999999996
    endloop
  endfacet
  facet normal 0.09410831331854244 -0.9955619646030773 0
    outer loop
      vertex -5.937599970069291 11.697634410394343 2.7899999999999996
      vertex -5.937599970069291 11.697634410394343 -3.4
      vertex -5.918837155858794 11.699408018528482 2.7899999999999996
    endloop
  endfacet
  facet normal 0.03141075907812376 -0.9995065603657316 0
    outer loop
      vertex -5.918837155858794 11.699408018528482 2.7899999999999996
      vertex -5.900000094832527 11.699999997019768 -3.4
      vertex -5.900000094832527 11.699999997019768 2.7999999999999994
    endloop
  endfacet
  facet normal 0 1 0
    outer loop
      vertex -5.900000094832527 11.100000002980233 2.7999999999999994
      vertex 5.900000094832527 11.100000002980233 2.7999999999999994
      vertex -5.900000094832527 11.100000002980233 -3.4
    endloop
  endfacet
  facet normal 0 0 -1
    outer loop
      vertex -6.118690588226424 11.194635868221393 2.7999999999999994
      vertex -6.076335575687742 11.157294901687516 2.7999999999999994
      vertex -6.091227196924607 11.168846027167264 2.7999999999999994
    endloop
  endfacet
  facet normal 0 0 -1
    outer loop
      vertex -6.118690588226424 11.194635868221393 2.7999999999999994
      vertex -6.091227196924607 11.168846027167264 2.7999999999999994
      vertex -6.1053641317786065 11.181309411773578 2.7999999999999994
    endloop
  endfacet
  facet normal 0 0 -1
    outer loop
      vertex -6.060748038493699 11.146701622349395 2.7999999999999994
      vertex -6.076335575687742 11.157294901687516 2.7999999999999994
      vertex -6.044526102230515 11.137107995986842 2.7999999999999994
    endloop
  endfacet
  facet normal 0 0 -1
    outer loop
      vertex -6.044526102230515 11.137107995986842 2.7999999999999994
      vertex -6.076335575687742 11.157294901687516 2.7999999999999994
      vertex -6.010437365805403 11.121067054233524 2.7999999999999994
    endloop
  endfacet
  facet normal 0 0 -1
    outer loop
      vertex -6.044526102230515 11.137107995986842 2.7999999999999994
      vertex -6.010437365805403 11.121067054233524 2.7999999999999994
      vertex -6.027733787469522 11.128551884260194 2.7999999999999994
    endloop
  endfacet
  facet normal 0 0 -1
    outer loop
      vertex -6.076335575687742 11.157294901687516 2.7999999999999994
      vertex -5.900000094832527 11.100000002980233 2.7999999999999994
      vertex -6.010437365805403 11.121067054233524 2.7999999999999994
    endloop
  endfacet
  facet normal 0 0 -1
    outer loop
      vertex -6.010437365805403 11.121067054233524 2.7999999999999994
      vertex -5.974606966149457 11.109425051661411 2.7999999999999994
      vertex -5.992705098312484 11.114683045111454 2.7999999999999994
    endloop
  endfacet
  facet normal 0 0 -1
    outer loop
      vertex -6.010437365805403 11.121067054233524 2.7999999999999994
      vertex -5.956214394375718 11.105313824781394 2.7999999999999994
      vertex -5.974606966149457 11.109425051661411 2.7999999999999994
    endloop
  endfacet
  facet normal 0 0 -1
    outer loop
      vertex -6.010437365805403 11.121067054233524 2.7999999999999994
      vertex -5.900000094832527 11.100000002980233 2.7999999999999994
      vertex -5.956214394375718 11.105313824781394 2.7999999999999994
    endloop
  endfacet
  facet normal 0 0 -1
    outer loop
      vertex -5.937599970069291 11.102365589605657 2.7999999999999994
      vertex -5.956214394375718 11.105313824781394 2.7999999999999994
      vertex -5.900000094832527 11.100000002980233 2.7999999999999994
    endloop
  endfacet
  facet normal 0 0 -1
    outer loop
      vertex -5.937599970069291 11.102365589605657 2.7999999999999994
      vertex -5.900000094832527 11.100000002980233 2.7999999999999994
      vertex -5.918837155858794 11.100591981471519 2.7999999999999994
    endloop
  endfacet
  facet normal 0 0 -1
    outer loop
      vertex -6.197634410394343 11.36240002993071 2.7999999999999994
      vertex -6.199408018528482 11.381162844141206 2.7999999999999994
      vertex -6.199999997019768 11.4 2.7999999999999994
    endloop
  endfacet
  facet normal 0.999506565330322 -0.031410601101901595 0
    outer loop
      vertex -6.199999997019768 11.4 2.7999999999999994
      vertex -6.199408018528482 11.418837155858794 2.7899999999999996
      vertex -6.199408018528482 11.418837155858794 2.7999999999999994
    endloop
  endfacet
  facet normal 0.9955619646030773 -0.09410831331854244 0
    outer loop
      vertex -6.199408018528482 11.418837155858794 2.7899999999999996
      vertex -6.197634410394343 11.437599970069291 2.7899999999999996
      vertex -6.197634410394343 11.437599970069291 2.7999999999999994
    endloop
  endfacet
  facet normal 0 0 -1
    outer loop
      vertex -6.199999997019768 11.4 2.7999999999999994
      vertex -6.199408018528482 11.418837155858794 2.7999999999999994
      vertex -6.197634410394343 11.437599970069291 2.7999999999999994
    endloop
  endfacet
  facet normal 0.9955619646030773 -0.09410831331854244 0
    outer loop
      vertex -6.199408018528482 11.418837155858794 2.7899999999999996
      vertex -6.197634410394343 11.437599970069291 2.7999999999999994
      vertex -6.199408018528482 11.418837155858794 2.7999999999999994
    endloop
  endfacet
  facet normal 0.9876883405951385 -0.1564344650402258 0
    outer loop
      vertex -6.197634410394343 11.437599970069291 2.7899999999999996
      vertex -6.194686175218607 11.456214394375717 2.7899999999999996
      vertex -6.197634410394343 11.437599970069291 2.7999999999999994
    endloop
  endfacet
  facet normal 0.9876883405951385 -0.1564344650402258 0
    outer loop
      vertex -6.194686175218607 11.456214394375717 2.7899999999999996
      vertex -6.194686175218607 11.456214394375717 2.7999999999999994
      vertex -6.197634410394343 11.437599970069291 2.7999999999999994
    endloop
  endfacet
  facet normal 0 0 -1
    outer loop
      vertex -6.142705098312485 11.223664424312258 2.7999999999999994
      vertex -6.1532983776506045 11.239251961506302 2.7999999999999994
      vertex -6.162892004013159 11.255473897769486 2.7999999999999994
    endloop
  endfacet
  facet normal 0 0 -1
    outer loop
      vertex -6.162892004013159 11.255473897769486 2.7999999999999994
      vertex -6.171448115739806 11.272266212530479 2.7999999999999994
      vertex -6.185316954888546 11.307294901687516 2.7999999999999994
    endloop
  endfacet
  facet normal 0 0 -1
    outer loop
      vertex -6.171448115739806 11.272266212530479 2.7999999999999994
      vertex -6.1789329457664754 11.289562634194597 2.7999999999999994
      vertex -6.185316954888546 11.307294901687516 2.7999999999999994
    endloop
  endfacet
  facet normal 0 0 -1
    outer loop
      vertex -6.142705098312485 11.223664424312258 2.7999999999999994
      vertex -6.162892004013159 11.255473897769486 2.7999999999999994
      vertex -6.185316954888546 11.307294901687516 2.7999999999999994
    endloop
  endfacet
  facet normal 0 0 -1
    outer loop
      vertex -6.142705098312485 11.223664424312258 2.7999999999999994
      vertex -6.118690588226424 11.194635868221393 2.7999999999999994
      vertex -6.131153972832737 11.208772803075394 2.7999999999999994
    endloop
  endfacet
  facet normal 0 0 -1
    outer loop
      vertex -6.142705098312485 11.223664424312258 2.7999999999999994
      vertex -6.185316954888546 11.307294901687516 2.7999999999999994
      vertex -6.076335575687742 11.157294901687516 2.7999999999999994
    endloop
  endfacet
  facet normal 0 0 -1
    outer loop
      vertex -6.142705098312485 11.223664424312258 2.7999999999999994
      vertex -6.076335575687742 11.157294901687516 2.7999999999999994
      vertex -6.118690588226424 11.194635868221393 2.7999999999999994
    endloop
  endfacet
  facet normal 0 0 -1
    outer loop
      vertex -6.185316954888546 11.307294901687516 2.7999999999999994
      vertex -6.19057494833859 11.325393033850544 2.7999999999999994
      vertex -6.197634410394343 11.36240002993071 2.7999999999999994
    endloop
  endfacet
  facet normal 0 0 -1
    outer loop
      vertex -6.185316954888546 11.307294901687516 2.7999999999999994
      vertex -6.185316954888546 11.492705098312484 2.7999999999999994
      vertex -6.076335575687742 11.157294901687516 2.7999999999999994
    endloop
  endfacet
  facet normal 0 0 -1
    outer loop
      vertex -6.194686175218607 11.343785605624284 2.7999999999999994
      vertex -6.197634410394343 11.36240002993071 2.7999999999999994
      vertex -6.19057494833859 11.325393033850544 2.7999999999999994
    endloop
  endfacet
  facet normal 0 0 -1
    outer loop
      vertex -6.185316954888546 11.307294901687516 2.7999999999999994
      vertex -6.197634410394343 11.36240002993071 2.7999999999999994
      vertex -6.199999997019768 11.4 2.7999999999999994
    endloop
  endfacet
  facet normal 0 0 -1
    outer loop
      vertex -6.185316954888546 11.307294901687516 2.7999999999999994
      vertex -6.199999997019768 11.4 2.7999999999999994
      vertex -6.185316954888546 11.492705098312484 2.7999999999999994
    endloop
  endfacet
  facet normal 0 0 -1
    outer loop
      vertex -6.199999997019768 11.4 2.7999999999999994
      vertex -6.197634410394343 11.437599970069291 2.7999999999999994
      vertex -6.185316954888546 11.492705098312484 2.7999999999999994
    endloop
  endfacet
  facet normal 0 0 -1
    outer loop
      vertex -6.197634410394343 11.437599970069291 2.7999999999999994
      vertex -6.194686175218607 11.456214394375717 2.7999999999999994
      vertex -6.19057494833859 11.474606966149457 2.7999999999999994
    endloop
  endfacet
  facet normal 0.9759167619387528 -0.2181432413965182 0
    outer loop
      vertex -6.194686175218607 11.456214394375717 2.7899999999999996
      vertex -6.19057494833859 11.474606966149457 2.7999999999999994
      vertex -6.194686175218607 11.456214394375717 2.7999999999999994
    endloop
  endfacet
  facet normal 0 0 -1
    outer loop
      vertex -6.197634410394343 11.437599970069291 2.7999999999999994
      vertex -6.19057494833859 11.474606966149457 2.7999999999999994
      vertex -6.185316954888546 11.492705098312484 2.7999999999999994
    endloop
  endfacet
  facet normal 0 0 -1
    outer loop
      vertex -6.185316954888546 11.492705098312484 2.7999999999999994
      vertex -6.1789329457664754 11.510437365805403 2.7999999999999994
      vertex -6.171448115739806 11.527733787469522 2.7999999999999994
    endloop
  endfacet
  facet normal 0 0 -1
    outer loop
      vertex -6.185316954888546 11.492705098312484 2.7999999999999994
      vertex -6.171448115739806 11.527733787469522 2.7999999999999994
      vertex -6.142705098312485 11.576335575687743 2.7999999999999994
    endloop
  endfacet
  facet normal 0 0 -1
    outer loop
      vertex -6.171448115739806 11.527733787469522 2.7999999999999994
      vertex -6.162892004013159 11.544526102230515 2.7999999999999994
      vertex -6.142705098312485 11.576335575687743 2.7999999999999994
    endloop
  endfacet
  facet normal 0 0 -1
    outer loop
      vertex -6.162892004013159 11.544526102230515 2.7999999999999994
      vertex -6.1532983776506045 11.5607480384937 2.7999999999999994
      vertex -6.142705098312485 11.576335575687743 2.7999999999999994
    endloop
  endfacet
  facet normal 0 0 -1
    outer loop
      vertex -6.185316954888546 11.492705098312484 2.7999999999999994
      vertex -6.142705098312485 11.576335575687743 2.7999999999999994
      vertex -6.076335575687742 11.642705098312485 2.7999999999999994
    endloop
  endfacet
  facet normal 0 0 -1
    outer loop
      vertex -6.076335575687742 11.157294901687516 2.7999999999999994
      vertex -6.185316954888546 11.492705098312484 2.7999999999999994
      vertex -5.900000094832527 11.699999997019768 2.7999999999999994
    endloop
  endfacet
  facet normal 0 0 -1
    outer loop
      vertex -6.142705098312485 11.576335575687743 2.7999999999999994
      vertex -6.131153972832737 11.591227196924608 2.7999999999999994
      vertex -6.118690588226424 11.605364131778607 2.7999999999999994
    endloop
  endfacet
  facet normal 0 0 -1
    outer loop
      vertex -6.142705098312485 11.576335575687743 2.7999999999999994
      vertex -6.118690588226424 11.605364131778607 2.7999999999999994
      vertex -6.076335575687742 11.642705098312485 2.7999999999999994
    endloop
  endfacet
  facet normal 0 0 -1
    outer loop
      vertex -6.118690588226424 11.605364131778607 2.7999999999999994
      vertex -6.105364131778607 11.618690588226423 2.7999999999999994
      vertex -6.076335575687742 11.642705098312485 2.7999999999999994
    endloop
  endfacet
  facet normal 0 0 -1
    outer loop
      vertex -6.105364131778607 11.618690588226423 2.7999999999999994
      vertex -6.091227196924607 11.631153972832736 2.7999999999999994
      vertex -6.076335575687742 11.642705098312485 2.7999999999999994
    endloop
  endfacet
  facet normal 0 0 -1
    outer loop
      vertex -6.185316954888546 11.492705098312484 2.7999999999999994
      vertex -6.076335575687742 11.642705098312485 2.7999999999999994
      vertex -5.900000094832527 11.699999997019768 2.7999999999999994
    endloop
  endfacet
  facet normal 0 0 -1
    outer loop
      vertex -6.076335575687742 11.642705098312485 2.7999999999999994
      vertex -6.060748038493699 11.653298377650605 2.7999999999999994
      vertex -6.044526102230515 11.662892004013159 2.7999999999999994
    endloop
  endfacet
  facet normal 0 0 -1
    outer loop
      vertex -6.076335575687742 11.642705098312485 2.7999999999999994
      vertex -6.044526102230515 11.662892004013159 2.7999999999999994
      vertex -6.027733787469522 11.671448115739807 2.7999999999999994
    endloop
  endfacet
  facet normal 0 0 -1
    outer loop
      vertex -6.076335575687742 11.642705098312485 2.7999999999999994
      vertex -6.027733787469522 11.671448115739807 2.7999999999999994
      vertex -5.992705098312484 11.685316954888547 2.7999999999999994
    endloop
  endfacet
  facet normal 0 0 -1
    outer loop
      vertex -6.027733787469522 11.671448115739807 2.7999999999999994
      vertex -6.010437365805403 11.678932945766476 2.7999999999999994
      vertex -5.992705098312484 11.685316954888547 2.7999999999999994
    endloop
  endfacet
  facet normal 0 0 -1
    outer loop
      vertex -6.076335575687742 11.642705098312485 2.7999999999999994
      vertex -5.992705098312484 11.685316954888547 2.7999999999999994
      vertex -5.900000094832527 11.699999997019768 2.7999999999999994
    endloop
  endfacet
  facet normal 0 0 -1
    outer loop
      vertex -5.992705098312484 11.685316954888547 2.7999999999999994
      vertex -5.974606966149457 11.69057494833859 2.7999999999999994
      vertex -5.956214394375718 11.694686175218607 2.7999999999999994
    endloop
  endfacet
  facet normal 0.1564344650402185 -0.9876883405951395 0
    outer loop
      vertex -5.956214394375718 11.694686175218607 2.7899999999999996
      vertex -5.937599970069291 11.697634410394343 2.7899999999999996
      vertex -5.956214394375718 11.694686175218607 2.7999999999999994
    endloop
  endfacet
  facet normal 0 0 -1
    outer loop
      vertex -5.992705098312484 11.685316954888547 2.7999999999999994
      vertex -5.956214394375718 11.694686175218607 2.7999999999999994
      vertex -5.900000094832527 11.699999997019768 2.7999999999999994
    endloop
  endfacet
  facet normal 0.09410831331854244 -0.9955619646030773 0
    outer loop
      vertex -5.937599970069291 11.697634410394343 2.7899999999999996
      vertex -5.918837155858794 11.699408018528482 2.7899999999999996
      vertex -5.937599970069291 11.697634410394343 2.7999999999999994
    endloop
  endfacet
  facet normal 0.1564344650402185 -0.9876883405951395 0
    outer loop
      vertex -5.937599970069291 11.697634410394343 2.7899999999999996
      vertex -5.937599970069291 11.697634410394343 2.7999999999999994
      vertex -5.956214394375718 11.694686175218607 2.7999999999999994
    endloop
  endfacet
  facet normal 0 0 -1
    outer loop
      vertex -5.956214394375718 11.694686175218607 2.7999999999999994
      vertex -5.937599970069291 11.697634410394343 2.7999999999999994
      vertex -5.900000094832527 11.699999997019768 2.7999999999999994
    endloop
  endfacet
  facet normal 0.09410831331854244 -0.9955619646030773 0
    outer loop
      vertex -5.937599970069291 11.697634410394343 2.7999999999999994
      vertex -5.918837155858794 11.699408018528482 2.7899999999999996
      vertex -5.918837155858794 11.699408018528482 2.7999999999999994
    endloop
  endfacet
  facet normal 0 0 -1
    outer loop
      vertex -5.937599970069291 11.697634410394343 2.7999999999999994
      vertex -5.918837155858794 11.699408018528482 2.7999999999999994
      vertex -5.900000094832527 11.699999997019768 2.7999999999999994
    endloop
  endfacet
  facet normal 0.03141075907812376 -0.9995065603657317 0
    outer loop
      vertex -5.918837155858794 11.699408018528482 2.7899999999999996
      vertex -5.900000094832527 11.699999997019768 2.7999999999999994
      vertex -5.918837155858794 11.699408018528482 2.7999999999999994
    endloop
  endfacet
  facet normal 0 0 -1
    outer loop
      vertex -6.076335575687742 11.157294901687516 2.7999999999999994
      vertex 5.900000094832527 11.100000002980233 2.7999999999999994
      vertex -5.900000094832527 11.100000002980233 2.7999999999999994
    endloop
  endfacet
  facet normal 0 0 -1
    outer loop
      vertex -6.076335575687742 11.157294901687516 2.7999999999999994
      vertex -5.900000094832527 11.699999997019768 2.7999999999999994
      vertex 6.091227196924607 11.168846027167264 2.7999999999999994
    endloop
  endfacet
  facet normal -0.9995065603657315 0.03141075907813317 0
    outer loop
      vertex 6.199999997019768 11.399999905167473 -3.39
      vertex 6.199999997019768 11.399999905167473 -3.3999999999993773
      vertex 6.199408018528518 11.38116284414237 -3.3999999999993826
    endloop
  endfacet
  facet normal -0.9995065702948375 -0.03141044312726324 0
    outer loop
      vertex 6.199999997019768 11.399999905167473 -3.39
      vertex 6.199408018528482 11.418837155858796 -3.3999999999993724
      vertex 6.199999997019768 11.399999905167473 -3.3999999999993773
    endloop
  endfacet
  facet normal -0.707106781186524 -0.7071067811865711 0
    outer loop
      vertex 6.1053641317786065 11.618690588226423 -3.39
      vertex 6.1053641317786065 11.618690588226423 -3.399999999999325
      vertex 6.118690588225528 11.605364131779503 -3.3999999999993276
    endloop
  endfacet
  facet normal -0.7071067811865004 -0.7071067811865948 6.280369834313235e-14
    outer loop
      vertex 6.118690588226424 11.605364131778607 -3.39
      vertex 6.1053641317786065 11.618690588226423 -3.39
      vertex 6.118690588225528 11.605364131779503 -3.3999999999993276
    endloop
  endfacet
  facet normal -0.6613118653236646 -0.7501110696304483 0
    outer loop
      vertex 6.1053641317786065 11.618690588226423 -3.39
      vertex 6.091227196924607 11.631153972832736 -3.3999999999993227
      vertex 6.1053641317786065 11.618690588226423 -3.399999999999325
    endloop
  endfacet
  facet normal -0.7501110696276164 -0.6613118653268769 8.016672571184432e-12
    outer loop
      vertex 6.118690588226424 11.605364131778607 -3.39
      vertex 6.118690588225528 11.605364131779503 -3.3999999999993276
      vertex 6.131153972831903 11.591227196925555 -3.3999999999993307
    endloop
  endfacet
  facet normal 0 1 0
    outer loop
      vertex 5.900000094832527 11.100000002980233 2.7999999999999994
      vertex 5.900000094832529 11.100000002980233 -3.399999999999477
      vertex -5.900000094832527 11.100000002980233 -3.4
    endloop
  endfacet
  facet normal -0.03141075907812672 0.9995065603657316 0
    outer loop
      vertex 5.918837155858794 11.100591981471519 2.7899999999999996
      vertex 5.918837155858794 11.100591981471519 -3.399999999999476
      vertex 5.900000094832529 11.100000002980233 -3.399999999999477
    endloop
  endfacet
  facet normal -0.09410831331853362 0.9955619646030782 0
    outer loop
      vertex 5.918837155858794 11.100591981471519 2.7899999999999996
      vertex 5.937599970069293 11.102365589605657 -3.399999999999474
      vertex 5.918837155858794 11.100591981471519 -3.399999999999476
    endloop
  endfacet
  facet normal -0.15643446504023306 0.9876883405951373 0
    outer loop
      vertex 5.956214394375718 11.105313824781394 2.7899999999999996
      vertex 5.956214394375718 11.105313824781394 -3.3999999999994723
      vertex 5.937599970069293 11.102365589605657 -3.399999999999474
    endloop
  endfacet
  facet normal -0.21814324139650818 0.9759167619387551 0
    outer loop
      vertex 5.956214394375718 11.105313824781394 2.7899999999999996
      vertex 5.974606966149459 11.109425051661411 -3.3999999999994697
      vertex 5.956214394375718 11.105313824781394 -3.3999999999994723
    endloop
  endfacet
  facet normal -0.2789911060392242 0.9602936856769446 0
    outer loop
      vertex 5.992705098312484 11.114683045111454 2.7999999999999994
      vertex 5.992705098312484 11.114683045111454 -3.3999999999994674
      vertex 5.974606966149459 11.109425051661411 -3.3999999999994697
    endloop
  endfacet
  facet normal -0.338737920245302 0.9408807689542217 0
    outer loop
      vertex 5.992705098312484 11.114683045111454 2.7999999999999994
      vertex 6.010437365805403 11.121067054233524 -3.3999999999994643
      vertex 5.992705098312484 11.114683045111454 -3.3999999999994674
    endloop
  endfacet
  facet normal -0.3971478906347694 0.917754625683986 0
    outer loop
      vertex 6.010437365805403 11.121067054233524 2.7999999999999994
      vertex 6.027733787469522 11.128551884260194 -3.3999999999994612
      vertex 6.010437365805403 11.121067054233524 -3.3999999999994643
    endloop
  endfacet
  facet normal -0.4539904997395918 0.891006524188345 0
    outer loop
      vertex 6.027733787469522 11.128551884260194 2.7999999999999994
      vertex 6.044526102230515 11.137107995986842 -3.399999999999458
      vertex 6.027733787469522 11.128551884260194 -3.3999999999994612
    endloop
  endfacet
  facet normal -0.5090414157503387 0.8607420270039629 0
    outer loop
      vertex 6.044526102230515 11.137107995986842 2.7999999999999994
      vertex 6.060748038493699 11.146701622349395 -3.399999999999454
      vertex 6.044526102230515 11.137107995986842 -3.399999999999458
    endloop
  endfacet
  facet normal -0.5620833778521859 0.8270805742745242 0
    outer loop
      vertex 6.060748038493699 11.146701622349395 2.7999999999999994
      vertex 6.076335575687743 11.157294901687518 -3.3999999999994506
      vertex 6.060748038493699 11.146701622349395 -3.399999999999454
    endloop
  endfacet
  facet normal -0.6129070536529644 0.7901550123756999 0
    outer loop
      vertex 6.091227196924607 11.168846027167264 2.7999999999999994
      vertex 6.091227196924607 11.168846027167264 -3.3999999999994466
      vertex 6.076335575687743 11.157294901687518 -3.3999999999994506
    endloop
  endfacet
  facet normal -0.6613118653236945 0.7501110696304222 0
    outer loop
      vertex 6.091227196924607 11.168846027167264 2.7999999999999994
      vertex 6.105364131778607 11.18130941177358 -3.399999999999442
      vertex 6.091227196924607 11.168846027167264 -3.3999999999994466
    endloop
  endfacet
  facet normal -0.7071067811865004 0.7071067811865946 1.0129628765704719e-16
    outer loop
      vertex 6.118690588226424 11.194635868221393 2.7999999999999994
      vertex 6.118690588226425 11.194635868221395 -3.3999999999994377
      vertex 6.105364131778607 11.18130941177358 -3.399999999999442
    endloop
  endfacet
  facet normal -0.2789911060391737 -0.9602936856769593 0
    outer loop
      vertex 5.992705098312484 11.685316954888547 2.7999999999999994
      vertex 5.974606966149455 11.69057494833859 -3.3999999999993142
      vertex 5.992705098312484 11.685316954888547 -3.3999999999993142
    endloop
  endfacet
  facet normal -0.03141075907595619 -0.9995065603657999 0
    outer loop
      vertex 5.918837155858794 11.699408018528482 2.7999999999999994
      vertex 5.900000094831226 11.699999997019768 -3.3999999999993165
      vertex 5.918837155858794 11.699408018528482 -3.3999999999993156
    endloop
  endfacet
  facet normal -0.09410831331855128 -0.9955619646030764 0
    outer loop
      vertex 5.918837155858794 11.699408018528482 2.7999999999999994
      vertex 5.918837155858794 11.699408018528482 -3.3999999999993156
      vertex 5.937599970069289 11.697634410394343 -3.3999999999993147
    endloop
  endfacet
  facet normal -0.15643446504020392 -0.9876883405951419 0
    outer loop
      vertex 5.956214394375718 11.694686175218607 2.7999999999999994
      vertex 5.937599970069289 11.697634410394343 -3.3999999999993147
      vertex 5.956214394375718 11.694686175218607 -3.3999999999993142
    endloop
  endfacet
  facet normal -0.21814324139654834 -0.9759167619387462 0
    outer loop
      vertex 5.956214394375718 11.694686175218607 2.7999999999999994
      vertex 5.956214394375718 11.694686175218607 -3.3999999999993142
      vertex 5.974606966149455 11.69057494833859 -3.3999999999993142
    endloop
  endfacet
  facet normal -0.7501110696304895 0.661311865323618 8.201506298713126e-17
    outer loop
      vertex 6.131153972832737 11.208772803075394 2.7999999999999994
      vertex 6.131153972832738 11.208772803075396 -3.3999999999994333
      vertex 6.118690588226425 11.194635868221395 -3.3999999999994377
    endloop
  endfacet
  facet normal -0.7901550123756468 0.6129070536530328 0
    outer loop
      vertex 6.142705098312485 11.223664424312258 2.7899999999999996
      vertex 6.142705098312485 11.223664424312258 -3.3999999999994284
      vertex 6.131153972832738 11.208772803075396 -3.3999999999994333
    endloop
  endfacet
  facet normal -0.8270805742745978 0.5620833778520776 0
    outer loop
      vertex 6.142705098312485 11.223664424312258 2.7899999999999996
      vertex 6.153298377650605 11.239251961506303 -3.3999999999994235
      vertex 6.142705098312485 11.223664424312258 -3.3999999999994284
    endloop
  endfacet
  facet normal -0.8270805742697266 0.5620833778592454 2.6386553516912383e-14
    outer loop
      vertex 6.1532983776506045 11.239251961506302 -3.39
      vertex 6.153298377650605 11.239251961506303 -3.3999999999994235
      vertex 6.142705098312485 11.223664424312258 2.7899999999999996
    endloop
  endfacet
  facet normal -0.8607420270062787 0.5090414157464229 1.3974670709128395e-14
    outer loop
      vertex 6.1532983776506045 11.239251961506302 -3.39
      vertex 6.162892004013159 11.255473897769486 2.7999999999999994
      vertex 6.153298377650605 11.239251961506303 -3.3999999999994235
    endloop
  endfacet
  facet normal -0.8607420270039423 0.5090414157503736 2.253979146650512e-17
    outer loop
      vertex 6.162892004013159 11.255473897769486 2.7999999999999994
      vertex 6.16289200401316 11.255473897769487 -3.3999999999994186
      vertex 6.153298377650605 11.239251961506303 -3.3999999999994235
    endloop
  endfacet
  facet normal -0.8910065241883636 0.45399049973955513 0
    outer loop
      vertex 6.171448115739806 11.272266212530479 2.7999999999999994
      vertex 6.171448115739806 11.272266212530479 -3.3999999999994137
      vertex 6.16289200401316 11.255473897769487 -3.3999999999994186
    endloop
  endfacet
  facet normal -0.9177546256839837 0.39714789063477474 0
    outer loop
      vertex 6.171448115739806 11.272266212530479 2.7999999999999994
      vertex 6.178932945766476 11.2895626341946 -3.3999999999994084
      vertex 6.171448115739806 11.272266212530479 -3.3999999999994137
    endloop
  endfacet
  facet normal -0.9177546256854164 0.39714789063146416 -1.0965348134365786e-14
    outer loop
      vertex 6.1789329457664754 11.289562634194597 -3.39
      vertex 6.178932945766476 11.2895626341946 -3.3999999999994084
      vertex 6.171448115739806 11.272266212530479 2.7999999999999994
    endloop
  endfacet
  facet normal -0.9408807689516188 0.3387379202525317 -2.339505731027299e-14
    outer loop
      vertex 6.1789329457664754 11.289562634194597 -3.39
      vertex 6.185316954888546 11.307294901687516 2.7999999999999994
      vertex 6.178932945766476 11.2895626341946 -3.3999999999994084
    endloop
  endfacet
  facet normal -0.9408807689542216 0.33873792024530197 -3.773396340388112e-17
    outer loop
      vertex 6.185316954888546 11.307294901687516 2.7999999999999994
      vertex 6.185316954888547 11.307294901687518 -3.399999999999403
      vertex 6.178932945766476 11.2895626341946 -3.3999999999994084
    endloop
  endfacet
  facet normal -0.9602936856769445 0.27899110603922417 0
    outer loop
      vertex 6.19057494833859 11.325393033850544 2.7999999999999994
      vertex 6.19057494833859 11.325393033850544 -3.399999999999398
      vertex 6.185316954888547 11.307294901687518 -3.399999999999403
    endloop
  endfacet
  facet normal -0.9759167619387572 0.21814324139649813 0
    outer loop
      vertex 6.19057494833859 11.325393033850544 2.7999999999999994
      vertex 6.194686175218607 11.343785605624285 -3.399999999999393
      vertex 6.19057494833859 11.325393033850544 -3.399999999999398
    endloop
  endfacet
  facet normal -0.9759167619387473 -0.21814324139654304 0
    outer loop
      vertex 6.194686175218607 11.456214394375717 2.7899999999999996
      vertex 6.190574948338589 11.474606966149459 -3.399999999999358
      vertex 6.194686175218607 11.456214394375717 -3.3999999999993626
    endloop
  endfacet
  facet normal -0.9602936856769392 -0.27899110603924243 5.763296271740986e-17
    outer loop
      vertex 6.185316954888546 11.492705098312484 2.7999999999999994
      vertex 6.185316954888545 11.492705098312486 -3.3999999999993538
      vertex 6.190574948338589 11.474606966149459 -3.399999999999358
    endloop
  endfacet
  facet normal -0.790155012373123 -0.6129070536562862 1.2691874421794399e-14
    outer loop
      vertex 6.131153972832737 11.591227196924608 2.7999999999999994
      vertex 6.131153972831903 11.591227196925555 -3.3999999999993307
      vertex 6.142705098312484 11.576335575687745 -3.3999999999993338
    endloop
  endfacet
  facet normal -0.8910065241883643 -0.4539904997395537 0
    outer loop
      vertex 6.171448115739806 11.527733787469522 2.7999999999999994
      vertex 6.162892004013158 11.544526102230517 -3.3999999999993413
      vertex 6.171448115739806 11.527733787469522 -3.399999999999345
    endloop
  endfacet
  facet normal -0.9408807689542258 -0.3387379202452903 0
    outer loop
      vertex 6.1789329457664754 11.510437365805403 2.7899999999999996
      vertex 6.1789329457664754 11.510437365805403 -3.3999999999993493
      vertex 6.185316954888545 11.492705098312486 -3.3999999999993538
    endloop
  endfacet
  facet normal -0.917754625683986 -0.3971478906347693 0
    outer loop
      vertex 6.1789329457664754 11.510437365805403 2.7899999999999996
      vertex 6.171448115739806 11.527733787469522 -3.399999999999345
      vertex 6.1789329457664754 11.510437365805403 -3.3999999999993493
    endloop
  endfacet
  facet normal -0.8607420270039591 -0.5090414157503451 0
    outer loop
      vertex 6.153298377650605 11.5607480384937 2.7999999999999994
      vertex 6.153298377650605 11.5607480384937 -3.3999999999993373
      vertex 6.162892004013158 11.544526102230517 -3.3999999999993413
    endloop
  endfacet
  facet normal -0.8270805742745759 -0.5620833778521098 0
    outer loop
      vertex 6.153298377650605 11.5607480384937 2.7999999999999994
      vertex 6.142705098312484 11.576335575687745 -3.3999999999993338
      vertex 6.153298377650605 11.5607480384937 -3.3999999999993373
    endloop
  endfacet
  facet normal -0.9876883405951362 0.15643446504024033 0
    outer loop
      vertex 6.197634410394343 11.36240002993071 2.7999999999999994
      vertex 6.197634410394343 11.36240002993071 -3.3999999999993875
      vertex 6.194686175218607 11.343785605624285 -3.399999999999393
    endloop
  endfacet
  facet normal -0.995561964603443 0.09410831331467341 0
    outer loop
      vertex 6.197634410394343 11.36240002993071 2.7999999999999994
      vertex 6.199408018528518 11.38116284414237 -3.3999999999993826
      vertex 6.197634410394343 11.36240002993071 -3.3999999999993875
    endloop
  endfacet
  facet normal -0.9995065603657314 0.03141075907813315 2.4110341576910278e-17
    outer loop
      vertex 6.199999997019768 11.399999905167473 -3.39
      vertex 6.199408018528518 11.38116284414237 -3.3999999999993826
      vertex 6.199408018528482 11.381162844141206 2.7999999999999994
    endloop
  endfacet
  facet normal -0.9995065702948375 -0.031410443127263245 -8.988732059789645e-18
    outer loop
      vertex 6.199999997019768 11.399999905167473 -3.39
      vertex 6.199408018528482 11.418837155858794 2.7999999999999994
      vertex 6.199408018528482 11.418837155858796 -3.3999999999993724
    endloop
  endfacet
  facet normal -0.9955619646030764 -0.09410831331855127 0
    outer loop
      vertex 6.197634410394343 11.437599970069291 2.7899999999999996
      vertex 6.197634410394343 11.437599970069291 -3.3999999999993675
      vertex 6.199408018528482 11.418837155858796 -3.3999999999993724
    endloop
  endfacet
  facet normal -0.9876883405951384 -0.15643446504022576 0
    outer loop
      vertex 6.197634410394343 11.437599970069291 2.7899999999999996
      vertex 6.194686175218607 11.456214394375717 -3.3999999999993626
      vertex 6.197634410394343 11.437599970069291 -3.3999999999993675
    endloop
  endfacet
  facet normal -0.338737920245317 -0.9408807689542162 0
    outer loop
      vertex 5.992705098312484 11.685316954888547 2.7999999999999994
      vertex 5.992705098312484 11.685316954888547 -3.3999999999993142
      vertex 6.010437365805402 11.678932945766476 -3.399999999999315
    endloop
  endfacet
  facet normal -0.39714789063478656 -0.9177546256839786 1.1378651157783285e-16
    outer loop
      vertex 6.010437365805404 11.678932945766476 2.7999999999999994
      vertex 6.010437365805402 11.678932945766476 -3.399999999999315
      vertex 6.02773378746952 11.671448115739807 -3.399999999999316
    endloop
  endfacet
  facet normal -0.4539904997395537 -0.8910065241883643 0
    outer loop
      vertex 6.044526102230515 11.662892004013159 2.7999999999999994
      vertex 6.02773378746952 11.671448115739807 -3.399999999999316
      vertex 6.044526102230515 11.662892004013159 -3.399999999999317
    endloop
  endfacet
  facet normal -0.6129070536530004 -0.7901550123756719 0
    outer loop
      vertex 6.091227196924607 11.631153972832736 2.7999999999999994
      vertex 6.076335575687742 11.642705098312485 -3.3999999999993205
      vertex 6.091227196924607 11.631153972832736 -3.3999999999993227
    endloop
  endfacet
  facet normal -0.5090414157503101 -0.8607420270039797 0
    outer loop
      vertex 6.044526102230515 11.662892004013159 2.7999999999999994
      vertex 6.044526102230515 11.662892004013159 -3.399999999999317
      vertex 6.060748038493697 11.653298377650607 -3.3999999999993187
    endloop
  endfacet
  facet normal -0.562083377852164 -0.8270805742745391 0
    outer loop
      vertex 6.076335575687742 11.642705098312485 2.7999999999999994
      vertex 6.060748038493697 11.653298377650607 -3.3999999999993187
      vertex 6.076335575687742 11.642705098312485 -3.3999999999993205
    endloop
  endfacet
  facet normal -0.6613118653236646 -0.7501110696304483 0
    outer loop
      vertex 6.1053641317786065 11.618690588226423 -3.39
      vertex 6.091227196924607 11.631153972832736 2.7999999999999994
      vertex 6.091227196924607 11.631153972832736 -3.3999999999993227
    endloop
  endfacet
  facet normal -0.7501110696304294 -0.661311865323686 0
    outer loop
      vertex 6.118690588226424 11.605364131778607 -3.39
      vertex 6.131153972831903 11.591227196925555 -3.3999999999993307
      vertex 6.118690588226424 11.605364131778607 2.7999999999999994
    endloop
  endfacet
  facet normal -0.7071067811865005 -0.7071067811865946 0
    outer loop
      vertex 6.118690588226424 11.605364131778607 -3.39
      vertex 6.118690588226424 11.605364131778607 2.7999999999999994
      vertex 6.1053641317786065 11.618690588226423 -3.39
    endloop
  endfacet
  facet normal 0 -1 0
    outer loop
      vertex -5.900000094832527 11.699999997019768 2.7999999999999994
      vertex 5.900000094831226 11.699999997019768 -3.3999999999993165
      vertex 5.900000094832527 11.699999997019768 2.7999999999999994
    endloop
  endfacet
  facet normal -0.03141075907812376 0.9995065603657317 -8.99947043857796e-18
    outer loop
      vertex 5.900000094832527 11.100000002980233 2.7999999999999994
      vertex 5.918837155858794 11.100591981471519 2.7899999999999996
      vertex 5.900000094832529 11.100000002980233 -3.399999999999477
    endloop
  endfacet
  facet normal -0.09410831331854246 0.9955619646030774 -2.7009896016730336e-17
    outer loop
      vertex 5.918837155858794 11.100591981471519 2.7899999999999996
      vertex 5.937599970069291 11.102365589605657 2.7899999999999996
      vertex 5.937599970069293 11.102365589605657 -3.399999999999474
    endloop
  endfacet
  facet normal -0.1564344650402185 0.9876883405951397 -4.4892315329908746e-17
    outer loop
      vertex 5.937599970069291 11.102365589605657 2.7899999999999996
      vertex 5.956214394375718 11.105313824781394 2.7899999999999996
      vertex 5.937599970069293 11.102365589605657 -3.399999999999474
    endloop
  endfacet
  facet normal -0.21814324139650815 0.975916761938755 0
    outer loop
      vertex 5.956214394375718 11.105313824781394 2.7899999999999996
      vertex 5.956214394375718 11.105313824781394 2.7999999999999994
      vertex 5.974606966149459 11.109425051661411 -3.3999999999994697
    endloop
  endfacet
  facet normal -0.21814324139652824 0.9759167619387507 -6.251549578160162e-17
    outer loop
      vertex 5.956214394375718 11.105313824781394 2.7999999999999994
      vertex 5.974606966149457 11.109425051661411 2.7999999999999994
      vertex 5.974606966149459 11.109425051661411 -3.3999999999994697
    endloop
  endfacet
  facet normal -0.27899110603919897 0.960293685676952 -7.993350957171194e-17
    outer loop
      vertex 5.974606966149457 11.109425051661411 2.7999999999999994
      vertex 5.992705098312484 11.114683045111454 2.7999999999999994
      vertex 5.974606966149459 11.109425051661411 -3.3999999999994697
    endloop
  endfacet
  facet normal -0.338737920245302 0.9408807689542217 0
    outer loop
      vertex 5.992705098312484 11.114683045111454 2.7999999999999994
      vertex 6.010437365805403 11.121067054233524 2.7999999999999994
      vertex 6.010437365805403 11.121067054233524 -3.3999999999994643
    endloop
  endfacet
  facet normal -0.39714789063476935 0.917754625683986 0
    outer loop
      vertex 6.010437365805403 11.121067054233524 2.7999999999999994
      vertex 6.027733787469522 11.128551884260194 2.7999999999999994
      vertex 6.027733787469522 11.128551884260194 -3.3999999999994612
    endloop
  endfacet
  facet normal -0.4539904997395918 0.8910065241883449 0
    outer loop
      vertex 6.027733787469522 11.128551884260194 2.7999999999999994
      vertex 6.044526102230515 11.137107995986842 2.7999999999999994
      vertex 6.044526102230515 11.137107995986842 -3.399999999999458
    endloop
  endfacet
  facet normal -0.5090414157503387 0.860742027003963 0
    outer loop
      vertex 6.044526102230515 11.137107995986842 2.7999999999999994
      vertex 6.060748038493699 11.146701622349395 2.7999999999999994
      vertex 6.060748038493699 11.146701622349395 -3.399999999999454
    endloop
  endfacet
  facet normal -0.5620833778521434 0.8270805742745533 1.5634673156511563e-16
    outer loop
      vertex 6.060748038493699 11.146701622349395 2.7999999999999994
      vertex 6.076335575687742 11.157294901687516 2.7999999999999994
      vertex 6.076335575687743 11.157294901687518 -3.3999999999994506
    endloop
  endfacet
  facet normal -0.6129070536530004 0.7901550123756719 1.3858491001345302e-16
    outer loop
      vertex 6.076335575687742 11.157294901687516 2.7999999999999994
      vertex 6.091227196924607 11.168846027167264 2.7999999999999994
      vertex 6.076335575687743 11.157294901687518 -3.3999999999994506
    endloop
  endfacet
  facet normal -0.6613118653236647 0.7501110696304483 1.2015965422957364e-16
    outer loop
      vertex 6.091227196924607 11.168846027167264 2.7999999999999994
      vertex 6.1053641317786065 11.181309411773578 2.7999999999999994
      vertex 6.105364131778607 11.18130941177358 -3.399999999999442
    endloop
  endfacet
  facet normal -0.7071067811865004 0.7071067811865948 1.0129628765704714e-16
    outer loop
      vertex 6.1053641317786065 11.181309411773578 2.7999999999999994
      vertex 6.118690588226424 11.194635868221393 2.7999999999999994
      vertex 6.105364131778607 11.18130941177358 -3.399999999999442
    endloop
  endfacet
  facet normal -0.27899110603919897 -0.9602936856769518 7.993350957171395e-17
    outer loop
      vertex 5.974606966149457 11.69057494833859 2.7999999999999994
      vertex 5.974606966149455 11.69057494833859 -3.3999999999993142
      vertex 5.992705098312484 11.685316954888547 2.7999999999999994
    endloop
  endfacet
  facet normal -0.03141075907812376 -0.9995065603657317 6.5921120962585275e-15
    outer loop
      vertex 5.900000094832527 11.699999997019768 2.7999999999999994
      vertex 5.900000094831226 11.699999997019768 -3.3999999999993165
      vertex 5.918837155858794 11.699408018528482 2.7999999999999994
    endloop
  endfacet
  facet normal -0.09410831331854246 -0.9955619646030773 2.6966331668316947e-17
    outer loop
      vertex 5.918837155858794 11.699408018528482 2.7999999999999994
      vertex 5.937599970069289 11.697634410394343 -3.3999999999993147
      vertex 5.937599970069291 11.697634410394343 2.7999999999999994
    endloop
  endfacet
  facet normal -0.15643446504021852 -0.9876883405951397 4.4819908369700374e-17
    outer loop
      vertex 5.937599970069291 11.697634410394343 2.7999999999999994
      vertex 5.937599970069289 11.697634410394343 -3.3999999999993147
      vertex 5.956214394375718 11.694686175218607 2.7999999999999994
    endloop
  endfacet
  facet normal -0.21814324139652824 -0.9759167619387507 6.251549578160319e-17
    outer loop
      vertex 5.956214394375718 11.694686175218607 2.7999999999999994
      vertex 5.974606966149455 11.69057494833859 -3.3999999999993142
      vertex 5.974606966149457 11.69057494833859 2.7999999999999994
    endloop
  endfacet
  facet normal -0.7901550123756592 0.6129070536530166 6.241016233278739e-17
    outer loop
      vertex 6.131153972832737 11.208772803075394 2.7999999999999994
      vertex 6.142705098312485 11.223664424312258 2.7899999999999996
      vertex 6.131153972832738 11.208772803075396 -3.3999999999994333
    endloop
  endfacet
  facet normal -0.7501110696304895 0.661311865323618 8.201506298713121e-17
    outer loop
      vertex 6.118690588226424 11.194635868221393 2.7999999999999994
      vertex 6.131153972832737 11.208772803075394 2.7999999999999994
      vertex 6.118690588226425 11.194635868221395 -3.3999999999994377
    endloop
  endfacet
  facet normal -0.8270805742745899 0.5620833778520892 0
    outer loop
      vertex 6.1532983776506045 11.239251961506302 -3.39
      vertex 6.142705098312485 11.223664424312258 2.7899999999999996
      vertex 6.1532983776506045 11.239251961506302 2.7999999999999994
    endloop
  endfacet
  facet normal -0.8607420270039423 0.5090414157503736 0
    outer loop
      vertex 6.1532983776506045 11.239251961506302 -3.39
      vertex 6.1532983776506045 11.239251961506302 2.7999999999999994
      vertex 6.162892004013159 11.255473897769486 2.7999999999999994
    endloop
  endfacet
  facet normal -0.891006524188364 0.4539904997395544 2.4316713933828956e-18
    outer loop
      vertex 6.162892004013159 11.255473897769486 2.7999999999999994
      vertex 6.171448115739806 11.272266212530479 2.7999999999999994
      vertex 6.16289200401316 11.255473897769487 -3.3999999999994186
    endloop
  endfacet
  facet normal -0.9177546256839859 0.39714789063476935 0
    outer loop
      vertex 6.1789329457664754 11.289562634194597 -3.39
      vertex 6.171448115739806 11.272266212530479 2.7999999999999994
      vertex 6.1789329457664754 11.289562634194597 2.7999999999999994
    endloop
  endfacet
  facet normal -0.9759167619387528 0.21814324139651822 6.261649012050358e-17
    outer loop
      vertex 6.19057494833859 11.325393033850544 2.7999999999999994
      vertex 6.194686175218607 11.343785605624284 2.7899999999999996
      vertex 6.194686175218607 11.343785605624285 -3.399999999999393
    endloop
  endfacet
  facet normal -0.9408807689542216 0.338737920245302 0
    outer loop
      vertex 6.1789329457664754 11.289562634194597 -3.39
      vertex 6.1789329457664754 11.289562634194597 2.7999999999999994
      vertex 6.185316954888546 11.307294901687516 2.7999999999999994
    endloop
  endfacet
  facet normal -0.9602936856769392 0.27899110603924243 -5.763296271740941e-17
    outer loop
      vertex 6.185316954888546 11.307294901687516 2.7999999999999994
      vertex 6.19057494833859 11.325393033850544 2.7999999999999994
      vertex 6.185316954888547 11.307294901687518 -3.399999999999403
    endloop
  endfacet
  facet normal -0.9759167619387529 -0.21814324139651828 7.724549200472266e-17
    outer loop
      vertex 6.194686175218607 11.456214394375717 2.7899999999999996
      vertex 6.19057494833859 11.474606966149457 2.7999999999999994
      vertex 6.190574948338589 11.474606966149459 -3.399999999999358
    endloop
  endfacet
  facet normal -0.9602936856769393 -0.27899110603924243 5.763296271740983e-17
    outer loop
      vertex 6.19057494833859 11.474606966149457 2.7999999999999994
      vertex 6.185316954888546 11.492705098312484 2.7999999999999994
      vertex 6.190574948338589 11.474606966149459 -3.399999999999358
    endloop
  endfacet
  facet normal -0.7901550123756946 -0.6129070536529709 -6.239951155937329e-17
    outer loop
      vertex 6.131153972832737 11.591227196924608 2.7999999999999994
      vertex 6.142705098312484 11.576335575687745 -3.3999999999993338
      vertex 6.142705098312485 11.576335575687743 2.7999999999999994
    endloop
  endfacet
  facet normal -0.9408807689542216 -0.338737920245302 3.769487222452852e-17
    outer loop
      vertex 6.1789329457664754 11.510437365805403 2.7899999999999996
      vertex 6.185316954888545 11.492705098312486 -3.3999999999993538
      vertex 6.185316954888546 11.492705098312484 2.7999999999999994
    endloop
  endfacet
  facet normal -0.917754625683986 -0.3971478906347694 0
    outer loop
      vertex 6.1789329457664754 11.510437365805403 2.7899999999999996
      vertex 6.171448115739806 11.527733787469522 2.7999999999999994
      vertex 6.171448115739806 11.527733787469522 -3.399999999999345
    endloop
  endfacet
  facet normal -0.8910065241883639 -0.4539904997395544 -2.431671393382926e-18
    outer loop
      vertex 6.162892004013159 11.544526102230515 2.7999999999999994
      vertex 6.162892004013158 11.544526102230517 -3.3999999999993413
      vertex 6.171448115739806 11.527733787469522 2.7999999999999994
    endloop
  endfacet
  facet normal -0.8607420270039629 -0.5090414157503387 -2.253979146649244e-17
    outer loop
      vertex 6.162892004013159 11.544526102230515 2.7999999999999994
      vertex 6.153298377650605 11.5607480384937 2.7999999999999994
      vertex 6.162892004013158 11.544526102230517 -3.3999999999993413
    endloop
  endfacet
  facet normal -0.827080574274568 -0.5620833778521214 -4.268219378038679e-17
    outer loop
      vertex 6.153298377650605 11.5607480384937 2.7999999999999994
      vertex 6.142705098312485 11.576335575687743 2.7999999999999994
      vertex 6.142705098312484 11.576335575687745 -3.3999999999993338
    endloop
  endfacet
  facet normal -0.9876883405951387 0.1564344650402258 4.4892315329911427e-17
    outer loop
      vertex 6.194686175218607 11.343785605624284 2.7899999999999996
      vertex 6.197634410394343 11.36240002993071 2.7999999999999994
      vertex 6.194686175218607 11.343785605624285 -3.399999999999393
    endloop
  endfacet
  facet normal -0.9955619646030774 0.09410831331854246 1.181334098672282e-14
    outer loop
      vertex 6.197634410394343 11.36240002993071 2.7999999999999994
      vertex 6.199408018528482 11.381162844141206 2.7999999999999994
      vertex 6.199408018528518 11.38116284414237 -3.3999999999993826
    endloop
  endfacet
  facet normal -0.9955619646030773 -0.09410831331854247 -2.696289451739218e-17
    outer loop
      vertex 6.199408018528482 11.418837155858794 2.7999999999999994
      vertex 6.197634410394343 11.437599970069291 2.7899999999999996
      vertex 6.199408018528482 11.418837155858796 -3.3999999999993724
    endloop
  endfacet
  facet normal -0.9995065603657316 0.03141075907812524 0
    outer loop
      vertex 6.199999997019768 11.399999905167473 -3.39
      vertex 6.199408018528482 11.381162844141206 2.7999999999999994
      vertex 6.199999997019768 11.399999905167473 2.7999999999999994
    endloop
  endfacet
  facet normal -0.9995065702948374 -0.031410443127266194 0
    outer loop
      vertex 6.199999997019768 11.399999905167473 -3.39
      vertex 6.199999997019768 11.399999905167473 2.7999999999999994
      vertex 6.199408018528482 11.418837155858794 2.7999999999999994
    endloop
  endfacet
  facet normal -0.9876883405951385 -0.1564344650402258 0
    outer loop
      vertex 6.197634410394343 11.437599970069291 2.7899999999999996
      vertex 6.194686175218607 11.456214394375717 2.7899999999999996
      vertex 6.194686175218607 11.456214394375717 -3.3999999999993626
    endloop
  endfacet
  facet normal -0.338737920245287 -0.940880768954227 9.707879400593587e-17
    outer loop
      vertex 5.992705098312484 11.685316954888547 2.7999999999999994
      vertex 6.010437365805402 11.678932945766476 -3.399999999999315
      vertex 6.010437365805404 11.678932945766476 2.7999999999999994
    endloop
  endfacet
  facet normal -0.39714789063478656 -0.9177546256839786 1.1389650622919446e-16
    outer loop
      vertex 6.010437365805404 11.678932945766476 2.7999999999999994
      vertex 6.02773378746952 11.671448115739807 -3.399999999999316
      vertex 6.027733787469522 11.671448115739807 2.7999999999999994
    endloop
  endfacet
  facet normal -0.4539904997395918 -0.8910065241883449 1.2990232889683218e-16
    outer loop
      vertex 6.044526102230515 11.662892004013159 2.7999999999999994
      vertex 6.027733787469522 11.671448115739807 2.7999999999999994
      vertex 6.02773378746952 11.671448115739807 -3.399999999999316
    endloop
  endfacet
  facet normal -0.6129070536530004 -0.7901550123756719 0
    outer loop
      vertex 6.076335575687742 11.642705098312485 2.7999999999999994
      vertex 6.076335575687742 11.642705098312485 -3.3999999999993205
      vertex 6.091227196924607 11.631153972832736 2.7999999999999994
    endloop
  endfacet
  facet normal -0.5090414157503387 -0.860742027003963 -1.0076544939059561e-16
    outer loop
      vertex 6.060748038493699 11.653298377650605 2.7999999999999994
      vertex 6.044526102230515 11.662892004013159 2.7999999999999994
      vertex 6.060748038493697 11.653298377650607 -3.3999999999993187
    endloop
  endfacet
  facet normal -0.5620833778521434 -0.8270805742745531 -7.592412617530501e-17
    outer loop
      vertex 6.060748038493699 11.653298377650605 2.7999999999999994
      vertex 6.060748038493697 11.653298377650607 -3.3999999999993187
      vertex 6.076335575687742 11.642705098312485 2.7999999999999994
    endloop
  endfacet
  facet normal -0.7071067811865005 -0.7071067811865946 0
    outer loop
      vertex 6.1053641317786065 11.618690588226423 -3.39
      vertex 6.118690588226424 11.605364131778607 2.7999999999999994
      vertex 6.1053641317786065 11.618690588226423 2.7999999999999994
    endloop
  endfacet
  facet normal -0.6613118653236647 -0.7501110696304483 0
    outer loop
      vertex 6.1053641317786065 11.618690588226423 -3.39
      vertex 6.1053641317786065 11.618690588226423 2.7999999999999994
      vertex 6.091227196924607 11.631153972832736 2.7999999999999994
    endloop
  endfacet
  facet normal -0.7501110696304482 -0.6613118653236647 -8.652422978307292e-17
    outer loop
      vertex 6.118690588226424 11.605364131778607 2.7999999999999994
      vertex 6.131153972831903 11.591227196925555 -3.3999999999993307
      vertex 6.131153972832737 11.591227196924608 2.7999999999999994
    endloop
  endfacet
  facet normal 0 0 -1
    outer loop
      vertex -6.076335575687742 11.157294901687516 2.7999999999999994
      vertex 6.091227196924607 11.168846027167264 2.7999999999999994
      vertex 5.900000094832527 11.100000002980233 2.7999999999999994
    endloop
  endfacet
  facet normal 0 0 -1
    outer loop
      vertex -5.900000094832527 11.699999997019768 2.7999999999999994
      vertex 5.900000094832527 11.699999997019768 2.7999999999999994
      vertex 5.918837155858794 11.699408018528482 2.7999999999999994
    endloop
  endfacet
  facet normal 0 0 -1
    outer loop
      vertex -5.900000094832527 11.699999997019768 2.7999999999999994
      vertex 5.918837155858794 11.699408018528482 2.7999999999999994
      vertex 6.091227196924607 11.168846027167264 2.7999999999999994
    endloop
  endfacet
  facet normal -0.03141075907812376 0.9995065603657317 0
    outer loop
      vertex 5.900000094832527 11.100000002980233 2.7999999999999994
      vertex 5.918837155858794 11.100591981471519 2.7999999999999994
      vertex 5.918837155858794 11.100591981471519 2.7899999999999996
    endloop
  endfacet
  facet normal 0 0 -1
    outer loop
      vertex 5.900000094832527 11.100000002980233 2.7999999999999994
      vertex 5.937599970069291 11.102365589605657 2.7999999999999994
      vertex 5.918837155858794 11.100591981471519 2.7999999999999994
    endloop
  endfacet
  facet normal -0.09410831331854244 0.9955619646030773 0
    outer loop
      vertex 5.918837155858794 11.100591981471519 2.7899999999999996
      vertex 5.937599970069291 11.102365589605657 2.7999999999999994
      vertex 5.937599970069291 11.102365589605657 2.7899999999999996
    endloop
  endfacet
  facet normal -0.09410831331854244 0.9955619646030773 0
    outer loop
      vertex 5.918837155858794 11.100591981471519 2.7899999999999996
      vertex 5.918837155858794 11.100591981471519 2.7999999999999994
      vertex 5.937599970069291 11.102365589605657 2.7999999999999994
    endloop
  endfacet
  facet normal 0 0 -1
    outer loop
      vertex 5.900000094832527 11.100000002980233 2.7999999999999994
      vertex 5.956214394375718 11.105313824781394 2.7999999999999994
      vertex 5.937599970069291 11.102365589605657 2.7999999999999994
    endloop
  endfacet
  facet normal -0.1564344650402185 0.9876883405951395 0
    outer loop
      vertex 5.937599970069291 11.102365589605657 2.7899999999999996
      vertex 5.937599970069291 11.102365589605657 2.7999999999999994
      vertex 5.956214394375718 11.105313824781394 2.7999999999999994
    endloop
  endfacet
  facet normal -0.1564344650402185 0.9876883405951395 0
    outer loop
      vertex 5.937599970069291 11.102365589605657 2.7899999999999996
      vertex 5.956214394375718 11.105313824781394 2.7999999999999994
      vertex 5.956214394375718 11.105313824781394 2.7899999999999996
    endloop
  endfacet
  facet normal 0 0 -1
    outer loop
      vertex 5.900000094832527 11.100000002980233 2.7999999999999994
      vertex 6.010437365805403 11.121067054233524 2.7999999999999994
      vertex 5.956214394375718 11.105313824781394 2.7999999999999994
    endloop
  endfacet
  facet normal 0 0 -1
    outer loop
      vertex 5.956214394375718 11.105313824781394 2.7999999999999994
      vertex 5.992705098312484 11.114683045111454 2.7999999999999994
      vertex 5.974606966149457 11.109425051661411 2.7999999999999994
    endloop
  endfacet
  facet normal 0 0 -1
    outer loop
      vertex 5.956214394375718 11.105313824781394 2.7999999999999994
      vertex 6.010437365805403 11.121067054233524 2.7999999999999994
      vertex 5.992705098312484 11.114683045111454 2.7999999999999994
    endloop
  endfacet
  facet normal 0 0 -1
    outer loop
      vertex 5.900000094832527 11.100000002980233 2.7999999999999994
      vertex 6.091227196924607 11.168846027167264 2.7999999999999994
      vertex 6.010437365805403 11.121067054233524 2.7999999999999994
    endloop
  endfacet
  facet normal 0 0 -1
    outer loop
      vertex 6.010437365805403 11.121067054233524 2.7999999999999994
      vertex 6.044526102230515 11.137107995986842 2.7999999999999994
      vertex 6.027733787469522 11.128551884260194 2.7999999999999994
    endloop
  endfacet
  facet normal 0 0 -1
    outer loop
      vertex 6.010437365805403 11.121067054233524 2.7999999999999994
      vertex 6.060748038493699 11.146701622349395 2.7999999999999994
      vertex 6.044526102230515 11.137107995986842 2.7999999999999994
    endloop
  endfacet
  facet normal 0 0 -1
    outer loop
      vertex 6.010437365805403 11.121067054233524 2.7999999999999994
      vertex 6.091227196924607 11.168846027167264 2.7999999999999994
      vertex 6.060748038493699 11.146701622349395 2.7999999999999994
    endloop
  endfacet
  facet normal 0 0 -1
    outer loop
      vertex 6.060748038493699 11.146701622349395 2.7999999999999994
      vertex 6.091227196924607 11.168846027167264 2.7999999999999994
      vertex 6.076335575687742 11.157294901687516 2.7999999999999994
    endloop
  endfacet
  facet normal 0 0 -1
    outer loop
      vertex 6.091227196924607 11.168846027167264 2.7999999999999994
      vertex 6.131153972832737 11.208772803075394 2.7999999999999994
      vertex 6.1053641317786065 11.181309411773578 2.7999999999999994
    endloop
  endfacet
  facet normal 0 0 -1
    outer loop
      vertex 5.956214394375718 11.694686175218607 2.7999999999999994
      vertex 5.992705098312484 11.685316954888547 2.7999999999999994
      vertex 6.010437365805404 11.678932945766476 2.7999999999999994
    endloop
  endfacet
  facet normal 0 0 -1
    outer loop
      vertex 5.956214394375718 11.694686175218607 2.7999999999999994
      vertex 5.974606966149457 11.69057494833859 2.7999999999999994
      vertex 5.992705098312484 11.685316954888547 2.7999999999999994
    endloop
  endfacet
  facet normal 0 0 -1
    outer loop
      vertex 5.918837155858794 11.699408018528482 2.7999999999999994
      vertex 5.937599970069291 11.697634410394343 2.7999999999999994
      vertex 5.956214394375718 11.694686175218607 2.7999999999999994
    endloop
  endfacet
  facet normal 0 0 -1
    outer loop
      vertex 5.918837155858794 11.699408018528482 2.7999999999999994
      vertex 5.956214394375718 11.694686175218607 2.7999999999999994
      vertex 6.010437365805404 11.678932945766476 2.7999999999999994
    endloop
  endfacet
  facet normal 0 0 -1
    outer loop
      vertex 6.1053641317786065 11.181309411773578 2.7999999999999994
      vertex 6.131153972832737 11.208772803075394 2.7999999999999994
      vertex 6.118690588226424 11.194635868221393 2.7999999999999994
    endloop
  endfacet
  facet normal 0 0 -1
    outer loop
      vertex 6.091227196924607 11.168846027167264 2.7999999999999994
      vertex 6.162892004013159 11.255473897769486 2.7999999999999994
      vertex 6.131153972832737 11.208772803075394 2.7999999999999994
    endloop
  endfacet
  facet normal -0.7901550123756592 0.6129070536530166 0
    outer loop
      vertex 6.131153972832737 11.208772803075394 2.7999999999999994
      vertex 6.142705098312485 11.223664424312258 2.7999999999999994
      vertex 6.142705098312485 11.223664424312258 2.7899999999999996
    endloop
  endfacet
  facet normal 0 0 -1
    outer loop
      vertex 6.131153972832737 11.208772803075394 2.7999999999999994
      vertex 6.1532983776506045 11.239251961506302 2.7999999999999994
      vertex 6.142705098312485 11.223664424312258 2.7999999999999994
    endloop
  endfacet
  facet normal -0.82708057427459 0.5620833778520892 0
    outer loop
      vertex 6.142705098312485 11.223664424312258 2.7899999999999996
      vertex 6.142705098312485 11.223664424312258 2.7999999999999994
      vertex 6.1532983776506045 11.239251961506302 2.7999999999999994
    endloop
  endfacet
  facet normal 0 0 -1
    outer loop
      vertex 6.131153972832737 11.208772803075394 2.7999999999999994
      vertex 6.162892004013159 11.255473897769486 2.7999999999999994
      vertex 6.1532983776506045 11.239251961506302 2.7999999999999994
    endloop
  endfacet
  facet normal 0 0 -1
    outer loop
      vertex 6.091227196924607 11.168846027167264 2.7999999999999994
      vertex 6.197634410394343 11.36240002993071 2.7999999999999994
      vertex 6.162892004013159 11.255473897769486 2.7999999999999994
    endloop
  endfacet
  facet normal 0 0 -1
    outer loop
      vertex 6.171448115739806 11.272266212530479 2.7999999999999994
      vertex 6.185316954888546 11.307294901687516 2.7999999999999994
      vertex 6.1789329457664754 11.289562634194597 2.7999999999999994
    endloop
  endfacet
  facet normal 0 0 -1
    outer loop
      vertex 6.162892004013159 11.255473897769486 2.7999999999999994
      vertex 6.197634410394343 11.36240002993071 2.7999999999999994
      vertex 6.171448115739806 11.272266212530479 2.7999999999999994
    endloop
  endfacet
  facet normal 0 0 -1
    outer loop
      vertex 6.171448115739806 11.272266212530479 2.7999999999999994
      vertex 6.197634410394343 11.36240002993071 2.7999999999999994
      vertex 6.185316954888546 11.307294901687516 2.7999999999999994
    endloop
  endfacet
  facet normal 0 0 -1
    outer loop
      vertex 6.185316954888546 11.307294901687516 2.7999999999999994
      vertex 6.197634410394343 11.36240002993071 2.7999999999999994
      vertex 6.19057494833859 11.325393033850544 2.7999999999999994
    endloop
  endfacet
  facet normal -0.9759167619387528 0.2181432413965182 0
    outer loop
      vertex 6.19057494833859 11.325393033850544 2.7999999999999994
      vertex 6.194686175218607 11.343785605624284 2.7999999999999994
      vertex 6.194686175218607 11.343785605624284 2.7899999999999996
    endloop
  endfacet
  facet normal 0 0 -1
    outer loop
      vertex 6.091227196924607 11.168846027167264 2.7999999999999994
      vertex 6.185316954888546 11.492705098312484 2.7999999999999994
      vertex 6.197634410394343 11.36240002993071 2.7999999999999994
    endloop
  endfacet
  facet normal 0 0 -1
    outer loop
      vertex 6.19057494833859 11.325393033850544 2.7999999999999994
      vertex 6.197634410394343 11.36240002993071 2.7999999999999994
      vertex 6.194686175218607 11.343785605624284 2.7999999999999994
    endloop
  endfacet
  facet normal 0 0 -1
    outer loop
      vertex 6.091227196924607 11.168846027167264 2.7999999999999994
      vertex 5.918837155858794 11.699408018528482 2.7999999999999994
      vertex 6.185316954888546 11.492705098312484 2.7999999999999994
    endloop
  endfacet
  facet normal 0 0 -1
    outer loop
      vertex 6.197634410394343 11.36240002993071 2.7999999999999994
      vertex 6.185316954888546 11.492705098312484 2.7999999999999994
      vertex 6.199408018528482 11.418837155858794 2.7999999999999994
    endloop
  endfacet
  facet normal 0 0 -1
    outer loop
      vertex 6.199408018528482 11.418837155858794 2.7999999999999994
      vertex 6.185316954888546 11.492705098312484 2.7999999999999994
      vertex 6.194686175218607 11.456214394375717 2.7999999999999994
    endloop
  endfacet
  facet normal -0.9759167619387528 -0.2181432413965182 0
    outer loop
      vertex 6.194686175218607 11.456214394375717 2.7899999999999996
      vertex 6.194686175218607 11.456214394375717 2.7999999999999994
      vertex 6.19057494833859 11.474606966149457 2.7999999999999994
    endloop
  endfacet
  facet normal 0 0 -1
    outer loop
      vertex 6.194686175218607 11.456214394375717 2.7999999999999994
      vertex 6.185316954888546 11.492705098312484 2.7999999999999994
      vertex 6.19057494833859 11.474606966149457 2.7999999999999994
    endloop
  endfacet
  facet normal 0 0 -1
    outer loop
      vertex 6.091227196924607 11.631153972832736 2.7999999999999994
      vertex 6.153298377650605 11.5607480384937 2.7999999999999994
      vertex 6.185316954888546 11.492705098312484 2.7999999999999994
    endloop
  endfacet
  facet normal 0 0 -1
    outer loop
      vertex 6.118690588226424 11.605364131778607 2.7999999999999994
      vertex 6.131153972832737 11.591227196924608 2.7999999999999994
      vertex 6.153298377650605 11.5607480384937 2.7999999999999994
    endloop
  endfacet
  facet normal 0 0 -1
    outer loop
      vertex 6.131153972832737 11.591227196924608 2.7999999999999994
      vertex 6.142705098312485 11.576335575687743 2.7999999999999994
      vertex 6.153298377650605 11.5607480384937 2.7999999999999994
    endloop
  endfacet
  facet normal 0 0 -1
    outer loop
      vertex 6.185316954888546 11.492705098312484 2.7999999999999994
      vertex 6.153298377650605 11.5607480384937 2.7999999999999994
      vertex 6.171448115739806 11.527733787469522 2.7999999999999994
    endloop
  endfacet
  facet normal -0.9408807689542217 -0.3387379202453021 0
    outer loop
      vertex 6.1789329457664754 11.510437365805403 2.7899999999999996
      vertex 6.185316954888546 11.492705098312484 2.7999999999999994
      vertex 6.1789329457664754 11.510437365805403 2.7999999999999994
    endloop
  endfacet
  facet normal 0 0 -1
    outer loop
      vertex 6.185316954888546 11.492705098312484 2.7999999999999994
      vertex 6.171448115739806 11.527733787469522 2.7999999999999994
      vertex 6.1789329457664754 11.510437365805403 2.7999999999999994
    endloop
  endfacet
  facet normal -0.917754625683986 -0.3971478906347693 0
    outer loop
      vertex 6.1789329457664754 11.510437365805403 2.7899999999999996
      vertex 6.1789329457664754 11.510437365805403 2.7999999999999994
      vertex 6.171448115739806 11.527733787469522 2.7999999999999994
    endloop
  endfacet
  facet normal 0 0 -1
    outer loop
      vertex 6.162892004013159 11.544526102230515 2.7999999999999994
      vertex 6.171448115739806 11.527733787469522 2.7999999999999994
      vertex 6.153298377650605 11.5607480384937 2.7999999999999994
    endloop
  endfacet
  facet normal -0.9876883405951385 0.1564344650402258 0
    outer loop
      vertex 6.194686175218607 11.343785605624284 2.7899999999999996
      vertex 6.194686175218607 11.343785605624284 2.7999999999999994
      vertex 6.197634410394343 11.36240002993071 2.7999999999999994
    endloop
  endfacet
  facet normal 0 0 -1
    outer loop
      vertex 6.197634410394343 11.36240002993071 2.7999999999999994
      vertex 6.199408018528482 11.418837155858794 2.7999999999999994
      vertex 6.199408018528482 11.381162844141206 2.7999999999999994
    endloop
  endfacet
  facet normal 0 0 -1
    outer loop
      vertex 6.199408018528482 11.381162844141206 2.7999999999999994
      vertex 6.199408018528482 11.418837155858794 2.7999999999999994
      vertex 6.199999997019768 11.399999905167473 2.7999999999999994
    endloop
  endfacet
  facet normal -0.9955619646030773 -0.09410831331854244 0
    outer loop
      vertex 6.199408018528482 11.418837155858794 2.7999999999999994
      vertex 6.197634410394343 11.437599970069291 2.7999999999999994
      vertex 6.197634410394343 11.437599970069291 2.7899999999999996
    endloop
  endfacet
  facet normal 0 0 -1
    outer loop
      vertex 6.199408018528482 11.418837155858794 2.7999999999999994
      vertex 6.194686175218607 11.456214394375717 2.7999999999999994
      vertex 6.197634410394343 11.437599970069291 2.7999999999999994
    endloop
  endfacet
  facet normal -0.9876883405951385 -0.1564344650402258 0
    outer loop
      vertex 6.197634410394343 11.437599970069291 2.7899999999999996
      vertex 6.194686175218607 11.456214394375717 2.7999999999999994
      vertex 6.194686175218607 11.456214394375717 2.7899999999999996
    endloop
  endfacet
  facet normal -0.9876883405951385 -0.1564344650402258 0
    outer loop
      vertex 6.197634410394343 11.437599970069291 2.7899999999999996
      vertex 6.197634410394343 11.437599970069291 2.7999999999999994
      vertex 6.194686175218607 11.456214394375717 2.7999999999999994
    endloop
  endfacet
  facet normal 0 0 -1
    outer loop
      vertex 5.918837155858794 11.699408018528482 2.7999999999999994
      vertex 6.010437365805404 11.678932945766476 2.7999999999999994
      vertex 6.091227196924607 11.631153972832736 2.7999999999999994
    endloop
  endfacet
  facet normal 0 0 -1
    outer loop
      vertex 6.044526102230515 11.662892004013159 2.7999999999999994
      vertex 6.076335575687742 11.642705098312485 2.7999999999999994
      vertex 6.010437365805404 11.678932945766476 2.7999999999999994
    endloop
  endfacet
  facet normal 0 0 -1
    outer loop
      vertex 6.044526102230515 11.662892004013159 2.7999999999999994
      vertex 6.010437365805404 11.678932945766476 2.7999999999999994
      vertex 6.027733787469522 11.671448115739807 2.7999999999999994
    endloop
  endfacet
  facet normal 0 0 -1
    outer loop
      vertex 5.918837155858794 11.699408018528482 2.7999999999999994
      vertex 6.091227196924607 11.631153972832736 2.7999999999999994
      vertex 6.185316954888546 11.492705098312484 2.7999999999999994
    endloop
  endfacet
  facet normal 0 0 -1
    outer loop
      vertex 6.076335575687742 11.642705098312485 2.7999999999999994
      vertex 6.091227196924607 11.631153972832736 2.7999999999999994
      vertex 6.010437365805404 11.678932945766476 2.7999999999999994
    endloop
  endfacet
  facet normal 0 0 -1
    outer loop
      vertex 6.060748038493699 11.653298377650605 2.7999999999999994
      vertex 6.076335575687742 11.642705098312485 2.7999999999999994
      vertex 6.044526102230515 11.662892004013159 2.7999999999999994
    endloop
  endfacet
  facet normal 0 0 -1
    outer loop
      vertex 6.118690588226424 11.605364131778607 2.7999999999999994
      vertex 6.091227196924607 11.631153972832736 2.7999999999999994
      vertex 6.1053641317786065 11.618690588226423 2.7999999999999994
    endloop
  endfacet
  facet normal 0 0 -1
    outer loop
      vertex 6.118690588226424 11.605364131778607 2.7999999999999994
      vertex 6.153298377650605 11.5607480384937 2.7999999999999994
      vertex 6.091227196924607 11.631153972832736 2.7999999999999994
    endloop
  endfacet
  facet normal 0 1 0
    outer loop
      vertex 11.700000000000001 -6 2.1999999999999997
      vertex 11.700000000000001 -6 2.6
      vertex 12.399999999527932 -6 2.6
    endloop
  endfacet
  facet normal 0 1 0
    outer loop
      vertex 11.700000000000001 -6 2.1999999999999997
      vertex 12.399999999527932 -6 2.6
      vertex 12.399999999527932 -6 2.1999999999999997
    endloop
  endfacet
  facet normal 0 0 1
    outer loop
      vertex 11.700000000000001 -6 2.1999999999999997
      vertex 12.399999999527932 -6 2.1999999999999997
      vertex 11.700000000000001 6 2.1999999999999997
    endloop
  endfacet
  facet normal 1 0 0
    outer loop
      vertex 11.700000000000001 -6 2.1999999999999997
      vertex 11.700000000000001 6 2.6
      vertex 11.700000000000001 -6 2.6
    endloop
  endfacet
  facet normal 0 0 -1
    outer loop
      vertex 11.700000000000001 -6 2.6
      vertex 12.399999999527932 6 2.6
      vertex 12.399999999527932 -6 2.6
    endloop
  endfacet
  facet normal 1 0 0
    outer loop
      vertex 11.700000000000001 -6 2.1999999999999997
      vertex 11.700000000000001 6 2.1999999999999997
      vertex 11.700000000000001 6 2.6
    endloop
  endfacet
  facet normal 0 0 1
    outer loop
      vertex 11.700000000000001 6 2.1999999999999997
      vertex 12.399999999527932 -6 2.1999999999999997
      vertex 12.399999999527932 6 2.1999999999999997
    endloop
  endfacet
  facet normal 0 0 -1
    outer loop
      vertex 11.700000000000001 -6 2.6
      vertex 11.700000000000001 6 2.6
      vertex 12.399999999527932 6 2.6
    endloop
  endfacet
  facet normal 0 -1 0
    outer loop
      vertex 11.700000000000001 6 2.1999999999999997
      vertex 12.399999999527932 6 2.1999999999999997
      vertex 11.700000000000001 6 2.6
    endloop
  endfacet
  facet normal 0 -1 0
    outer loop
      vertex 11.700000000000001 6 2.6
      vertex 12.399999999527932 6 2.1999999999999997
      vertex 12.399999999527932 6 2.6
    endloop
  endfacet
  facet normal 1 0 0
    outer loop
      vertex -6 11.700000000000001 2.1999999999999997
      vertex -6 12.399999999527932 2.1999999999999997
      vertex -6 11.700000000000001 2.6
    endloop
  endfacet
  facet normal 1 0 0
    outer loop
      vertex -6 11.700000000000001 2.6
      vertex -6 12.399999999527932 2.1999999999999997
      vertex -6 12.399999999527932 2.6
    endloop
  endfacet
  facet normal 0 1 0
    outer loop
      vertex -6 11.700000000000001 2.1999999999999997
      vertex -6 11.700000000000001 2.6
      vertex 6 11.700000000000001 2.6
    endloop
  endfacet
  facet normal 0 0 1
    outer loop
      vertex -6 11.700000000000001 2.1999999999999997
      vertex 6 12.399999999527932 2.1999999999999997
      vertex -6 12.399999999527932 2.1999999999999997
    endloop
  endfacet
  facet normal 0 0 -1
    outer loop
      vertex -6 11.700000000000001 2.6
      vertex -6 12.399999999527932 2.6
      vertex 6 11.700000000000001 2.6
    endloop
  endfacet
  facet normal 0 0 1
    outer loop
      vertex -6 11.700000000000001 2.1999999999999997
      vertex 6 11.700000000000001 2.1999999999999997
      vertex 6 12.399999999527932 2.1999999999999997
    endloop
  endfacet
  facet normal 0 1 0
    outer loop
      vertex -6 11.700000000000001 2.1999999999999997
      vertex 6 11.700000000000001 2.6
      vertex 6 11.700000000000001 2.1999999999999997
    endloop
  endfacet
  facet normal 0 0 -1
    outer loop
      vertex 6 11.700000000000001 2.6
      vertex -6 12.399999999527932 2.6
      vertex 6 12.399999999527932 2.6
    endloop
  endfacet
  facet normal -1 0 0
    outer loop
      vertex 6 11.700000000000001 2.1999999999999997
      vertex 6 11.700000000000001 2.6
      vertex 6 12.399999999527932 2.6
    endloop
  endfacet
  facet normal -1 0 0
    outer loop
      vertex 6 11.700000000000001 2.1999999999999997
      vertex 6 12.399999999527932 2.6
      vertex 6 12.399999999527932 2.1999999999999997
    endloop
  endfacet
  facet normal 0 1 0
    outer loop
      vertex -11.700000000000001 -6 2.6
      vertex -12.399999999527932 -6 2.1999999999999997
      vertex -12.399999999527932 -6 2.6
    endloop
  endfacet
  facet normal 0 1 0
    outer loop
      vertex -11.700000000000001 -6 2.1999999999999997
      vertex -12.399999999527932 -6 2.1999999999999997
      vertex -11.700000000000001 -6 2.6
    endloop
  endfacet
  facet normal 0 0 1
    outer loop
      vertex -11.700000000000001 -6 2.1999999999999997
      vertex -12.399999999527932 6 2.1999999999999997
      vertex -12.399999999527932 -6 2.1999999999999997
    endloop
  endfacet
  facet normal -1 0 0
    outer loop
      vertex -11.700000000000001 -6 2.1999999999999997
      vertex -11.700000000000001 -6 2.6
      vertex -11.700000000000001 6 2.1999999999999997
    endloop
  endfacet
  facet normal 0 0 -1
    outer loop
      vertex -11.700000000000001 -6 2.6
      vertex -12.399999999527932 -6 2.6
      vertex -11.700000000000001 6 2.6
    endloop
  endfacet
  facet normal 0 0 1
    outer loop
      vertex -11.700000000000001 -6 2.1999999999999997
      vertex -11.700000000000001 6 2.1999999999999997
      vertex -12.399999999527932 6 2.1999999999999997
    endloop
  endfacet
  facet normal -1 0 0
    outer loop
      vertex -11.700000000000001 -6 2.6
      vertex -11.700000000000001 6 2.6
      vertex -11.700000000000001 6 2.1999999999999997
    endloop
  endfacet
  facet normal 0 0 -1
    outer loop
      vertex -11.700000000000001 6 2.6
      vertex -12.399999999527932 -6 2.6
      vertex -12.399999999527932 6 2.6
    endloop
  endfacet
  facet normal 0 -1 0
    outer loop
      vertex -11.700000000000001 6 2.1999999999999997
      vertex -12.399999999527932 6 2.6
      vertex -12.399999999527932 6 2.1999999999999997
    endloop
  endfacet
  facet normal 0 -1 0
    outer loop
      vertex -11.700000000000001 6 2.1999999999999997
      vertex -11.700000000000001 6 2.6
      vertex -12.399999999527932 6 2.6
    endloop
  endfacet
  facet normal 1 0 0
    outer loop
      vertex -6 -11.700000000000001 2.1999999999999997
      vertex -6 -12.399999999527932 2.6
      vertex -6 -12.399999999527932 2.1999999999999997
    endloop
  endfacet
  facet normal 1 0 0
    outer loop
      vertex -6 -11.700000000000001 2.1999999999999997
      vertex -6 -11.700000000000001 2.6
      vertex -6 -12.399999999527932 2.6
    endloop
  endfacet
  facet normal 0 0 1
    outer loop
      vertex -6 -11.700000000000001 2.1999999999999997
      vertex -6 -12.399999999527932 2.1999999999999997
      vertex 6 -11.700000000000001 2.1999999999999997
    endloop
  endfacet
  facet normal 0 -1 0
    outer loop
      vertex -6 -11.700000000000001 2.1999999999999997
      vertex 6 -11.700000000000001 2.1999999999999997
      vertex -6 -11.700000000000001 2.6
    endloop
  endfacet
  facet normal 0 0 -1
    outer loop
      vertex -6 -11.700000000000001 2.6
      vertex 6 -12.399999999527932 2.6
      vertex -6 -12.399999999527932 2.6
    endloop
  endfacet
  facet normal 0 0 1
    outer loop
      vertex 6 -11.700000000000001 2.1999999999999997
      vertex -6 -12.399999999527932 2.1999999999999997
      vertex 6 -12.399999999527932 2.1999999999999997
    endloop
  endfacet
  facet normal 0 -1 0
    outer loop
      vertex -6 -11.700000000000001 2.6
      vertex 6 -11.700000000000001 2.1999999999999997
      vertex 6 -11.700000000000001 2.6
    endloop
  endfacet
  facet normal 0 0 -1
    outer loop
      vertex -6 -11.700000000000001 2.6
      vertex 6 -11.700000000000001 2.6
      vertex 6 -12.399999999527932 2.6
    endloop
  endfacet
  facet normal -1 0 0
    outer loop
      vertex 6 -11.700000000000001 2.6
      vertex 6 -12.399999999527932 2.1999999999999997
      vertex 6 -12.399999999527932 2.6
    endloop
  endfacet
  facet normal -1 0 0
    outer loop
      vertex 6 -11.700000000000001 2.1999999999999997
      vertex 6 -12.399999999527932 2.1999999999999997
      vertex 6 -11.700000000000001 2.6
    endloop
  endfacet
endsolid OpenSCAD_Model
